cycle_k	model	noise	step	seed	instance_id	mean_accuracy	exact_solve	rescue_rate	damage_rate	net_rescue	dist_clean	dist_noisy	delta_s	wall_time_us
4	Candidate_LearnedEnergy	0.20	0	0	0	0.7969	0.0000	0.0000	0.0000	0.0000	13	0	0.0000	1.98
4	Ablation_ZeroInteraction	0.20	0	0	0	0.7969	0.0000	0.0000	0.0000	0.0000	13	0	0.0000	0.26
4	Ablation_RandomSymmetric	0.20	0	0	0	0.7969	0.0000	0.0000	0.0000	0.0000	13	0	0.0000	0.14
4	N0_Unconstrained_Attn	0.20	0	0	0	0.7969	0.0000	0.0000	0.0000	0.0000	13	0	0.0000	0.13
4	N1_Damped_Attn_0.25	0.20	0	0	0	0.7969	0.0000	0.0000	0.0000	0.0000	13	0	0.0000	0.13
4	N4_Symmetric_Energy_Attn	0.20	0	0	0	0.7969	0.0000	0.0000	0.0000	0.0000	13	0	0.0000	0.15
4	SYNC1_Spectral_Sync	0.20	0	0	0	0.7969	0.0000	0.0000	0.0000	0.0000	13	0	0.0000	0.17
4	SYNC5_Loopy_MinSum	0.20	0	0	0	0.7969	0.0000	0.0000	0.0000	0.0000	13	0	0.0000	0.15
4	Candidate_LearnedEnergy	0.20	0	1	1	0.9062	0.0000	0.0000	0.0000	0.0000	6	0	0.0000	0.13
4	Ablation_ZeroInteraction	0.20	0	1	1	0.9062	0.0000	0.0000	0.0000	0.0000	6	0	0.0000	0.13
4	Ablation_RandomSymmetric	0.20	0	1	1	0.9062	0.0000	0.0000	0.0000	0.0000	6	0	0.0000	0.12
4	N0_Unconstrained_Attn	0.20	0	1	1	0.9062	0.0000	0.0000	0.0000	0.0000	6	0	0.0000	0.11
4	N1_Damped_Attn_0.25	0.20	0	1	1	0.9062	0.0000	0.0000	0.0000	0.0000	6	0	0.0000	0.11
4	N4_Symmetric_Energy_Attn	0.20	0	1	1	0.9062	0.0000	0.0000	0.0000	0.0000	6	0	0.0000	0.15
4	SYNC1_Spectral_Sync	0.20	0	1	1	0.9062	0.0000	0.0000	0.0000	0.0000	6	0	0.0000	0.14
4	SYNC5_Loopy_MinSum	0.20	0	1	1	0.9062	0.0000	0.0000	0.0000	0.0000	6	0	0.0000	0.13
4	Candidate_LearnedEnergy	0.20	0	2	2	0.8125	0.0000	0.0000	0.0000	0.0000	12	0	0.0000	0.14
4	Ablation_ZeroInteraction	0.20	0	2	2	0.8125	0.0000	0.0000	0.0000	0.0000	12	0	0.0000	0.13
4	Ablation_RandomSymmetric	0.20	0	2	2	0.8125	0.0000	0.0000	0.0000	0.0000	12	0	0.0000	0.12
4	N0_Unconstrained_Attn	0.20	0	2	2	0.8125	0.0000	0.0000	0.0000	0.0000	12	0	0.0000	0.14
4	N1_Damped_Attn_0.25	0.20	0	2	2	0.8125	0.0000	0.0000	0.0000	0.0000	12	0	0.0000	0.14
4	N4_Symmetric_Energy_Attn	0.20	0	2	2	0.8125	0.0000	0.0000	0.0000	0.0000	12	0	0.0000	0.47
4	SYNC1_Spectral_Sync	0.20	0	2	2	0.8125	0.0000	0.0000	0.0000	0.0000	12	0	0.0000	0.22
4	SYNC5_Loopy_MinSum	0.20	0	2	2	0.8125	0.0000	0.0000	0.0000	0.0000	12	0	0.0000	0.12
4	Candidate_LearnedEnergy	0.20	0	3	3	0.7500	0.0000	0.0000	0.0000	0.0000	16	0	0.0000	0.19
4	Ablation_ZeroInteraction	0.20	0	3	3	0.7500	0.0000	0.0000	0.0000	0.0000	16	0	0.0000	0.15
4	Ablation_RandomSymmetric	0.20	0	3	3	0.7500	0.0000	0.0000	0.0000	0.0000	16	0	0.0000	0.13
4	N0_Unconstrained_Attn	0.20	0	3	3	0.7500	0.0000	0.0000	0.0000	0.0000	16	0	0.0000	0.13
4	N1_Damped_Attn_0.25	0.20	0	3	3	0.7500	0.0000	0.0000	0.0000	0.0000	16	0	0.0000	0.13
4	N4_Symmetric_Energy_Attn	0.20	0	3	3	0.7500	0.0000	0.0000	0.0000	0.0000	16	0	0.0000	0.15
4	SYNC1_Spectral_Sync	0.20	0	3	3	0.7500	0.0000	0.0000	0.0000	0.0000	16	0	0.0000	0.13
4	SYNC5_Loopy_MinSum	0.20	0	3	3	0.7500	0.0000	0.0000	0.0000	0.0000	16	0	0.0000	0.15
4	Candidate_LearnedEnergy	0.20	0	4	4	0.8281	0.0000	0.0000	0.0000	0.0000	11	0	0.0000	0.14
4	Ablation_ZeroInteraction	0.20	0	4	4	0.8281	0.0000	0.0000	0.0000	0.0000	11	0	0.0000	0.15
4	Ablation_RandomSymmetric	0.20	0	4	4	0.8281	0.0000	0.0000	0.0000	0.0000	11	0	0.0000	0.13
4	N0_Unconstrained_Attn	0.20	0	4	4	0.8281	0.0000	0.0000	0.0000	0.0000	11	0	0.0000	0.12
4	N1_Damped_Attn_0.25	0.20	0	4	4	0.8281	0.0000	0.0000	0.0000	0.0000	11	0	0.0000	0.13
4	N4_Symmetric_Energy_Attn	0.20	0	4	4	0.8281	0.0000	0.0000	0.0000	0.0000	11	0	0.0000	0.11
4	SYNC1_Spectral_Sync	0.20	0	4	4	0.8281	0.0000	0.0000	0.0000	0.0000	11	0	0.0000	0.13
4	SYNC5_Loopy_MinSum	0.20	0	4	4	0.8281	0.0000	0.0000	0.0000	0.0000	11	0	0.0000	0.13
4	Candidate_LearnedEnergy	0.20	0	5	5	0.8594	0.0000	0.0000	0.0000	0.0000	9	0	0.0000	0.15
4	Ablation_ZeroInteraction	0.20	0	5	5	0.8594	0.0000	0.0000	0.0000	0.0000	9	0	0.0000	0.14
4	Ablation_RandomSymmetric	0.20	0	5	5	0.8594	0.0000	0.0000	0.0000	0.0000	9	0	0.0000	0.13
4	N0_Unconstrained_Attn	0.20	0	5	5	0.8594	0.0000	0.0000	0.0000	0.0000	9	0	0.0000	0.14
4	N1_Damped_Attn_0.25	0.20	0	5	5	0.8594	0.0000	0.0000	0.0000	0.0000	9	0	0.0000	0.15
4	N4_Symmetric_Energy_Attn	0.20	0	5	5	0.8594	0.0000	0.0000	0.0000	0.0000	9	0	0.0000	0.14
4	SYNC1_Spectral_Sync	0.20	0	5	5	0.8594	0.0000	0.0000	0.0000	0.0000	9	0	0.0000	0.13
4	SYNC5_Loopy_MinSum	0.20	0	5	5	0.8594	0.0000	0.0000	0.0000	0.0000	9	0	0.0000	0.13
4	Candidate_LearnedEnergy	0.20	0	6	6	0.8594	0.0000	0.0000	0.0000	0.0000	9	0	0.0000	0.13
4	Ablation_ZeroInteraction	0.20	0	6	6	0.8594	0.0000	0.0000	0.0000	0.0000	9	0	0.0000	0.16
4	Ablation_RandomSymmetric	0.20	0	6	6	0.8594	0.0000	0.0000	0.0000	0.0000	9	0	0.0000	0.14
4	N0_Unconstrained_Attn	0.20	0	6	6	0.8594	0.0000	0.0000	0.0000	0.0000	9	0	0.0000	0.14
4	N1_Damped_Attn_0.25	0.20	0	6	6	0.8594	0.0000	0.0000	0.0000	0.0000	9	0	0.0000	0.12
4	N4_Symmetric_Energy_Attn	0.20	0	6	6	0.8594	0.0000	0.0000	0.0000	0.0000	9	0	0.0000	0.14
4	SYNC1_Spectral_Sync	0.20	0	6	6	0.8594	0.0000	0.0000	0.0000	0.0000	9	0	0.0000	0.12
4	SYNC5_Loopy_MinSum	0.20	0	6	6	0.8594	0.0000	0.0000	0.0000	0.0000	9	0	0.0000	0.14
4	Candidate_LearnedEnergy	0.20	0	7	7	0.7812	0.0000	0.0000	0.0000	0.0000	14	0	0.0000	0.14
4	Ablation_ZeroInteraction	0.20	0	7	7	0.7812	0.0000	0.0000	0.0000	0.0000	14	0	0.0000	0.11
4	Ablation_RandomSymmetric	0.20	0	7	7	0.7812	0.0000	0.0000	0.0000	0.0000	14	0	0.0000	0.14
4	N0_Unconstrained_Attn	0.20	0	7	7	0.7812	0.0000	0.0000	0.0000	0.0000	14	0	0.0000	0.13
4	N1_Damped_Attn_0.25	0.20	0	7	7	0.7812	0.0000	0.0000	0.0000	0.0000	14	0	0.0000	0.13
4	N4_Symmetric_Energy_Attn	0.20	0	7	7	0.7812	0.0000	0.0000	0.0000	0.0000	14	0	0.0000	0.13
4	SYNC1_Spectral_Sync	0.20	0	7	7	0.7812	0.0000	0.0000	0.0000	0.0000	14	0	0.0000	0.12
4	SYNC5_Loopy_MinSum	0.20	0	7	7	0.7812	0.0000	0.0000	0.0000	0.0000	14	0	0.0000	0.13
4	Candidate_LearnedEnergy	0.20	0	8	8	0.7500	0.0000	0.0000	0.0000	0.0000	16	0	0.0000	0.13
4	Ablation_ZeroInteraction	0.20	0	8	8	0.7500	0.0000	0.0000	0.0000	0.0000	16	0	0.0000	0.15
4	Ablation_RandomSymmetric	0.20	0	8	8	0.7500	0.0000	0.0000	0.0000	0.0000	16	0	0.0000	0.14
4	N0_Unconstrained_Attn	0.20	0	8	8	0.7500	0.0000	0.0000	0.0000	0.0000	16	0	0.0000	0.11
4	N1_Damped_Attn_0.25	0.20	0	8	8	0.7500	0.0000	0.0000	0.0000	0.0000	16	0	0.0000	0.13
4	N4_Symmetric_Energy_Attn	0.20	0	8	8	0.7500	0.0000	0.0000	0.0000	0.0000	16	0	0.0000	0.14
4	SYNC1_Spectral_Sync	0.20	0	8	8	0.7500	0.0000	0.0000	0.0000	0.0000	16	0	0.0000	0.13
4	SYNC5_Loopy_MinSum	0.20	0	8	8	0.7500	0.0000	0.0000	0.0000	0.0000	16	0	0.0000	0.12
4	Candidate_LearnedEnergy	0.20	0	9	9	0.7188	0.0000	0.0000	0.0000	0.0000	18	0	0.0000	0.12
4	Ablation_ZeroInteraction	0.20	0	9	9	0.7188	0.0000	0.0000	0.0000	0.0000	18	0	0.0000	0.15
4	Ablation_RandomSymmetric	0.20	0	9	9	0.7188	0.0000	0.0000	0.0000	0.0000	18	0	0.0000	0.14
4	N0_Unconstrained_Attn	0.20	0	9	9	0.7188	0.0000	0.0000	0.0000	0.0000	18	0	0.0000	0.12
4	N1_Damped_Attn_0.25	0.20	0	9	9	0.7188	0.0000	0.0000	0.0000	0.0000	18	0	0.0000	0.13
4	N4_Symmetric_Energy_Attn	0.20	0	9	9	0.7188	0.0000	0.0000	0.0000	0.0000	18	0	0.0000	0.13
4	SYNC1_Spectral_Sync	0.20	0	9	9	0.7188	0.0000	0.0000	0.0000	0.0000	18	0	0.0000	0.12
4	SYNC5_Loopy_MinSum	0.20	0	9	9	0.7188	0.0000	0.0000	0.0000	0.0000	18	0	0.0000	0.14
4	Candidate_LearnedEnergy	0.20	0	10	10	0.8281	0.0000	0.0000	0.0000	0.0000	11	0	0.0000	0.82
4	Ablation_ZeroInteraction	0.20	0	10	10	0.8281	0.0000	0.0000	0.0000	0.0000	11	0	0.0000	0.23
4	Ablation_RandomSymmetric	0.20	0	10	10	0.8281	0.0000	0.0000	0.0000	0.0000	11	0	0.0000	0.17
4	N0_Unconstrained_Attn	0.20	0	10	10	0.8281	0.0000	0.0000	0.0000	0.0000	11	0	0.0000	0.14
4	N1_Damped_Attn_0.25	0.20	0	10	10	0.8281	0.0000	0.0000	0.0000	0.0000	11	0	0.0000	0.16
4	N4_Symmetric_Energy_Attn	0.20	0	10	10	0.8281	0.0000	0.0000	0.0000	0.0000	11	0	0.0000	0.15
4	SYNC1_Spectral_Sync	0.20	0	10	10	0.8281	0.0000	0.0000	0.0000	0.0000	11	0	0.0000	0.15
4	SYNC5_Loopy_MinSum	0.20	0	10	10	0.8281	0.0000	0.0000	0.0000	0.0000	11	0	0.0000	0.15
4	Candidate_LearnedEnergy	0.20	0	11	11	0.8281	0.0000	0.0000	0.0000	0.0000	11	0	0.0000	0.14
4	Ablation_ZeroInteraction	0.20	0	11	11	0.8281	0.0000	0.0000	0.0000	0.0000	11	0	0.0000	0.15
4	Ablation_RandomSymmetric	0.20	0	11	11	0.8281	0.0000	0.0000	0.0000	0.0000	11	0	0.0000	0.13
4	N0_Unconstrained_Attn	0.20	0	11	11	0.8281	0.0000	0.0000	0.0000	0.0000	11	0	0.0000	0.13
4	N1_Damped_Attn_0.25	0.20	0	11	11	0.8281	0.0000	0.0000	0.0000	0.0000	11	0	0.0000	0.12
4	N4_Symmetric_Energy_Attn	0.20	0	11	11	0.8281	0.0000	0.0000	0.0000	0.0000	11	0	0.0000	0.13
4	SYNC1_Spectral_Sync	0.20	0	11	11	0.8281	0.0000	0.0000	0.0000	0.0000	11	0	0.0000	0.15
4	SYNC5_Loopy_MinSum	0.20	0	11	11	0.8281	0.0000	0.0000	0.0000	0.0000	11	0	0.0000	0.13
4	Candidate_LearnedEnergy	0.20	0	12	12	0.8594	0.0000	0.0000	0.0000	0.0000	9	0	0.0000	0.13
4	Ablation_ZeroInteraction	0.20	0	12	12	0.8594	0.0000	0.0000	0.0000	0.0000	9	0	0.0000	0.14
4	Ablation_RandomSymmetric	0.20	0	12	12	0.8594	0.0000	0.0000	0.0000	0.0000	9	0	0.0000	0.14
4	N0_Unconstrained_Attn	0.20	0	12	12	0.8594	0.0000	0.0000	0.0000	0.0000	9	0	0.0000	0.14
4	N1_Damped_Attn_0.25	0.20	0	12	12	0.8594	0.0000	0.0000	0.0000	0.0000	9	0	0.0000	0.13
4	N4_Symmetric_Energy_Attn	0.20	0	12	12	0.8594	0.0000	0.0000	0.0000	0.0000	9	0	0.0000	0.14
4	SYNC1_Spectral_Sync	0.20	0	12	12	0.8594	0.0000	0.0000	0.0000	0.0000	9	0	0.0000	0.12
4	SYNC5_Loopy_MinSum	0.20	0	12	12	0.8594	0.0000	0.0000	0.0000	0.0000	9	0	0.0000	0.11
4	Candidate_LearnedEnergy	0.20	0	13	13	0.8281	0.0000	0.0000	0.0000	0.0000	11	0	0.0000	0.15
4	Ablation_ZeroInteraction	0.20	0	13	13	0.8281	0.0000	0.0000	0.0000	0.0000	11	0	0.0000	0.13
4	Ablation_RandomSymmetric	0.20	0	13	13	0.8281	0.0000	0.0000	0.0000	0.0000	11	0	0.0000	0.11
4	N0_Unconstrained_Attn	0.20	0	13	13	0.8281	0.0000	0.0000	0.0000	0.0000	11	0	0.0000	0.11
4	N1_Damped_Attn_0.25	0.20	0	13	13	0.8281	0.0000	0.0000	0.0000	0.0000	11	0	0.0000	0.13
4	N4_Symmetric_Energy_Attn	0.20	0	13	13	0.8281	0.0000	0.0000	0.0000	0.0000	11	0	0.0000	0.14
4	SYNC1_Spectral_Sync	0.20	0	13	13	0.8281	0.0000	0.0000	0.0000	0.0000	11	0	0.0000	0.15
4	SYNC5_Loopy_MinSum	0.20	0	13	13	0.8281	0.0000	0.0000	0.0000	0.0000	11	0	0.0000	0.12
4	Candidate_LearnedEnergy	0.20	0	14	14	0.7656	0.0000	0.0000	0.0000	0.0000	15	0	0.0000	0.14
4	Ablation_ZeroInteraction	0.20	0	14	14	0.7656	0.0000	0.0000	0.0000	0.0000	15	0	0.0000	0.13
4	Ablation_RandomSymmetric	0.20	0	14	14	0.7656	0.0000	0.0000	0.0000	0.0000	15	0	0.0000	0.15
4	N0_Unconstrained_Attn	0.20	0	14	14	0.7656	0.0000	0.0000	0.0000	0.0000	15	0	0.0000	0.14
4	N1_Damped_Attn_0.25	0.20	0	14	14	0.7656	0.0000	0.0000	0.0000	0.0000	15	0	0.0000	0.13
4	N4_Symmetric_Energy_Attn	0.20	0	14	14	0.7656	0.0000	0.0000	0.0000	0.0000	15	0	0.0000	0.14
4	SYNC1_Spectral_Sync	0.20	0	14	14	0.7656	0.0000	0.0000	0.0000	0.0000	15	0	0.0000	0.13
4	SYNC5_Loopy_MinSum	0.20	0	14	14	0.7656	0.0000	0.0000	0.0000	0.0000	15	0	0.0000	0.13
4	Candidate_LearnedEnergy	0.20	0	15	15	0.7656	0.0000	0.0000	0.0000	0.0000	15	0	0.0000	0.13
4	Ablation_ZeroInteraction	0.20	0	15	15	0.7656	0.0000	0.0000	0.0000	0.0000	15	0	0.0000	0.17
4	Ablation_RandomSymmetric	0.20	0	15	15	0.7656	0.0000	0.0000	0.0000	0.0000	15	0	0.0000	0.13
4	N0_Unconstrained_Attn	0.20	0	15	15	0.7656	0.0000	0.0000	0.0000	0.0000	15	0	0.0000	0.13
4	N1_Damped_Attn_0.25	0.20	0	15	15	0.7656	0.0000	0.0000	0.0000	0.0000	15	0	0.0000	0.15
4	N4_Symmetric_Energy_Attn	0.20	0	15	15	0.7656	0.0000	0.0000	0.0000	0.0000	15	0	0.0000	0.13
4	SYNC1_Spectral_Sync	0.20	0	15	15	0.7656	0.0000	0.0000	0.0000	0.0000	15	0	0.0000	0.12
4	SYNC5_Loopy_MinSum	0.20	0	15	15	0.7656	0.0000	0.0000	0.0000	0.0000	15	0	0.0000	0.14
4	Candidate_LearnedEnergy	0.20	0	16	16	0.9375	0.0000	0.0000	0.0000	0.0000	4	0	0.0000	0.13
4	Ablation_ZeroInteraction	0.20	0	16	16	0.9375	0.0000	0.0000	0.0000	0.0000	4	0	0.0000	0.13
4	Ablation_RandomSymmetric	0.20	0	16	16	0.9375	0.0000	0.0000	0.0000	0.0000	4	0	0.0000	0.12
4	N0_Unconstrained_Attn	0.20	0	16	16	0.9375	0.0000	0.0000	0.0000	0.0000	4	0	0.0000	0.14
4	N1_Damped_Attn_0.25	0.20	0	16	16	0.9375	0.0000	0.0000	0.0000	0.0000	4	0	0.0000	0.13
4	N4_Symmetric_Energy_Attn	0.20	0	16	16	0.9375	0.0000	0.0000	0.0000	0.0000	4	0	0.0000	0.14
4	SYNC1_Spectral_Sync	0.20	0	16	16	0.9375	0.0000	0.0000	0.0000	0.0000	4	0	0.0000	0.12
4	SYNC5_Loopy_MinSum	0.20	0	16	16	0.9375	0.0000	0.0000	0.0000	0.0000	4	0	0.0000	0.12
4	Candidate_LearnedEnergy	0.20	0	17	17	0.8594	0.0000	0.0000	0.0000	0.0000	9	0	0.0000	0.14
4	Ablation_ZeroInteraction	0.20	0	17	17	0.8594	0.0000	0.0000	0.0000	0.0000	9	0	0.0000	0.12
4	Ablation_RandomSymmetric	0.20	0	17	17	0.8594	0.0000	0.0000	0.0000	0.0000	9	0	0.0000	0.15
4	N0_Unconstrained_Attn	0.20	0	17	17	0.8594	0.0000	0.0000	0.0000	0.0000	9	0	0.0000	0.11
4	N1_Damped_Attn_0.25	0.20	0	17	17	0.8594	0.0000	0.0000	0.0000	0.0000	9	0	0.0000	0.14
4	N4_Symmetric_Energy_Attn	0.20	0	17	17	0.8594	0.0000	0.0000	0.0000	0.0000	9	0	0.0000	0.14
4	SYNC1_Spectral_Sync	0.20	0	17	17	0.8594	0.0000	0.0000	0.0000	0.0000	9	0	0.0000	0.12
4	SYNC5_Loopy_MinSum	0.20	0	17	17	0.8594	0.0000	0.0000	0.0000	0.0000	9	0	0.0000	0.11
4	Candidate_LearnedEnergy	0.20	0	18	18	0.8750	0.0000	0.0000	0.0000	0.0000	8	0	0.0000	0.11
4	Ablation_ZeroInteraction	0.20	0	18	18	0.8750	0.0000	0.0000	0.0000	0.0000	8	0	0.0000	0.17
4	Ablation_RandomSymmetric	0.20	0	18	18	0.8750	0.0000	0.0000	0.0000	0.0000	8	0	0.0000	0.15
4	N0_Unconstrained_Attn	0.20	0	18	18	0.8750	0.0000	0.0000	0.0000	0.0000	8	0	0.0000	0.12
4	N1_Damped_Attn_0.25	0.20	0	18	18	0.8750	0.0000	0.0000	0.0000	0.0000	8	0	0.0000	0.13
4	N4_Symmetric_Energy_Attn	0.20	0	18	18	0.8750	0.0000	0.0000	0.0000	0.0000	8	0	0.0000	0.14
4	SYNC1_Spectral_Sync	0.20	0	18	18	0.8750	0.0000	0.0000	0.0000	0.0000	8	0	0.0000	0.12
4	SYNC5_Loopy_MinSum	0.20	0	18	18	0.8750	0.0000	0.0000	0.0000	0.0000	8	0	0.0000	0.19
4	Candidate_LearnedEnergy	0.20	0	19	19	0.7812	0.0000	0.0000	0.0000	0.0000	14	0	0.0000	0.13
4	Ablation_ZeroInteraction	0.20	0	19	19	0.7812	0.0000	0.0000	0.0000	0.0000	14	0	0.0000	0.15
4	Ablation_RandomSymmetric	0.20	0	19	19	0.7812	0.0000	0.0000	0.0000	0.0000	14	0	0.0000	0.13
4	N0_Unconstrained_Attn	0.20	0	19	19	0.7812	0.0000	0.0000	0.0000	0.0000	14	0	0.0000	0.14
4	N1_Damped_Attn_0.25	0.20	0	19	19	0.7812	0.0000	0.0000	0.0000	0.0000	14	0	0.0000	0.13
4	N4_Symmetric_Energy_Attn	0.20	0	19	19	0.7812	0.0000	0.0000	0.0000	0.0000	14	0	0.0000	0.13
4	SYNC1_Spectral_Sync	0.20	0	19	19	0.7812	0.0000	0.0000	0.0000	0.0000	14	0	0.0000	0.11
4	SYNC5_Loopy_MinSum	0.20	0	19	19	0.7812	0.0000	0.0000	0.0000	0.0000	14	0	0.0000	0.13
4	Candidate_LearnedEnergy	0.20	1	0	0	0.7969	0.0000	0.0000	0.0000	0.0000	13	0	0.0850	54.18
4	Ablation_ZeroInteraction	0.20	1	0	0	0.7969	0.0000	0.0000	0.0000	0.0000	13	0	0.0000	34.21
4	Ablation_RandomSymmetric	0.20	1	0	0	0.7969	0.0000	0.0000	0.0000	0.0000	13	0	0.1048	34.66
4	N0_Unconstrained_Attn	0.20	1	0	0	0.7812	0.0000	0.0000	0.0196	-0.0196	14	1	2.8244	8.85
4	N1_Damped_Attn_0.25	0.20	1	0	0	0.7969	0.0000	0.0000	0.0000	0.0000	13	0	0.5330	10.05
4	N4_Symmetric_Energy_Attn	0.20	1	0	0	0.7969	0.0000	0.0000	0.0000	0.0000	13	0	1.2324	6.55
4	SYNC1_Spectral_Sync	0.20	1	0	0	0.7812	0.0000	0.1538	0.0588	0.0950	14	5	3.0000	1.59
4	SYNC5_Loopy_MinSum	0.20	1	0	0	0.8125	0.0000	0.3077	0.0588	0.2489	12	7	5.1962	4.39
4	Candidate_LearnedEnergy	0.20	1	1	1	0.9062	0.0000	0.0000	0.0000	0.0000	6	0	0.0931	34.23
4	Ablation_ZeroInteraction	0.20	1	1	1	0.9062	0.0000	0.0000	0.0000	0.0000	6	0	0.0000	24.51
4	Ablation_RandomSymmetric	0.20	1	1	1	0.9062	0.0000	0.0000	0.0000	0.0000	6	0	0.1411	30.34
4	N0_Unconstrained_Attn	0.20	1	1	1	0.8906	0.0000	0.0000	0.0172	-0.0172	7	1	2.3430	7.88
4	N1_Damped_Attn_0.25	0.20	1	1	1	0.9062	0.0000	0.0000	0.0000	0.0000	6	0	0.4558	8.62
4	N4_Symmetric_Energy_Attn	0.20	1	1	1	0.9062	0.0000	0.0000	0.0000	0.0000	6	0	1.1947	6.13
4	SYNC1_Spectral_Sync	0.20	1	1	1	0.9688	0.0000	0.6667	0.0000	0.6667	2	4	2.8284	1.25
4	SYNC5_Loopy_MinSum	0.20	1	1	1	0.9688	0.0000	1.0000	0.0345	0.9655	2	8	5.8310	3.99
4	Candidate_LearnedEnergy	0.20	1	2	2	0.8125	0.0000	0.0000	0.0000	0.0000	12	0	0.1064	32.78
4	Ablation_ZeroInteraction	0.20	1	2	2	0.8125	0.0000	0.0000	0.0000	0.0000	12	0	0.0000	25.45
4	Ablation_RandomSymmetric	0.20	1	2	2	0.8125	0.0000	0.0000	0.0000	0.0000	12	0	0.1056	31.77
4	N0_Unconstrained_Attn	0.20	1	2	2	0.7500	0.0000	0.0000	0.0769	-0.0769	16	4	2.8495	8.72
4	N1_Damped_Attn_0.25	0.20	1	2	2	0.8125	0.0000	0.0000	0.0000	0.0000	12	0	0.4865	7.50
4	N4_Symmetric_Energy_Attn	0.20	1	2	2	0.8125	0.0000	0.0000	0.0000	0.0000	12	0	0.3916	5.63
4	SYNC1_Spectral_Sync	0.20	1	2	2	0.8438	0.0000	0.2500	0.0192	0.2308	10	4	3.1623	1.28
4	SYNC5_Loopy_MinSum	0.20	1	2	2	0.8438	0.0000	0.5833	0.0962	0.4872	10	12	6.3246	3.72
4	Candidate_LearnedEnergy	0.20	1	3	3	0.7500	0.0000	0.0000	0.0000	0.0000	16	0	0.1029	31.36
4	Ablation_ZeroInteraction	0.20	1	3	3	0.7500	0.0000	0.0000	0.0000	0.0000	16	0	0.0000	23.10
4	Ablation_RandomSymmetric	0.20	1	3	3	0.7500	0.0000	0.0000	0.0000	0.0000	16	0	0.0556	30.74
4	N0_Unconstrained_Attn	0.20	1	3	3	0.7500	0.0000	0.0625	0.0208	0.0417	16	2	2.6468	8.10
4	N1_Damped_Attn_0.25	0.20	1	3	3	0.7500	0.0000	0.0000	0.0000	0.0000	16	0	0.8877	7.47
4	N4_Symmetric_Energy_Attn	0.20	1	3	3	0.7500	0.0000	0.0000	0.0000	0.0000	16	0	0.5270	5.81
4	SYNC1_Spectral_Sync	0.20	1	3	3	0.8125	0.0000	0.2500	0.0000	0.2500	12	4	2.8284	1.25
4	SYNC5_Loopy_MinSum	0.20	1	3	3	0.8438	0.0000	0.5625	0.0625	0.5000	10	12	6.1644	3.54
4	Candidate_LearnedEnergy	0.20	1	4	4	0.8281	0.0000	0.0000	0.0000	0.0000	11	0	0.0718	1141.67
4	Ablation_ZeroInteraction	0.20	1	4	4	0.8281	0.0000	0.0000	0.0000	0.0000	11	0	0.0000	26.69
4	Ablation_RandomSymmetric	0.20	1	4	4	0.8281	0.0000	0.0000	0.0000	0.0000	11	0	0.0972	23.38
4	N0_Unconstrained_Attn	0.20	1	4	4	0.7969	0.0000	0.0000	0.0377	-0.0377	13	2	2.5174	6.73
4	N1_Damped_Attn_0.25	0.20	1	4	4	0.8281	0.0000	0.0000	0.0000	0.0000	11	0	0.5085	6.64
4	N4_Symmetric_Energy_Attn	0.20	1	4	4	0.8281	0.0000	0.0000	0.0000	0.0000	11	0	0.8118	5.62
4	SYNC1_Spectral_Sync	0.20	1	4	4	0.8438	0.0000	0.3636	0.0566	0.3070	10	7	4.0000	0.95
4	SYNC5_Loopy_MinSum	0.20	1	4	4	0.8906	0.0000	0.9091	0.1132	0.7959	7	16	7.7460	2.73
4	Candidate_LearnedEnergy	0.20	1	5	5	0.8594	0.0000	0.0000	0.0000	0.0000	9	0	0.1198	32.30
4	Ablation_ZeroInteraction	0.20	1	5	5	0.8594	0.0000	0.0000	0.0000	0.0000	9	0	0.0000	26.51
4	Ablation_RandomSymmetric	0.20	1	5	5	0.8594	0.0000	0.0000	0.0000	0.0000	9	0	0.1669	32.82
4	N0_Unconstrained_Attn	0.20	1	5	5	0.8438	0.0000	0.0000	0.0182	-0.0182	10	1	2.3403	8.31
4	N1_Damped_Attn_0.25	0.20	1	5	5	0.8594	0.0000	0.0000	0.0000	0.0000	9	0	0.5374	8.90
4	N4_Symmetric_Energy_Attn	0.20	1	5	5	0.8594	0.0000	0.0000	0.0000	0.0000	9	0	0.5695	5.84
4	SYNC1_Spectral_Sync	0.20	1	5	5	0.9062	0.0000	0.3333	0.0000	0.3333	6	3	2.6458	1.34
4	SYNC5_Loopy_MinSum	0.20	1	5	5	0.9688	0.0000	0.7778	0.0000	0.7778	2	7	5.2915	3.30
4	Candidate_LearnedEnergy	0.20	1	6	6	0.8594	0.0000	0.0000	0.0000	0.0000	9	0	0.1089	32.76
4	Ablation_ZeroInteraction	0.20	1	6	6	0.8594	0.0000	0.0000	0.0000	0.0000	9	0	0.0000	25.92
4	Ablation_RandomSymmetric	0.20	1	6	6	0.8594	0.0000	0.0000	0.0000	0.0000	9	0	0.0632	33.25
4	N0_Unconstrained_Attn	0.20	1	6	6	0.8594	0.0000	0.0000	0.0000	0.0000	9	0	1.7094	10.58
4	N1_Damped_Attn_0.25	0.20	1	6	6	0.8594	0.0000	0.0000	0.0000	0.0000	9	0	0.6765	10.87
4	N4_Symmetric_Energy_Attn	0.20	1	6	6	0.8594	0.0000	0.0000	0.0000	0.0000	9	0	1.3283	6.78
4	SYNC1_Spectral_Sync	0.20	1	6	6	0.8750	0.0000	0.2222	0.0182	0.2040	8	3	2.4495	1.53
4	SYNC5_Loopy_MinSum	0.20	1	6	6	0.8750	0.0000	0.5556	0.0727	0.4828	8	9	5.3852	4.35
4	Candidate_LearnedEnergy	0.20	1	7	7	0.7812	0.0000	0.0000	0.0000	0.0000	14	0	0.1054	40.01
4	Ablation_ZeroInteraction	0.20	1	7	7	0.7812	0.0000	0.0000	0.0000	0.0000	14	0	0.0000	73.44
4	Ablation_RandomSymmetric	0.20	1	7	7	0.7812	0.0000	0.0000	0.0000	0.0000	14	0	0.1279	34.17
4	N0_Unconstrained_Attn	0.20	1	7	7	0.7969	0.0000	0.0714	0.0000	0.0714	13	1	2.1540	9.13
4	N1_Damped_Attn_0.25	0.20	1	7	7	0.7812	0.0000	0.0000	0.0000	0.0000	14	0	0.4327	9.17
4	N4_Symmetric_Energy_Attn	0.20	1	7	7	0.7812	0.0000	0.0000	0.0000	0.0000	14	0	1.0091	5.92
4	SYNC1_Spectral_Sync	0.20	1	7	7	0.8281	0.0000	0.2857	0.0200	0.2657	11	5	3.0000	1.49
4	SYNC5_Loopy_MinSum	0.20	1	7	7	0.7969	0.0000	0.3571	0.0800	0.2771	13	9	5.8310	4.27
4	Candidate_LearnedEnergy	0.20	1	8	8	0.7500	0.0000	0.0000	0.0000	0.0000	16	0	0.1285	23.99
4	Ablation_ZeroInteraction	0.20	1	8	8	0.7500	0.0000	0.0000	0.0000	0.0000	16	0	0.0000	16.50
4	Ablation_RandomSymmetric	0.20	1	8	8	0.7500	0.0000	0.0000	0.0000	0.0000	16	0	0.1200	23.12
4	N0_Unconstrained_Attn	0.20	1	8	8	0.7812	0.0000	0.1250	0.0000	0.1250	14	2	1.9423	6.06
4	N1_Damped_Attn_0.25	0.20	1	8	8	0.7500	0.0000	0.0000	0.0000	0.0000	16	0	0.6856	5.99
4	N4_Symmetric_Energy_Attn	0.20	1	8	8	0.7500	0.0000	0.0000	0.0000	0.0000	16	0	0.9967	5.33
4	SYNC1_Spectral_Sync	0.20	1	8	8	0.7812	0.0000	0.3750	0.0833	0.2917	14	10	4.1231	0.66
4	SYNC5_Loopy_MinSum	0.20	1	8	8	0.7656	0.0000	0.6250	0.1875	0.4375	15	19	7.8740	2.24
4	Candidate_LearnedEnergy	0.20	1	9	9	0.7188	0.0000	0.0000	0.0000	0.0000	18	0	0.0829	34.25
4	Ablation_ZeroInteraction	0.20	1	9	9	0.7188	0.0000	0.0000	0.0000	0.0000	18	0	0.0000	27.94
4	Ablation_RandomSymmetric	0.20	1	9	9	0.7188	0.0000	0.0000	0.0000	0.0000	18	0	0.0816	33.96
4	N0_Unconstrained_Attn	0.20	1	9	9	0.7031	0.0000	0.0000	0.0217	-0.0217	19	1	2.0062	8.35
4	N1_Damped_Attn_0.25	0.20	1	9	9	0.7188	0.0000	0.0000	0.0000	0.0000	18	0	0.4412	8.34
4	N4_Symmetric_Energy_Attn	0.20	1	9	9	0.7188	0.0000	0.0000	0.0000	0.0000	18	0	1.1943	6.72
4	SYNC1_Spectral_Sync	0.20	1	9	9	0.7188	0.0000	0.2778	0.1087	0.1691	18	10	3.8730	1.36
4	SYNC5_Loopy_MinSum	0.20	1	9	9	0.7031	0.0000	0.5000	0.2174	0.2826	19	19	8.1854	3.74
4	Candidate_LearnedEnergy	0.20	1	10	10	0.8281	0.0000	0.0000	0.0000	0.0000	11	0	0.1075	46.35
4	Ablation_ZeroInteraction	0.20	1	10	10	0.8281	0.0000	0.0000	0.0000	0.0000	11	0	0.0000	31.84
4	Ablation_RandomSymmetric	0.20	1	10	10	0.8281	0.0000	0.0000	0.0000	0.0000	11	0	0.1754	36.42
4	N0_Unconstrained_Attn	0.20	1	10	10	0.8281	0.0000	0.0909	0.0189	0.0720	11	2	2.3943	10.79
4	N1_Damped_Attn_0.25	0.20	1	10	10	0.8281	0.0000	0.0000	0.0000	0.0000	11	0	0.3509	10.92
4	N4_Symmetric_Energy_Attn	0.20	1	10	10	0.8281	0.0000	0.0000	0.0000	0.0000	11	0	1.2112	7.50
4	SYNC1_Spectral_Sync	0.20	1	10	10	0.9219	0.0000	0.5455	0.0000	0.5455	5	6	2.8284	1.63
4	SYNC5_Loopy_MinSum	0.20	1	10	10	0.9062	0.0000	0.5455	0.0189	0.5266	6	7	5.5678	5.25
4	Candidate_LearnedEnergy	0.20	1	11	11	0.8281	0.0000	0.0000	0.0000	0.0000	11	0	0.1025	35.14
4	Ablation_ZeroInteraction	0.20	1	11	11	0.8281	0.0000	0.0000	0.0000	0.0000	11	0	0.0000	25.58
4	Ablation_RandomSymmetric	0.20	1	11	11	0.8281	0.0000	0.0000	0.0000	0.0000	11	0	0.0951	33.34
4	N0_Unconstrained_Attn	0.20	1	11	11	0.8281	0.0000	0.1818	0.0377	0.1441	11	4	3.3103	8.47
4	N1_Damped_Attn_0.25	0.20	1	11	11	0.8281	0.0000	0.0000	0.0000	0.0000	11	0	0.3458	8.66
4	N4_Symmetric_Energy_Attn	0.20	1	11	11	0.8281	0.0000	0.0000	0.0000	0.0000	11	0	1.1676	6.15
4	SYNC1_Spectral_Sync	0.20	1	11	11	0.8438	0.0000	0.2727	0.0377	0.2350	10	5	2.8284	1.11
4	SYNC5_Loopy_MinSum	0.20	1	11	11	0.8594	0.0000	0.4545	0.0566	0.3979	9	8	6.0000	3.70
4	Candidate_LearnedEnergy	0.20	1	12	12	0.8594	0.0000	0.0000	0.0000	0.0000	9	0	0.1253	34.14
4	Ablation_ZeroInteraction	0.20	1	12	12	0.8594	0.0000	0.0000	0.0000	0.0000	9	0	0.0000	25.55
4	Ablation_RandomSymmetric	0.20	1	12	12	0.8594	0.0000	0.0000	0.0000	0.0000	9	0	0.0902	32.88
4	N0_Unconstrained_Attn	0.20	1	12	12	0.8594	0.0000	0.0000	0.0000	0.0000	9	0	1.8336	8.05
4	N1_Damped_Attn_0.25	0.20	1	12	12	0.8594	0.0000	0.0000	0.0000	0.0000	9	0	0.3620	8.06
4	N4_Symmetric_Energy_Attn	0.20	1	12	12	0.8594	0.0000	0.0000	0.0000	0.0000	9	0	1.0156	6.32
4	SYNC1_Spectral_Sync	0.20	1	12	12	0.8125	0.0000	0.1111	0.0727	0.0384	12	5	3.4641	1.37
4	SYNC5_Loopy_MinSum	0.20	1	12	12	0.9219	0.0000	0.8889	0.0727	0.8162	5	12	6.3246	3.68
4	Candidate_LearnedEnergy	0.20	1	13	13	0.8281	0.0000	0.0000	0.0000	0.0000	11	0	0.0736	33.57
4	Ablation_ZeroInteraction	0.20	1	13	13	0.8281	0.0000	0.0000	0.0000	0.0000	11	0	0.0000	26.96
4	Ablation_RandomSymmetric	0.20	1	13	13	0.8281	0.0000	0.0000	0.0000	0.0000	11	0	0.1237	33.06
4	N0_Unconstrained_Attn	0.20	1	13	13	0.8281	0.0000	0.0000	0.0000	0.0000	11	0	2.1935	7.94
4	N1_Damped_Attn_0.25	0.20	1	13	13	0.8281	0.0000	0.0000	0.0000	0.0000	11	0	0.4981	9.65
4	N4_Symmetric_Energy_Attn	0.20	1	13	13	0.8281	0.0000	0.0000	0.0000	0.0000	11	0	0.6077	6.03
4	SYNC1_Spectral_Sync	0.20	1	13	13	0.8281	0.0000	0.1818	0.0377	0.1441	11	4	3.0000	1.08
4	SYNC5_Loopy_MinSum	0.20	1	13	13	0.8750	0.0000	0.6364	0.0755	0.5609	8	11	6.3246	3.01
4	Candidate_LearnedEnergy	0.20	1	14	14	0.7656	0.0000	0.0000	0.0000	0.0000	15	0	0.1171	33.13
4	Ablation_ZeroInteraction	0.20	1	14	14	0.7656	0.0000	0.0000	0.0000	0.0000	15	0	0.0000	25.76
4	Ablation_RandomSymmetric	0.20	1	14	14	0.7656	0.0000	0.0000	0.0000	0.0000	15	0	0.0967	32.34
4	N0_Unconstrained_Attn	0.20	1	14	14	0.7500	0.0000	0.0000	0.0204	-0.0204	16	1	2.1625	9.31
4	N1_Damped_Attn_0.25	0.20	1	14	14	0.7656	0.0000	0.0000	0.0000	0.0000	15	0	0.5807	8.83
4	N4_Symmetric_Energy_Attn	0.20	1	14	14	0.7656	0.0000	0.0000	0.0000	0.0000	15	0	0.6644	6.25
4	SYNC1_Spectral_Sync	0.20	1	14	14	0.7656	0.0000	0.1333	0.0408	0.0925	15	4	2.6458	1.20
4	SYNC5_Loopy_MinSum	0.20	1	14	14	0.7969	0.0000	0.3333	0.0612	0.2721	13	8	5.1962	4.06
4	Candidate_LearnedEnergy	0.20	1	15	15	0.7656	0.0000	0.0000	0.0000	0.0000	15	0	0.0867	37.02
4	Ablation_ZeroInteraction	0.20	1	15	15	0.7656	0.0000	0.0000	0.0000	0.0000	15	0	0.0000	24.77
4	Ablation_RandomSymmetric	0.20	1	15	15	0.7656	0.0000	0.0000	0.0000	0.0000	15	0	0.0841	33.19
4	N0_Unconstrained_Attn	0.20	1	15	15	0.7500	0.0000	0.0000	0.0204	-0.0204	16	1	2.6496	8.25
4	N1_Damped_Attn_0.25	0.20	1	15	15	0.7656	0.0000	0.0000	0.0000	0.0000	15	0	0.5980	8.58
4	N4_Symmetric_Energy_Attn	0.20	1	15	15	0.7656	0.0000	0.0000	0.0000	0.0000	15	0	1.3608	5.90
4	SYNC1_Spectral_Sync	0.20	1	15	15	0.8125	0.0000	0.3333	0.0408	0.2925	12	7	3.8730	1.42
4	SYNC5_Loopy_MinSum	0.20	1	15	15	0.9219	0.0000	0.8667	0.0612	0.8054	5	16	7.6158	3.36
4	Candidate_LearnedEnergy	0.20	1	16	16	0.9375	0.0000	0.0000	0.0000	0.0000	4	0	0.0677	32.64
4	Ablation_ZeroInteraction	0.20	1	16	16	0.9375	0.0000	0.0000	0.0000	0.0000	4	0	0.0000	25.18
4	Ablation_RandomSymmetric	0.20	1	16	16	0.9375	0.0000	0.0000	0.0000	0.0000	4	0	0.0994	32.73
4	N0_Unconstrained_Attn	0.20	1	16	16	0.9375	0.0000	0.0000	0.0000	0.0000	4	0	1.8968	8.61
4	N1_Damped_Attn_0.25	0.20	1	16	16	0.9375	0.0000	0.0000	0.0000	0.0000	4	0	0.3874	8.64
4	N4_Symmetric_Energy_Attn	0.20	1	16	16	0.9375	0.0000	0.0000	0.0000	0.0000	4	0	0.7385	5.82
4	SYNC1_Spectral_Sync	0.20	1	16	16	0.9219	0.0000	0.0000	0.0167	-0.0167	5	1	1.4142	1.21
4	SYNC5_Loopy_MinSum	0.20	1	16	16	0.9219	0.0000	0.2500	0.0333	0.2167	5	3	3.3166	3.44
4	Candidate_LearnedEnergy	0.20	1	17	17	0.8594	0.0000	0.0000	0.0000	0.0000	9	0	0.1385	33.48
4	Ablation_ZeroInteraction	0.20	1	17	17	0.8594	0.0000	0.0000	0.0000	0.0000	9	0	0.0000	25.93
4	Ablation_RandomSymmetric	0.20	1	17	17	0.8594	0.0000	0.0000	0.0000	0.0000	9	0	0.1124	33.19
4	N0_Unconstrained_Attn	0.20	1	17	17	0.8438	0.0000	0.0000	0.0182	-0.0182	10	1	2.0950	7.95
4	N1_Damped_Attn_0.25	0.20	1	17	17	0.8594	0.0000	0.0000	0.0000	0.0000	9	0	0.5822	8.40
4	N4_Symmetric_Energy_Attn	0.20	1	17	17	0.8594	0.0000	0.0000	0.0000	0.0000	9	0	0.5568	5.71
4	SYNC1_Spectral_Sync	0.20	1	17	17	0.8906	0.0000	0.3333	0.0182	0.3152	7	4	2.6458	1.51
4	SYNC5_Loopy_MinSum	0.20	1	17	17	0.9531	0.0000	0.8889	0.0364	0.8525	3	10	5.2915	3.33
4	Candidate_LearnedEnergy	0.20	1	18	18	0.8750	0.0000	0.0000	0.0000	0.0000	8	0	0.1084	33.06
4	Ablation_ZeroInteraction	0.20	1	18	18	0.8750	0.0000	0.0000	0.0000	0.0000	8	0	0.0000	25.50
4	Ablation_RandomSymmetric	0.20	1	18	18	0.8750	0.0000	0.0000	0.0000	0.0000	8	0	0.1264	32.52
4	N0_Unconstrained_Attn	0.20	1	18	18	0.8750	0.0000	0.0000	0.0000	0.0000	8	0	1.5131	8.39
4	N1_Damped_Attn_0.25	0.20	1	18	18	0.8750	0.0000	0.0000	0.0000	0.0000	8	0	0.7789	8.56
4	N4_Symmetric_Energy_Attn	0.20	1	18	18	0.8750	0.0000	0.0000	0.0000	0.0000	8	0	0.7998	5.84
4	SYNC1_Spectral_Sync	0.20	1	18	18	0.9375	0.0000	0.6250	0.0179	0.6071	4	6	3.0000	1.18
4	SYNC5_Loopy_MinSum	0.20	1	18	18	0.9219	0.0000	0.7500	0.0536	0.6964	5	9	6.2450	3.20
4	Candidate_LearnedEnergy	0.20	1	19	19	0.7812	0.0000	0.0000	0.0000	0.0000	14	0	0.0784	33.88
4	Ablation_ZeroInteraction	0.20	1	19	19	0.7812	0.0000	0.0000	0.0000	0.0000	14	0	0.0000	26.01
4	Ablation_RandomSymmetric	0.20	1	19	19	0.7812	0.0000	0.0000	0.0000	0.0000	14	0	0.1143	33.09
4	N0_Unconstrained_Attn	0.20	1	19	19	0.7812	0.0000	0.0000	0.0000	0.0000	14	0	1.7128	8.25
4	N1_Damped_Attn_0.25	0.20	1	19	19	0.7812	0.0000	0.0000	0.0000	0.0000	14	0	0.5565	8.55
4	N4_Symmetric_Energy_Attn	0.20	1	19	19	0.7812	0.0000	0.0000	0.0000	0.0000	14	0	1.1226	5.84
4	SYNC1_Spectral_Sync	0.20	1	19	19	0.8906	0.0000	0.5000	0.0000	0.5000	7	7	3.6056	1.13
4	SYNC5_Loopy_MinSum	0.20	1	19	19	0.8594	0.0000	0.6429	0.0800	0.5629	9	13	7.5498	3.31
4	Candidate_LearnedEnergy	0.20	2	0	0	0.7969	0.0000	0.0000	0.0000	0.0000	13	0	0.1628	63.93
4	Ablation_ZeroInteraction	0.20	2	0	0	0.7969	0.0000	0.0000	0.0000	0.0000	13	0	0.0000	74.67
4	Ablation_RandomSymmetric	0.20	2	0	0	0.7969	0.0000	0.0000	0.0000	0.0000	13	0	0.2000	55.15
4	N0_Unconstrained_Attn	0.20	2	0	0	0.7188	0.0000	0.0769	0.1176	-0.0407	18	7	4.5402	17.45
4	N1_Damped_Attn_0.25	0.20	2	0	0	0.7969	0.0000	0.0000	0.0000	0.0000	13	0	1.0000	17.08
4	N4_Symmetric_Energy_Attn	0.20	2	0	0	0.7969	0.0000	0.0000	0.0000	0.0000	13	0	2.2673	11.90
4	SYNC1_Spectral_Sync	0.20	2	0	0	0.8281	0.0000	0.2308	0.0196	0.2112	11	4	3.1225	2.40
4	SYNC5_Loopy_MinSum	0.20	2	0	0	0.8438	0.0000	0.4615	0.0588	0.4027	10	9	5.7663	5.34
4	Candidate_LearnedEnergy	0.20	2	1	1	0.9062	0.0000	0.0000	0.0000	0.0000	6	0	0.1790	56.62
4	Ablation_ZeroInteraction	0.20	2	1	1	0.9062	0.0000	0.0000	0.0000	0.0000	6	0	0.0000	66.46
4	Ablation_RandomSymmetric	0.20	2	1	1	0.9062	0.0000	0.0000	0.0000	0.0000	6	0	0.2761	57.38
4	N0_Unconstrained_Attn	0.20	2	1	1	0.8281	0.0000	0.0000	0.0862	-0.0862	11	5	3.5535	16.02
4	N1_Damped_Attn_0.25	0.20	2	1	1	0.9062	0.0000	0.0000	0.0000	0.0000	6	0	0.8442	16.95
4	N4_Symmetric_Energy_Attn	0.20	2	1	1	0.9062	0.0000	0.0000	0.0000	0.0000	6	0	1.9984	11.24
4	SYNC1_Spectral_Sync	0.20	2	1	1	1.0000	1.0000	1.0000	0.0000	1.0000	0	6	3.6056	2.25
4	SYNC5_Loopy_MinSum	0.20	2	1	1	0.9375	0.0000	1.0000	0.0690	0.9310	4	10	5.9372	4.94
4	Candidate_LearnedEnergy	0.20	2	2	2	0.8125	0.0000	0.0000	0.0000	0.0000	12	0	0.2058	57.41
4	Ablation_ZeroInteraction	0.20	2	2	2	0.8125	0.0000	0.0000	0.0000	0.0000	12	0	0.0000	45.19
4	Ablation_RandomSymmetric	0.20	2	2	2	0.8125	0.0000	0.0000	0.0000	0.0000	12	0	0.2038	56.76
4	N0_Unconstrained_Attn	0.20	2	2	2	0.7344	0.0000	0.0000	0.0962	-0.0962	17	5	4.5902	15.88
4	N1_Damped_Attn_0.25	0.20	2	2	2	0.8125	0.0000	0.0000	0.0000	0.0000	12	0	0.9152	16.94
4	N4_Symmetric_Energy_Attn	0.20	2	2	2	0.8125	0.0000	0.0000	0.0000	0.0000	12	0	0.7406	11.04
4	SYNC1_Spectral_Sync	0.20	2	2	2	0.8750	0.0000	0.4167	0.0192	0.3974	8	6	3.6742	2.05
4	SYNC5_Loopy_MinSum	0.20	2	2	2	0.8750	0.0000	0.7500	0.0962	0.6538	8	14	6.6708	4.42
4	Candidate_LearnedEnergy	0.20	2	3	3	0.7500	0.0000	0.0000	0.0000	0.0000	16	0	0.2009	56.87
4	Ablation_ZeroInteraction	0.20	2	3	3	0.7500	0.0000	0.0000	0.0000	0.0000	16	0	0.0000	45.04
4	Ablation_RandomSymmetric	0.20	2	3	3	0.7500	0.0000	0.0000	0.0000	0.0000	16	0	0.1041	57.14
4	N0_Unconstrained_Attn	0.20	2	3	3	0.6875	0.0000	0.0625	0.1042	-0.0417	20	6	4.5790	16.14
4	N1_Damped_Attn_0.25	0.20	2	3	3	0.7500	0.0000	0.0000	0.0000	0.0000	16	0	1.6678	16.67
4	N4_Symmetric_Energy_Attn	0.20	2	3	3	0.7500	0.0000	0.0000	0.0000	0.0000	16	0	1.0256	11.25
4	SYNC1_Spectral_Sync	0.20	2	3	3	0.8594	0.0000	0.4375	0.0000	0.4375	9	7	3.9370	2.33
4	SYNC5_Loopy_MinSum	0.20	2	3	3	0.8750	0.0000	0.6875	0.0625	0.6250	8	14	6.6708	4.48
4	Candidate_LearnedEnergy	0.20	2	4	4	0.8281	0.0000	0.0000	0.0000	0.0000	11	0	0.1399	65.36
4	Ablation_ZeroInteraction	0.20	2	4	4	0.8281	0.0000	0.0000	0.0000	0.0000	11	0	0.0000	45.04
4	Ablation_RandomSymmetric	0.20	2	4	4	0.8281	0.0000	0.0000	0.0000	0.0000	11	0	0.1880	54.63
4	N0_Unconstrained_Attn	0.20	2	4	4	0.7812	0.0000	0.0909	0.0755	0.0154	14	5	4.1972	15.21
4	N1_Damped_Attn_0.25	0.20	2	4	4	0.8281	0.0000	0.0000	0.0000	0.0000	11	0	0.9643	16.28
4	N4_Symmetric_Energy_Attn	0.20	2	4	4	0.8281	0.0000	0.0000	0.0000	0.0000	11	0	1.4817	10.70
4	SYNC1_Spectral_Sync	0.20	2	4	4	0.8906	0.0000	0.5455	0.0377	0.5077	7	8	4.1231	2.57
4	SYNC5_Loopy_MinSum	0.20	2	4	4	0.8906	0.0000	0.9091	0.1132	0.7959	7	16	7.7136	4.69
4	Candidate_LearnedEnergy	0.20	2	5	5	0.8594	0.0000	0.0000	0.0000	0.0000	9	0	0.2314	39.20
4	Ablation_ZeroInteraction	0.20	2	5	5	0.8594	0.0000	0.0000	0.0000	0.0000	9	0	0.0000	28.71
4	Ablation_RandomSymmetric	0.20	2	5	5	0.8594	0.0000	0.0000	0.0000	0.0000	9	0	0.3297	39.15
4	N0_Unconstrained_Attn	0.20	2	5	5	0.7812	0.0000	0.0000	0.0909	-0.0909	14	5	3.9666	12.25
4	N1_Damped_Attn_0.25	0.20	2	5	5	0.8594	0.0000	0.0000	0.0000	0.0000	9	0	1.0347	11.85
4	N4_Symmetric_Energy_Attn	0.20	2	5	5	0.8594	0.0000	0.0000	0.0000	0.0000	9	0	1.0655	10.29
4	SYNC1_Spectral_Sync	0.20	2	5	5	0.9531	0.0000	0.6667	0.0000	0.6667	3	6	3.3541	1.22
4	SYNC5_Loopy_MinSum	0.20	2	5	5	0.9688	0.0000	0.8889	0.0182	0.8707	2	9	5.5678	2.56
4	Candidate_LearnedEnergy	0.20	2	6	6	0.8594	0.0000	0.0000	0.0000	0.0000	9	0	0.2157	39.95
4	Ablation_ZeroInteraction	0.20	2	6	6	0.8594	0.0000	0.0000	0.0000	0.0000	9	0	0.0000	28.15
4	Ablation_RandomSymmetric	0.20	2	6	6	0.8594	0.0000	0.0000	0.0000	0.0000	9	0	0.1220	39.48
4	N0_Unconstrained_Attn	0.20	2	6	6	0.8125	0.0000	0.0000	0.0545	-0.0545	12	3	2.9334	12.05
4	N1_Damped_Attn_0.25	0.20	2	6	6	0.8594	0.0000	0.0000	0.0000	0.0000	9	0	1.2921	11.93
4	N4_Symmetric_Energy_Attn	0.20	2	6	6	0.8594	0.0000	0.0000	0.0000	0.0000	9	0	2.3699	10.27
4	SYNC1_Spectral_Sync	0.20	2	6	6	0.8594	0.0000	0.2222	0.0364	0.1859	9	4	2.9155	1.17
4	SYNC5_Loopy_MinSum	0.20	2	6	6	0.8438	0.0000	0.5556	0.1091	0.4465	10	11	5.5678	2.67
4	Candidate_LearnedEnergy	0.20	2	7	7	0.7812	0.0000	0.0000	0.0000	0.0000	14	0	0.2088	59.34
4	Ablation_ZeroInteraction	0.20	2	7	7	0.7812	0.0000	0.0000	0.0000	0.0000	14	0	0.0000	46.39
4	Ablation_RandomSymmetric	0.20	2	7	7	0.7812	0.0000	0.0000	0.0000	0.0000	14	0	0.2451	57.29
4	N0_Unconstrained_Attn	0.20	2	7	7	0.7656	0.0000	0.0714	0.0400	0.0314	15	3	3.7673	16.30
4	N1_Damped_Attn_0.25	0.20	2	7	7	0.7812	0.0000	0.0000	0.0000	0.0000	14	0	0.8536	34.85
4	N4_Symmetric_Energy_Attn	0.20	2	7	7	0.7812	0.0000	0.0000	0.0000	0.0000	14	0	1.7714	11.18
4	SYNC1_Spectral_Sync	0.20	2	7	7	0.8281	0.0000	0.2857	0.0200	0.2657	11	5	3.3541	2.10
4	SYNC5_Loopy_MinSum	0.20	2	7	7	0.7656	0.0000	0.3571	0.1200	0.2371	15	11	6.2450	4.73
4	Candidate_LearnedEnergy	0.20	2	8	8	0.7500	0.0000	0.0000	0.0000	0.0000	16	0	0.2542	55.30
4	Ablation_ZeroInteraction	0.20	2	8	8	0.7500	0.0000	0.0000	0.0000	0.0000	16	0	0.0000	44.80
4	Ablation_RandomSymmetric	0.20	2	8	8	0.7500	0.0000	0.0000	0.0000	0.0000	16	0	0.2323	55.09
4	N0_Unconstrained_Attn	0.20	2	8	8	0.7812	0.0000	0.1250	0.0000	0.1250	14	2	2.9981	16.02
4	N1_Damped_Attn_0.25	0.20	2	8	8	0.7500	0.0000	0.0000	0.0000	0.0000	16	0	1.2772	15.81
4	N4_Symmetric_Energy_Attn	0.20	2	8	8	0.7500	0.0000	0.0000	0.0000	0.0000	16	0	1.7550	10.75
4	SYNC1_Spectral_Sync	0.20	2	8	8	0.8281	0.0000	0.4375	0.0417	0.3958	11	9	4.2720	2.19
4	SYNC5_Loopy_MinSum	0.20	2	8	8	0.8281	0.0000	0.8125	0.1667	0.6458	11	21	8.2916	4.88
4	Candidate_LearnedEnergy	0.20	2	9	9	0.7188	0.0000	0.0000	0.0000	0.0000	18	0	0.1593	60.21
4	Ablation_ZeroInteraction	0.20	2	9	9	0.7188	0.0000	0.0000	0.0000	0.0000	18	0	0.0000	49.02
4	Ablation_RandomSymmetric	0.20	2	9	9	0.7188	0.0000	0.0000	0.0000	0.0000	18	0	0.1574	60.12
4	N0_Unconstrained_Attn	0.20	2	9	9	0.7031	0.0000	0.0000	0.0217	-0.0217	19	1	2.5120	21.39
4	N1_Damped_Attn_0.25	0.20	2	9	9	0.7188	0.0000	0.0000	0.0000	0.0000	18	0	0.8539	16.73
4	N4_Symmetric_Energy_Attn	0.20	2	9	9	0.7188	0.0000	0.0000	0.0000	0.0000	18	0	2.1881	11.91
4	SYNC1_Spectral_Sync	0.20	2	9	9	0.7188	0.0000	0.2778	0.1087	0.1691	18	10	4.1533	2.53
4	SYNC5_Loopy_MinSum	0.20	2	9	9	0.7344	0.0000	0.7222	0.2609	0.4614	17	25	8.8882	4.60
4	Candidate_LearnedEnergy	0.20	2	10	10	0.8281	0.0000	0.0000	0.0000	0.0000	11	0	0.2120	49.88
4	Ablation_ZeroInteraction	0.20	2	10	10	0.8281	0.0000	0.0000	0.0000	0.0000	11	0	0.0000	29.28
4	Ablation_RandomSymmetric	0.20	2	10	10	0.8281	0.0000	0.0000	0.0000	0.0000	11	0	0.3412	70.95
4	N0_Unconstrained_Attn	0.20	2	10	10	0.7812	0.0000	0.0909	0.0755	0.0154	14	5	3.7457	13.21
4	N1_Damped_Attn_0.25	0.20	2	10	10	0.8281	0.0000	0.0000	0.0000	0.0000	11	0	0.6812	12.66
4	N4_Symmetric_Energy_Attn	0.20	2	10	10	0.8281	0.0000	0.0000	0.0000	0.0000	11	0	1.9829	11.20
4	SYNC1_Spectral_Sync	0.20	2	10	10	0.9219	0.0000	0.5455	0.0000	0.5455	5	6	3.3166	1.65
4	SYNC5_Loopy_MinSum	0.20	2	10	10	0.8750	0.0000	0.5455	0.0566	0.4889	8	9	5.6569	3.89
4	Candidate_LearnedEnergy	0.20	2	11	11	0.8281	0.0000	0.0000	0.0000	0.0000	11	0	0.1993	39.70
4	Ablation_ZeroInteraction	0.20	2	11	11	0.8281	0.0000	0.0000	0.0000	0.0000	11	0	0.0000	28.82
4	Ablation_RandomSymmetric	0.20	2	11	11	0.8281	0.0000	0.0000	0.0000	0.0000	11	0	0.1884	39.77
4	N0_Unconstrained_Attn	0.20	2	11	11	0.8125	0.0000	0.1818	0.0566	0.1252	12	5	4.2940	12.13
4	N1_Damped_Attn_0.25	0.20	2	11	11	0.8281	0.0000	0.0000	0.0000	0.0000	11	0	0.6973	11.98
4	N4_Symmetric_Energy_Attn	0.20	2	11	11	0.8281	0.0000	0.0000	0.0000	0.0000	11	0	2.1142	10.49
4	SYNC1_Spectral_Sync	0.20	2	11	11	0.8594	0.0000	0.3636	0.0377	0.3259	9	6	3.6056	1.21
4	SYNC5_Loopy_MinSum	0.20	2	11	11	0.8594	0.0000	0.6364	0.0943	0.5420	9	12	6.1644	3.13
4	Candidate_LearnedEnergy	0.20	2	12	12	0.8594	0.0000	0.0000	0.0000	0.0000	9	0	0.2438	39.79
4	Ablation_ZeroInteraction	0.20	2	12	12	0.8594	0.0000	0.0000	0.0000	0.0000	9	0	0.0000	27.80
4	Ablation_RandomSymmetric	0.20	2	12	12	0.8594	0.0000	0.0000	0.0000	0.0000	9	0	0.1773	37.97
4	N0_Unconstrained_Attn	0.20	2	12	12	0.7969	0.0000	0.1111	0.0909	0.0202	13	6	3.5665	11.88
4	N1_Damped_Attn_0.25	0.20	2	12	12	0.8594	0.0000	0.0000	0.0000	0.0000	9	0	0.7082	11.85
4	N4_Symmetric_Energy_Attn	0.20	2	12	12	0.8594	0.0000	0.0000	0.0000	0.0000	9	0	1.7699	10.71
4	SYNC1_Spectral_Sync	0.20	2	12	12	0.8750	0.0000	0.3333	0.0364	0.2970	8	5	3.6742	1.20
4	SYNC5_Loopy_MinSum	0.20	2	12	12	0.9531	0.0000	0.8889	0.0364	0.8525	3	10	6.3443	2.67
4	Candidate_LearnedEnergy	0.20	2	13	13	0.8281	0.0000	0.0000	0.0000	0.0000	11	0	0.1411	39.82
4	Ablation_ZeroInteraction	0.20	2	13	13	0.8281	0.0000	0.0000	0.0000	0.0000	11	0	0.0000	27.88
4	Ablation_RandomSymmetric	0.20	2	13	13	0.8281	0.0000	0.0000	0.0000	0.0000	11	0	0.2421	39.27
4	N0_Unconstrained_Attn	0.20	2	13	13	0.7656	0.0000	0.0909	0.0943	-0.0034	15	6	3.6847	12.08
4	N1_Damped_Attn_0.25	0.20	2	13	13	0.8281	0.0000	0.0000	0.0000	0.0000	11	0	0.9593	12.16
4	N4_Symmetric_Energy_Attn	0.20	2	13	13	0.8281	0.0000	0.0000	0.0000	0.0000	11	0	1.1015	10.37
4	SYNC1_Spectral_Sync	0.20	2	13	13	0.8438	0.0000	0.2727	0.0377	0.2350	10	5	3.2016	1.24
4	SYNC5_Loopy_MinSum	0.20	2	13	13	0.8438	0.0000	0.6364	0.1132	0.5232	10	13	6.5574	2.95
4	Candidate_LearnedEnergy	0.20	2	14	14	0.7656	0.0000	0.0000	0.0000	0.0000	15	0	0.2318	38.76
4	Ablation_ZeroInteraction	0.20	2	14	14	0.7656	0.0000	0.0000	0.0000	0.0000	15	0	0.0000	28.20
4	Ablation_RandomSymmetric	0.20	2	14	14	0.7656	0.0000	0.0000	0.0000	0.0000	15	0	0.1886	39.17
4	N0_Unconstrained_Attn	0.20	2	14	14	0.7500	0.0000	0.1333	0.0612	0.0721	16	5	3.7630	12.21
4	N1_Damped_Attn_0.25	0.20	2	14	14	0.7656	0.0000	0.0000	0.0000	0.0000	15	0	1.1169	12.63
4	N4_Symmetric_Energy_Attn	0.20	2	14	14	0.7656	0.0000	0.0000	0.0000	0.0000	15	0	1.2048	10.31
4	SYNC1_Spectral_Sync	0.20	2	14	14	0.7500	0.0000	0.1333	0.0612	0.0721	16	5	2.9580	1.20
4	SYNC5_Loopy_MinSum	0.20	2	14	14	0.7969	0.0000	0.3333	0.0612	0.2721	13	8	5.3619	2.65
4	Candidate_LearnedEnergy	0.20	2	15	15	0.7656	0.0000	0.0000	0.0000	0.0000	15	0	0.1650	71.12
4	Ablation_ZeroInteraction	0.20	2	15	15	0.7656	0.0000	0.0000	0.0000	0.0000	15	0	0.0000	72.36
4	Ablation_RandomSymmetric	0.20	2	15	15	0.7656	0.0000	0.0000	0.0000	0.0000	15	0	0.1613	59.50
4	N0_Unconstrained_Attn	0.20	2	15	15	0.7188	0.0000	0.2667	0.1429	0.1238	18	11	4.8446	32.95
4	N1_Damped_Attn_0.25	0.20	2	15	15	0.7656	0.0000	0.0000	0.0000	0.0000	15	0	1.1938	17.09
4	N4_Symmetric_Energy_Attn	0.20	2	15	15	0.7656	0.0000	0.0000	0.0000	0.0000	15	0	2.3831	11.74
4	SYNC1_Spectral_Sync	0.20	2	15	15	0.8750	0.0000	0.5333	0.0204	0.5129	8	9	4.4441	2.69
4	SYNC5_Loopy_MinSum	0.20	2	15	15	0.9219	0.0000	0.8667	0.0612	0.8054	5	16	7.5664	5.80
4	Candidate_LearnedEnergy	0.20	2	16	16	0.9375	0.0000	0.0000	0.0000	0.0000	4	0	0.1294	61.25
4	Ablation_ZeroInteraction	0.20	2	16	16	0.9375	0.0000	0.0000	0.0000	0.0000	4	0	0.0000	48.47
4	Ablation_RandomSymmetric	0.20	2	16	16	0.9375	0.0000	0.0000	0.0000	0.0000	4	0	0.1942	61.30
4	N0_Unconstrained_Attn	0.20	2	16	16	0.9062	0.0000	0.0000	0.0333	-0.0333	6	2	2.8330	16.54
4	N1_Damped_Attn_0.25	0.20	2	16	16	0.9375	0.0000	0.0000	0.0000	0.0000	4	0	0.7634	17.35
4	N4_Symmetric_Energy_Attn	0.20	2	16	16	0.9375	0.0000	0.0000	0.0000	0.0000	4	0	1.4288	11.31
4	SYNC1_Spectral_Sync	0.20	2	16	16	0.9219	0.0000	0.0000	0.0167	-0.0167	5	1	1.4142	2.01
4	SYNC5_Loopy_MinSum	0.20	2	16	16	0.8906	0.0000	0.2500	0.0667	0.1833	7	5	4.0927	5.37
4	Candidate_LearnedEnergy	0.20	2	17	17	0.8594	0.0000	0.0000	0.0000	0.0000	9	0	0.2706	59.98
4	Ablation_ZeroInteraction	0.20	2	17	17	0.8594	0.0000	0.0000	0.0000	0.0000	9	0	0.0000	47.71
4	Ablation_RandomSymmetric	0.20	2	17	17	0.8594	0.0000	0.0000	0.0000	0.0000	9	0	0.2168	60.25
4	N0_Unconstrained_Attn	0.20	2	17	17	0.7656	0.0000	0.0000	0.1091	-0.1091	15	6	3.9495	15.87
4	N1_Damped_Attn_0.25	0.20	2	17	17	0.8594	0.0000	0.0000	0.0000	0.0000	9	0	1.1127	17.61
4	N4_Symmetric_Energy_Attn	0.20	2	17	17	0.8594	0.0000	0.0000	0.0000	0.0000	9	0	1.1114	11.27
4	SYNC1_Spectral_Sync	0.20	2	17	17	0.8750	0.0000	0.2222	0.0182	0.2040	8	3	2.9580	2.27
4	SYNC5_Loopy_MinSum	0.20	2	17	17	0.9375	0.0000	0.7778	0.0364	0.7414	4	9	5.9161	4.67
4	Candidate_LearnedEnergy	0.20	2	18	18	0.8750	0.0000	0.0000	0.0000	0.0000	8	0	0.2126	57.71
4	Ablation_ZeroInteraction	0.20	2	18	18	0.8750	0.0000	0.0000	0.0000	0.0000	8	0	0.0000	46.74
4	Ablation_RandomSymmetric	0.20	2	18	18	0.8750	0.0000	0.0000	0.0000	0.0000	8	0	0.2488	59.88
4	N0_Unconstrained_Attn	0.20	2	18	18	0.8594	0.0000	0.1250	0.0357	0.0893	9	3	2.6063	22.29
4	N1_Damped_Attn_0.25	0.20	2	18	18	0.8750	0.0000	0.0000	0.0000	0.0000	8	0	1.4445	19.67
4	N4_Symmetric_Energy_Attn	0.20	2	18	18	0.8750	0.0000	0.0000	0.0000	0.0000	8	0	1.4533	11.26
4	SYNC1_Spectral_Sync	0.20	2	18	18	0.9375	0.0000	0.6250	0.0179	0.6071	4	6	3.5707	2.23
4	SYNC5_Loopy_MinSum	0.20	2	18	18	0.9062	0.0000	0.8750	0.0893	0.7857	6	12	6.3048	5.16
4	Candidate_LearnedEnergy	0.20	2	19	19	0.7812	0.0000	0.0000	0.0000	0.0000	14	0	0.1516	38.84
4	Ablation_ZeroInteraction	0.20	2	19	19	0.7812	0.0000	0.0000	0.0000	0.0000	14	0	0.0000	28.11
4	Ablation_RandomSymmetric	0.20	2	19	19	0.7812	0.0000	0.0000	0.0000	0.0000	14	0	0.2232	38.52
4	N0_Unconstrained_Attn	0.20	2	19	19	0.7969	0.0000	0.0714	0.0000	0.0714	13	1	2.9462	11.97
4	N1_Damped_Attn_0.25	0.20	2	19	19	0.7812	0.0000	0.0000	0.0000	0.0000	14	0	1.0944	11.79
4	N4_Symmetric_Energy_Attn	0.20	2	19	19	0.7812	0.0000	0.0000	0.0000	0.0000	14	0	2.0081	10.45
4	SYNC1_Spectral_Sync	0.20	2	19	19	0.9062	0.0000	0.5714	0.0000	0.5714	6	8	3.8406	1.17
4	SYNC5_Loopy_MinSum	0.20	2	19	19	0.8438	0.0000	0.8571	0.1600	0.6971	10	20	8.2614	2.69
4	Candidate_LearnedEnergy	0.20	4	0	0	0.7969	0.0000	0.0000	0.0000	0.0000	13	0	0.2993	126.06
4	Ablation_ZeroInteraction	0.20	4	0	0	0.7969	0.0000	0.0000	0.0000	0.0000	13	0	0.0000	94.95
4	Ablation_RandomSymmetric	0.20	4	0	0	0.7969	0.0000	0.0000	0.0000	0.0000	13	0	0.3653	109.12
4	N0_Unconstrained_Attn	0.20	4	0	0	0.6719	0.0000	0.1538	0.1961	-0.0422	21	12	6.4523	34.56
4	N1_Damped_Attn_0.25	0.20	4	0	0	0.7969	0.0000	0.0000	0.0000	0.0000	13	0	1.7982	34.85
4	N4_Symmetric_Energy_Attn	0.20	4	0	0	0.7500	0.0000	0.1538	0.0980	0.0558	16	7	3.7995	23.38
4	SYNC1_Spectral_Sync	0.20	4	0	0	0.8438	0.0000	0.3077	0.0196	0.2881	10	5	3.9469	4.25
4	SYNC5_Loopy_MinSum	0.20	4	0	0	0.8438	0.0000	0.5385	0.0784	0.4600	10	11	5.8054	8.77
4	Candidate_LearnedEnergy	0.20	4	1	1	0.9062	0.0000	0.0000	0.0000	0.0000	6	0	0.3320	107.50
4	Ablation_ZeroInteraction	0.20	4	1	1	0.9062	0.0000	0.0000	0.0000	0.0000	6	0	0.0000	85.45
4	Ablation_RandomSymmetric	0.20	4	1	1	0.9062	0.0000	0.0000	0.0000	0.0000	6	0	0.5291	105.80
4	N0_Unconstrained_Attn	0.20	4	1	1	0.7812	0.0000	0.0000	0.1379	-0.1379	14	8	4.8780	31.56
4	N1_Damped_Attn_0.25	0.20	4	1	1	0.9062	0.0000	0.0000	0.0000	0.0000	6	0	1.4731	33.88
4	N4_Symmetric_Energy_Attn	0.20	4	1	1	0.8750	0.0000	0.0000	0.0345	-0.0345	8	2	2.8683	21.86
4	SYNC1_Spectral_Sync	0.20	4	1	1	1.0000	1.0000	1.0000	0.0000	1.0000	0	6	4.2500	3.95
4	SYNC5_Loopy_MinSum	0.20	4	1	1	0.9219	0.0000	0.8333	0.0690	0.7644	5	9	5.4098	7.95
4	Candidate_LearnedEnergy	0.20	4	2	2	0.8125	0.0000	0.0000	0.0000	0.0000	12	0	0.3873	103.92
4	Ablation_ZeroInteraction	0.20	4	2	2	0.8125	0.0000	0.0000	0.0000	0.0000	12	0	0.0000	84.16
4	Ablation_RandomSymmetric	0.20	4	2	2	0.8125	0.0000	0.0000	0.0000	0.0000	12	0	0.3821	107.94
4	N0_Unconstrained_Attn	0.20	4	2	2	0.7031	0.0000	0.0000	0.1346	-0.1346	19	7	5.3335	32.12
4	N1_Damped_Attn_0.25	0.20	4	2	2	0.7969	0.0000	0.0000	0.0192	-0.0192	13	1	1.6130	32.72
4	N4_Symmetric_Energy_Attn	0.20	4	2	2	0.8125	0.0000	0.0000	0.0000	0.0000	12	0	1.3633	21.60
4	SYNC1_Spectral_Sync	0.20	4	2	2	0.8594	0.0000	0.4167	0.0385	0.3782	9	7	4.4861	3.91
4	SYNC5_Loopy_MinSum	0.20	4	2	2	0.9062	0.0000	0.8333	0.0769	0.7564	6	14	6.4226	8.00
4	Candidate_LearnedEnergy	0.20	4	3	3	0.7500	0.0000	0.0000	0.0000	0.0000	16	0	0.3847	104.04
4	Ablation_ZeroInteraction	0.20	4	3	3	0.7500	0.0000	0.0000	0.0000	0.0000	16	0	0.0000	84.70
4	Ablation_RandomSymmetric	0.20	4	3	3	0.7500	0.0000	0.0000	0.0000	0.0000	16	0	0.1853	105.01
4	N0_Unconstrained_Attn	0.20	4	3	3	0.6250	0.0000	0.1250	0.2083	-0.0833	24	12	5.9659	31.39
4	N1_Damped_Attn_0.25	0.20	4	3	3	0.7344	0.0000	0.0625	0.0417	0.0208	17	3	2.9291	33.87
4	N4_Symmetric_Energy_Attn	0.20	4	3	3	0.7500	0.0000	0.0000	0.0000	0.0000	16	0	1.9980	58.20
4	SYNC1_Spectral_Sync	0.20	4	3	3	0.8594	0.0000	0.4375	0.0000	0.4375	9	7	4.8056	4.13
4	SYNC5_Loopy_MinSum	0.20	4	3	3	0.8750	0.0000	0.6875	0.0625	0.6250	8	14	6.5741	8.49
4	Candidate_LearnedEnergy	0.20	4	4	4	0.8281	0.0000	0.0000	0.0000	0.0000	11	0	0.2674	161.75
4	Ablation_ZeroInteraction	0.20	4	4	4	0.8281	0.0000	0.0000	0.0000	0.0000	11	0	0.0000	85.88
4	Ablation_RandomSymmetric	0.20	4	4	4	0.8281	0.0000	0.0000	0.0000	0.0000	11	0	0.3524	105.49
4	N0_Unconstrained_Attn	0.20	4	4	4	0.7344	0.0000	0.1818	0.1509	0.0309	17	10	5.7269	32.70
4	N1_Damped_Attn_0.25	0.20	4	4	4	0.8281	0.0000	0.0000	0.0000	0.0000	11	0	1.7467	34.63
4	N4_Symmetric_Energy_Attn	0.20	4	4	4	0.7969	0.0000	0.0000	0.0377	-0.0377	13	2	2.5438	22.32
4	SYNC1_Spectral_Sync	0.20	4	4	4	0.9219	0.0000	0.7273	0.0377	0.6895	5	10	4.9054	3.97
4	SYNC5_Loopy_MinSum	0.20	4	4	4	0.8750	0.0000	0.9091	0.1321	0.7770	8	17	6.6203	8.14
4	Candidate_LearnedEnergy	0.20	4	5	5	0.8594	0.0000	0.0000	0.0000	0.0000	9	0	0.4315	73.20
4	Ablation_ZeroInteraction	0.20	4	5	5	0.8594	0.0000	0.0000	0.0000	0.0000	9	0	0.0000	52.32
4	Ablation_RandomSymmetric	0.20	4	5	5	0.8594	0.0000	0.0000	0.0000	0.0000	9	0	0.6437	117.03
4	N0_Unconstrained_Attn	0.20	4	5	5	0.6875	0.0000	0.0000	0.2000	-0.2000	20	11	5.8349	35.98
4	N1_Damped_Attn_0.25	0.20	4	5	5	0.8594	0.0000	0.0000	0.0000	0.0000	9	0	1.9483	24.48
4	N4_Symmetric_Energy_Attn	0.20	4	5	5	0.8594	0.0000	0.0000	0.0000	0.0000	9	0	1.8889	21.27
4	SYNC1_Spectral_Sync	0.20	4	5	5	0.9531	0.0000	0.6667	0.0000	0.6667	3	6	4.3102	3.33
4	SYNC5_Loopy_MinSum	0.20	4	5	5	0.9531	0.0000	0.7778	0.0182	0.7596	3	8	5.3895	5.92
4	Candidate_LearnedEnergy	0.20	4	6	6	0.8594	0.0000	0.0000	0.0000	0.0000	9	0	0.4242	132.19
4	Ablation_ZeroInteraction	0.20	4	6	6	0.8594	0.0000	0.0000	0.0000	0.0000	9	0	0.0000	106.74
4	Ablation_RandomSymmetric	0.20	4	6	6	0.8594	0.0000	0.0000	0.0000	0.0000	9	0	0.2296	107.62
4	N0_Unconstrained_Attn	0.20	4	6	6	0.7344	0.0000	0.1111	0.1636	-0.0525	17	10	4.8704	32.35
4	N1_Damped_Attn_0.25	0.20	4	6	6	0.8438	0.0000	0.0000	0.0182	-0.0182	10	1	2.3432	34.35
4	N4_Symmetric_Energy_Attn	0.20	4	6	6	0.7812	0.0000	0.0000	0.0909	-0.0909	14	5	3.8834	23.56
4	SYNC1_Spectral_Sync	0.20	4	6	6	0.8594	0.0000	0.2222	0.0364	0.1859	9	4	3.3213	4.15
4	SYNC5_Loopy_MinSum	0.20	4	6	6	0.7500	0.0000	0.3333	0.1818	0.1515	16	13	5.5537	8.17
4	Candidate_LearnedEnergy	0.20	4	7	7	0.7812	0.0000	0.0000	0.0000	0.0000	14	0	0.4119	105.47
4	Ablation_ZeroInteraction	0.20	4	7	7	0.7812	0.0000	0.0000	0.0000	0.0000	14	0	0.0000	84.44
4	Ablation_RandomSymmetric	0.20	4	7	7	0.7812	0.0000	0.0000	0.0000	0.0000	14	0	0.4525	110.74
4	N0_Unconstrained_Attn	0.20	4	7	7	0.6875	0.0000	0.2143	0.1800	0.0343	20	12	6.4363	33.00
4	N1_Damped_Attn_0.25	0.20	4	7	7	0.7969	0.0000	0.0714	0.0000	0.0714	13	1	1.6642	33.65
4	N4_Symmetric_Energy_Attn	0.20	4	7	7	0.7500	0.0000	0.0714	0.0600	0.0114	16	4	2.7252	21.75
4	SYNC1_Spectral_Sync	0.20	4	7	7	0.8438	0.0000	0.3571	0.0200	0.3371	10	6	4.0755	3.79
4	SYNC5_Loopy_MinSum	0.20	4	7	7	0.7188	0.0000	0.3571	0.1800	0.1771	18	14	6.0828	8.02
4	Candidate_LearnedEnergy	0.20	4	8	8	0.7500	0.0000	0.0000	0.0000	0.0000	16	0	0.4997	78.81
4	Ablation_ZeroInteraction	0.20	4	8	8	0.7500	0.0000	0.0000	0.0000	0.0000	16	0	0.0000	53.87
4	Ablation_RandomSymmetric	0.20	4	8	8	0.7500	0.0000	0.0000	0.0000	0.0000	16	0	0.4368	79.16
4	N0_Unconstrained_Attn	0.20	4	8	8	0.7500	0.0000	0.1250	0.0417	0.0833	16	4	4.2546	23.92
4	N1_Damped_Attn_0.25	0.20	4	8	8	0.7344	0.0000	0.0000	0.0208	-0.0208	17	1	2.2095	23.82
4	N4_Symmetric_Energy_Attn	0.20	4	8	8	0.7031	0.0000	0.0000	0.0625	-0.0625	19	3	2.8617	20.79
4	SYNC1_Spectral_Sync	0.20	4	8	8	0.8594	0.0000	0.5625	0.0417	0.5208	9	11	5.3575	2.38
4	SYNC5_Loopy_MinSum	0.20	4	8	8	0.7656	0.0000	0.8125	0.2500	0.5625	15	25	8.1404	4.63
4	Candidate_LearnedEnergy	0.20	4	9	9	0.7188	0.0000	0.0000	0.0000	0.0000	18	0	0.2960	105.74
4	Ablation_ZeroInteraction	0.20	4	9	9	0.7188	0.0000	0.0000	0.0000	0.0000	18	0	0.0000	85.18
4	Ablation_RandomSymmetric	0.20	4	9	9	0.7188	0.0000	0.0000	0.0000	0.0000	18	0	0.2944	116.90
4	N0_Unconstrained_Attn	0.20	4	9	9	0.6719	0.0000	0.0556	0.0870	-0.0314	21	5	3.7107	30.79
4	N1_Damped_Attn_0.25	0.20	4	9	9	0.7031	0.0000	0.0000	0.0217	-0.0217	19	1	1.5974	32.98
4	N4_Symmetric_Energy_Attn	0.20	4	9	9	0.6719	0.0000	0.0556	0.0870	-0.0314	21	5	3.7718	24.07
4	SYNC1_Spectral_Sync	0.20	4	9	9	0.7188	0.0000	0.2778	0.1087	0.1691	18	10	5.0575	3.77
4	SYNC5_Loopy_MinSum	0.20	4	9	9	0.7188	0.0000	0.6667	0.2609	0.4058	18	24	8.2320	7.29
4	Candidate_LearnedEnergy	0.20	4	10	10	0.8281	0.0000	0.0000	0.0000	0.0000	11	0	0.4157	115.88
4	Ablation_ZeroInteraction	0.20	4	10	10	0.8281	0.0000	0.0000	0.0000	0.0000	11	0	0.0000	93.33
4	Ablation_RandomSymmetric	0.20	4	10	10	0.8281	0.0000	0.0000	0.0000	0.0000	11	0	0.6472	107.51
4	N0_Unconstrained_Attn	0.20	4	10	10	0.7656	0.0000	0.0909	0.0943	-0.0034	15	6	4.7912	36.91
4	N1_Damped_Attn_0.25	0.20	4	10	10	0.8281	0.0000	0.0000	0.0000	0.0000	11	0	1.2891	38.48
4	N4_Symmetric_Energy_Attn	0.20	4	10	10	0.8125	0.0000	0.0000	0.0189	-0.0189	12	1	2.7104	23.67
4	SYNC1_Spectral_Sync	0.20	4	10	10	0.9219	0.0000	0.5455	0.0000	0.5455	5	6	4.1307	4.50
4	SYNC5_Loopy_MinSum	0.20	4	10	10	0.7812	0.0000	0.4545	0.1509	0.3036	14	13	6.1517	8.85
4	Candidate_LearnedEnergy	0.20	4	11	11	0.8281	0.0000	0.0000	0.0000	0.0000	11	0	0.3784	110.57
4	Ablation_ZeroInteraction	0.20	4	11	11	0.8281	0.0000	0.0000	0.0000	0.0000	11	0	0.0000	88.82
4	Ablation_RandomSymmetric	0.20	4	11	11	0.8281	0.0000	0.0000	0.0000	0.0000	11	0	0.3704	108.17
4	N0_Unconstrained_Attn	0.20	4	11	11	0.7812	0.0000	0.2727	0.1132	0.1595	14	9	5.3309	37.56
4	N1_Damped_Attn_0.25	0.20	4	11	11	0.8281	0.0000	0.0000	0.0000	0.0000	11	0	1.4179	38.24
4	N4_Symmetric_Energy_Attn	0.20	4	11	11	0.7812	0.0000	0.0909	0.0755	0.0154	14	5	3.4752	22.76
4	SYNC1_Spectral_Sync	0.20	4	11	11	0.8594	0.0000	0.3636	0.0377	0.3259	9	6	4.2500	3.85
4	SYNC5_Loopy_MinSum	0.20	4	11	11	0.8438	0.0000	0.5455	0.0943	0.4511	10	11	6.0208	7.47
4	Candidate_LearnedEnergy	0.20	4	12	12	0.8594	0.0000	0.0000	0.0000	0.0000	9	0	0.4645	106.68
4	Ablation_ZeroInteraction	0.20	4	12	12	0.8594	0.0000	0.0000	0.0000	0.0000	9	0	0.0000	90.01
4	Ablation_RandomSymmetric	0.20	4	12	12	0.8594	0.0000	0.0000	0.0000	0.0000	9	0	0.3441	104.95
4	N0_Unconstrained_Attn	0.20	4	12	12	0.7812	0.0000	0.3333	0.1455	0.1879	14	11	6.2773	37.39
4	N1_Damped_Attn_0.25	0.20	4	12	12	0.8438	0.0000	0.0000	0.0182	-0.0182	10	1	1.3631	38.14
4	N4_Symmetric_Energy_Attn	0.20	4	12	12	0.8281	0.0000	0.0000	0.0364	-0.0364	11	2	2.8228	22.64
4	SYNC1_Spectral_Sync	0.20	4	12	12	0.9062	0.0000	0.5556	0.0364	0.5192	6	7	4.3839	3.95
4	SYNC5_Loopy_MinSum	0.20	4	12	12	0.9531	0.0000	1.0000	0.0545	0.9455	3	12	5.8763	7.43
4	Candidate_LearnedEnergy	0.20	4	13	13	0.8281	0.0000	0.0000	0.0000	0.0000	11	0	0.2593	109.90
4	Ablation_ZeroInteraction	0.20	4	13	13	0.8281	0.0000	0.0000	0.0000	0.0000	11	0	0.0000	91.16
4	Ablation_RandomSymmetric	0.20	4	13	13	0.8281	0.0000	0.0000	0.0000	0.0000	11	0	0.4641	107.75
4	N0_Unconstrained_Attn	0.20	4	13	13	0.7656	0.0000	0.1818	0.1132	0.0686	15	8	5.4317	36.25
4	N1_Damped_Attn_0.25	0.20	4	13	13	0.8281	0.0000	0.0000	0.0000	0.0000	11	0	1.7899	37.44
4	N4_Symmetric_Energy_Attn	0.20	4	13	13	0.8281	0.0000	0.0000	0.0000	0.0000	11	0	1.8566	132.93
4	SYNC1_Spectral_Sync	0.20	4	13	13	0.8438	0.0000	0.2727	0.0377	0.2350	10	5	3.3935	4.53
4	SYNC5_Loopy_MinSum	0.20	4	13	13	0.7500	0.0000	0.5455	0.2075	0.3379	16	17	5.8697	9.01
4	Candidate_LearnedEnergy	0.20	4	14	14	0.7656	0.0000	0.0000	0.0000	0.0000	15	0	0.4541	108.39
4	Ablation_ZeroInteraction	0.20	4	14	14	0.7656	0.0000	0.0000	0.0000	0.0000	15	0	0.0000	87.59
4	Ablation_RandomSymmetric	0.20	4	14	14	0.7656	0.0000	0.0000	0.0000	0.0000	15	0	0.3598	109.48
4	N0_Unconstrained_Attn	0.20	4	14	14	0.7031	0.0000	0.2000	0.1429	0.0571	19	10	6.0197	34.81
4	N1_Damped_Attn_0.25	0.20	4	14	14	0.7812	0.0000	0.0667	0.0000	0.0667	14	1	2.0646	34.72
4	N4_Symmetric_Energy_Attn	0.20	4	14	14	0.7500	0.0000	0.0000	0.0204	-0.0204	16	1	2.0323	22.14
4	SYNC1_Spectral_Sync	0.20	4	14	14	0.7500	0.0000	0.1333	0.0612	0.0721	16	5	3.6806	3.92
4	SYNC5_Loopy_MinSum	0.20	4	14	14	0.7969	0.0000	0.3333	0.0612	0.2721	13	8	4.5979	7.77
4	Candidate_LearnedEnergy	0.20	4	15	15	0.7656	0.0000	0.0000	0.0000	0.0000	15	0	0.3019	114.61
4	Ablation_ZeroInteraction	0.20	4	15	15	0.7656	0.0000	0.0000	0.0000	0.0000	15	0	0.0000	92.11
4	Ablation_RandomSymmetric	0.20	4	15	15	0.7656	0.0000	0.0000	0.0000	0.0000	15	0	0.2971	110.04
4	N0_Unconstrained_Attn	0.20	4	15	15	0.6719	0.0000	0.3333	0.2245	0.1088	21	16	7.3906	37.95
4	N1_Damped_Attn_0.25	0.20	4	15	15	0.7500	0.0000	0.0000	0.0204	-0.0204	16	1	2.3797	39.23
4	N4_Symmetric_Energy_Attn	0.20	4	15	15	0.6875	0.0000	0.0000	0.1020	-0.1020	20	5	3.7740	22.38
4	SYNC1_Spectral_Sync	0.20	4	15	15	0.8906	0.0000	0.6000	0.0204	0.5796	7	10	5.2574	3.80
4	SYNC5_Loopy_MinSum	0.20	4	15	15	0.8906	0.0000	0.7333	0.0612	0.6721	7	14	7.1030	7.87
4	Candidate_LearnedEnergy	0.20	4	16	16	0.9375	0.0000	0.0000	0.0000	0.0000	4	0	0.2387	109.78
4	Ablation_ZeroInteraction	0.20	4	16	16	0.9375	0.0000	0.0000	0.0000	0.0000	4	0	0.0000	90.58
4	Ablation_RandomSymmetric	0.20	4	16	16	0.9375	0.0000	0.0000	0.0000	0.0000	4	0	0.3739	116.10
4	N0_Unconstrained_Attn	0.20	4	16	16	0.8281	0.0000	0.0000	0.1167	-0.1167	11	7	3.9845	37.25
4	N1_Damped_Attn_0.25	0.20	4	16	16	0.9375	0.0000	0.0000	0.0000	0.0000	4	0	1.4833	39.03
4	N4_Symmetric_Energy_Attn	0.20	4	16	16	0.9219	0.0000	0.2500	0.0333	0.2167	5	3	2.6753	24.06
4	SYNC1_Spectral_Sync	0.20	4	16	16	0.9219	0.0000	0.0000	0.0167	-0.0167	5	1	1.4142	3.80
4	SYNC5_Loopy_MinSum	0.20	4	16	16	0.8594	0.0000	0.0000	0.0833	-0.0833	9	5	4.1514	7.01
4	Candidate_LearnedEnergy	0.20	4	17	17	0.8594	0.0000	0.0000	0.0000	0.0000	9	0	0.5179	108.02
4	Ablation_ZeroInteraction	0.20	4	17	17	0.8594	0.0000	0.0000	0.0000	0.0000	9	0	0.0000	91.41
4	Ablation_RandomSymmetric	0.20	4	17	17	0.8594	0.0000	0.0000	0.0000	0.0000	9	0	0.4040	107.45
4	N0_Unconstrained_Attn	0.20	4	17	17	0.6875	0.0000	0.1111	0.2182	-0.1071	20	13	5.9360	38.60
4	N1_Damped_Attn_0.25	0.20	4	17	17	0.8594	0.0000	0.0000	0.0000	0.0000	9	0	2.0490	38.28
4	N4_Symmetric_Energy_Attn	0.20	4	17	17	0.8438	0.0000	0.0000	0.0182	-0.0182	10	1	2.2690	22.75
4	SYNC1_Spectral_Sync	0.20	4	17	17	0.8750	0.0000	0.3333	0.0364	0.2970	8	5	3.6806	3.93
4	SYNC5_Loopy_MinSum	0.20	4	17	17	0.9531	0.0000	0.8889	0.0364	0.8525	3	10	5.7255	7.17
4	Candidate_LearnedEnergy	0.20	4	18	18	0.8750	0.0000	0.0000	0.0000	0.0000	8	0	0.4106	112.50
4	Ablation_ZeroInteraction	0.20	4	18	18	0.8750	0.0000	0.0000	0.0000	0.0000	8	0	0.0000	89.76
4	Ablation_RandomSymmetric	0.20	4	18	18	0.8750	0.0000	0.0000	0.0000	0.0000	8	0	0.4857	112.15
4	N0_Unconstrained_Attn	0.20	4	18	18	0.8438	0.0000	0.2500	0.0714	0.1786	10	6	4.1007	49.70
4	N1_Damped_Attn_0.25	0.20	4	18	18	0.8594	0.0000	0.0000	0.0179	-0.0179	9	1	2.4984	93.34
4	N4_Symmetric_Energy_Attn	0.20	4	18	18	0.8594	0.0000	0.0000	0.0179	-0.0179	9	1	2.5261	20.66
4	SYNC1_Spectral_Sync	0.20	4	18	18	0.9375	0.0000	0.6250	0.0179	0.6071	4	6	4.0678	2.77
4	SYNC5_Loopy_MinSum	0.20	4	18	18	0.9219	0.0000	0.8750	0.0714	0.8036	5	11	5.8617	5.60
4	Candidate_LearnedEnergy	0.20	4	19	19	0.7812	0.0000	0.0000	0.0000	0.0000	14	0	0.2852	77.74
4	Ablation_ZeroInteraction	0.20	4	19	19	0.7812	0.0000	0.0000	0.0000	0.0000	14	0	0.0000	61.16
4	Ablation_RandomSymmetric	0.20	4	19	19	0.7812	0.0000	0.0000	0.0000	0.0000	14	0	0.4269	72.59
4	N0_Unconstrained_Attn	0.20	4	19	19	0.7344	0.0000	0.1429	0.1000	0.0429	17	7	4.5901	35.21
4	N1_Damped_Attn_0.25	0.20	4	19	19	0.7656	0.0000	0.0000	0.0200	-0.0200	15	1	1.9681	23.64
4	N4_Symmetric_Energy_Attn	0.20	4	19	19	0.7344	0.0000	0.0000	0.0600	-0.0600	17	3	3.3069	20.69
4	SYNC1_Spectral_Sync	0.20	4	19	19	0.9062	0.0000	0.5714	0.0000	0.5714	6	8	4.4212	2.33
4	SYNC5_Loopy_MinSum	0.20	4	19	19	0.7656	0.0000	0.5714	0.1800	0.3914	15	17	7.7429	4.76
4	Candidate_LearnedEnergy	0.20	8	0	0	0.7969	0.0000	0.0000	0.0000	0.0000	13	0	0.5130	209.07
4	Ablation_ZeroInteraction	0.20	8	0	0	0.7969	0.0000	0.0000	0.0000	0.0000	13	0	0.0000	166.62
4	Ablation_RandomSymmetric	0.20	8	0	0	0.7969	0.0000	0.0000	0.0000	0.0000	13	0	0.6196	200.56
4	N0_Unconstrained_Attn	0.20	8	0	0	0.6406	0.0000	0.2308	0.2549	-0.0241	23	16	7.3990	68.40
4	N1_Damped_Attn_0.25	0.20	8	0	0	0.7656	0.0000	0.0769	0.0588	0.0181	15	4	3.1340	67.24
4	N4_Symmetric_Energy_Attn	0.20	8	0	0	0.7031	0.0000	0.1538	0.1569	-0.0030	19	10	5.5426	43.90
4	SYNC1_Spectral_Sync	0.20	8	0	0	0.8438	0.0000	0.3077	0.0196	0.2881	10	5	4.5884	61.78
4	SYNC5_Loopy_MinSum	0.20	8	0	0	0.8594	0.0000	0.5385	0.0588	0.4796	9	10	5.8703	13.94
4	Candidate_LearnedEnergy	0.20	8	1	1	0.9062	0.0000	0.0000	0.0000	0.0000	6	0	0.5819	206.40
4	Ablation_ZeroInteraction	0.20	8	1	1	0.9062	0.0000	0.0000	0.0000	0.0000	6	0	0.0000	167.53
4	Ablation_RandomSymmetric	0.20	8	1	1	0.9062	0.0000	0.0000	0.0000	0.0000	6	0	0.9814	202.43
4	N0_Unconstrained_Attn	0.20	8	1	1	0.7500	0.0000	0.0000	0.1724	-0.1724	16	10	5.7429	65.22
4	N1_Damped_Attn_0.25	0.20	8	1	1	0.9062	0.0000	0.0000	0.0000	0.0000	6	0	2.3882	66.06
4	N4_Symmetric_Energy_Attn	0.20	8	1	1	0.8281	0.0000	0.0000	0.0862	-0.0862	11	5	3.5055	44.12
4	SYNC1_Spectral_Sync	0.20	8	1	1	1.0000	1.0000	1.0000	0.0000	1.0000	0	6	4.4582	7.46
4	SYNC5_Loopy_MinSum	0.20	8	1	1	0.9219	0.0000	0.8333	0.0690	0.7644	5	9	5.8887	14.17
4	Candidate_LearnedEnergy	0.20	8	2	2	0.8125	0.0000	0.0000	0.0000	0.0000	12	0	0.7038	197.78
4	Ablation_ZeroInteraction	0.20	8	2	2	0.8125	0.0000	0.0000	0.0000	0.0000	12	0	0.0000	158.51
4	Ablation_RandomSymmetric	0.20	8	2	2	0.8125	0.0000	0.0000	0.0000	0.0000	12	0	0.6852	193.13
4	N0_Unconstrained_Attn	0.20	8	2	2	0.6562	0.0000	0.0000	0.1923	-0.1923	22	10	6.3308	117.86
4	N1_Damped_Attn_0.25	0.20	8	2	2	0.7812	0.0000	0.0000	0.0385	-0.0385	14	2	2.4883	66.08
4	N4_Symmetric_Energy_Attn	0.20	8	2	2	0.8281	0.0000	0.0833	0.0000	0.0833	11	1	2.3174	44.60
4	SYNC1_Spectral_Sync	0.20	8	2	2	0.8594	0.0000	0.4167	0.0385	0.3782	9	7	4.8934	7.77
4	SYNC5_Loopy_MinSum	0.20	8	2	2	0.9219	0.0000	0.6667	0.0192	0.6474	5	9	6.0888	14.02
4	Candidate_LearnedEnergy	0.20	8	3	3	0.7500	0.0000	0.0000	0.0000	0.0000	16	0	0.7136	250.22
4	Ablation_ZeroInteraction	0.20	8	3	3	0.7500	0.0000	0.0000	0.0000	0.0000	16	0	0.0000	164.05
4	Ablation_RandomSymmetric	0.20	8	3	3	0.7500	0.0000	0.0000	0.0000	0.0000	16	0	0.3193	205.16
4	N0_Unconstrained_Attn	0.20	8	3	3	0.6250	0.0000	0.1875	0.2292	-0.0417	24	14	6.8173	67.94
4	N1_Damped_Attn_0.25	0.20	8	3	3	0.7188	0.0000	0.1250	0.0833	0.0417	18	6	4.5097	64.47
4	N4_Symmetric_Energy_Attn	0.20	8	3	3	0.7656	0.0000	0.1875	0.0417	0.1458	15	5	3.7141	43.76
4	SYNC1_Spectral_Sync	0.20	8	3	3	0.8594	0.0000	0.4375	0.0000	0.4375	9	7	5.0806	8.23
4	SYNC5_Loopy_MinSum	0.20	8	3	3	0.8438	0.0000	0.5625	0.0625	0.5000	10	12	7.0367	13.32
4	Candidate_LearnedEnergy	0.20	8	4	4	0.8281	0.0000	0.0000	0.0000	0.0000	11	0	0.4955	225.34
4	Ablation_ZeroInteraction	0.20	8	4	4	0.8281	0.0000	0.0000	0.0000	0.0000	11	0	0.0000	158.14
4	Ablation_RandomSymmetric	0.20	8	4	4	0.8281	0.0000	0.0000	0.0000	0.0000	11	0	0.6240	204.62
4	N0_Unconstrained_Attn	0.20	8	4	4	0.7188	0.0000	0.3636	0.2075	0.1561	18	15	7.0196	64.46
4	N1_Damped_Attn_0.25	0.20	8	4	4	0.8125	0.0000	0.0000	0.0189	-0.0189	12	1	2.9481	64.84
4	N4_Symmetric_Energy_Attn	0.20	8	4	4	0.7500	0.0000	0.0000	0.0943	-0.0943	16	5	4.0274	42.50
4	SYNC1_Spectral_Sync	0.20	8	4	4	0.9219	0.0000	0.7273	0.0377	0.6895	5	10	5.5636	7.32
4	SYNC5_Loopy_MinSum	0.20	8	4	4	0.9375	0.0000	0.9091	0.0566	0.8525	4	13	5.7588	13.33
4	Candidate_LearnedEnergy	0.20	8	5	5	0.8594	0.0000	0.0000	0.0000	0.0000	9	0	0.7527	206.53
4	Ablation_ZeroInteraction	0.20	8	5	5	0.8594	0.0000	0.0000	0.0000	0.0000	9	0	0.0000	173.25
4	Ablation_RandomSymmetric	0.20	8	5	5	0.8594	0.0000	0.0000	0.0000	0.0000	9	0	1.2338	205.51
4	N0_Unconstrained_Attn	0.20	8	5	5	0.5781	0.0000	0.1111	0.3455	-0.2343	27	20	7.7251	76.41
4	N1_Damped_Attn_0.25	0.20	8	5	5	0.8125	0.0000	0.0000	0.0545	-0.0545	12	3	3.5541	77.87
4	N4_Symmetric_Energy_Attn	0.20	8	5	5	0.8125	0.0000	0.0000	0.0545	-0.0545	12	3	3.0892	47.53
4	SYNC1_Spectral_Sync	0.20	8	5	5	0.9531	0.0000	0.6667	0.0000	0.6667	3	6	4.8356	8.38
4	SYNC5_Loopy_MinSum	0.20	8	5	5	0.9531	0.0000	0.6667	0.0000	0.6667	3	6	5.1453	15.63
4	Candidate_LearnedEnergy	0.20	8	6	6	0.8594	0.0000	0.0000	0.0000	0.0000	9	0	0.8282	212.31
4	Ablation_ZeroInteraction	0.20	8	6	6	0.8594	0.0000	0.0000	0.0000	0.0000	9	0	0.0000	175.91
4	Ablation_RandomSymmetric	0.20	8	6	6	0.8594	0.0000	0.0000	0.0000	0.0000	9	0	0.4223	210.13
4	N0_Unconstrained_Attn	0.20	8	6	6	0.5781	0.0000	0.1111	0.3455	-0.2343	27	20	7.4147	76.64
4	N1_Damped_Attn_0.25	0.20	8	6	6	0.8125	0.0000	0.1111	0.0727	0.0384	12	5	3.9152	77.52
4	N4_Symmetric_Energy_Attn	0.20	8	6	6	0.7031	0.0000	0.0000	0.1818	-0.1818	19	10	5.5822	47.91
4	SYNC1_Spectral_Sync	0.20	8	6	6	0.8594	0.0000	0.2222	0.0364	0.1859	9	4	3.4551	7.71
4	SYNC5_Loopy_MinSum	0.20	8	6	6	0.7188	0.0000	0.1111	0.1818	-0.0707	18	11	6.3970	13.47
4	Candidate_LearnedEnergy	0.20	8	7	7	0.7812	0.0000	0.0000	0.0000	0.0000	14	0	0.8132	248.65
4	Ablation_ZeroInteraction	0.20	8	7	7	0.7812	0.0000	0.0000	0.0000	0.0000	14	0	0.0000	176.16
4	Ablation_RandomSymmetric	0.20	8	7	7	0.7812	0.0000	0.0000	0.0000	0.0000	14	0	0.7903	335.67
4	N0_Unconstrained_Attn	0.20	8	7	7	0.5625	0.0000	0.2857	0.3600	-0.0743	28	22	8.5528	97.72
4	N1_Damped_Attn_0.25	0.20	8	7	7	0.7500	0.0000	0.0714	0.0600	0.0114	16	4	2.9784	76.45
4	N4_Symmetric_Energy_Attn	0.20	8	7	7	0.7188	0.0000	0.0000	0.0800	-0.0800	18	4	3.6226	46.13
4	SYNC1_Spectral_Sync	0.20	8	7	7	0.8438	0.0000	0.3571	0.0200	0.3371	10	6	4.4695	7.95
4	SYNC5_Loopy_MinSum	0.20	8	7	7	0.6875	0.0000	0.2857	0.2000	0.0857	20	14	6.7115	14.52
4	Candidate_LearnedEnergy	0.20	8	8	8	0.7500	0.0000	0.0000	0.0000	0.0000	16	0	0.9766	278.07
4	Ablation_ZeroInteraction	0.20	8	8	8	0.7500	0.0000	0.0000	0.0000	0.0000	16	0	0.0000	178.46
4	Ablation_RandomSymmetric	0.20	8	8	8	0.7500	0.0000	0.0000	0.0000	0.0000	16	0	0.7852	2174.37
4	N0_Unconstrained_Attn	0.20	8	8	8	0.6875	0.0000	0.1875	0.1458	0.0417	20	10	5.9802	62.51
4	N1_Damped_Attn_0.25	0.20	8	8	8	0.7344	0.0000	0.0000	0.0208	-0.0208	17	1	3.2658	55.38
4	N4_Symmetric_Energy_Attn	0.20	8	8	8	0.6719	0.0000	0.0625	0.1250	-0.0625	21	7	4.5567	43.40
4	SYNC1_Spectral_Sync	0.20	8	8	8	0.8594	0.0000	0.5625	0.0417	0.5208	9	11	6.1256	7.24
4	SYNC5_Loopy_MinSum	0.20	8	8	8	0.6094	0.0000	0.3750	0.3125	0.0625	25	21	8.5927	15.13
4	Candidate_LearnedEnergy	0.20	8	9	9	0.7188	0.0000	0.0000	0.0000	0.0000	18	0	0.5279	236.63
4	Ablation_ZeroInteraction	0.20	8	9	9	0.7188	0.0000	0.0000	0.0000	0.0000	18	0	0.0000	163.24
4	Ablation_RandomSymmetric	0.20	8	9	9	0.7188	0.0000	0.0000	0.0000	0.0000	18	0	0.5233	258.19
4	N0_Unconstrained_Attn	0.20	8	9	9	0.6562	0.0000	0.1111	0.1304	-0.0193	22	8	5.2103	65.75
4	N1_Damped_Attn_0.25	0.20	8	9	9	0.6875	0.0000	0.0000	0.0435	-0.0435	20	2	2.5865	64.51
4	N4_Symmetric_Energy_Attn	0.20	8	9	9	0.6094	0.0000	0.2222	0.2391	-0.0169	25	15	5.9361	42.64
4	SYNC1_Spectral_Sync	0.20	8	9	9	0.7188	0.0000	0.2778	0.1087	0.1691	18	10	5.7378	7.56
4	SYNC5_Loopy_MinSum	0.20	8	9	9	0.7500	0.0000	0.5556	0.1739	0.3816	16	18	8.1938	14.18
4	Candidate_LearnedEnergy	0.20	8	10	10	0.8281	0.0000	0.0000	0.0000	0.0000	11	0	0.8108	210.85
4	Ablation_ZeroInteraction	0.20	8	10	10	0.8281	0.0000	0.0000	0.0000	0.0000	11	0	0.0000	209.27
4	Ablation_RandomSymmetric	0.20	8	10	10	0.8281	0.0000	0.0000	0.0000	0.0000	11	0	1.1726	204.51
4	N0_Unconstrained_Attn	0.20	8	10	10	0.7812	0.0000	0.1818	0.0943	0.0875	14	7	5.3354	75.14
4	N1_Damped_Attn_0.25	0.20	8	10	10	0.7969	0.0000	0.0000	0.0377	-0.0377	13	2	2.3317	79.10
4	N4_Symmetric_Energy_Attn	0.20	8	10	10	0.7969	0.0000	0.0000	0.0377	-0.0377	13	2	2.9481	46.84
4	SYNC1_Spectral_Sync	0.20	8	10	10	0.9219	0.0000	0.5455	0.0000	0.5455	5	6	4.6276	7.42
4	SYNC5_Loopy_MinSum	0.20	8	10	10	0.8125	0.0000	0.4545	0.1132	0.3413	12	11	6.8350	12.48
4	Candidate_LearnedEnergy	0.20	8	11	11	0.8281	0.0000	0.0000	0.0000	0.0000	11	0	0.6930	202.85
4	Ablation_ZeroInteraction	0.20	8	11	11	0.8281	0.0000	0.0000	0.0000	0.0000	11	0	0.0000	175.10
4	Ablation_RandomSymmetric	0.20	8	11	11	0.8281	0.0000	0.0000	0.0000	0.0000	11	0	0.7243	207.93
4	N0_Unconstrained_Attn	0.20	8	11	11	0.6406	0.0000	0.3636	0.3019	0.0617	23	20	7.8593	77.80
4	N1_Damped_Attn_0.25	0.20	8	11	11	0.8125	0.0000	0.0909	0.0377	0.0532	12	3	2.9159	77.63
4	N4_Symmetric_Energy_Attn	0.20	8	11	11	0.7656	0.0000	0.0909	0.0943	-0.0034	15	6	4.7488	47.69
4	SYNC1_Spectral_Sync	0.20	8	11	11	0.8594	0.0000	0.3636	0.0377	0.3259	9	6	4.4582	7.27
4	SYNC5_Loopy_MinSum	0.20	8	11	11	0.8438	0.0000	0.5455	0.0943	0.4511	10	11	6.1844	13.79
4	Candidate_LearnedEnergy	0.20	8	12	12	0.8594	0.0000	0.0000	0.0000	0.0000	9	0	0.8637	248.96
4	Ablation_ZeroInteraction	0.20	8	12	12	0.8594	0.0000	0.0000	0.0000	0.0000	9	0	0.0000	175.61
4	Ablation_RandomSymmetric	0.20	8	12	12	0.8594	0.0000	0.0000	0.0000	0.0000	9	0	0.6556	257.42
4	N0_Unconstrained_Attn	0.20	8	12	12	0.7031	0.0000	0.3333	0.2364	0.0970	19	16	7.4051	73.82
4	N1_Damped_Attn_0.25	0.20	8	12	12	0.8281	0.0000	0.0000	0.0364	-0.0364	11	2	2.4276	73.16
4	N4_Symmetric_Energy_Attn	0.20	8	12	12	0.7969	0.0000	0.0000	0.0727	-0.0727	13	4	4.0561	45.74
4	SYNC1_Spectral_Sync	0.20	8	12	12	0.9219	0.0000	0.6667	0.0364	0.6303	5	8	5.1354	8.26
4	SYNC5_Loopy_MinSum	0.20	8	12	12	0.9062	0.0000	0.8889	0.0909	0.7980	6	13	6.1600	14.26
4	Candidate_LearnedEnergy	0.20	8	13	13	0.8281	0.0000	0.0000	0.0000	0.0000	11	0	0.4414	213.05
4	Ablation_ZeroInteraction	0.20	8	13	13	0.8281	0.0000	0.0000	0.0000	0.0000	11	0	0.0000	169.73
4	Ablation_RandomSymmetric	0.20	8	13	13	0.8281	0.0000	0.0000	0.0000	0.0000	11	0	0.8542	210.06
4	N0_Unconstrained_Attn	0.20	8	13	13	0.7500	0.0000	0.3636	0.1698	0.1938	16	13	6.4175	72.40
4	N1_Damped_Attn_0.25	0.20	8	13	13	0.8125	0.0000	0.0909	0.0377	0.0532	12	3	3.2009	60.90
4	N4_Symmetric_Energy_Attn	0.20	8	13	13	0.8438	0.0000	0.0909	0.0000	0.0909	10	1	2.8585	42.28
4	SYNC1_Spectral_Sync	0.20	8	13	13	0.8438	0.0000	0.2727	0.0377	0.2350	10	5	3.4596	6.77
4	SYNC5_Loopy_MinSum	0.20	8	13	13	0.6562	0.0000	0.3636	0.2830	0.0806	22	19	7.2959	12.40
4	Candidate_LearnedEnergy	0.20	8	14	14	0.7656	0.0000	0.0000	0.0000	0.0000	15	0	0.8698	182.58
4	Ablation_ZeroInteraction	0.20	8	14	14	0.7656	0.0000	0.0000	0.0000	0.0000	15	0	0.0000	205.40
4	Ablation_RandomSymmetric	0.20	8	14	14	0.7656	0.0000	0.0000	0.0000	0.0000	15	0	0.6570	192.08
4	N0_Unconstrained_Attn	0.20	8	14	14	0.7031	0.0000	0.2000	0.1429	0.0571	19	10	6.7536	62.36
4	N1_Damped_Attn_0.25	0.20	8	14	14	0.7344	0.0000	0.0667	0.0612	0.0054	17	4	3.5325	61.38
4	N4_Symmetric_Energy_Attn	0.20	8	14	14	0.7656	0.0000	0.1333	0.0408	0.0925	15	4	3.1373	42.23
4	SYNC1_Spectral_Sync	0.20	8	14	14	0.7500	0.0000	0.1333	0.0612	0.0721	16	5	4.1768	7.34
4	SYNC5_Loopy_MinSum	0.20	8	14	14	0.7812	0.0000	0.4000	0.1020	0.2980	14	11	5.7995	14.92
4	Candidate_LearnedEnergy	0.20	8	15	15	0.7656	0.0000	0.0000	0.0000	0.0000	15	0	0.5215	192.99
4	Ablation_ZeroInteraction	0.20	8	15	15	0.7656	0.0000	0.0000	0.0000	0.0000	15	0	0.0000	159.97
4	Ablation_RandomSymmetric	0.20	8	15	15	0.7656	0.0000	0.0000	0.0000	0.0000	15	0	0.5108	188.80
4	N0_Unconstrained_Attn	0.20	8	15	15	0.5938	0.0000	0.4667	0.3673	0.0993	26	25	8.8514	64.86
4	N1_Damped_Attn_0.25	0.20	8	15	15	0.6562	0.0000	0.0667	0.1633	-0.0966	22	9	4.5329	59.29
4	N4_Symmetric_Energy_Attn	0.20	8	15	15	0.6562	0.0000	0.0667	0.1633	-0.0966	22	9	5.3247	45.07
4	SYNC1_Spectral_Sync	0.20	8	15	15	0.8906	0.0000	0.6000	0.0204	0.5796	7	10	5.6492	7.60
4	SYNC5_Loopy_MinSum	0.20	8	15	15	0.8750	0.0000	0.7333	0.0816	0.6517	8	15	6.8831	13.05
4	Candidate_LearnedEnergy	0.20	8	16	16	0.9375	0.0000	0.0000	0.0000	0.0000	4	0	0.4228	197.80
4	Ablation_ZeroInteraction	0.20	8	16	16	0.9375	0.0000	0.0000	0.0000	0.0000	4	0	0.0000	2617.19
4	Ablation_RandomSymmetric	0.20	8	16	16	0.9375	0.0000	0.0000	0.0000	0.0000	4	0	0.7115	338.57
4	N0_Unconstrained_Attn	0.20	8	16	16	0.7500	0.0000	0.0000	0.2000	-0.2000	16	12	6.2337	102.66
4	N1_Damped_Attn_0.25	0.20	8	16	16	0.8906	0.0000	0.0000	0.0500	-0.0500	7	3	2.8020	87.24
4	N4_Symmetric_Energy_Attn	0.20	8	16	16	0.8438	0.0000	0.2500	0.1167	0.1333	10	8	4.7093	46.52
4	SYNC1_Spectral_Sync	0.20	8	16	16	0.9219	0.0000	0.0000	0.0167	-0.0167	5	1	1.4142	7.45
4	SYNC5_Loopy_MinSum	0.20	8	16	16	0.8594	0.0000	0.0000	0.0833	-0.0833	9	5	4.9786	50.30
4	Candidate_LearnedEnergy	0.20	8	17	17	0.8594	0.0000	0.0000	0.0000	0.0000	9	0	0.9573	195.41
4	Ablation_ZeroInteraction	0.20	8	17	17	0.8594	0.0000	0.0000	0.0000	0.0000	9	0	0.0000	202.34
4	Ablation_RandomSymmetric	0.20	8	17	17	0.8594	0.0000	0.0000	0.0000	0.0000	9	0	0.7089	191.92
4	N0_Unconstrained_Attn	0.20	8	17	17	0.7031	0.0000	0.4444	0.2545	0.1899	19	18	7.5473	60.38
4	N1_Damped_Attn_0.25	0.20	8	17	17	0.7969	0.0000	0.0000	0.0727	-0.0727	13	4	3.5009	59.36
4	N4_Symmetric_Energy_Attn	0.20	8	17	17	0.7969	0.0000	0.2222	0.1091	0.1131	13	8	4.7312	41.42
4	SYNC1_Spectral_Sync	0.20	8	17	17	0.8750	0.0000	0.3333	0.0364	0.2970	8	5	4.1768	7.07
4	SYNC5_Loopy_MinSum	0.20	8	17	17	0.9219	0.0000	0.6667	0.0364	0.6303	5	8	5.4719	14.57
4	Candidate_LearnedEnergy	0.20	8	18	18	0.8750	0.0000	0.0000	0.0000	0.0000	8	0	0.7738	192.55
4	Ablation_ZeroInteraction	0.20	8	18	18	0.8750	0.0000	0.0000	0.0000	0.0000	8	0	0.0000	168.42
4	Ablation_RandomSymmetric	0.20	8	18	18	0.8750	0.0000	0.0000	0.0000	0.0000	8	0	0.9457	150.57
4	N0_Unconstrained_Attn	0.20	8	18	18	0.7969	0.0000	0.2500	0.1250	0.1250	13	9	5.6787	55.06
4	N1_Damped_Attn_0.25	0.20	8	18	18	0.7812	0.0000	0.0000	0.1071	-0.1071	14	6	3.8111	52.51
4	N4_Symmetric_Energy_Attn	0.20	8	18	18	0.8906	0.0000	0.3750	0.0357	0.3393	7	5	4.3085	79.33
4	SYNC1_Spectral_Sync	0.20	8	18	18	0.9375	0.0000	0.6250	0.0179	0.6071	4	6	4.2316	4.65
4	SYNC5_Loopy_MinSum	0.20	8	18	18	0.9219	0.0000	0.8750	0.0714	0.8036	5	11	6.8825	9.68
4	Candidate_LearnedEnergy	0.20	8	19	19	0.7812	0.0000	0.0000	0.0000	0.0000	14	0	0.5162	201.94
4	Ablation_ZeroInteraction	0.20	8	19	19	0.7812	0.0000	0.0000	0.0000	0.0000	14	0	0.0000	159.11
4	Ablation_RandomSymmetric	0.20	8	19	19	0.7812	0.0000	0.0000	0.0000	0.0000	14	0	0.7897	455.18
4	N0_Unconstrained_Attn	0.20	8	19	19	0.6875	0.0000	0.1429	0.1600	-0.0171	20	10	5.8306	179.80
4	N1_Damped_Attn_0.25	0.20	8	19	19	0.7344	0.0000	0.0000	0.0600	-0.0600	17	3	3.1566	102.16
4	N4_Symmetric_Energy_Attn	0.20	8	19	19	0.6562	0.0000	0.0000	0.1600	-0.1600	22	8	4.9482	70.11
4	SYNC1_Spectral_Sync	0.20	8	19	19	0.9062	0.0000	0.5714	0.0000	0.5714	6	8	4.8421	7.22
4	SYNC5_Loopy_MinSum	0.20	8	19	19	0.6719	0.0000	0.5000	0.2800	0.2200	21	21	8.5083	14.24
4	Candidate_LearnedEnergy	0.20	16	0	0	0.7969	0.0000	0.0000	0.0000	0.0000	13	0	0.8019	405.24
4	Ablation_ZeroInteraction	0.20	16	0	0	0.7969	0.0000	0.0000	0.0000	0.0000	13	0	0.0000	382.01
4	Ablation_RandomSymmetric	0.20	16	0	0	0.7969	0.0000	0.0000	0.0000	0.0000	13	0	0.9683	403.84
4	N0_Unconstrained_Attn	0.20	16	0	0	0.5938	0.0000	0.3077	0.3333	-0.0256	26	21	8.3264	181.56
4	N1_Damped_Attn_0.25	0.20	16	0	0	0.7656	0.0000	0.1538	0.0784	0.0754	15	6	4.7935	145.49
4	N4_Symmetric_Energy_Attn	0.20	16	0	0	0.6406	0.0000	0.3077	0.2745	0.0332	23	18	7.4499	2457.45
4	SYNC1_Spectral_Sync	0.20	16	0	0	0.8438	0.0000	0.3077	0.0196	0.2881	10	5	4.6896	14.17
4	SYNC5_Loopy_MinSum	0.20	16	0	0	0.8594	0.0000	0.5385	0.0588	0.4796	9	10	6.3246	24.46
4	Candidate_LearnedEnergy	0.20	16	1	1	0.9062	0.0000	0.0000	0.0000	0.0000	6	0	0.9605	437.95
4	Ablation_ZeroInteraction	0.20	16	1	1	0.9062	0.0000	0.0000	0.0000	0.0000	6	0	0.0000	333.69
4	Ablation_RandomSymmetric	0.20	16	1	1	0.9062	0.0000	0.0000	0.0000	0.0000	6	0	1.7648	380.09
4	N0_Unconstrained_Attn	0.20	16	1	1	0.5781	0.0000	0.0000	0.3621	-0.3621	27	21	8.7635	129.81
4	N1_Damped_Attn_0.25	0.20	16	1	1	0.8594	0.0000	0.1667	0.0690	0.0977	9	5	3.6389	140.93
4	N4_Symmetric_Energy_Attn	0.20	16	1	1	0.8438	0.0000	0.0000	0.0690	-0.0690	10	4	3.8791	85.37
4	SYNC1_Spectral_Sync	0.20	16	1	1	1.0000	1.0000	1.0000	0.0000	1.0000	0	6	4.4721	14.39
4	SYNC5_Loopy_MinSum	0.20	16	1	1	0.9219	0.0000	0.8333	0.0690	0.7644	5	9	6.1594	24.65
4	Candidate_LearnedEnergy	0.20	16	2	2	0.8125	0.0000	0.0000	0.0000	0.0000	12	0	1.2755	403.43
4	Ablation_ZeroInteraction	0.20	16	2	2	0.8125	0.0000	0.0000	0.0000	0.0000	12	0	0.0000	350.31
4	Ablation_RandomSymmetric	0.20	16	2	2	0.8125	0.0000	0.0000	0.0000	0.0000	12	0	1.1687	514.07
4	N0_Unconstrained_Attn	0.20	16	2	2	0.6094	0.0000	0.2500	0.3077	-0.0577	25	19	8.1459	177.71
4	N1_Damped_Attn_0.25	0.20	16	2	2	0.7812	0.0000	0.0000	0.0385	-0.0385	14	2	3.2679	130.46
4	N4_Symmetric_Energy_Attn	0.20	16	2	2	0.8125	0.0000	0.0833	0.0192	0.0641	12	2	3.1994	89.67
4	SYNC1_Spectral_Sync	0.20	16	2	2	0.8594	0.0000	0.4167	0.0385	0.3782	9	7	5.0612	13.84
4	SYNC5_Loopy_MinSum	0.20	16	2	2	0.9062	0.0000	0.7500	0.0577	0.6923	6	12	6.6469	26.36
4	Candidate_LearnedEnergy	0.20	16	3	3	0.7500	0.0000	0.0000	0.0000	0.0000	16	0	1.2636	395.47
4	Ablation_ZeroInteraction	0.20	16	3	3	0.7500	0.0000	0.0000	0.0000	0.0000	16	0	0.0000	326.78
4	Ablation_RandomSymmetric	0.20	16	3	3	0.7500	0.0000	0.0000	0.0000	0.0000	16	0	0.6516	396.80
4	N0_Unconstrained_Attn	0.20	16	3	3	0.5625	0.0000	0.3125	0.3542	-0.0417	28	22	8.8832	135.93
4	N1_Damped_Attn_0.25	0.20	16	3	3	0.7031	0.0000	0.1875	0.1250	0.0625	19	9	5.7513	142.22
4	N4_Symmetric_Energy_Attn	0.20	16	3	3	0.7031	0.0000	0.1875	0.1250	0.0625	19	9	5.3895	134.46
4	SYNC1_Spectral_Sync	0.20	16	3	3	0.8594	0.0000	0.4375	0.0000	0.4375	9	7	5.0989	13.92
4	SYNC5_Loopy_MinSum	0.20	16	3	3	0.8438	0.0000	0.5625	0.0625	0.5000	10	12	7.2076	24.92
4	Candidate_LearnedEnergy	0.20	16	4	4	0.8281	0.0000	0.0000	0.0000	0.0000	11	0	0.8340	283.75
4	Ablation_ZeroInteraction	0.20	16	4	4	0.8281	0.0000	0.0000	0.0000	0.0000	11	0	0.0000	205.68
4	Ablation_RandomSymmetric	0.20	16	4	4	0.8281	0.0000	0.0000	0.0000	0.0000	11	0	1.0176	278.20
4	N0_Unconstrained_Attn	0.20	16	4	4	0.7188	0.0000	0.3636	0.2075	0.1561	18	15	7.5220	102.36
4	N1_Damped_Attn_0.25	0.20	16	4	4	0.7344	0.0000	0.0000	0.1132	-0.1132	17	6	4.2670	94.01
4	N4_Symmetric_Energy_Attn	0.20	16	4	4	0.6250	0.0000	0.0909	0.2642	-0.1732	24	15	6.8860	82.38
4	SYNC1_Spectral_Sync	0.20	16	4	4	0.9219	0.0000	0.7273	0.0377	0.6895	5	10	5.6561	9.26
4	SYNC5_Loopy_MinSum	0.20	16	4	4	0.8281	0.0000	0.7273	0.1509	0.5763	11	16	6.5507	17.68
4	Candidate_LearnedEnergy	0.20	16	5	5	0.8594	0.0000	0.0000	0.0000	0.0000	9	0	1.1567	401.34
4	Ablation_ZeroInteraction	0.20	16	5	5	0.8594	0.0000	0.0000	0.0000	0.0000	9	0	0.0000	301.98
4	Ablation_RandomSymmetric	0.20	16	5	5	0.8750	0.0000	0.1111	0.0000	0.1111	8	1	2.2987	410.02
4	N0_Unconstrained_Attn	0.20	16	5	5	0.5469	0.0000	0.2222	0.4000	-0.1778	29	24	8.3679	127.18
4	N1_Damped_Attn_0.25	0.20	16	5	5	0.7188	0.0000	0.0000	0.1636	-0.1636	18	9	5.6211	125.69
4	N4_Symmetric_Energy_Attn	0.20	16	5	5	0.7031	0.0000	0.0000	0.1818	-0.1818	19	10	5.5488	89.00
4	SYNC1_Spectral_Sync	0.20	16	5	5	0.9531	0.0000	0.6667	0.0000	0.6667	3	6	4.8985	15.71
4	SYNC5_Loopy_MinSum	0.20	16	5	5	0.9531	0.0000	0.6667	0.0000	0.6667	3	6	5.2854	27.46
4	Candidate_LearnedEnergy	0.20	16	6	6	0.8438	0.0000	0.0000	0.0182	-0.0182	10	1	1.6153	463.88
4	Ablation_ZeroInteraction	0.20	16	6	6	0.8594	0.0000	0.0000	0.0000	0.0000	9	0	0.0000	317.03
4	Ablation_RandomSymmetric	0.20	16	6	6	0.8594	0.0000	0.0000	0.0000	0.0000	9	0	0.7963	390.10
4	N0_Unconstrained_Attn	0.20	16	6	6	0.7188	0.0000	0.7778	0.2909	0.4869	18	23	9.0818	131.50
4	N1_Damped_Attn_0.25	0.20	16	6	6	0.7500	0.0000	0.2222	0.1636	0.0586	16	11	5.9931	130.87
4	N4_Symmetric_Energy_Attn	0.20	16	6	6	0.6875	0.0000	0.1111	0.2182	-0.1071	20	13	6.6589	88.24
4	SYNC1_Spectral_Sync	0.20	16	6	6	0.8594	0.0000	0.2222	0.0364	0.1859	9	4	3.4641	13.18
4	SYNC5_Loopy_MinSum	0.20	16	6	6	0.7188	0.0000	0.1111	0.1818	-0.0707	18	11	5.8782	25.01
4	Candidate_LearnedEnergy	0.20	16	7	7	0.7969	0.0000	0.0714	0.0000	0.0714	13	1	1.6181	306.37
4	Ablation_ZeroInteraction	0.20	16	7	7	0.7812	0.0000	0.0000	0.0000	0.0000	14	0	0.0000	212.30
4	Ablation_RandomSymmetric	0.20	16	7	7	0.7812	0.0000	0.0000	0.0000	0.0000	14	0	1.3450	296.75
4	N0_Unconstrained_Attn	0.20	16	7	7	0.5312	0.0000	0.2857	0.4000	-0.1143	30	24	9.2408	114.66
4	N1_Damped_Attn_0.25	0.20	16	7	7	0.7344	0.0000	0.0714	0.0800	-0.0086	17	5	4.8891	140.03
4	N4_Symmetric_Energy_Attn	0.20	16	7	7	0.6719	0.0000	0.2857	0.2200	0.0657	21	15	6.2167	613.14
4	SYNC1_Spectral_Sync	0.20	16	7	7	0.8438	0.0000	0.3571	0.0200	0.3371	10	6	4.6493	9.74
4	SYNC5_Loopy_MinSum	0.20	16	7	7	0.6875	0.0000	0.2857	0.2000	0.0857	20	14	7.3282	83.02
4	Candidate_LearnedEnergy	0.20	16	8	8	0.7344	0.0000	0.0000	0.0208	-0.0208	17	1	1.9026	350.47
4	Ablation_ZeroInteraction	0.20	16	8	8	0.7500	0.0000	0.0000	0.0000	0.0000	16	0	0.0000	248.96
4	Ablation_RandomSymmetric	0.20	16	8	8	0.7500	0.0000	0.0000	0.0000	0.0000	16	0	1.3226	318.05
4	N0_Unconstrained_Attn	0.20	16	8	8	0.6719	0.0000	0.3125	0.2083	0.1042	21	15	7.2720	102.73
4	N1_Damped_Attn_0.25	0.20	16	8	8	0.7969	0.0000	0.2500	0.0208	0.2292	13	5	3.9784	99.15
4	N4_Symmetric_Energy_Attn	0.20	16	8	8	0.5000	0.0000	0.1875	0.3958	-0.2083	32	22	7.7907	82.27
4	SYNC1_Spectral_Sync	0.20	16	8	8	0.8594	0.0000	0.5625	0.0417	0.5208	9	11	6.4210	9.24
4	SYNC5_Loopy_MinSum	0.20	16	8	8	0.6562	0.0000	0.4375	0.2708	0.1667	22	20	8.3629	16.22
4	Candidate_LearnedEnergy	0.20	16	9	9	0.7188	0.0000	0.0000	0.0000	0.0000	18	0	0.9142	283.26
4	Ablation_ZeroInteraction	0.20	16	9	9	0.7188	0.0000	0.0000	0.0000	0.0000	18	0	0.0000	236.03
4	Ablation_RandomSymmetric	0.20	16	9	9	0.7188	0.0000	0.0000	0.0000	0.0000	18	0	0.8788	313.71
4	N0_Unconstrained_Attn	0.20	16	9	9	0.6562	0.0000	0.1111	0.1304	-0.0193	22	8	5.8692	98.81
4	N1_Damped_Attn_0.25	0.20	16	9	9	0.6562	0.0000	0.0000	0.0870	-0.0870	22	4	3.5633	93.78
4	N4_Symmetric_Energy_Attn	0.20	16	9	9	0.5938	0.0000	0.3333	0.3043	0.0290	26	20	8.2858	82.31
4	SYNC1_Spectral_Sync	0.20	16	9	9	0.7188	0.0000	0.2778	0.1087	0.1691	18	10	5.8303	9.31
4	SYNC5_Loopy_MinSum	0.20	16	9	9	0.6250	0.0000	0.3889	0.2826	0.1063	24	20	7.9483	15.71
4	Candidate_LearnedEnergy	0.20	16	10	10	0.8125	0.0000	0.0000	0.0189	-0.0189	12	1	1.5397	456.40
4	Ablation_ZeroInteraction	0.20	16	10	10	0.8281	0.0000	0.0000	0.0000	0.0000	11	0	0.0000	319.74
4	Ablation_RandomSymmetric	0.20	16	10	10	0.8438	0.0000	0.0909	0.0000	0.0909	10	1	1.9524	393.69
4	N0_Unconstrained_Attn	0.20	16	10	10	0.7344	0.0000	0.1818	0.1509	0.0309	17	10	6.0108	134.74
4	N1_Damped_Attn_0.25	0.20	16	10	10	0.7812	0.0000	0.0909	0.0755	0.0154	14	5	3.8177	131.39
4	N4_Symmetric_Energy_Attn	0.20	16	10	10	0.8125	0.0000	0.0000	0.0189	-0.0189	12	1	2.8754	94.49
4	SYNC1_Spectral_Sync	0.20	16	10	10	0.9219	0.0000	0.5455	0.0000	0.5455	5	6	4.6900	17.08
4	SYNC5_Loopy_MinSum	0.20	16	10	10	0.8125	0.0000	0.4545	0.1132	0.3413	12	11	7.0436	30.45
4	Candidate_LearnedEnergy	0.20	16	11	11	0.8281	0.0000	0.0000	0.0000	0.0000	11	0	1.2025	454.56
4	Ablation_ZeroInteraction	0.20	16	11	11	0.8281	0.0000	0.0000	0.0000	0.0000	11	0	0.0000	324.95
4	Ablation_RandomSymmetric	0.20	16	11	11	0.8125	0.0000	0.0000	0.0189	-0.0189	12	1	1.4614	396.35
4	N0_Unconstrained_Attn	0.20	16	11	11	0.6250	0.0000	0.5455	0.3585	0.1870	24	25	9.5059	129.24
4	N1_Damped_Attn_0.25	0.20	16	11	11	0.7188	0.0000	0.0909	0.1509	-0.0600	18	9	5.2638	133.12
4	N4_Symmetric_Energy_Attn	0.20	16	11	11	0.7344	0.0000	0.0909	0.1321	-0.0412	17	8	5.5069	85.02
4	SYNC1_Spectral_Sync	0.20	16	11	11	0.8594	0.0000	0.3636	0.0377	0.3259	9	6	4.4721	13.73
4	SYNC5_Loopy_MinSum	0.20	16	11	11	0.8125	0.0000	0.5455	0.1321	0.4134	12	13	6.9731	24.27
4	Candidate_LearnedEnergy	0.20	16	12	12	0.8438	0.0000	0.0000	0.0182	-0.0182	10	1	1.6323	284.99
4	Ablation_ZeroInteraction	0.20	16	12	12	0.8594	0.0000	0.0000	0.0000	0.0000	9	0	0.0000	201.31
4	Ablation_RandomSymmetric	0.20	16	12	12	0.8594	0.0000	0.0000	0.0000	0.0000	9	0	1.2127	268.99
4	N0_Unconstrained_Attn	0.20	16	12	12	0.6562	0.0000	0.4444	0.3091	0.1354	22	21	8.7546	107.30
4	N1_Damped_Attn_0.25	0.20	16	12	12	0.8125	0.0000	0.0000	0.0545	-0.0545	12	3	3.6088	121.68
4	N4_Symmetric_Energy_Attn	0.20	16	12	12	0.7188	0.0000	0.0000	0.1636	-0.1636	18	9	4.9835	81.55
4	SYNC1_Spectral_Sync	0.20	16	12	12	0.9219	0.0000	0.6667	0.0364	0.6303	5	8	5.2901	9.16
4	SYNC5_Loopy_MinSum	0.20	16	12	12	0.9062	0.0000	0.8889	0.0909	0.7980	6	13	6.6098	17.66
4	Candidate_LearnedEnergy	0.20	16	13	13	0.8281	0.0000	0.0000	0.0000	0.0000	11	0	0.6884	393.61
4	Ablation_ZeroInteraction	0.20	16	13	13	0.8281	0.0000	0.0000	0.0000	0.0000	11	0	0.0000	497.43
4	Ablation_RandomSymmetric	0.20	16	13	13	0.8281	0.0000	0.0000	0.0000	0.0000	11	0	1.4737	392.72
4	N0_Unconstrained_Attn	0.20	16	13	13	0.6875	0.0000	0.4545	0.2642	0.1904	20	19	8.0368	128.78
4	N1_Damped_Attn_0.25	0.20	16	13	13	0.6875	0.0000	0.1818	0.2075	-0.0257	20	13	5.5565	131.90
4	N4_Symmetric_Energy_Attn	0.20	16	13	13	0.7969	0.0000	0.2727	0.0943	0.1784	13	8	4.4566	85.01
4	SYNC1_Spectral_Sync	0.20	16	13	13	0.8438	0.0000	0.2727	0.0377	0.2350	10	5	3.4641	13.74
4	SYNC5_Loopy_MinSum	0.20	16	13	13	0.6875	0.0000	0.3636	0.2453	0.1184	20	17	7.5142	23.67
4	Candidate_LearnedEnergy	0.20	16	14	14	0.7500	0.0000	0.0000	0.0204	-0.0204	16	1	1.5945	274.47
4	Ablation_ZeroInteraction	0.20	16	14	14	0.7656	0.0000	0.0000	0.0000	0.0000	15	0	0.0000	241.94
4	Ablation_RandomSymmetric	0.20	16	14	14	0.7656	0.0000	0.0000	0.0000	0.0000	15	0	1.0986	287.08
4	N0_Unconstrained_Attn	0.20	16	14	14	0.6719	0.0000	0.2000	0.1837	0.0163	21	12	7.1328	108.54
4	N1_Damped_Attn_0.25	0.20	16	14	14	0.7188	0.0000	0.1333	0.1020	0.0313	18	7	5.0062	95.72
4	N4_Symmetric_Energy_Attn	0.20	16	14	14	0.7656	0.0000	0.2000	0.0612	0.1388	15	6	4.3645	80.91
4	SYNC1_Spectral_Sync	0.20	16	14	14	0.7500	0.0000	0.1333	0.0612	0.0721	16	5	4.2422	10.15
4	SYNC5_Loopy_MinSum	0.20	16	14	14	0.7812	0.0000	0.4000	0.1020	0.2980	14	11	7.1658	19.69
4	Candidate_LearnedEnergy	0.20	16	15	15	0.7656	0.0000	0.0000	0.0000	0.0000	15	0	0.8506	386.15
4	Ablation_ZeroInteraction	0.20	16	15	15	0.7656	0.0000	0.0000	0.0000	0.0000	15	0	0.0000	382.81
4	Ablation_RandomSymmetric	0.20	16	15	15	0.7656	0.0000	0.0000	0.0000	0.0000	15	0	0.8295	409.45
4	N0_Unconstrained_Attn	0.20	16	15	15	0.6094	0.0000	0.4667	0.3469	0.1197	25	24	9.3922	131.83
4	N1_Damped_Attn_0.25	0.20	16	15	15	0.6406	0.0000	0.1333	0.2041	-0.0707	23	12	6.7546	137.78
4	N4_Symmetric_Energy_Attn	0.20	16	15	15	0.6094	0.0000	0.1333	0.2449	-0.1116	25	14	6.9805	90.95
4	SYNC1_Spectral_Sync	0.20	16	15	15	0.8906	0.0000	0.6000	0.0204	0.5796	7	10	5.7979	15.31
4	SYNC5_Loopy_MinSum	0.20	16	15	15	0.8281	0.0000	0.6667	0.1224	0.5442	11	16	7.2098	24.54
4	Candidate_LearnedEnergy	0.20	16	16	16	0.9375	0.0000	0.0000	0.0000	0.0000	4	0	0.7627	573.82
4	Ablation_ZeroInteraction	0.20	16	16	16	0.9375	0.0000	0.0000	0.0000	0.0000	4	0	0.0000	539.37
4	Ablation_RandomSymmetric	0.20	16	16	16	0.9375	0.0000	0.0000	0.0000	0.0000	4	0	1.3984	562.07
4	N0_Unconstrained_Attn	0.20	16	16	16	0.6250	0.0000	0.0000	0.3333	-0.3333	24	20	8.2074	210.32
4	N1_Damped_Attn_0.25	0.20	16	16	16	0.7969	0.0000	0.0000	0.1500	-0.1500	13	9	4.7730	409.68
4	N4_Symmetric_Energy_Attn	0.20	16	16	16	0.7344	0.0000	0.7500	0.2667	0.4833	17	19	7.0351	117.22
4	SYNC1_Spectral_Sync	0.20	16	16	16	0.9219	0.0000	0.0000	0.0167	-0.0167	5	1	1.4142	13.83
4	SYNC5_Loopy_MinSum	0.20	16	16	16	0.8594	0.0000	0.0000	0.0833	-0.0833	9	5	5.2856	26.35
4	Candidate_LearnedEnergy	0.20	16	17	17	0.8594	0.0000	0.0000	0.0000	0.0000	9	0	1.6944	435.48
4	Ablation_ZeroInteraction	0.20	16	17	17	0.8594	0.0000	0.0000	0.0000	0.0000	9	0	0.0000	344.50
4	Ablation_RandomSymmetric	0.20	16	17	17	0.8594	0.0000	0.0000	0.0000	0.0000	9	0	1.1463	436.02
4	N0_Unconstrained_Attn	0.20	16	17	17	0.5469	0.0000	0.2222	0.4000	-0.1778	29	24	8.8726	126.89
4	N1_Damped_Attn_0.25	0.20	16	17	17	0.7031	0.0000	0.0000	0.1818	-0.1818	19	10	5.2353	125.01
4	N4_Symmetric_Energy_Attn	0.20	16	17	17	0.6250	0.0000	0.5556	0.3636	0.1919	24	25	8.8022	86.73
4	SYNC1_Spectral_Sync	0.20	16	17	17	0.8750	0.0000	0.3333	0.0364	0.2970	8	5	4.2422	14.42
4	SYNC5_Loopy_MinSum	0.20	16	17	17	0.9219	0.0000	0.6667	0.0364	0.6303	5	8	5.7859	23.00
4	Candidate_LearnedEnergy	0.20	16	18	18	0.8750	0.0000	0.0000	0.0000	0.0000	8	0	1.4120	285.66
4	Ablation_ZeroInteraction	0.20	16	18	18	0.8750	0.0000	0.0000	0.0000	0.0000	8	0	0.0000	249.77
4	Ablation_RandomSymmetric	0.20	16	18	18	0.8594	0.0000	0.0000	0.0179	-0.0179	9	1	1.8325	383.57
4	N0_Unconstrained_Attn	0.20	16	18	18	0.7344	0.0000	0.5000	0.2321	0.2679	17	17	8.1014	129.18
4	N1_Damped_Attn_0.25	0.20	16	18	18	0.7656	0.0000	0.0000	0.1250	-0.1250	15	7	4.9077	109.26
4	N4_Symmetric_Energy_Attn	0.20	16	18	18	0.8125	0.0000	0.5000	0.1429	0.3571	12	12	6.4349	81.73
4	SYNC1_Spectral_Sync	0.20	16	18	18	0.9375	0.0000	0.6250	0.0179	0.6071	4	6	4.2426	9.06
4	SYNC5_Loopy_MinSum	0.20	16	18	18	0.9219	0.0000	0.8750	0.0714	0.8036	5	11	7.6343	15.45
4	Candidate_LearnedEnergy	0.20	16	19	19	0.7812	0.0000	0.0000	0.0000	0.0000	14	0	0.9018	462.10
4	Ablation_ZeroInteraction	0.20	16	19	19	0.7812	0.0000	0.0000	0.0000	0.0000	14	0	0.0000	349.05
4	Ablation_RandomSymmetric	0.20	16	19	19	0.7812	0.0000	0.0000	0.0000	0.0000	14	0	1.4002	466.35
4	N0_Unconstrained_Attn	0.20	16	19	19	0.6250	0.0000	0.4286	0.3200	0.1086	24	22	8.7845	130.67
4	N1_Damped_Attn_0.25	0.20	16	19	19	0.7031	0.0000	0.0714	0.1200	-0.0486	19	7	4.2706	194.59
4	N4_Symmetric_Energy_Attn	0.20	16	19	19	0.5781	0.0000	0.0714	0.2800	-0.2086	27	15	7.0684	151.19
4	SYNC1_Spectral_Sync	0.20	16	19	19	0.9062	0.0000	0.5714	0.0000	0.5714	6	8	4.8986	13.98
4	SYNC5_Loopy_MinSum	0.20	16	19	19	0.7031	0.0000	0.5714	0.2600	0.3114	19	21	8.7137	25.27
4	Candidate_LearnedEnergy	0.20	32	0	0	0.7969	0.0000	0.0000	0.0000	0.0000	13	0	1.4772	640.78
4	Ablation_ZeroInteraction	0.20	32	0	0	0.7969	0.0000	0.0000	0.0000	0.0000	13	0	0.0000	404.23
4	Ablation_RandomSymmetric	0.20	32	0	0	0.7812	0.0000	0.0000	0.0196	-0.0196	14	1	1.5922	579.10
4	N0_Unconstrained_Attn	0.20	32	0	0	0.5000	0.0000	0.3077	0.4510	-0.1433	32	27	9.1587	199.43
4	N1_Damped_Attn_0.25	0.20	32	0	0	0.6250	0.0000	0.2308	0.2745	-0.0437	24	17	6.9064	188.80
4	N4_Symmetric_Energy_Attn	0.20	32	0	0	0.6406	0.0000	0.4615	0.3137	0.1478	23	22	9.0330	2855.77
4	SYNC1_Spectral_Sync	0.20	32	0	0	0.8438	0.0000	0.3077	0.0196	0.2881	10	5	4.6904	17.43
4	SYNC5_Loopy_MinSum	0.20	32	0	0	0.8594	0.0000	0.5385	0.0588	0.4796	9	10	6.3246	29.18
4	Candidate_LearnedEnergy	0.20	32	1	1	0.8750	0.0000	0.0000	0.0345	-0.0345	8	2	1.7657	575.50
4	Ablation_ZeroInteraction	0.20	32	1	1	0.9062	0.0000	0.0000	0.0000	0.0000	6	0	0.0000	14128.53
4	Ablation_RandomSymmetric	0.20	32	1	1	0.8281	0.0000	0.0000	0.0862	-0.0862	11	5	3.4959	661.26
4	N0_Unconstrained_Attn	0.20	32	1	1	0.4688	0.0000	0.5000	0.5345	-0.0345	34	34	11.0840	225.30
4	N1_Damped_Attn_0.25	0.20	32	1	1	0.7969	0.0000	0.3333	0.1552	0.1782	13	11	5.1212	188.29
4	N4_Symmetric_Energy_Attn	0.20	32	1	1	0.8438	0.0000	0.0000	0.0690	-0.0690	10	4	4.2623	200.72
4	SYNC1_Spectral_Sync	0.20	32	1	1	1.0000	1.0000	1.0000	0.0000	1.0000	0	6	4.4721	18.99
4	SYNC5_Loopy_MinSum	0.20	32	1	1	0.9219	0.0000	0.8333	0.0690	0.7644	5	9	6.1644	30.08
4	Candidate_LearnedEnergy	0.20	32	2	2	0.7812	0.0000	0.0000	0.0385	-0.0385	14	2	2.6227	913.69
4	Ablation_ZeroInteraction	0.20	32	2	2	0.8125	0.0000	0.0000	0.0000	0.0000	12	0	0.0000	520.61
4	Ablation_RandomSymmetric	0.20	32	2	2	0.7969	0.0000	0.0000	0.0192	-0.0192	13	1	1.8262	658.29
4	N0_Unconstrained_Attn	0.20	32	2	2	0.5469	0.0000	0.3333	0.4038	-0.0705	29	25	9.7532	209.53
4	N1_Damped_Attn_0.25	0.20	32	2	2	0.7500	0.0000	0.0000	0.0769	-0.0769	16	4	4.0144	185.62
4	N4_Symmetric_Energy_Attn	0.20	32	2	2	0.7344	0.0000	0.1667	0.1346	0.0321	17	9	5.2565	162.68
4	SYNC1_Spectral_Sync	0.20	32	2	2	0.8594	0.0000	0.4167	0.0385	0.3782	9	7	5.0977	17.41
4	SYNC5_Loopy_MinSum	0.20	32	2	2	0.9062	0.0000	0.7500	0.0577	0.6923	6	12	7.2092	29.14
4	Candidate_LearnedEnergy	0.20	32	3	3	0.7500	0.0000	0.0625	0.0208	0.0417	16	2	2.2580	574.26
4	Ablation_ZeroInteraction	0.20	32	3	3	0.7500	0.0000	0.0000	0.0000	0.0000	16	0	0.0000	404.58
4	Ablation_RandomSymmetric	0.20	32	3	3	0.7344	0.0000	0.0000	0.0208	-0.0208	17	1	1.8046	3434.25
4	N0_Unconstrained_Attn	0.20	32	3	3	0.5312	0.0000	0.5625	0.4792	0.0833	30	32	10.4747	231.46
4	N1_Damped_Attn_0.25	0.20	32	3	3	0.6406	0.0000	0.2500	0.2292	0.0208	23	15	6.6460	272.19
4	N4_Symmetric_Energy_Attn	0.20	32	3	3	0.7031	0.0000	0.1875	0.1250	0.0625	19	9	6.0367	161.76
4	SYNC1_Spectral_Sync	0.20	32	3	3	0.8594	0.0000	0.4375	0.0000	0.4375	9	7	5.0990	17.91
4	SYNC5_Loopy_MinSum	0.20	32	3	3	0.8438	0.0000	0.5625	0.0625	0.5000	10	12	7.2111	29.09
4	Candidate_LearnedEnergy	0.20	32	4	4	0.8281	0.0000	0.0000	0.0000	0.0000	11	0	1.2546	634.22
4	Ablation_ZeroInteraction	0.20	32	4	4	0.8281	0.0000	0.0000	0.0000	0.0000	11	0	0.0000	402.26
4	Ablation_RandomSymmetric	0.20	32	4	4	0.8125	0.0000	0.0000	0.0189	-0.0189	12	1	1.6727	2176.88
4	N0_Unconstrained_Attn	0.20	32	4	4	0.5469	0.0000	0.5455	0.4528	0.0926	29	30	10.8009	217.08
4	N1_Damped_Attn_0.25	0.20	32	4	4	0.6406	0.0000	0.0000	0.2264	-0.2264	23	12	6.1112	213.41
4	N4_Symmetric_Energy_Attn	0.20	32	4	4	0.5312	0.0000	0.1818	0.3962	-0.2144	30	23	9.4156	195.91
4	SYNC1_Spectral_Sync	0.20	32	4	4	0.9219	0.0000	0.7273	0.0377	0.6895	5	10	5.6569	26.22
4	SYNC5_Loopy_MinSum	0.20	32	4	4	0.8281	0.0000	0.7273	0.1509	0.5763	11	16	7.3463	44.27
4	Candidate_LearnedEnergy	0.20	32	5	5	0.8594	0.0000	0.0000	0.0000	0.0000	9	0	1.1392	800.15
4	Ablation_ZeroInteraction	0.20	32	5	5	0.8594	0.0000	0.0000	0.0000	0.0000	9	0	0.0000	639.43
4	Ablation_RandomSymmetric	0.20	32	5	5	0.8438	0.0000	0.2222	0.0545	0.1677	10	5	4.1051	5750.62
4	N0_Unconstrained_Attn	0.20	32	5	5	0.5469	0.0000	0.1111	0.3818	-0.2707	29	22	8.3968	262.24
4	N1_Damped_Attn_0.25	0.20	32	5	5	0.5781	0.0000	0.1111	0.3455	-0.2343	27	20	8.4699	256.25
4	N4_Symmetric_Energy_Attn	0.20	32	5	5	0.4219	0.0000	0.1111	0.5273	-0.4162	37	30	10.4203	170.50
4	SYNC1_Spectral_Sync	0.20	32	5	5	0.9531	0.0000	0.6667	0.0000	0.6667	3	6	4.8990	26.14
4	SYNC5_Loopy_MinSum	0.20	32	5	5	0.9531	0.0000	0.6667	0.0000	0.6667	3	6	5.2915	45.79
4	Candidate_LearnedEnergy	0.20	32	6	6	0.8594	0.0000	0.2222	0.0364	0.1859	9	4	3.0190	606.82
4	Ablation_ZeroInteraction	0.20	32	6	6	0.8594	0.0000	0.0000	0.0000	0.0000	9	0	0.0000	435.36
4	Ablation_RandomSymmetric	0.20	32	6	6	0.8438	0.0000	0.0000	0.0182	-0.0182	10	1	1.8192	533.87
4	N0_Unconstrained_Attn	0.20	32	6	6	0.7500	0.0000	0.7778	0.2545	0.5232	16	21	9.0771	196.00
4	N1_Damped_Attn_0.25	0.20	32	6	6	0.7656	0.0000	0.3333	0.1636	0.1697	15	12	6.6611	190.11
4	N4_Symmetric_Energy_Attn	0.20	32	6	6	0.6719	0.0000	0.1111	0.2364	-0.1253	21	14	7.2091	166.31
4	SYNC1_Spectral_Sync	0.20	32	6	6	0.8594	0.0000	0.2222	0.0364	0.1859	9	4	3.4641	17.47
4	SYNC5_Loopy_MinSum	0.20	32	6	6	0.7188	0.0000	0.1111	0.1818	-0.0707	18	11	5.6571	27.84
4	Candidate_LearnedEnergy	0.20	32	7	7	0.7812	0.0000	0.1429	0.0400	0.1029	14	4	3.1111	613.64
4	Ablation_ZeroInteraction	0.20	32	7	7	0.7812	0.0000	0.0000	0.0000	0.0000	14	0	0.0000	469.76
4	Ablation_RandomSymmetric	0.20	32	7	7	0.7812	0.0000	0.0714	0.0200	0.0514	14	2	2.5631	609.48
4	N0_Unconstrained_Attn	0.20	32	7	7	0.5781	0.0000	0.3571	0.3600	-0.0029	27	23	9.2363	198.12
4	N1_Damped_Attn_0.25	0.20	32	7	7	0.6719	0.0000	0.2857	0.2200	0.0657	21	15	7.2421	187.52
4	N4_Symmetric_Energy_Attn	0.20	32	7	7	0.5312	0.0000	0.2857	0.4000	-0.1143	30	24	9.2485	164.56
4	SYNC1_Spectral_Sync	0.20	32	7	7	0.8438	0.0000	0.3571	0.0200	0.3371	10	6	4.6890	18.32
4	SYNC5_Loopy_MinSum	0.20	32	7	7	0.6875	0.0000	0.2857	0.2000	0.0857	20	14	7.3485	29.95
4	Candidate_LearnedEnergy	0.20	32	8	8	0.7344	0.0000	0.0625	0.0417	0.0208	17	3	3.3782	594.17
4	Ablation_ZeroInteraction	0.20	32	8	8	0.7500	0.0000	0.0000	0.0000	0.0000	16	0	0.0000	401.36
4	Ablation_RandomSymmetric	0.20	32	8	8	0.7344	0.0000	0.0000	0.0208	-0.0208	17	1	1.9159	5351.14
4	N0_Unconstrained_Attn	0.20	32	8	8	0.5312	0.0000	0.5000	0.4583	0.0417	30	30	9.8238	231.87
4	N1_Damped_Attn_0.25	0.20	32	8	8	0.7969	0.0000	0.2500	0.0208	0.2292	13	5	4.3705	216.12
4	N4_Symmetric_Energy_Attn	0.20	32	8	8	0.5781	0.0000	0.5625	0.4167	0.1458	27	29	10.0562	164.41
4	SYNC1_Spectral_Sync	0.20	32	8	8	0.8594	0.0000	0.5625	0.0417	0.5208	9	11	6.4787	17.86
4	SYNC5_Loopy_MinSum	0.20	32	8	8	0.6562	0.0000	0.4375	0.2708	0.1667	22	20	9.1256	31.04
4	Candidate_LearnedEnergy	0.20	32	9	9	0.7188	0.0000	0.0000	0.0000	0.0000	18	0	1.7445	835.90
4	Ablation_ZeroInteraction	0.20	32	9	9	0.7188	0.0000	0.0000	0.0000	0.0000	18	0	0.0000	634.09
4	Ablation_RandomSymmetric	0.20	32	9	9	0.7031	0.0000	0.0000	0.0217	-0.0217	19	1	1.4442	756.97
4	N0_Unconstrained_Attn	0.20	32	9	9	0.5625	0.0000	0.3333	0.3478	-0.0145	28	22	8.5044	290.33
4	N1_Damped_Attn_0.25	0.20	32	9	9	0.6875	0.0000	0.1667	0.1087	0.0580	20	8	4.5873	296.57
4	N4_Symmetric_Energy_Attn	0.20	32	9	9	0.5625	0.0000	0.3889	0.3696	0.0193	28	24	9.4819	191.70
4	SYNC1_Spectral_Sync	0.20	32	9	9	0.7188	0.0000	0.2778	0.1087	0.1691	18	10	5.8310	27.22
4	SYNC5_Loopy_MinSum	0.20	32	9	9	0.6094	0.0000	0.3333	0.2826	0.0507	25	19	8.7192	45.77
4	Candidate_LearnedEnergy	0.20	32	10	10	0.8125	0.0000	0.0909	0.0377	0.0532	12	3	2.7707	586.97
4	Ablation_ZeroInteraction	0.20	32	10	10	0.8281	0.0000	0.0000	0.0000	0.0000	11	0	0.0000	408.76
4	Ablation_RandomSymmetric	0.20	32	10	10	0.8281	0.0000	0.0909	0.0189	0.0720	11	2	2.6697	580.63
4	N0_Unconstrained_Attn	0.20	32	10	10	0.6875	0.0000	0.3636	0.2453	0.1184	20	17	7.5328	196.88
4	N1_Damped_Attn_0.25	0.20	32	10	10	0.7188	0.0000	0.1818	0.1698	0.0120	18	11	5.3820	288.54
4	N4_Symmetric_Energy_Attn	0.20	32	10	10	0.8125	0.0000	0.0000	0.0189	-0.0189	12	1	3.2322	166.59
4	SYNC1_Spectral_Sync	0.20	32	10	10	0.9219	0.0000	0.5455	0.0000	0.5455	5	6	4.6904	18.73
4	SYNC5_Loopy_MinSum	0.20	32	10	10	0.8125	0.0000	0.4545	0.1132	0.3413	12	11	7.2108	37.25
4	Candidate_LearnedEnergy	0.20	32	11	11	0.7969	0.0000	0.0000	0.0377	-0.0377	13	2	2.0168	580.38
4	Ablation_ZeroInteraction	0.20	32	11	11	0.8281	0.0000	0.0000	0.0000	0.0000	11	0	0.0000	406.75
4	Ablation_RandomSymmetric	0.20	32	11	11	0.8125	0.0000	0.0909	0.0377	0.0532	12	3	2.9216	641.15
4	N0_Unconstrained_Attn	0.20	32	11	11	0.5938	0.0000	0.7273	0.4340	0.2933	26	31	10.4300	4248.45
4	N1_Damped_Attn_0.25	0.20	32	11	11	0.7188	0.0000	0.1818	0.1698	0.0120	18	11	6.5367	193.33
4	N4_Symmetric_Energy_Attn	0.20	32	11	11	0.7188	0.0000	0.0909	0.1509	-0.0600	18	9	5.9838	167.25
4	SYNC1_Spectral_Sync	0.20	32	11	11	0.8594	0.0000	0.3636	0.0377	0.3259	9	6	4.4721	27.31
4	SYNC5_Loopy_MinSum	0.20	32	11	11	0.8125	0.0000	0.5455	0.1321	0.4134	12	13	7.2109	45.06
4	Candidate_LearnedEnergy	0.20	32	12	12	0.7969	0.0000	0.0000	0.0727	-0.0727	13	4	3.1172	715.56
4	Ablation_ZeroInteraction	0.20	32	12	12	0.8594	0.0000	0.0000	0.0000	0.0000	9	0	0.0000	4206.81
4	Ablation_RandomSymmetric	0.20	32	12	12	0.8281	0.0000	0.0000	0.0364	-0.0364	11	2	2.1855	573.81
4	N0_Unconstrained_Attn	0.20	32	12	12	0.5469	0.0000	0.3333	0.4182	-0.0848	29	26	9.2629	202.41
4	N1_Damped_Attn_0.25	0.20	32	12	12	0.8125	0.0000	0.4444	0.1273	0.3172	12	11	5.5476	188.10
4	N4_Symmetric_Energy_Attn	0.20	32	12	12	0.7656	0.0000	0.1111	0.1273	-0.0162	15	8	5.1108	161.87
4	SYNC1_Spectral_Sync	0.20	32	12	12	0.9219	0.0000	0.6667	0.0364	0.6303	5	8	5.2915	17.81
4	SYNC5_Loopy_MinSum	0.20	32	12	12	0.9062	0.0000	0.8889	0.0909	0.7980	6	13	6.6332	29.53
4	Candidate_LearnedEnergy	0.20	32	13	13	0.8125	0.0000	0.0000	0.0189	-0.0189	12	1	1.3560	562.87
4	Ablation_ZeroInteraction	0.20	32	13	13	0.8281	0.0000	0.0000	0.0000	0.0000	11	0	0.0000	416.26
4	Ablation_RandomSymmetric	0.20	32	13	13	0.8281	0.0000	0.0909	0.0189	0.0720	11	2	2.4736	590.41
4	N0_Unconstrained_Attn	0.20	32	13	13	0.7031	0.0000	0.4545	0.2453	0.2093	19	18	8.5972	248.91
4	N1_Damped_Attn_0.25	0.20	32	13	13	0.6719	0.0000	0.3636	0.2642	0.0995	21	18	7.7616	189.48
4	N4_Symmetric_Energy_Attn	0.20	32	13	13	0.7031	0.0000	0.3636	0.2264	0.1372	19	16	6.8775	164.17
4	SYNC1_Spectral_Sync	0.20	32	13	13	0.8438	0.0000	0.2727	0.0377	0.2350	10	5	3.4641	19.07
4	SYNC5_Loopy_MinSum	0.20	32	13	13	0.6875	0.0000	0.3636	0.2453	0.1184	20	17	7.4833	30.54
4	Candidate_LearnedEnergy	0.20	32	14	14	0.7344	0.0000	0.0000	0.0408	-0.0408	17	2	2.7136	637.90
4	Ablation_ZeroInteraction	0.20	32	14	14	0.7656	0.0000	0.0000	0.0000	0.0000	15	0	0.0000	519.10
4	Ablation_RandomSymmetric	0.20	32	14	14	0.7500	0.0000	0.0000	0.0204	-0.0204	16	1	1.5235	532.27
4	N0_Unconstrained_Attn	0.20	32	14	14	0.6562	0.0000	0.2000	0.2041	-0.0041	22	13	7.2421	194.24
4	N1_Damped_Attn_0.25	0.20	32	14	14	0.6719	0.0000	0.2000	0.1837	0.0163	21	12	6.0509	185.75
4	N4_Symmetric_Energy_Attn	0.20	32	14	14	0.7344	0.0000	0.2667	0.1224	0.1442	17	10	6.1881	162.01
4	SYNC1_Spectral_Sync	0.20	32	14	14	0.7500	0.0000	0.1333	0.0612	0.0721	16	5	4.2426	17.94
4	SYNC5_Loopy_MinSum	0.20	32	14	14	0.7812	0.0000	0.4000	0.1020	0.2980	14	11	7.2111	29.38
4	Candidate_LearnedEnergy	0.20	32	15	15	0.7500	0.0000	0.0000	0.0204	-0.0204	16	1	1.4281	793.91
4	Ablation_ZeroInteraction	0.20	32	15	15	0.7656	0.0000	0.0000	0.0000	0.0000	15	0	0.0000	705.86
4	Ablation_RandomSymmetric	0.20	32	15	15	0.7500	0.0000	0.0000	0.0204	-0.0204	16	1	1.7405	789.37
4	N0_Unconstrained_Attn	0.20	32	15	15	0.5938	0.0000	0.4667	0.3673	0.0993	26	25	9.3595	259.12
4	N1_Damped_Attn_0.25	0.20	32	15	15	0.6250	0.0000	0.1333	0.2245	-0.0912	24	13	7.6080	258.14
4	N4_Symmetric_Energy_Attn	0.20	32	15	15	0.5469	0.0000	0.4667	0.4286	0.0381	29	28	9.2962	173.23
4	SYNC1_Spectral_Sync	0.20	32	15	15	0.8906	0.0000	0.6000	0.0204	0.5796	7	10	5.8298	26.74
4	SYNC5_Loopy_MinSum	0.20	32	15	15	0.8750	0.0000	0.7333	0.0816	0.6517	8	15	7.3464	44.08
4	Candidate_LearnedEnergy	0.20	32	16	16	0.9219	0.0000	0.0000	0.0167	-0.0167	5	1	1.6273	795.79
4	Ablation_ZeroInteraction	0.20	32	16	16	0.9375	0.0000	0.0000	0.0000	0.0000	4	0	0.0000	692.79
4	Ablation_RandomSymmetric	0.20	32	16	16	0.9062	0.0000	0.2500	0.0500	0.2000	6	4	3.0763	7877.17
4	N0_Unconstrained_Attn	0.20	32	16	16	0.6094	0.0000	0.2500	0.3667	-0.1167	25	23	8.7029	255.14
4	N1_Damped_Attn_0.25	0.20	32	16	16	0.7500	0.0000	0.0000	0.2000	-0.2000	16	12	6.7675	256.66
4	N4_Symmetric_Energy_Attn	0.20	32	16	16	0.6875	0.0000	0.7500	0.3167	0.4333	20	22	8.4263	174.95
4	SYNC1_Spectral_Sync	0.20	32	16	16	0.9219	0.0000	0.0000	0.0167	-0.0167	5	1	1.4142	26.65
4	SYNC5_Loopy_MinSum	0.20	32	16	16	0.8594	0.0000	0.0000	0.0833	-0.0833	9	5	5.2915	45.39
4	Candidate_LearnedEnergy	0.20	32	17	17	0.8125	0.0000	0.0000	0.0545	-0.0545	12	3	3.0154	591.84
4	Ablation_ZeroInteraction	0.20	32	17	17	0.8594	0.0000	0.0000	0.0000	0.0000	9	0	0.0000	407.19
4	Ablation_RandomSymmetric	0.20	32	17	17	0.8594	0.0000	0.1111	0.0182	0.0929	9	2	1.8143	557.84
4	N0_Unconstrained_Attn	0.20	32	17	17	0.5312	0.0000	0.4444	0.4545	-0.0101	30	29	9.6081	197.87
4	N1_Damped_Attn_0.25	0.20	32	17	17	0.6719	0.0000	0.0000	0.2182	-0.2182	21	12	6.6102	215.61
4	N4_Symmetric_Energy_Attn	0.20	32	17	17	0.5469	0.0000	0.5556	0.4545	0.1010	29	30	10.3118	163.72
4	SYNC1_Spectral_Sync	0.20	32	17	17	0.8750	0.0000	0.3333	0.0364	0.2970	8	5	4.2426	18.60
4	SYNC5_Loopy_MinSum	0.20	32	17	17	0.9219	0.0000	0.6667	0.0364	0.6303	5	8	5.8309	30.59
4	Candidate_LearnedEnergy	0.20	32	18	18	0.9062	0.0000	0.2500	0.0000	0.2500	6	2	2.5359	1814.13
4	Ablation_ZeroInteraction	0.20	32	18	18	0.8750	0.0000	0.0000	0.0000	0.0000	8	0	0.0000	516.00
4	Ablation_RandomSymmetric	0.20	32	18	18	0.8281	0.0000	0.0000	0.0536	-0.0536	11	3	3.2378	564.79
4	N0_Unconstrained_Attn	0.20	32	18	18	0.6406	0.0000	0.6250	0.3571	0.2679	23	25	9.6815	199.39
4	N1_Damped_Attn_0.25	0.20	32	18	18	0.7500	0.0000	0.0000	0.1429	-0.1429	16	8	5.5269	225.20
4	N4_Symmetric_Energy_Attn	0.20	32	18	18	0.7812	0.0000	0.6250	0.1964	0.4286	14	16	7.7936	163.12
4	SYNC1_Spectral_Sync	0.20	32	18	18	0.9375	0.0000	0.6250	0.0179	0.6071	4	6	4.2426	18.53
4	SYNC5_Loopy_MinSum	0.20	32	18	18	0.9219	0.0000	0.8750	0.0714	0.8036	5	11	7.7458	31.58
4	Candidate_LearnedEnergy	0.20	32	19	19	0.7656	0.0000	0.0000	0.0200	-0.0200	15	1	1.7859	601.13
4	Ablation_ZeroInteraction	0.20	32	19	19	0.7812	0.0000	0.0000	0.0000	0.0000	14	0	0.0000	564.10
4	Ablation_RandomSymmetric	0.20	32	19	19	0.7812	0.0000	0.0714	0.0200	0.0514	14	2	2.3791	644.43
4	N0_Unconstrained_Attn	0.20	32	19	19	0.6406	0.0000	0.5714	0.3400	0.2314	23	25	9.2865	201.23
4	N1_Damped_Attn_0.25	0.20	32	19	19	0.7031	0.0000	0.1429	0.1400	0.0029	19	9	5.0380	188.53
4	N4_Symmetric_Energy_Attn	0.20	32	19	19	0.6094	0.0000	0.2143	0.2800	-0.0657	25	17	8.0146	186.53
4	SYNC1_Spectral_Sync	0.20	32	19	19	0.9062	0.0000	0.5714	0.0000	0.5714	6	8	4.8990	18.15
4	SYNC5_Loopy_MinSum	0.20	32	19	19	0.6875	0.0000	0.5714	0.2800	0.2914	20	22	8.1348	31.93
8	Candidate_LearnedEnergy	0.20	0	0	0	0.8438	0.0000	0.0000	0.0000	0.0000	20	0	0.0000	0.75
8	Ablation_ZeroInteraction	0.20	0	0	0	0.8438	0.0000	0.0000	0.0000	0.0000	20	0	0.0000	0.21
8	Ablation_RandomSymmetric	0.20	0	0	0	0.8438	0.0000	0.0000	0.0000	0.0000	20	0	0.0000	1.07
8	N0_Unconstrained_Attn	0.20	0	0	0	0.8438	0.0000	0.0000	0.0000	0.0000	20	0	0.0000	0.20
8	N1_Damped_Attn_0.25	0.20	0	0	0	0.8438	0.0000	0.0000	0.0000	0.0000	20	0	0.0000	0.18
8	N4_Symmetric_Energy_Attn	0.20	0	0	0	0.8438	0.0000	0.0000	0.0000	0.0000	20	0	0.0000	0.19
8	SYNC1_Spectral_Sync	0.20	0	0	0	0.8438	0.0000	0.0000	0.0000	0.0000	20	0	0.0000	0.19
8	SYNC5_Loopy_MinSum	0.20	0	0	0	0.8438	0.0000	0.0000	0.0000	0.0000	20	0	0.0000	0.20
8	Candidate_LearnedEnergy	0.20	0	1	1	0.7578	0.0000	0.0000	0.0000	0.0000	31	0	0.0000	0.31
8	Ablation_ZeroInteraction	0.20	0	1	1	0.7578	0.0000	0.0000	0.0000	0.0000	31	0	0.0000	0.21
8	Ablation_RandomSymmetric	0.20	0	1	1	0.7578	0.0000	0.0000	0.0000	0.0000	31	0	0.0000	0.18
8	N0_Unconstrained_Attn	0.20	0	1	1	0.7578	0.0000	0.0000	0.0000	0.0000	31	0	0.0000	0.56
8	N1_Damped_Attn_0.25	0.20	0	1	1	0.7578	0.0000	0.0000	0.0000	0.0000	31	0	0.0000	0.20
8	N4_Symmetric_Energy_Attn	0.20	0	1	1	0.7578	0.0000	0.0000	0.0000	0.0000	31	0	0.0000	0.19
8	SYNC1_Spectral_Sync	0.20	0	1	1	0.7578	0.0000	0.0000	0.0000	0.0000	31	0	0.0000	0.21
8	SYNC5_Loopy_MinSum	0.20	0	1	1	0.7578	0.0000	0.0000	0.0000	0.0000	31	0	0.0000	0.19
8	Candidate_LearnedEnergy	0.20	0	2	2	0.8203	0.0000	0.0000	0.0000	0.0000	23	0	0.0000	0.23
8	Ablation_ZeroInteraction	0.20	0	2	2	0.8203	0.0000	0.0000	0.0000	0.0000	23	0	0.0000	0.12
8	Ablation_RandomSymmetric	0.20	0	2	2	0.8203	0.0000	0.0000	0.0000	0.0000	23	0	0.0000	0.12
8	N0_Unconstrained_Attn	0.20	0	2	2	0.8203	0.0000	0.0000	0.0000	0.0000	23	0	0.0000	0.12
8	N1_Damped_Attn_0.25	0.20	0	2	2	0.8203	0.0000	0.0000	0.0000	0.0000	23	0	0.0000	0.12
8	N4_Symmetric_Energy_Attn	0.20	0	2	2	0.8203	0.0000	0.0000	0.0000	0.0000	23	0	0.0000	0.12
8	SYNC1_Spectral_Sync	0.20	0	2	2	0.8203	0.0000	0.0000	0.0000	0.0000	23	0	0.0000	0.12
8	SYNC5_Loopy_MinSum	0.20	0	2	2	0.8203	0.0000	0.0000	0.0000	0.0000	23	0	0.0000	0.12
8	Candidate_LearnedEnergy	0.20	0	3	3	0.8281	0.0000	0.0000	0.0000	0.0000	22	0	0.0000	0.12
8	Ablation_ZeroInteraction	0.20	0	3	3	0.8281	0.0000	0.0000	0.0000	0.0000	22	0	0.0000	0.11
8	Ablation_RandomSymmetric	0.20	0	3	3	0.8281	0.0000	0.0000	0.0000	0.0000	22	0	0.0000	0.12
8	N0_Unconstrained_Attn	0.20	0	3	3	0.8281	0.0000	0.0000	0.0000	0.0000	22	0	0.0000	0.12
8	N1_Damped_Attn_0.25	0.20	0	3	3	0.8281	0.0000	0.0000	0.0000	0.0000	22	0	0.0000	0.12
8	N4_Symmetric_Energy_Attn	0.20	0	3	3	0.8281	0.0000	0.0000	0.0000	0.0000	22	0	0.0000	0.12
8	SYNC1_Spectral_Sync	0.20	0	3	3	0.8281	0.0000	0.0000	0.0000	0.0000	22	0	0.0000	0.12
8	SYNC5_Loopy_MinSum	0.20	0	3	3	0.8281	0.0000	0.0000	0.0000	0.0000	22	0	0.0000	0.12
8	Candidate_LearnedEnergy	0.20	0	4	4	0.7812	0.0000	0.0000	0.0000	0.0000	28	0	0.0000	0.13
8	Ablation_ZeroInteraction	0.20	0	4	4	0.7812	0.0000	0.0000	0.0000	0.0000	28	0	0.0000	0.24
8	Ablation_RandomSymmetric	0.20	0	4	4	0.7812	0.0000	0.0000	0.0000	0.0000	28	0	0.0000	0.12
8	N0_Unconstrained_Attn	0.20	0	4	4	0.7812	0.0000	0.0000	0.0000	0.0000	28	0	0.0000	0.14
8	N1_Damped_Attn_0.25	0.20	0	4	4	0.7812	0.0000	0.0000	0.0000	0.0000	28	0	0.0000	0.12
8	N4_Symmetric_Energy_Attn	0.20	0	4	4	0.7812	0.0000	0.0000	0.0000	0.0000	28	0	0.0000	0.12
8	SYNC1_Spectral_Sync	0.20	0	4	4	0.7812	0.0000	0.0000	0.0000	0.0000	28	0	0.0000	0.13
8	SYNC5_Loopy_MinSum	0.20	0	4	4	0.7812	0.0000	0.0000	0.0000	0.0000	28	0	0.0000	0.12
8	Candidate_LearnedEnergy	0.20	0	5	5	0.7500	0.0000	0.0000	0.0000	0.0000	32	0	0.0000	1.20
8	Ablation_ZeroInteraction	0.20	0	5	5	0.7500	0.0000	0.0000	0.0000	0.0000	32	0	0.0000	0.17
8	Ablation_RandomSymmetric	0.20	0	5	5	0.7500	0.0000	0.0000	0.0000	0.0000	32	0	0.0000	0.18
8	N0_Unconstrained_Attn	0.20	0	5	5	0.7500	0.0000	0.0000	0.0000	0.0000	32	0	0.0000	0.21
8	N1_Damped_Attn_0.25	0.20	0	5	5	0.7500	0.0000	0.0000	0.0000	0.0000	32	0	0.0000	0.21
8	N4_Symmetric_Energy_Attn	0.20	0	5	5	0.7500	0.0000	0.0000	0.0000	0.0000	32	0	0.0000	0.19
8	SYNC1_Spectral_Sync	0.20	0	5	5	0.7500	0.0000	0.0000	0.0000	0.0000	32	0	0.0000	0.20
8	SYNC5_Loopy_MinSum	0.20	0	5	5	0.7500	0.0000	0.0000	0.0000	0.0000	32	0	0.0000	0.26
8	Candidate_LearnedEnergy	0.20	0	6	6	0.7969	0.0000	0.0000	0.0000	0.0000	26	0	0.0000	0.12
8	Ablation_ZeroInteraction	0.20	0	6	6	0.7969	0.0000	0.0000	0.0000	0.0000	26	0	0.0000	0.12
8	Ablation_RandomSymmetric	0.20	0	6	6	0.7969	0.0000	0.0000	0.0000	0.0000	26	0	0.0000	0.12
8	N0_Unconstrained_Attn	0.20	0	6	6	0.7969	0.0000	0.0000	0.0000	0.0000	26	0	0.0000	0.12
8	N1_Damped_Attn_0.25	0.20	0	6	6	0.7969	0.0000	0.0000	0.0000	0.0000	26	0	0.0000	0.12
8	N4_Symmetric_Energy_Attn	0.20	0	6	6	0.7969	0.0000	0.0000	0.0000	0.0000	26	0	0.0000	0.12
8	SYNC1_Spectral_Sync	0.20	0	6	6	0.7969	0.0000	0.0000	0.0000	0.0000	26	0	0.0000	0.12
8	SYNC5_Loopy_MinSum	0.20	0	6	6	0.7969	0.0000	0.0000	0.0000	0.0000	26	0	0.0000	0.12
8	Candidate_LearnedEnergy	0.20	0	7	7	0.8438	0.0000	0.0000	0.0000	0.0000	20	0	0.0000	1.57
8	Ablation_ZeroInteraction	0.20	0	7	7	0.8438	0.0000	0.0000	0.0000	0.0000	20	0	0.0000	0.24
8	Ablation_RandomSymmetric	0.20	0	7	7	0.8438	0.0000	0.0000	0.0000	0.0000	20	0	0.0000	0.23
8	N0_Unconstrained_Attn	0.20	0	7	7	0.8438	0.0000	0.0000	0.0000	0.0000	20	0	0.0000	0.22
8	N1_Damped_Attn_0.25	0.20	0	7	7	0.8438	0.0000	0.0000	0.0000	0.0000	20	0	0.0000	0.20
8	N4_Symmetric_Energy_Attn	0.20	0	7	7	0.8438	0.0000	0.0000	0.0000	0.0000	20	0	0.0000	0.26
8	SYNC1_Spectral_Sync	0.20	0	7	7	0.8438	0.0000	0.0000	0.0000	0.0000	20	0	0.0000	0.27
8	SYNC5_Loopy_MinSum	0.20	0	7	7	0.8438	0.0000	0.0000	0.0000	0.0000	20	0	0.0000	0.19
8	Candidate_LearnedEnergy	0.20	0	8	8	0.7891	0.0000	0.0000	0.0000	0.0000	27	0	0.0000	0.24
8	Ablation_ZeroInteraction	0.20	0	8	8	0.7891	0.0000	0.0000	0.0000	0.0000	27	0	0.0000	0.23
8	Ablation_RandomSymmetric	0.20	0	8	8	0.7891	0.0000	0.0000	0.0000	0.0000	27	0	0.0000	0.22
8	N0_Unconstrained_Attn	0.20	0	8	8	0.7891	0.0000	0.0000	0.0000	0.0000	27	0	0.0000	0.19
8	N1_Damped_Attn_0.25	0.20	0	8	8	0.7891	0.0000	0.0000	0.0000	0.0000	27	0	0.0000	0.22
8	N4_Symmetric_Energy_Attn	0.20	0	8	8	0.7891	0.0000	0.0000	0.0000	0.0000	27	0	0.0000	0.23
8	SYNC1_Spectral_Sync	0.20	0	8	8	0.7891	0.0000	0.0000	0.0000	0.0000	27	0	0.0000	0.20
8	SYNC5_Loopy_MinSum	0.20	0	8	8	0.7891	0.0000	0.0000	0.0000	0.0000	27	0	0.0000	0.20
8	Candidate_LearnedEnergy	0.20	0	9	9	0.8516	0.0000	0.0000	0.0000	0.0000	19	0	0.0000	0.53
8	Ablation_ZeroInteraction	0.20	0	9	9	0.8516	0.0000	0.0000	0.0000	0.0000	19	0	0.0000	0.21
8	Ablation_RandomSymmetric	0.20	0	9	9	0.8516	0.0000	0.0000	0.0000	0.0000	19	0	0.0000	0.27
8	N0_Unconstrained_Attn	0.20	0	9	9	0.8516	0.0000	0.0000	0.0000	0.0000	19	0	0.0000	0.44
8	N1_Damped_Attn_0.25	0.20	0	9	9	0.8516	0.0000	0.0000	0.0000	0.0000	19	0	0.0000	0.23
8	N4_Symmetric_Energy_Attn	0.20	0	9	9	0.8516	0.0000	0.0000	0.0000	0.0000	19	0	0.0000	0.29
8	SYNC1_Spectral_Sync	0.20	0	9	9	0.8516	0.0000	0.0000	0.0000	0.0000	19	0	0.0000	0.24
8	SYNC5_Loopy_MinSum	0.20	0	9	9	0.8516	0.0000	0.0000	0.0000	0.0000	19	0	0.0000	0.26
8	Candidate_LearnedEnergy	0.20	0	10	10	0.7422	0.0000	0.0000	0.0000	0.0000	33	0	0.0000	0.49
8	Ablation_ZeroInteraction	0.20	0	10	10	0.7422	0.0000	0.0000	0.0000	0.0000	33	0	0.0000	0.19
8	Ablation_RandomSymmetric	0.20	0	10	10	0.7422	0.0000	0.0000	0.0000	0.0000	33	0	0.0000	0.17
8	N0_Unconstrained_Attn	0.20	0	10	10	0.7422	0.0000	0.0000	0.0000	0.0000	33	0	0.0000	0.15
8	N1_Damped_Attn_0.25	0.20	0	10	10	0.7422	0.0000	0.0000	0.0000	0.0000	33	0	0.0000	0.16
8	N4_Symmetric_Energy_Attn	0.20	0	10	10	0.7422	0.0000	0.0000	0.0000	0.0000	33	0	0.0000	0.34
8	SYNC1_Spectral_Sync	0.20	0	10	10	0.7422	0.0000	0.0000	0.0000	0.0000	33	0	0.0000	0.17
8	SYNC5_Loopy_MinSum	0.20	0	10	10	0.7422	0.0000	0.0000	0.0000	0.0000	33	0	0.0000	0.15
8	Candidate_LearnedEnergy	0.20	0	11	11	0.8203	0.0000	0.0000	0.0000	0.0000	23	0	0.0000	0.18
8	Ablation_ZeroInteraction	0.20	0	11	11	0.8203	0.0000	0.0000	0.0000	0.0000	23	0	0.0000	0.12
8	Ablation_RandomSymmetric	0.20	0	11	11	0.8203	0.0000	0.0000	0.0000	0.0000	23	0	0.0000	0.12
8	N0_Unconstrained_Attn	0.20	0	11	11	0.8203	0.0000	0.0000	0.0000	0.0000	23	0	0.0000	0.12
8	N1_Damped_Attn_0.25	0.20	0	11	11	0.8203	0.0000	0.0000	0.0000	0.0000	23	0	0.0000	0.12
8	N4_Symmetric_Energy_Attn	0.20	0	11	11	0.8203	0.0000	0.0000	0.0000	0.0000	23	0	0.0000	0.14
8	SYNC1_Spectral_Sync	0.20	0	11	11	0.8203	0.0000	0.0000	0.0000	0.0000	23	0	0.0000	0.14
8	SYNC5_Loopy_MinSum	0.20	0	11	11	0.8203	0.0000	0.0000	0.0000	0.0000	23	0	0.0000	0.12
8	Candidate_LearnedEnergy	0.20	0	12	12	0.8203	0.0000	0.0000	0.0000	0.0000	23	0	0.0000	0.12
8	Ablation_ZeroInteraction	0.20	0	12	12	0.8203	0.0000	0.0000	0.0000	0.0000	23	0	0.0000	0.12
8	Ablation_RandomSymmetric	0.20	0	12	12	0.8203	0.0000	0.0000	0.0000	0.0000	23	0	0.0000	0.12
8	N0_Unconstrained_Attn	0.20	0	12	12	0.8203	0.0000	0.0000	0.0000	0.0000	23	0	0.0000	0.12
8	N1_Damped_Attn_0.25	0.20	0	12	12	0.8203	0.0000	0.0000	0.0000	0.0000	23	0	0.0000	0.23
8	N4_Symmetric_Energy_Attn	0.20	0	12	12	0.8203	0.0000	0.0000	0.0000	0.0000	23	0	0.0000	0.14
8	SYNC1_Spectral_Sync	0.20	0	12	12	0.8203	0.0000	0.0000	0.0000	0.0000	23	0	0.0000	0.14
8	SYNC5_Loopy_MinSum	0.20	0	12	12	0.8203	0.0000	0.0000	0.0000	0.0000	23	0	0.0000	0.12
8	Candidate_LearnedEnergy	0.20	0	13	13	0.7969	0.0000	0.0000	0.0000	0.0000	26	0	0.0000	0.13
8	Ablation_ZeroInteraction	0.20	0	13	13	0.7969	0.0000	0.0000	0.0000	0.0000	26	0	0.0000	0.15
8	Ablation_RandomSymmetric	0.20	0	13	13	0.7969	0.0000	0.0000	0.0000	0.0000	26	0	0.0000	0.11
8	N0_Unconstrained_Attn	0.20	0	13	13	0.7969	0.0000	0.0000	0.0000	0.0000	26	0	0.0000	0.12
8	N1_Damped_Attn_0.25	0.20	0	13	13	0.7969	0.0000	0.0000	0.0000	0.0000	26	0	0.0000	0.12
8	N4_Symmetric_Energy_Attn	0.20	0	13	13	0.7969	0.0000	0.0000	0.0000	0.0000	26	0	0.0000	0.13
8	SYNC1_Spectral_Sync	0.20	0	13	13	0.7969	0.0000	0.0000	0.0000	0.0000	26	0	0.0000	0.12
8	SYNC5_Loopy_MinSum	0.20	0	13	13	0.7969	0.0000	0.0000	0.0000	0.0000	26	0	0.0000	0.12
8	Candidate_LearnedEnergy	0.20	0	14	14	0.7812	0.0000	0.0000	0.0000	0.0000	28	0	0.0000	0.12
8	Ablation_ZeroInteraction	0.20	0	14	14	0.7812	0.0000	0.0000	0.0000	0.0000	28	0	0.0000	0.12
8	Ablation_RandomSymmetric	0.20	0	14	14	0.7812	0.0000	0.0000	0.0000	0.0000	28	0	0.0000	0.12
8	N0_Unconstrained_Attn	0.20	0	14	14	0.7812	0.0000	0.0000	0.0000	0.0000	28	0	0.0000	0.12
8	N1_Damped_Attn_0.25	0.20	0	14	14	0.7812	0.0000	0.0000	0.0000	0.0000	28	0	0.0000	0.12
8	N4_Symmetric_Energy_Attn	0.20	0	14	14	0.7812	0.0000	0.0000	0.0000	0.0000	28	0	0.0000	0.13
8	SYNC1_Spectral_Sync	0.20	0	14	14	0.7812	0.0000	0.0000	0.0000	0.0000	28	0	0.0000	0.12
8	SYNC5_Loopy_MinSum	0.20	0	14	14	0.7812	0.0000	0.0000	0.0000	0.0000	28	0	0.0000	0.12
8	Candidate_LearnedEnergy	0.20	0	15	15	0.8281	0.0000	0.0000	0.0000	0.0000	22	0	0.0000	0.12
8	Ablation_ZeroInteraction	0.20	0	15	15	0.8281	0.0000	0.0000	0.0000	0.0000	22	0	0.0000	0.12
8	Ablation_RandomSymmetric	0.20	0	15	15	0.8281	0.0000	0.0000	0.0000	0.0000	22	0	0.0000	0.12
8	N0_Unconstrained_Attn	0.20	0	15	15	0.8281	0.0000	0.0000	0.0000	0.0000	22	0	0.0000	0.12
8	N1_Damped_Attn_0.25	0.20	0	15	15	0.8281	0.0000	0.0000	0.0000	0.0000	22	0	0.0000	0.12
8	N4_Symmetric_Energy_Attn	0.20	0	15	15	0.8281	0.0000	0.0000	0.0000	0.0000	22	0	0.0000	0.13
8	SYNC1_Spectral_Sync	0.20	0	15	15	0.8281	0.0000	0.0000	0.0000	0.0000	22	0	0.0000	0.12
8	SYNC5_Loopy_MinSum	0.20	0	15	15	0.8281	0.0000	0.0000	0.0000	0.0000	22	0	0.0000	0.12
8	Candidate_LearnedEnergy	0.20	0	16	16	0.8047	0.0000	0.0000	0.0000	0.0000	25	0	0.0000	0.12
8	Ablation_ZeroInteraction	0.20	0	16	16	0.8047	0.0000	0.0000	0.0000	0.0000	25	0	0.0000	0.12
8	Ablation_RandomSymmetric	0.20	0	16	16	0.8047	0.0000	0.0000	0.0000	0.0000	25	0	0.0000	0.12
8	N0_Unconstrained_Attn	0.20	0	16	16	0.8047	0.0000	0.0000	0.0000	0.0000	25	0	0.0000	0.12
8	N1_Damped_Attn_0.25	0.20	0	16	16	0.8047	0.0000	0.0000	0.0000	0.0000	25	0	0.0000	0.49
8	N4_Symmetric_Energy_Attn	0.20	0	16	16	0.8047	0.0000	0.0000	0.0000	0.0000	25	0	0.0000	0.13
8	SYNC1_Spectral_Sync	0.20	0	16	16	0.8047	0.0000	0.0000	0.0000	0.0000	25	0	0.0000	0.11
8	SYNC5_Loopy_MinSum	0.20	0	16	16	0.8047	0.0000	0.0000	0.0000	0.0000	25	0	0.0000	0.12
8	Candidate_LearnedEnergy	0.20	0	17	17	0.7578	0.0000	0.0000	0.0000	0.0000	31	0	0.0000	0.13
8	Ablation_ZeroInteraction	0.20	0	17	17	0.7578	0.0000	0.0000	0.0000	0.0000	31	0	0.0000	0.13
8	Ablation_RandomSymmetric	0.20	0	17	17	0.7578	0.0000	0.0000	0.0000	0.0000	31	0	0.0000	0.12
8	N0_Unconstrained_Attn	0.20	0	17	17	0.7578	0.0000	0.0000	0.0000	0.0000	31	0	0.0000	0.12
8	N1_Damped_Attn_0.25	0.20	0	17	17	0.7578	0.0000	0.0000	0.0000	0.0000	31	0	0.0000	0.12
8	N4_Symmetric_Energy_Attn	0.20	0	17	17	0.7578	0.0000	0.0000	0.0000	0.0000	31	0	0.0000	0.15
8	SYNC1_Spectral_Sync	0.20	0	17	17	0.7578	0.0000	0.0000	0.0000	0.0000	31	0	0.0000	0.15
8	SYNC5_Loopy_MinSum	0.20	0	17	17	0.7578	0.0000	0.0000	0.0000	0.0000	31	0	0.0000	0.12
8	Candidate_LearnedEnergy	0.20	0	18	18	0.7891	0.0000	0.0000	0.0000	0.0000	27	0	0.0000	0.18
8	Ablation_ZeroInteraction	0.20	0	18	18	0.7891	0.0000	0.0000	0.0000	0.0000	27	0	0.0000	0.20
8	Ablation_RandomSymmetric	0.20	0	18	18	0.7891	0.0000	0.0000	0.0000	0.0000	27	0	0.0000	0.22
8	N0_Unconstrained_Attn	0.20	0	18	18	0.7891	0.0000	0.0000	0.0000	0.0000	27	0	0.0000	0.21
8	N1_Damped_Attn_0.25	0.20	0	18	18	0.7891	0.0000	0.0000	0.0000	0.0000	27	0	0.0000	0.17
8	N4_Symmetric_Energy_Attn	0.20	0	18	18	0.7891	0.0000	0.0000	0.0000	0.0000	27	0	0.0000	0.30
8	SYNC1_Spectral_Sync	0.20	0	18	18	0.7891	0.0000	0.0000	0.0000	0.0000	27	0	0.0000	0.22
8	SYNC5_Loopy_MinSum	0.20	0	18	18	0.7891	0.0000	0.0000	0.0000	0.0000	27	0	0.0000	0.20
8	Candidate_LearnedEnergy	0.20	0	19	19	0.8203	0.0000	0.0000	0.0000	0.0000	23	0	0.0000	0.45
8	Ablation_ZeroInteraction	0.20	0	19	19	0.8203	0.0000	0.0000	0.0000	0.0000	23	0	0.0000	0.17
8	Ablation_RandomSymmetric	0.20	0	19	19	0.8203	0.0000	0.0000	0.0000	0.0000	23	0	0.0000	0.21
8	N0_Unconstrained_Attn	0.20	0	19	19	0.8203	0.0000	0.0000	0.0000	0.0000	23	0	0.0000	0.21
8	N1_Damped_Attn_0.25	0.20	0	19	19	0.8203	0.0000	0.0000	0.0000	0.0000	23	0	0.0000	0.18
8	N4_Symmetric_Energy_Attn	0.20	0	19	19	0.8203	0.0000	0.0000	0.0000	0.0000	23	0	0.0000	0.18
8	SYNC1_Spectral_Sync	0.20	0	19	19	0.8203	0.0000	0.0000	0.0000	0.0000	23	0	0.0000	0.20
8	SYNC5_Loopy_MinSum	0.20	0	19	19	0.8203	0.0000	0.0000	0.0000	0.0000	23	0	0.0000	0.21
8	Candidate_LearnedEnergy	0.20	1	0	0	0.8438	0.0000	0.0000	0.0000	0.0000	20	0	0.1305	74.84
8	Ablation_ZeroInteraction	0.20	1	0	0	0.8438	0.0000	0.0000	0.0000	0.0000	20	0	0.0000	51.62
8	Ablation_RandomSymmetric	0.20	1	0	0	0.8438	0.0000	0.0000	0.0000	0.0000	20	0	0.1330	63.99
8	N0_Unconstrained_Attn	0.20	1	0	0	0.8047	0.0000	0.0000	0.0463	-0.0463	25	5	3.7001	16.73
8	N1_Damped_Attn_0.25	0.20	1	0	0	0.8438	0.0000	0.0000	0.0000	0.0000	20	0	0.4131	16.70
8	N4_Symmetric_Energy_Attn	0.20	1	0	0	0.8438	0.0000	0.0000	0.0000	0.0000	20	0	2.2319	11.39
8	SYNC1_Spectral_Sync	0.20	1	0	0	0.8516	0.0000	0.2000	0.0278	0.1722	19	7	4.1231	2.36
8	SYNC5_Loopy_MinSum	0.20	1	0	0	0.9219	0.0000	0.7000	0.0370	0.6630	10	18	8.3066	8.19
8	Candidate_LearnedEnergy	0.20	1	1	1	0.7578	0.0000	0.0000	0.0000	0.0000	31	0	0.1605	64.71
8	Ablation_ZeroInteraction	0.20	1	1	1	0.7578	0.0000	0.0000	0.0000	0.0000	31	0	0.0000	1114.54
8	Ablation_RandomSymmetric	0.20	1	1	1	0.7578	0.0000	0.0000	0.0000	0.0000	31	0	0.1783	51.25
8	N0_Unconstrained_Attn	0.20	1	1	1	0.7109	0.0000	0.0645	0.0825	-0.0180	37	10	5.4415	15.15
8	N1_Damped_Attn_0.25	0.20	1	1	1	0.7578	0.0000	0.0000	0.0000	0.0000	31	0	0.4997	13.50
8	N4_Symmetric_Energy_Attn	0.20	1	1	1	0.7578	0.0000	0.0000	0.0000	0.0000	31	0	1.5383	12.01
8	SYNC1_Spectral_Sync	0.20	1	1	1	0.8125	0.0000	0.3548	0.0412	0.3136	24	15	5.4772	2.32
8	SYNC5_Loopy_MinSum	0.20	1	1	1	0.8516	0.0000	0.6774	0.0928	0.5846	19	30	10.2956	6.33
8	Candidate_LearnedEnergy	0.20	1	2	2	0.8203	0.0000	0.0000	0.0000	0.0000	23	0	0.1629	49.02
8	Ablation_ZeroInteraction	0.20	1	2	2	0.8203	0.0000	0.0000	0.0000	0.0000	23	0	0.0000	33.71
8	Ablation_RandomSymmetric	0.20	1	2	2	0.8203	0.0000	0.0000	0.0000	0.0000	23	0	0.1784	46.11
8	N0_Unconstrained_Attn	0.20	1	2	2	0.8047	0.0000	0.0000	0.0190	-0.0190	25	2	2.5948	12.92
8	N1_Damped_Attn_0.25	0.20	1	2	2	0.8203	0.0000	0.0000	0.0000	0.0000	23	0	0.7438	13.26
8	N4_Symmetric_Energy_Attn	0.20	1	2	2	0.8203	0.0000	0.0000	0.0000	0.0000	23	0	1.3194	11.02
8	SYNC1_Spectral_Sync	0.20	1	2	2	0.8203	0.0000	0.2174	0.0476	0.1698	23	10	5.0000	1.51
8	SYNC5_Loopy_MinSum	0.20	1	2	2	0.8750	0.0000	0.6522	0.0762	0.5760	16	23	9.0554	5.52
8	Candidate_LearnedEnergy	0.20	1	3	3	0.8281	0.0000	0.0000	0.0000	0.0000	22	0	0.1554	45.89
8	Ablation_ZeroInteraction	0.20	1	3	3	0.8281	0.0000	0.0000	0.0000	0.0000	22	0	0.0000	32.93
8	Ablation_RandomSymmetric	0.20	1	3	3	0.8281	0.0000	0.0000	0.0000	0.0000	22	0	0.1351	44.84
8	N0_Unconstrained_Attn	0.20	1	3	3	0.7969	0.0000	0.0000	0.0377	-0.0377	26	4	3.3884	12.69
8	N1_Damped_Attn_0.25	0.20	1	3	3	0.8281	0.0000	0.0000	0.0000	0.0000	22	0	0.6443	12.06
8	N4_Symmetric_Energy_Attn	0.20	1	3	3	0.8281	0.0000	0.0000	0.0000	0.0000	22	0	2.1312	10.34
8	SYNC1_Spectral_Sync	0.20	1	3	3	0.8828	0.0000	0.3636	0.0094	0.3542	15	9	4.2426	1.53
8	SYNC5_Loopy_MinSum	0.20	1	3	3	0.9141	0.0000	0.7273	0.0472	0.6801	11	21	8.6603	4.61
8	Candidate_LearnedEnergy	0.20	1	4	4	0.7812	0.0000	0.0000	0.0000	0.0000	28	0	0.1114	45.76
8	Ablation_ZeroInteraction	0.20	1	4	4	0.7812	0.0000	0.0000	0.0000	0.0000	28	0	0.0000	32.66
8	Ablation_RandomSymmetric	0.20	1	4	4	0.7812	0.0000	0.0000	0.0000	0.0000	28	0	0.1691	44.77
8	N0_Unconstrained_Attn	0.20	1	4	4	0.7734	0.0000	0.0000	0.0100	-0.0100	29	1	2.8732	12.79
8	N1_Damped_Attn_0.25	0.20	1	4	4	0.7812	0.0000	0.0000	0.0000	0.0000	28	0	0.7381	12.42
8	N4_Symmetric_Energy_Attn	0.20	1	4	4	0.7812	0.0000	0.0000	0.0000	0.0000	28	0	1.7254	12.18
8	SYNC1_Spectral_Sync	0.20	1	4	4	0.7969	0.0000	0.2143	0.0400	0.1743	26	10	4.8990	1.67
8	SYNC5_Loopy_MinSum	0.20	1	4	4	0.8750	0.0000	0.6429	0.0600	0.5829	16	24	9.7980	4.31
8	Candidate_LearnedEnergy	0.20	1	5	5	0.7500	0.0000	0.0000	0.0000	0.0000	32	0	0.1475	73.10
8	Ablation_ZeroInteraction	0.20	1	5	5	0.7500	0.0000	0.0000	0.0000	0.0000	32	0	0.0000	50.96
8	Ablation_RandomSymmetric	0.20	1	5	5	0.7500	0.0000	0.0000	0.0000	0.0000	32	0	0.1589	67.73
8	N0_Unconstrained_Attn	0.20	1	5	5	0.7422	0.0000	0.0000	0.0104	-0.0104	33	1	3.1441	21.68
8	N1_Damped_Attn_0.25	0.20	1	5	5	0.7500	0.0000	0.0000	0.0000	0.0000	32	0	0.6682	22.75
8	N4_Symmetric_Energy_Attn	0.20	1	5	5	0.7500	0.0000	0.0000	0.0000	0.0000	32	0	1.5618	12.97
8	SYNC1_Spectral_Sync	0.20	1	5	5	0.7422	0.0000	0.1250	0.0521	0.0729	33	9	4.6904	2.44
8	SYNC5_Loopy_MinSum	0.20	1	5	5	0.8047	0.0000	0.4688	0.0833	0.3854	25	23	9.0554	8.64
8	Candidate_LearnedEnergy	0.20	1	6	6	0.7969	0.0000	0.0000	0.0000	0.0000	26	0	0.1963	69.86
8	Ablation_ZeroInteraction	0.20	1	6	6	0.7969	0.0000	0.0000	0.0000	0.0000	26	0	0.0000	52.96
8	Ablation_RandomSymmetric	0.20	1	6	6	0.7969	0.0000	0.0000	0.0000	0.0000	26	0	0.1528	65.00
8	N0_Unconstrained_Attn	0.20	1	6	6	0.7969	0.0000	0.0000	0.0000	0.0000	26	0	1.8049	15.92
8	N1_Damped_Attn_0.25	0.20	1	6	6	0.7969	0.0000	0.0000	0.0000	0.0000	26	0	0.5147	16.99
8	N4_Symmetric_Energy_Attn	0.20	1	6	6	0.7969	0.0000	0.0000	0.0000	0.0000	26	0	1.1439	11.78
8	SYNC1_Spectral_Sync	0.20	1	6	6	0.8359	0.0000	0.2692	0.0196	0.2496	21	9	4.0000	2.03
8	SYNC5_Loopy_MinSum	0.20	1	6	6	0.8672	0.0000	0.6538	0.0784	0.5754	17	25	9.0000	6.61
8	Candidate_LearnedEnergy	0.20	1	7	7	0.8438	0.0000	0.0000	0.0000	0.0000	20	0	0.1799	48.14
8	Ablation_ZeroInteraction	0.20	1	7	7	0.8438	0.0000	0.0000	0.0000	0.0000	20	0	0.0000	32.10
8	Ablation_RandomSymmetric	0.20	1	7	7	0.8438	0.0000	0.0000	0.0000	0.0000	20	0	0.1361	44.78
8	N0_Unconstrained_Attn	0.20	1	7	7	0.8438	0.0000	0.1000	0.0185	0.0815	20	4	4.0164	12.20
8	N1_Damped_Attn_0.25	0.20	1	7	7	0.8438	0.0000	0.0000	0.0000	0.0000	20	0	1.0364	12.57
8	N4_Symmetric_Energy_Attn	0.20	1	7	7	0.8438	0.0000	0.0000	0.0000	0.0000	20	0	1.4274	11.32
8	SYNC1_Spectral_Sync	0.20	1	7	7	0.8516	0.0000	0.1500	0.0185	0.1315	19	5	3.7417	1.41
8	SYNC5_Loopy_MinSum	0.20	1	7	7	0.9062	0.0000	0.6000	0.0370	0.5630	12	16	7.8102	4.72
8	Candidate_LearnedEnergy	0.20	1	8	8	0.7891	0.0000	0.0000	0.0000	0.0000	27	0	0.1356	46.76
8	Ablation_ZeroInteraction	0.20	1	8	8	0.7891	0.0000	0.0000	0.0000	0.0000	27	0	0.0000	34.47
8	Ablation_RandomSymmetric	0.20	1	8	8	0.7891	0.0000	0.0000	0.0000	0.0000	27	0	0.1620	47.12
8	N0_Unconstrained_Attn	0.20	1	8	8	0.7891	0.0000	0.0000	0.0000	0.0000	27	0	2.7432	12.39
8	N1_Damped_Attn_0.25	0.20	1	8	8	0.7891	0.0000	0.0000	0.0000	0.0000	27	0	0.6541	11.98
8	N4_Symmetric_Energy_Attn	0.20	1	8	8	0.7891	0.0000	0.0000	0.0000	0.0000	27	0	1.4117	10.52
8	SYNC1_Spectral_Sync	0.20	1	8	8	0.7891	0.0000	0.2222	0.0594	0.1628	27	12	4.7958	1.34
8	SYNC5_Loopy_MinSum	0.20	1	8	8	0.8281	0.0000	0.5185	0.0891	0.4294	22	23	9.2195	4.28
8	Candidate_LearnedEnergy	0.20	1	9	9	0.8516	0.0000	0.0000	0.0000	0.0000	19	0	0.1329	45.23
8	Ablation_ZeroInteraction	0.20	1	9	9	0.8516	0.0000	0.0000	0.0000	0.0000	19	0	0.0000	32.63
8	Ablation_RandomSymmetric	0.20	1	9	9	0.8516	0.0000	0.0000	0.0000	0.0000	19	0	0.1615	43.69
8	N0_Unconstrained_Attn	0.20	1	9	9	0.8438	0.0000	0.0000	0.0092	-0.0092	20	1	3.0530	12.00
8	N1_Damped_Attn_0.25	0.20	1	9	9	0.8516	0.0000	0.0000	0.0000	0.0000	19	0	0.9631	12.01
8	N4_Symmetric_Energy_Attn	0.20	1	9	9	0.8516	0.0000	0.0000	0.0000	0.0000	19	0	1.0240	11.26
8	SYNC1_Spectral_Sync	0.20	1	9	9	0.8672	0.0000	0.2105	0.0183	0.1922	17	6	3.7417	1.26
8	SYNC5_Loopy_MinSum	0.20	1	9	9	0.8906	0.0000	0.5789	0.0550	0.5239	14	17	7.8740	4.60
8	Candidate_LearnedEnergy	0.20	1	10	10	0.7422	0.0000	0.0000	0.0000	0.0000	33	0	0.1444	101.95
8	Ablation_ZeroInteraction	0.20	1	10	10	0.7422	0.0000	0.0000	0.0000	0.0000	33	0	0.0000	33.05
8	Ablation_RandomSymmetric	0.20	1	10	10	0.7422	0.0000	0.0000	0.0000	0.0000	33	0	0.1394	47.28
8	N0_Unconstrained_Attn	0.20	1	10	10	0.7266	0.0000	0.0303	0.0316	-0.0013	35	4	3.6396	14.15
8	N1_Damped_Attn_0.25	0.20	1	10	10	0.7422	0.0000	0.0000	0.0000	0.0000	33	0	0.6978	13.32
8	N4_Symmetric_Energy_Attn	0.20	1	10	10	0.7422	0.0000	0.0000	0.0000	0.0000	33	0	1.4350	11.62
8	SYNC1_Spectral_Sync	0.20	1	10	10	0.8047	0.0000	0.3939	0.0526	0.3413	25	18	5.1962	1.92
8	SYNC5_Loopy_MinSum	0.20	1	10	10	0.8359	0.0000	0.6061	0.0842	0.5219	21	28	10.2470	6.07
8	Candidate_LearnedEnergy	0.20	1	11	11	0.8203	0.0000	0.0000	0.0000	0.0000	23	0	0.1685	45.79
8	Ablation_ZeroInteraction	0.20	1	11	11	0.8203	0.0000	0.0000	0.0000	0.0000	23	0	0.0000	33.03
8	Ablation_RandomSymmetric	0.20	1	11	11	0.8203	0.0000	0.0000	0.0000	0.0000	23	0	0.1318	44.78
8	N0_Unconstrained_Attn	0.20	1	11	11	0.8047	0.0000	0.0435	0.0286	0.0149	25	4	3.8320	12.89
8	N1_Damped_Attn_0.25	0.20	1	11	11	0.8203	0.0000	0.0000	0.0000	0.0000	23	0	0.8065	12.94
8	N4_Symmetric_Energy_Attn	0.20	1	11	11	0.8203	0.0000	0.0000	0.0000	0.0000	23	0	1.8202	10.68
8	SYNC1_Spectral_Sync	0.20	1	11	11	0.8203	0.0000	0.1304	0.0286	0.1019	23	6	4.4721	1.34
8	SYNC5_Loopy_MinSum	0.20	1	11	11	0.9062	0.0000	0.7391	0.0571	0.6820	12	23	8.8318	5.75
8	Candidate_LearnedEnergy	0.20	1	12	12	0.8203	0.0000	0.0000	0.0000	0.0000	23	0	0.1530	45.78
8	Ablation_ZeroInteraction	0.20	1	12	12	0.8203	0.0000	0.0000	0.0000	0.0000	23	0	0.0000	32.98
8	Ablation_RandomSymmetric	0.20	1	12	12	0.8203	0.0000	0.0000	0.0000	0.0000	23	0	0.1440	44.98
8	N0_Unconstrained_Attn	0.20	1	12	12	0.8281	0.0000	0.0870	0.0095	0.0774	22	3	3.6447	12.85
8	N1_Damped_Attn_0.25	0.20	1	12	12	0.8203	0.0000	0.0000	0.0000	0.0000	23	0	0.8523	11.90
8	N4_Symmetric_Energy_Attn	0.20	1	12	12	0.8203	0.0000	0.0000	0.0000	0.0000	23	0	1.4706	10.44
8	SYNC1_Spectral_Sync	0.20	1	12	12	0.9375	0.0000	0.6957	0.0095	0.6861	8	17	5.2915	1.32
8	SYNC5_Loopy_MinSum	0.20	1	12	12	0.9766	0.0000	0.9565	0.0190	0.9375	3	24	9.8995	4.71
8	Candidate_LearnedEnergy	0.20	1	13	13	0.7969	0.0000	0.0000	0.0000	0.0000	26	0	0.1776	45.21
8	Ablation_ZeroInteraction	0.20	1	13	13	0.7969	0.0000	0.0000	0.0000	0.0000	26	0	0.0000	32.19
8	Ablation_RandomSymmetric	0.20	1	13	13	0.7969	0.0000	0.0000	0.0000	0.0000	26	0	0.1900	45.46
8	N0_Unconstrained_Attn	0.20	1	13	13	0.7812	0.0000	0.0000	0.0196	-0.0196	28	2	3.6619	12.47
8	N1_Damped_Attn_0.25	0.20	1	13	13	0.7969	0.0000	0.0000	0.0000	0.0000	26	0	0.7285	11.81
8	N4_Symmetric_Energy_Attn	0.20	1	13	13	0.7969	0.0000	0.0000	0.0000	0.0000	26	0	1.3272	10.92
8	SYNC1_Spectral_Sync	0.20	1	13	13	0.8750	0.0000	0.4615	0.0196	0.4419	16	14	4.8990	1.50
8	SYNC5_Loopy_MinSum	0.20	1	13	13	0.9453	0.0000	0.8462	0.0294	0.8167	7	25	9.5394	4.57
8	Candidate_LearnedEnergy	0.20	1	14	14	0.7812	0.0000	0.0000	0.0000	0.0000	28	0	0.1654	46.61
8	Ablation_ZeroInteraction	0.20	1	14	14	0.7812	0.0000	0.0000	0.0000	0.0000	28	0	0.0000	33.36
8	Ablation_RandomSymmetric	0.20	1	14	14	0.7812	0.0000	0.0000	0.0000	0.0000	28	0	0.1862	45.23
8	N0_Unconstrained_Attn	0.20	1	14	14	0.7031	0.0000	0.0000	0.1000	-0.1000	38	10	5.2873	12.43
8	N1_Damped_Attn_0.25	0.20	1	14	14	0.7812	0.0000	0.0000	0.0000	0.0000	28	0	0.8144	11.85
8	N4_Symmetric_Energy_Attn	0.20	1	14	14	0.7812	0.0000	0.0000	0.0000	0.0000	28	0	1.4135	10.54
8	SYNC1_Spectral_Sync	0.20	1	14	14	0.7734	0.0000	0.0714	0.0300	0.0414	29	5	4.1231	1.23
8	SYNC5_Loopy_MinSum	0.20	1	14	14	0.8359	0.0000	0.4643	0.0600	0.4043	21	19	8.4261	4.44
8	Candidate_LearnedEnergy	0.20	1	15	15	0.8281	0.0000	0.0000	0.0000	0.0000	22	0	0.1516	79.90
8	Ablation_ZeroInteraction	0.20	1	15	15	0.8281	0.0000	0.0000	0.0000	0.0000	22	0	0.0000	58.24
8	Ablation_RandomSymmetric	0.20	1	15	15	0.8281	0.0000	0.0000	0.0000	0.0000	22	0	0.1624	63.59
8	N0_Unconstrained_Attn	0.20	1	15	15	0.8359	0.0000	0.0455	0.0000	0.0455	21	1	2.8886	17.12
8	N1_Damped_Attn_0.25	0.20	1	15	15	0.8281	0.0000	0.0000	0.0000	0.0000	22	0	1.1063	16.63
8	N4_Symmetric_Energy_Attn	0.20	1	15	15	0.8281	0.0000	0.0000	0.0000	0.0000	22	0	1.5974	11.98
8	SYNC1_Spectral_Sync	0.20	1	15	15	0.8594	0.0000	0.2273	0.0094	0.2178	18	6	4.1231	2.35
8	SYNC5_Loopy_MinSum	0.20	1	15	15	0.9453	0.0000	0.8182	0.0283	0.7899	7	21	8.3666	8.49
8	Candidate_LearnedEnergy	0.20	1	16	16	0.8047	0.0000	0.0000	0.0000	0.0000	25	0	0.1654	63.11
8	Ablation_ZeroInteraction	0.20	1	16	16	0.8047	0.0000	0.0000	0.0000	0.0000	25	0	0.0000	50.17
8	Ablation_RandomSymmetric	0.20	1	16	16	0.8047	0.0000	0.0000	0.0000	0.0000	25	0	0.1691	102.13
8	N0_Unconstrained_Attn	0.20	1	16	16	0.7812	0.0000	0.0000	0.0291	-0.0291	28	3	3.4304	16.96
8	N1_Damped_Attn_0.25	0.20	1	16	16	0.8047	0.0000	0.0000	0.0000	0.0000	25	0	0.5000	17.87
8	N4_Symmetric_Energy_Attn	0.20	1	16	16	0.8047	0.0000	0.0000	0.0000	0.0000	25	0	1.6189	11.83
8	SYNC1_Spectral_Sync	0.20	1	16	16	0.7969	0.0000	0.1600	0.0485	0.1115	26	9	5.0000	2.28
8	SYNC5_Loopy_MinSum	0.20	1	16	16	0.8672	0.0000	0.6800	0.0874	0.5926	17	26	9.4340	8.33
8	Candidate_LearnedEnergy	0.20	1	17	17	0.7578	0.0000	0.0000	0.0000	0.0000	31	0	0.1476	64.94
8	Ablation_ZeroInteraction	0.20	1	17	17	0.7578	0.0000	0.0000	0.0000	0.0000	31	0	0.0000	51.61
8	Ablation_RandomSymmetric	0.20	1	17	17	0.7578	0.0000	0.0000	0.0000	0.0000	31	0	0.1778	69.49
8	N0_Unconstrained_Attn	0.20	1	17	17	0.7344	0.0000	0.0000	0.0309	-0.0309	34	3	3.3103	16.02
8	N1_Damped_Attn_0.25	0.20	1	17	17	0.7578	0.0000	0.0000	0.0000	0.0000	31	0	1.1634	16.38
8	N4_Symmetric_Energy_Attn	0.20	1	17	17	0.7578	0.0000	0.0000	0.0000	0.0000	31	0	1.8999	11.12
8	SYNC1_Spectral_Sync	0.20	1	17	17	0.7734	0.0000	0.2258	0.0515	0.1743	29	12	4.8990	2.44
8	SYNC5_Loopy_MinSum	0.20	1	17	17	0.8281	0.0000	0.5161	0.0722	0.4440	22	23	9.0554	7.26
8	Candidate_LearnedEnergy	0.20	1	18	18	0.7891	0.0000	0.0000	0.0000	0.0000	27	0	0.1639	65.96
8	Ablation_ZeroInteraction	0.20	1	18	18	0.7891	0.0000	0.0000	0.0000	0.0000	27	0	0.0000	51.30
8	Ablation_RandomSymmetric	0.20	1	18	18	0.7891	0.0000	0.0000	0.0000	0.0000	27	0	0.1370	64.94
8	N0_Unconstrained_Attn	0.20	1	18	18	0.7734	0.0000	0.0000	0.0198	-0.0198	29	2	3.8929	15.74
8	N1_Damped_Attn_0.25	0.20	1	18	18	0.7891	0.0000	0.0000	0.0000	0.0000	27	0	0.8945	17.79
8	N4_Symmetric_Energy_Attn	0.20	1	18	18	0.7891	0.0000	0.0000	0.0000	0.0000	27	0	1.6908	11.26
8	SYNC1_Spectral_Sync	0.20	1	18	18	0.8047	0.0000	0.2593	0.0495	0.2098	25	12	5.0990	1.98
8	SYNC5_Loopy_MinSum	0.20	1	18	18	0.8438	0.0000	0.6296	0.0990	0.5306	20	27	9.6437	7.22
8	Candidate_LearnedEnergy	0.20	1	19	19	0.8203	0.0000	0.0000	0.0000	0.0000	23	0	0.1292	45.38
8	Ablation_ZeroInteraction	0.20	1	19	19	0.8203	0.0000	0.0000	0.0000	0.0000	23	0	0.0000	31.83
8	Ablation_RandomSymmetric	0.20	1	19	19	0.8203	0.0000	0.0000	0.0000	0.0000	23	0	0.1657	45.73
8	N0_Unconstrained_Attn	0.20	1	19	19	0.8203	0.0000	0.0000	0.0000	0.0000	23	0	2.0481	11.98
8	N1_Damped_Attn_0.25	0.20	1	19	19	0.8203	0.0000	0.0000	0.0000	0.0000	23	0	0.6143	13.20
8	N4_Symmetric_Energy_Attn	0.20	1	19	19	0.8203	0.0000	0.0000	0.0000	0.0000	23	0	1.4556	11.26
8	SYNC1_Spectral_Sync	0.20	1	19	19	0.8438	0.0000	0.3043	0.0381	0.2663	20	11	4.1231	1.38
8	SYNC5_Loopy_MinSum	0.20	1	19	19	0.8594	0.0000	0.5217	0.0667	0.4551	18	19	8.4261	4.96
8	Candidate_LearnedEnergy	0.20	2	0	0	0.8438	0.0000	0.0000	0.0000	0.0000	20	0	0.2516	166.04
8	Ablation_ZeroInteraction	0.20	2	0	0	0.8438	0.0000	0.0000	0.0000	0.0000	20	0	0.0000	118.83
8	Ablation_RandomSymmetric	0.20	2	0	0	0.8438	0.0000	0.0000	0.0000	0.0000	20	0	0.2568	164.12
8	N0_Unconstrained_Attn	0.20	2	0	0	0.7891	0.0000	0.1000	0.0833	0.0167	27	11	5.9208	50.13
8	N1_Damped_Attn_0.25	0.20	2	0	0	0.8438	0.0000	0.0000	0.0000	0.0000	20	0	0.8507	24.28
8	N4_Symmetric_Energy_Attn	0.20	2	0	0	0.8438	0.0000	0.0000	0.0000	0.0000	20	0	3.9621	22.51
8	SYNC1_Spectral_Sync	0.20	2	0	0	0.8984	0.0000	0.4500	0.0185	0.4315	13	11	5.1235	3.00
8	SYNC5_Loopy_MinSum	0.20	2	0	0	0.9453	0.0000	0.8000	0.0278	0.7722	7	19	8.1394	8.53
8	Candidate_LearnedEnergy	0.20	2	1	1	0.7578	0.0000	0.0000	0.0000	0.0000	31	0	0.3145	79.89
8	Ablation_ZeroInteraction	0.20	2	1	1	0.7578	0.0000	0.0000	0.0000	0.0000	31	0	0.0000	57.25
8	Ablation_RandomSymmetric	0.20	2	1	1	0.7578	0.0000	0.0000	0.0000	0.0000	31	0	0.3492	78.61
8	N0_Unconstrained_Attn	0.20	2	1	1	0.6641	0.0000	0.0645	0.1443	-0.0798	43	16	7.4460	24.33
8	N1_Damped_Attn_0.25	0.20	2	1	1	0.7578	0.0000	0.0000	0.0000	0.0000	31	0	0.9794	24.47
8	N4_Symmetric_Energy_Attn	0.20	2	1	1	0.7578	0.0000	0.0000	0.0000	0.0000	31	0	2.7338	21.12
8	SYNC1_Spectral_Sync	0.20	2	1	1	0.8281	0.0000	0.3871	0.0309	0.3562	22	15	5.5678	3.32
8	SYNC5_Loopy_MinSum	0.20	2	1	1	0.8516	0.0000	0.6774	0.0928	0.5846	19	30	10.0125	7.18
8	Candidate_LearnedEnergy	0.20	2	2	2	0.8203	0.0000	0.0000	0.0000	0.0000	23	0	0.3201	79.99
8	Ablation_ZeroInteraction	0.20	2	2	2	0.8203	0.0000	0.0000	0.0000	0.0000	23	0	0.0000	1729.45
8	Ablation_RandomSymmetric	0.20	2	2	2	0.8203	0.0000	0.0000	0.0000	0.0000	23	0	0.3474	83.40
8	N0_Unconstrained_Attn	0.20	2	2	2	0.7812	0.0000	0.0000	0.0476	-0.0476	28	5	4.1167	25.37
8	N1_Damped_Attn_0.25	0.20	2	2	2	0.8203	0.0000	0.0000	0.0000	0.0000	23	0	1.4151	25.35
8	N4_Symmetric_Energy_Attn	0.20	2	2	2	0.8203	0.0000	0.0000	0.0000	0.0000	23	0	2.3732	22.11
8	SYNC1_Spectral_Sync	0.20	2	2	2	0.8906	0.0000	0.4348	0.0095	0.4253	14	11	5.2202	3.04
8	SYNC5_Loopy_MinSum	0.20	2	2	2	0.9219	0.0000	0.7391	0.0381	0.7010	10	21	9.0416	9.88
8	Candidate_LearnedEnergy	0.20	2	3	3	0.8281	0.0000	0.0000	0.0000	0.0000	22	0	0.3052	112.16
8	Ablation_ZeroInteraction	0.20	2	3	3	0.8281	0.0000	0.0000	0.0000	0.0000	22	0	0.0000	88.89
8	Ablation_RandomSymmetric	0.20	2	3	3	0.8281	0.0000	0.0000	0.0000	0.0000	22	0	0.2593	113.47
8	N0_Unconstrained_Attn	0.20	2	3	3	0.7656	0.0000	0.0000	0.0755	-0.0755	30	8	5.6611	31.38
8	N1_Damped_Attn_0.25	0.20	2	3	3	0.8281	0.0000	0.0000	0.0000	0.0000	22	0	1.2511	31.80
8	N4_Symmetric_Energy_Attn	0.20	2	3	3	0.8281	0.0000	0.0000	0.0000	0.0000	22	0	3.7850	22.43
8	SYNC1_Spectral_Sync	0.20	2	3	3	0.9453	0.0000	0.7273	0.0094	0.7178	7	17	6.0000	3.89
8	SYNC5_Loopy_MinSum	0.20	2	3	3	0.9141	0.0000	0.7273	0.0472	0.6801	11	21	8.8176	9.71
8	Candidate_LearnedEnergy	0.20	2	4	4	0.7812	0.0000	0.0000	0.0000	0.0000	28	0	0.2165	113.71
8	Ablation_ZeroInteraction	0.20	2	4	4	0.7812	0.0000	0.0000	0.0000	0.0000	28	0	0.0000	87.95
8	Ablation_RandomSymmetric	0.20	2	4	4	0.7812	0.0000	0.0000	0.0000	0.0000	28	0	0.3333	114.64
8	N0_Unconstrained_Attn	0.20	2	4	4	0.7578	0.0000	0.0714	0.0500	0.0214	31	7	4.8673	58.09
8	N1_Damped_Attn_0.25	0.20	2	4	4	0.7812	0.0000	0.0000	0.0000	0.0000	28	0	1.4387	33.48
8	N4_Symmetric_Energy_Attn	0.20	2	4	4	0.7812	0.0000	0.0000	0.0000	0.0000	28	0	3.2042	22.20
8	SYNC1_Spectral_Sync	0.20	2	4	4	0.8516	0.0000	0.4643	0.0400	0.4243	19	17	6.1237	4.59
8	SYNC5_Loopy_MinSum	0.20	2	4	4	0.8672	0.0000	0.6786	0.0800	0.5986	17	27	9.5000	10.15
8	Candidate_LearnedEnergy	0.20	2	5	5	0.7500	0.0000	0.0000	0.0000	0.0000	32	0	0.2843	1534.44
8	Ablation_ZeroInteraction	0.20	2	5	5	0.7500	0.0000	0.0000	0.0000	0.0000	32	0	0.0000	87.15
8	Ablation_RandomSymmetric	0.20	2	5	5	0.7500	0.0000	0.0000	0.0000	0.0000	32	0	0.3108	93.22
8	N0_Unconstrained_Attn	0.20	2	5	5	0.7344	0.0000	0.0625	0.0417	0.0208	34	6	4.7117	25.61
8	N1_Damped_Attn_0.25	0.20	2	5	5	0.7500	0.0000	0.0000	0.0000	0.0000	32	0	1.2830	25.09
8	N4_Symmetric_Energy_Attn	0.20	2	5	5	0.7500	0.0000	0.0000	0.0000	0.0000	32	0	2.7616	22.15
8	SYNC1_Spectral_Sync	0.20	2	5	5	0.8203	0.0000	0.3438	0.0208	0.3229	23	13	5.4772	2.89
8	SYNC5_Loopy_MinSum	0.20	2	5	5	0.8828	0.0000	0.7188	0.0625	0.6562	15	29	10.1366	7.24
8	Candidate_LearnedEnergy	0.20	2	6	6	0.7969	0.0000	0.0000	0.0000	0.0000	26	0	0.3861	80.70
8	Ablation_ZeroInteraction	0.20	2	6	6	0.7969	0.0000	0.0000	0.0000	0.0000	26	0	0.0000	58.91
8	Ablation_RandomSymmetric	0.20	2	6	6	0.7969	0.0000	0.0000	0.0000	0.0000	26	0	0.2978	80.27
8	N0_Unconstrained_Attn	0.20	2	6	6	0.7891	0.0000	0.0000	0.0098	-0.0098	27	1	3.0709	24.80
8	N1_Damped_Attn_0.25	0.20	2	6	6	0.7969	0.0000	0.0000	0.0000	0.0000	26	0	1.0020	23.67
8	N4_Symmetric_Energy_Attn	0.20	2	6	6	0.7969	0.0000	0.0000	0.0000	0.0000	26	0	1.8692	20.75
8	SYNC1_Spectral_Sync	0.20	2	6	6	0.8672	0.0000	0.4231	0.0196	0.4035	17	13	5.1478	2.44
8	SYNC5_Loopy_MinSum	0.20	2	6	6	0.9141	0.0000	0.8846	0.0784	0.8062	11	31	10.4523	6.83
8	Candidate_LearnedEnergy	0.20	2	7	7	0.8438	0.0000	0.0000	0.0000	0.0000	20	0	0.3491	127.71
8	Ablation_ZeroInteraction	0.20	2	7	7	0.8438	0.0000	0.0000	0.0000	0.0000	20	0	0.0000	91.73
8	Ablation_RandomSymmetric	0.20	2	7	7	0.8438	0.0000	0.0000	0.0000	0.0000	20	0	0.2646	117.46
8	N0_Unconstrained_Attn	0.20	2	7	7	0.8047	0.0000	0.1000	0.0648	0.0352	25	9	5.5471	35.17
8	N1_Damped_Attn_0.25	0.20	2	7	7	0.8438	0.0000	0.0000	0.0000	0.0000	20	0	1.9467	36.12
8	N4_Symmetric_Energy_Attn	0.20	2	7	7	0.8438	0.0000	0.0000	0.0000	0.0000	20	0	2.6270	24.59
8	SYNC1_Spectral_Sync	0.20	2	7	7	0.9141	0.0000	0.5500	0.0185	0.5315	11	13	5.3852	4.15
8	SYNC5_Loopy_MinSum	0.20	2	7	7	0.9297	0.0000	0.7500	0.0370	0.7130	9	19	8.3367	10.69
8	Candidate_LearnedEnergy	0.20	2	8	8	0.7891	0.0000	0.0000	0.0000	0.0000	27	0	0.2647	171.96
8	Ablation_ZeroInteraction	0.20	2	8	8	0.7891	0.0000	0.0000	0.0000	0.0000	27	0	0.0000	89.58
8	Ablation_RandomSymmetric	0.20	2	8	8	0.7891	0.0000	0.0000	0.0000	0.0000	27	0	0.3135	135.36
8	N0_Unconstrained_Attn	0.20	2	8	8	0.7812	0.0000	0.1481	0.0495	0.0986	28	9	4.8097	32.67
8	N1_Damped_Attn_0.25	0.20	2	8	8	0.7891	0.0000	0.0000	0.0000	0.0000	27	0	1.2454	33.11
8	N4_Symmetric_Energy_Attn	0.20	2	8	8	0.7891	0.0000	0.0000	0.0000	0.0000	27	0	2.4838	22.52
8	SYNC1_Spectral_Sync	0.20	2	8	8	0.8438	0.0000	0.3704	0.0297	0.3407	20	13	5.6347	4.16
8	SYNC5_Loopy_MinSum	0.20	2	8	8	0.8516	0.0000	0.6296	0.0891	0.5405	19	26	9.6047	10.05
8	Candidate_LearnedEnergy	0.20	2	9	9	0.8516	0.0000	0.0000	0.0000	0.0000	19	0	0.2567	113.72
8	Ablation_ZeroInteraction	0.20	2	9	9	0.8516	0.0000	0.0000	0.0000	0.0000	19	0	0.0000	91.29
8	Ablation_RandomSymmetric	0.20	2	9	9	0.8516	0.0000	0.0000	0.0000	0.0000	19	0	0.3178	116.25
8	N0_Unconstrained_Attn	0.20	2	9	9	0.8125	0.0000	0.1579	0.0734	0.0845	24	11	5.4470	32.81
8	N1_Damped_Attn_0.25	0.20	2	9	9	0.8516	0.0000	0.0000	0.0000	0.0000	19	0	1.7752	32.51
8	N4_Symmetric_Energy_Attn	0.20	2	9	9	0.8516	0.0000	0.0000	0.0000	0.0000	19	0	1.8351	23.15
8	SYNC1_Spectral_Sync	0.20	2	9	9	0.8906	0.0000	0.4211	0.0275	0.3935	14	11	4.8990	4.07
8	SYNC5_Loopy_MinSum	0.20	2	9	9	0.9141	0.0000	0.7368	0.0550	0.6818	11	20	8.3666	10.59
8	Candidate_LearnedEnergy	0.20	2	10	10	0.7422	0.0000	0.0000	0.0000	0.0000	33	0	0.2825	82.89
8	Ablation_ZeroInteraction	0.20	2	10	10	0.7422	0.0000	0.0000	0.0000	0.0000	33	0	0.0000	57.80
8	Ablation_RandomSymmetric	0.20	2	10	10	0.7422	0.0000	0.0000	0.0000	0.0000	33	0	0.2707	81.50
8	N0_Unconstrained_Attn	0.20	2	10	10	0.7344	0.0000	0.1515	0.0632	0.0884	34	11	5.7954	25.25
8	N1_Damped_Attn_0.25	0.20	2	10	10	0.7422	0.0000	0.0000	0.0000	0.0000	33	0	1.3377	24.09
8	N4_Symmetric_Energy_Attn	0.20	2	10	10	0.7422	0.0000	0.0000	0.0000	0.0000	33	0	2.6286	21.06
8	SYNC1_Spectral_Sync	0.20	2	10	10	0.8203	0.0000	0.4242	0.0421	0.3821	23	18	6.1033	2.57
8	SYNC5_Loopy_MinSum	0.20	2	10	10	0.8281	0.0000	0.6061	0.0947	0.5113	22	29	10.3199	7.20
8	Candidate_LearnedEnergy	0.20	2	11	11	0.8203	0.0000	0.0000	0.0000	0.0000	23	0	0.3301	80.14
8	Ablation_ZeroInteraction	0.20	2	11	11	0.8203	0.0000	0.0000	0.0000	0.0000	23	0	0.0000	58.57
8	Ablation_RandomSymmetric	0.20	2	11	11	0.8203	0.0000	0.0000	0.0000	0.0000	23	0	0.2565	79.18
8	N0_Unconstrained_Attn	0.20	2	11	11	0.7578	0.0000	0.0435	0.0857	-0.0422	31	10	5.9492	25.15
8	N1_Damped_Attn_0.25	0.20	2	11	11	0.8203	0.0000	0.0000	0.0000	0.0000	23	0	1.5370	24.25
8	N4_Symmetric_Energy_Attn	0.20	2	11	11	0.8203	0.0000	0.0000	0.0000	0.0000	23	0	3.1112	21.64
8	SYNC1_Spectral_Sync	0.20	2	11	11	0.9062	0.0000	0.4783	0.0000	0.4783	12	11	5.6125	2.56
8	SYNC5_Loopy_MinSum	0.20	2	11	11	0.9531	0.0000	0.8696	0.0286	0.8410	6	23	9.0967	6.80
8	Candidate_LearnedEnergy	0.20	2	12	12	0.8203	0.0000	0.0000	0.0000	0.0000	23	0	0.2988	123.76
8	Ablation_ZeroInteraction	0.20	2	12	12	0.8203	0.0000	0.0000	0.0000	0.0000	23	0	0.0000	58.91
8	Ablation_RandomSymmetric	0.20	2	12	12	0.8203	0.0000	0.0000	0.0000	0.0000	23	0	0.2793	79.27
8	N0_Unconstrained_Attn	0.20	2	12	12	0.7656	0.0000	0.1304	0.0952	0.0352	30	13	6.4616	24.42
8	N1_Damped_Attn_0.25	0.20	2	12	12	0.8203	0.0000	0.0000	0.0000	0.0000	23	0	1.5993	24.12
8	N4_Symmetric_Energy_Attn	0.20	2	12	12	0.8203	0.0000	0.0000	0.0000	0.0000	23	0	2.6529	22.51
8	SYNC1_Spectral_Sync	0.20	2	12	12	0.9531	0.0000	0.7826	0.0095	0.7731	6	19	5.9582	2.98
8	SYNC5_Loopy_MinSum	0.20	2	12	12	0.9688	0.0000	0.9565	0.0286	0.9280	4	25	9.7082	6.42
8	Candidate_LearnedEnergy	0.20	2	13	13	0.7969	0.0000	0.0000	0.0000	0.0000	26	0	0.3481	1269.82
8	Ablation_ZeroInteraction	0.20	2	13	13	0.7969	0.0000	0.0000	0.0000	0.0000	26	0	0.0000	60.42
8	Ablation_RandomSymmetric	0.20	2	13	13	0.7969	0.0000	0.0000	0.0000	0.0000	26	0	0.3697	78.52
8	N0_Unconstrained_Attn	0.20	2	13	13	0.7266	0.0000	0.0769	0.1078	-0.0309	35	13	5.7583	27.34
8	N1_Damped_Attn_0.25	0.20	2	13	13	0.7969	0.0000	0.0000	0.0000	0.0000	26	0	1.4159	46.54
8	N4_Symmetric_Energy_Attn	0.20	2	13	13	0.7969	0.0000	0.0000	0.0000	0.0000	26	0	2.4092	22.00
8	SYNC1_Spectral_Sync	0.20	2	13	13	0.9219	0.0000	0.6538	0.0098	0.6440	10	18	6.1644	2.76
8	SYNC5_Loopy_MinSum	0.20	2	13	13	0.9453	0.0000	0.8462	0.0294	0.8167	7	25	9.8489	7.90
8	Candidate_LearnedEnergy	0.20	2	14	14	0.7812	0.0000	0.0000	0.0000	0.0000	28	0	0.3241	81.34
8	Ablation_ZeroInteraction	0.20	2	14	14	0.7812	0.0000	0.0000	0.0000	0.0000	28	0	0.0000	62.01
8	Ablation_RandomSymmetric	0.20	2	14	14	0.7812	0.0000	0.0000	0.0000	0.0000	28	0	0.3668	79.24
8	N0_Unconstrained_Attn	0.20	2	14	14	0.6797	0.0000	0.0714	0.1500	-0.0786	41	17	8.0763	26.26
8	N1_Damped_Attn_0.25	0.20	2	14	14	0.7812	0.0000	0.0000	0.0000	0.0000	28	0	1.5476	25.03
8	N4_Symmetric_Energy_Attn	0.20	2	14	14	0.7812	0.0000	0.0000	0.0000	0.0000	28	0	2.6153	21.15
8	SYNC1_Spectral_Sync	0.20	2	14	14	0.8438	0.0000	0.3214	0.0100	0.3114	20	10	5.1720	2.47
8	SYNC5_Loopy_MinSum	0.20	2	14	14	0.8750	0.0000	0.6429	0.0600	0.5829	16	24	9.1378	7.13
8	Candidate_LearnedEnergy	0.20	2	15	15	0.8281	0.0000	0.0000	0.0000	0.0000	22	0	0.2957	127.60
8	Ablation_ZeroInteraction	0.20	2	15	15	0.8281	0.0000	0.0000	0.0000	0.0000	22	0	0.0000	130.95
8	Ablation_RandomSymmetric	0.20	2	15	15	0.8281	0.0000	0.0000	0.0000	0.0000	22	0	0.3158	121.82
8	N0_Unconstrained_Attn	0.20	2	15	15	0.7969	0.0000	0.0909	0.0566	0.0343	26	8	4.7152	34.68
8	N1_Damped_Attn_0.25	0.20	2	15	15	0.8281	0.0000	0.0000	0.0000	0.0000	22	0	2.0970	35.65
8	N4_Symmetric_Energy_Attn	0.20	2	15	15	0.8281	0.0000	0.0000	0.0000	0.0000	22	0	2.8986	4116.21
8	SYNC1_Spectral_Sync	0.20	2	15	15	0.9141	0.0000	0.5455	0.0094	0.5360	11	13	5.4083	4.81
8	SYNC5_Loopy_MinSum	0.20	2	15	15	0.9453	0.0000	0.8636	0.0377	0.8259	7	23	9.2871	12.57
8	Candidate_LearnedEnergy	0.20	2	16	16	0.8047	0.0000	0.0000	0.0000	0.0000	25	0	0.3243	78.82
8	Ablation_ZeroInteraction	0.20	2	16	16	0.8047	0.0000	0.0000	0.0000	0.0000	25	0	0.0000	56.42
8	Ablation_RandomSymmetric	0.20	2	16	16	0.8047	0.0000	0.0000	0.0000	0.0000	25	0	0.3306	78.23
8	N0_Unconstrained_Attn	0.20	2	16	16	0.7500	0.0000	0.0000	0.0680	-0.0680	32	7	5.7465	24.45
8	N1_Damped_Attn_0.25	0.20	2	16	16	0.8047	0.0000	0.0000	0.0000	0.0000	25	0	0.9681	23.48
8	N4_Symmetric_Energy_Attn	0.20	2	16	16	0.8047	0.0000	0.0000	0.0000	0.0000	25	0	2.7109	20.70
8	SYNC1_Spectral_Sync	0.20	2	16	16	0.8828	0.0000	0.4800	0.0194	0.4606	15	14	5.8095	2.21
8	SYNC5_Loopy_MinSum	0.20	2	16	16	0.8906	0.0000	0.6800	0.0583	0.6217	14	23	9.3541	6.21
8	Candidate_LearnedEnergy	0.20	2	17	17	0.7578	0.0000	0.0000	0.0000	0.0000	31	0	0.2827	110.35
8	Ablation_ZeroInteraction	0.20	2	17	17	0.7578	0.0000	0.0000	0.0000	0.0000	31	0	0.0000	85.92
8	Ablation_RandomSymmetric	0.20	2	17	17	0.7578	0.0000	0.0000	0.0000	0.0000	31	0	0.3497	110.23
8	N0_Unconstrained_Attn	0.20	2	17	17	0.7266	0.0000	0.1290	0.0825	0.0466	35	12	5.9792	31.51
8	N1_Damped_Attn_0.25	0.20	2	17	17	0.7578	0.0000	0.0000	0.0000	0.0000	31	0	2.1303	38.70
8	N4_Symmetric_Energy_Attn	0.20	2	17	17	0.7578	0.0000	0.0000	0.0000	0.0000	31	0	3.2976	22.21
8	SYNC1_Spectral_Sync	0.20	2	17	17	0.8359	0.0000	0.3871	0.0206	0.3665	21	14	5.6569	4.53
8	SYNC5_Loopy_MinSum	0.20	2	17	17	0.8672	0.0000	0.5806	0.0412	0.5394	17	22	9.1788	11.02
8	Candidate_LearnedEnergy	0.20	2	18	18	0.7891	0.0000	0.0000	0.0000	0.0000	27	0	0.3210	95.18
8	Ablation_ZeroInteraction	0.20	2	18	18	0.7891	0.0000	0.0000	0.0000	0.0000	27	0	0.0000	86.88
8	Ablation_RandomSymmetric	0.20	2	18	18	0.7891	0.0000	0.0000	0.0000	0.0000	27	0	0.2656	108.05
8	N0_Unconstrained_Attn	0.20	2	18	18	0.7266	0.0000	0.0741	0.0990	-0.0249	35	12	6.3287	34.02
8	N1_Damped_Attn_0.25	0.20	2	18	18	0.7891	0.0000	0.0000	0.0000	0.0000	27	0	1.6955	31.95
8	N4_Symmetric_Energy_Attn	0.20	2	18	18	0.7891	0.0000	0.0000	0.0000	0.0000	27	0	3.1846	21.98
8	SYNC1_Spectral_Sync	0.20	2	18	18	0.8516	0.0000	0.4074	0.0297	0.3777	19	14	5.6125	4.26
8	SYNC5_Loopy_MinSum	0.20	2	18	18	0.8750	0.0000	0.7037	0.0792	0.6245	16	27	9.8489	9.94
8	Candidate_LearnedEnergy	0.20	2	19	19	0.8203	0.0000	0.0000	0.0000	0.0000	23	0	0.2511	107.54
8	Ablation_ZeroInteraction	0.20	2	19	19	0.8203	0.0000	0.0000	0.0000	0.0000	23	0	0.0000	59.09
8	Ablation_RandomSymmetric	0.20	2	19	19	0.8203	0.0000	0.0000	0.0000	0.0000	23	0	0.3227	80.06
8	N0_Unconstrained_Attn	0.20	2	19	19	0.7812	0.0000	0.0000	0.0476	-0.0476	28	5	3.6135	26.37
8	N1_Damped_Attn_0.25	0.20	2	19	19	0.8203	0.0000	0.0000	0.0000	0.0000	23	0	1.1665	24.97
8	N4_Symmetric_Energy_Attn	0.20	2	19	19	0.8203	0.0000	0.0000	0.0000	0.0000	23	0	2.6621	21.60
8	SYNC1_Spectral_Sync	0.20	2	19	19	0.8672	0.0000	0.4348	0.0381	0.3967	17	14	5.5453	2.43
8	SYNC5_Loopy_MinSum	0.20	2	19	19	0.8672	0.0000	0.5652	0.0667	0.4986	17	20	8.4853	6.93
8	Candidate_LearnedEnergy	0.20	4	0	0	0.8438	0.0000	0.0000	0.0000	0.0000	20	0	0.4705	1884.08
8	Ablation_ZeroInteraction	0.20	4	0	0	0.8438	0.0000	0.0000	0.0000	0.0000	20	0	0.0000	128.69
8	Ablation_RandomSymmetric	0.20	4	0	0	0.8438	0.0000	0.0000	0.0000	0.0000	20	0	0.4820	169.97
8	N0_Unconstrained_Attn	0.20	4	0	0	0.7734	0.0000	0.1000	0.1019	-0.0019	29	13	7.4509	50.57
8	N1_Damped_Attn_0.25	0.20	4	0	0	0.8359	0.0000	0.0000	0.0093	-0.0093	21	1	1.7767	49.16
8	N4_Symmetric_Energy_Attn	0.20	4	0	0	0.7656	0.0000	0.1500	0.1204	0.0296	30	16	6.4542	41.57
8	SYNC1_Spectral_Sync	0.20	4	0	0	0.9141	0.0000	0.5500	0.0185	0.5315	11	13	6.2162	4.83
8	SYNC5_Loopy_MinSum	0.20	4	0	0	0.9922	0.0000	0.9500	0.0000	0.9500	1	19	8.1048	10.58
8	Candidate_LearnedEnergy	0.20	4	1	1	0.7578	0.0000	0.0000	0.0000	0.0000	31	0	0.6059	216.08
8	Ablation_ZeroInteraction	0.20	4	1	1	0.7578	0.0000	0.0000	0.0000	0.0000	31	0	0.0000	136.12
8	Ablation_RandomSymmetric	0.20	4	1	1	0.7578	0.0000	0.0000	0.0000	0.0000	31	0	0.6719	268.67
8	N0_Unconstrained_Attn	0.20	4	1	1	0.6094	0.0000	0.0968	0.2268	-0.1300	50	25	9.0270	51.88
8	N1_Damped_Attn_0.25	0.20	4	1	1	0.7578	0.0000	0.0000	0.0000	0.0000	31	0	1.8836	47.61
8	N4_Symmetric_Energy_Attn	0.20	4	1	1	0.7109	0.0000	0.0000	0.0619	-0.0619	37	6	4.4909	44.06
8	SYNC1_Spectral_Sync	0.20	4	1	1	0.8359	0.0000	0.4516	0.0412	0.4104	21	18	6.7338	7.22
8	SYNC5_Loopy_MinSum	0.20	4	1	1	0.8203	0.0000	0.6774	0.1340	0.5434	23	34	9.9310	16.04
8	Candidate_LearnedEnergy	0.20	4	2	2	0.8203	0.0000	0.0000	0.0000	0.0000	23	0	0.6209	205.99
8	Ablation_ZeroInteraction	0.20	4	2	2	0.8203	0.0000	0.0000	0.0000	0.0000	23	0	0.0000	164.82
8	Ablation_RandomSymmetric	0.20	4	2	2	0.8203	0.0000	0.0000	0.0000	0.0000	23	0	0.6612	209.50
8	N0_Unconstrained_Attn	0.20	4	2	2	0.7656	0.0000	0.0870	0.0857	0.0012	30	11	6.0748	63.56
8	N1_Damped_Attn_0.25	0.20	4	2	2	0.8125	0.0000	0.0000	0.0095	-0.0095	24	1	2.6125	65.28
8	N4_Symmetric_Energy_Attn	0.20	4	2	2	0.8203	0.0000	0.0435	0.0095	0.0340	23	2	3.9439	44.55
8	SYNC1_Spectral_Sync	0.20	4	2	2	0.9297	0.0000	0.6522	0.0095	0.6427	9	16	6.5467	7.10
8	SYNC5_Loopy_MinSum	0.20	4	2	2	0.9219	0.0000	0.8261	0.0571	0.7689	10	25	9.4099	54.18
8	Candidate_LearnedEnergy	0.20	4	3	3	0.8281	0.0000	0.0000	0.0000	0.0000	22	0	0.5916	163.34
8	Ablation_ZeroInteraction	0.20	4	3	3	0.8281	0.0000	0.0000	0.0000	0.0000	22	0	0.0000	108.95
8	Ablation_RandomSymmetric	0.20	4	3	3	0.8281	0.0000	0.0000	0.0000	0.0000	22	0	0.4797	152.56
8	N0_Unconstrained_Attn	0.20	4	3	3	0.7031	0.0000	0.0000	0.1509	-0.1509	38	16	7.6705	50.54
8	N1_Damped_Attn_0.25	0.20	4	3	3	0.8281	0.0000	0.0000	0.0000	0.0000	22	0	2.3916	48.11
8	N4_Symmetric_Energy_Attn	0.20	4	3	3	0.7891	0.0000	0.2273	0.0943	0.1329	27	15	6.1312	42.00
8	SYNC1_Spectral_Sync	0.20	4	3	3	0.9453	0.0000	0.7273	0.0094	0.7178	7	17	7.5664	5.01
8	SYNC5_Loopy_MinSum	0.20	4	3	3	0.9531	0.0000	0.7727	0.0094	0.7633	6	18	8.5266	12.41
8	Candidate_LearnedEnergy	0.20	4	4	4	0.7812	0.0000	0.0000	0.0000	0.0000	28	0	0.4120	1716.23
8	Ablation_ZeroInteraction	0.20	4	4	4	0.7812	0.0000	0.0000	0.0000	0.0000	28	0	0.0000	166.53
8	Ablation_RandomSymmetric	0.20	4	4	4	0.7812	0.0000	0.0000	0.0000	0.0000	28	0	0.6489	261.82
8	N0_Unconstrained_Attn	0.20	4	4	4	0.6875	0.0000	0.1429	0.1600	-0.0171	40	20	7.8955	63.35
8	N1_Damped_Attn_0.25	0.20	4	4	4	0.7812	0.0000	0.0000	0.0000	0.0000	28	0	2.7651	71.41
8	N4_Symmetric_Energy_Attn	0.20	4	4	4	0.7344	0.0000	0.1429	0.1000	0.0429	34	14	5.4543	44.41
8	SYNC1_Spectral_Sync	0.20	4	4	4	0.8672	0.0000	0.5357	0.0400	0.4957	17	19	7.5643	7.37
8	SYNC5_Loopy_MinSum	0.20	4	4	4	0.8828	0.0000	0.6071	0.0400	0.5671	15	21	8.8176	15.98
8	Candidate_LearnedEnergy	0.20	4	5	5	0.7500	0.0000	0.0000	0.0000	0.0000	32	0	0.5295	225.05
8	Ablation_ZeroInteraction	0.20	4	5	5	0.7500	0.0000	0.0000	0.0000	0.0000	32	0	0.0000	269.03
8	Ablation_RandomSymmetric	0.20	4	5	5	0.7500	0.0000	0.0000	0.0000	0.0000	32	0	0.5982	280.10
8	N0_Unconstrained_Attn	0.20	4	5	5	0.6719	0.0000	0.0938	0.1354	-0.0417	42	16	7.2227	78.48
8	N1_Damped_Attn_0.25	0.20	4	5	5	0.7422	0.0000	0.0000	0.0104	-0.0104	33	1	2.3865	67.58
8	N4_Symmetric_Energy_Attn	0.20	4	5	5	0.7344	0.0000	0.0625	0.0417	0.0208	34	6	4.3893	44.43
8	SYNC1_Spectral_Sync	0.20	4	5	5	0.8438	0.0000	0.4375	0.0208	0.4167	20	16	7.0156	7.65
8	SYNC5_Loopy_MinSum	0.20	4	5	5	0.9141	0.0000	0.9062	0.0833	0.8229	11	37	10.7790	17.40
8	Candidate_LearnedEnergy	0.20	4	6	6	0.7969	0.0000	0.0000	0.0000	0.0000	26	0	0.7494	218.80
8	Ablation_ZeroInteraction	0.20	4	6	6	0.7969	0.0000	0.0000	0.0000	0.0000	26	0	0.0000	177.52
8	Ablation_RandomSymmetric	0.20	4	6	6	0.7969	0.0000	0.0000	0.0000	0.0000	26	0	0.5697	209.44
8	N0_Unconstrained_Attn	0.20	4	6	6	0.7734	0.0000	0.1154	0.0588	0.0566	29	9	5.0266	65.05
8	N1_Damped_Attn_0.25	0.20	4	6	6	0.7969	0.0000	0.0000	0.0000	0.0000	26	0	1.9004	65.52
8	N4_Symmetric_Energy_Attn	0.20	4	6	6	0.7891	0.0000	0.0000	0.0098	-0.0098	27	1	2.8645	44.06
8	SYNC1_Spectral_Sync	0.20	4	6	6	0.8672	0.0000	0.4231	0.0196	0.4035	17	13	6.3369	7.10
8	SYNC5_Loopy_MinSum	0.20	4	6	6	0.9062	0.0000	0.8462	0.0784	0.7677	12	30	10.1126	15.80
8	Candidate_LearnedEnergy	0.20	4	7	7	0.8438	0.0000	0.0000	0.0000	0.0000	20	0	0.6590	168.13
8	Ablation_ZeroInteraction	0.20	4	7	7	0.8438	0.0000	0.0000	0.0000	0.0000	20	0	0.0000	110.82
8	Ablation_RandomSymmetric	0.20	4	7	7	0.8438	0.0000	0.0000	0.0000	0.0000	20	0	0.5029	150.73
8	N0_Unconstrained_Attn	0.20	4	7	7	0.7656	0.0000	0.1000	0.1111	-0.0111	30	14	6.8789	53.73
8	N1_Damped_Attn_0.25	0.20	4	7	7	0.8203	0.0000	0.0000	0.0278	-0.0278	23	3	3.4771	49.75
8	N4_Symmetric_Energy_Attn	0.20	4	7	7	0.8047	0.0000	0.0500	0.0556	-0.0056	25	7	4.4770	42.66
8	SYNC1_Spectral_Sync	0.20	4	7	7	0.9141	0.0000	0.5500	0.0185	0.5315	11	13	6.6474	5.13
8	SYNC5_Loopy_MinSum	0.20	4	7	7	0.9531	0.0000	0.7500	0.0093	0.7407	6	16	8.0419	12.51
8	Candidate_LearnedEnergy	0.20	4	8	8	0.7891	0.0000	0.0000	0.0000	0.0000	27	0	0.5063	194.01
8	Ablation_ZeroInteraction	0.20	4	8	8	0.7891	0.0000	0.0000	0.0000	0.0000	27	0	0.0000	109.18
8	Ablation_RandomSymmetric	0.20	4	8	8	0.7891	0.0000	0.0000	0.0000	0.0000	27	0	0.5893	146.93
8	N0_Unconstrained_Attn	0.20	4	8	8	0.7578	0.0000	0.1852	0.0891	0.0961	31	14	7.5693	53.04
8	N1_Damped_Attn_0.25	0.20	4	8	8	0.7812	0.0000	0.0000	0.0099	-0.0099	28	1	2.2868	47.86
8	N4_Symmetric_Energy_Attn	0.20	4	8	8	0.7734	0.0000	0.0370	0.0297	0.0073	29	4	4.0664	42.24
8	SYNC1_Spectral_Sync	0.20	4	8	8	0.8672	0.0000	0.4815	0.0297	0.4518	17	16	6.9788	4.69
8	SYNC5_Loopy_MinSum	0.20	4	8	8	0.8750	0.0000	0.6667	0.0693	0.5974	16	25	9.0984	11.61
8	Candidate_LearnedEnergy	0.20	4	9	9	0.8516	0.0000	0.0000	0.0000	0.0000	19	0	0.4815	154.94
8	Ablation_ZeroInteraction	0.20	4	9	9	0.8516	0.0000	0.0000	0.0000	0.0000	19	0	0.0000	108.02
8	Ablation_RandomSymmetric	0.20	4	9	9	0.8516	0.0000	0.0000	0.0000	0.0000	19	0	0.6171	148.90
8	N0_Unconstrained_Attn	0.20	4	9	9	0.7734	0.0000	0.1579	0.1193	0.0386	29	16	7.6401	50.07
8	N1_Damped_Attn_0.25	0.20	4	9	9	0.8438	0.0000	0.0000	0.0092	-0.0092	20	1	3.0706	48.31
8	N4_Symmetric_Energy_Attn	0.20	4	9	9	0.8516	0.0000	0.0000	0.0000	0.0000	19	0	3.1104	41.84
8	SYNC1_Spectral_Sync	0.20	4	9	9	0.8906	0.0000	0.4211	0.0275	0.3935	14	11	5.8417	5.25
8	SYNC5_Loopy_MinSum	0.20	4	9	9	0.9141	0.0000	0.6842	0.0459	0.6383	11	18	7.9893	10.98
8	Candidate_LearnedEnergy	0.20	4	10	10	0.7422	0.0000	0.0000	0.0000	0.0000	33	0	0.5429	153.25
8	Ablation_ZeroInteraction	0.20	4	10	10	0.7422	0.0000	0.0000	0.0000	0.0000	33	0	0.0000	105.57
8	Ablation_RandomSymmetric	0.20	4	10	10	0.7422	0.0000	0.0000	0.0000	0.0000	33	0	0.5125	147.86
8	N0_Unconstrained_Attn	0.20	4	10	10	0.7266	0.0000	0.2121	0.0947	0.1174	35	16	7.6256	49.77
8	N1_Damped_Attn_0.25	0.20	4	10	10	0.7422	0.0000	0.0000	0.0000	0.0000	33	0	2.4874	47.98
8	N4_Symmetric_Energy_Attn	0.20	4	10	10	0.6953	0.0000	0.0303	0.0737	-0.0434	39	8	4.3732	42.65
8	SYNC1_Spectral_Sync	0.20	4	10	10	0.8281	0.0000	0.4545	0.0421	0.4124	22	19	7.3304	4.73
8	SYNC5_Loopy_MinSum	0.20	4	10	10	0.8516	0.0000	0.6061	0.0632	0.5429	19	26	9.5443	10.66
8	Candidate_LearnedEnergy	0.20	4	11	11	0.8203	0.0000	0.0000	0.0000	0.0000	23	0	0.6368	185.84
8	Ablation_ZeroInteraction	0.20	4	11	11	0.8203	0.0000	0.0000	0.0000	0.0000	23	0	0.0000	107.39
8	Ablation_RandomSymmetric	0.20	4	11	11	0.8203	0.0000	0.0000	0.0000	0.0000	23	0	0.4887	145.86
8	N0_Unconstrained_Attn	0.20	4	11	11	0.7422	0.0000	0.2174	0.1429	0.0745	33	20	7.7224	50.63
8	N1_Damped_Attn_0.25	0.20	4	11	11	0.8203	0.0000	0.0000	0.0000	0.0000	23	0	2.8274	47.33
8	N4_Symmetric_Energy_Attn	0.20	4	11	11	0.7656	0.0000	0.0000	0.0667	-0.0667	30	7	4.8535	41.88
8	SYNC1_Spectral_Sync	0.20	4	11	11	0.9531	0.0000	0.7391	0.0000	0.7391	6	17	7.2263	4.77
8	SYNC5_Loopy_MinSum	0.20	4	11	11	0.9531	0.0000	0.8261	0.0190	0.8070	6	21	8.9609	14.64
8	Candidate_LearnedEnergy	0.20	4	12	12	0.8203	0.0000	0.0000	0.0000	0.0000	23	0	0.5720	191.32
8	Ablation_ZeroInteraction	0.20	4	12	12	0.8203	0.0000	0.0000	0.0000	0.0000	23	0	0.0000	107.73
8	Ablation_RandomSymmetric	0.20	4	12	12	0.8203	0.0000	0.0000	0.0000	0.0000	23	0	0.5270	164.26
8	N0_Unconstrained_Attn	0.20	4	12	12	0.6953	0.0000	0.2609	0.2095	0.0513	39	28	9.1478	50.20
8	N1_Damped_Attn_0.25	0.20	4	12	12	0.8281	0.0000	0.0435	0.0000	0.0435	22	1	2.8868	51.89
8	N4_Symmetric_Energy_Attn	0.20	4	12	12	0.7734	0.0000	0.0000	0.0571	-0.0571	29	6	4.3880	41.65
8	SYNC1_Spectral_Sync	0.20	4	12	12	0.9531	0.0000	0.7826	0.0095	0.7731	6	19	7.3037	4.72
8	SYNC5_Loopy_MinSum	0.20	4	12	12	0.9688	0.0000	0.9130	0.0190	0.8940	4	23	8.8353	10.10
8	Candidate_LearnedEnergy	0.20	4	13	13	0.7969	0.0000	0.0000	0.0000	0.0000	26	0	0.6702	149.59
8	Ablation_ZeroInteraction	0.20	4	13	13	0.7969	0.0000	0.0000	0.0000	0.0000	26	0	0.0000	108.31
8	Ablation_RandomSymmetric	0.20	4	13	13	0.7969	0.0000	0.0000	0.0000	0.0000	26	0	0.7037	143.90
8	N0_Unconstrained_Attn	0.20	4	13	13	0.6797	0.0000	0.0769	0.1667	-0.0897	41	19	7.7198	50.47
8	N1_Damped_Attn_0.25	0.20	4	13	13	0.7891	0.0000	0.0000	0.0098	-0.0098	27	1	2.6699	50.72
8	N4_Symmetric_Energy_Attn	0.20	4	13	13	0.7734	0.0000	0.0385	0.0392	-0.0008	29	5	4.0588	41.51
8	SYNC1_Spectral_Sync	0.20	4	13	13	0.9375	0.0000	0.7308	0.0098	0.7210	8	20	7.8262	4.85
8	SYNC5_Loopy_MinSum	0.20	4	13	13	0.9609	0.0000	0.8462	0.0098	0.8363	5	23	9.4406	10.25
8	Candidate_LearnedEnergy	0.20	4	14	14	0.7812	0.0000	0.0000	0.0000	0.0000	28	0	0.6233	1882.11
8	Ablation_ZeroInteraction	0.20	4	14	14	0.7812	0.0000	0.0000	0.0000	0.0000	28	0	0.0000	114.92
8	Ablation_RandomSymmetric	0.20	4	14	14	0.7812	0.0000	0.0000	0.0000	0.0000	28	0	0.7139	266.26
8	N0_Unconstrained_Attn	0.20	4	14	14	0.6094	0.0000	0.1071	0.2500	-0.1429	50	28	10.0817	51.47
8	N1_Damped_Attn_0.25	0.20	4	14	14	0.7891	0.0000	0.0357	0.0000	0.0357	27	1	2.8267	59.88
8	N4_Symmetric_Energy_Attn	0.20	4	14	14	0.7422	0.0000	0.0000	0.0500	-0.0500	33	5	4.6122	42.95
8	SYNC1_Spectral_Sync	0.20	4	14	14	0.8750	0.0000	0.4643	0.0100	0.4543	16	14	6.5324	5.35
8	SYNC5_Loopy_MinSum	0.20	4	14	14	0.8984	0.0000	0.6786	0.0400	0.6386	13	23	9.2111	12.81
8	Candidate_LearnedEnergy	0.20	4	15	15	0.8281	0.0000	0.0000	0.0000	0.0000	22	0	0.5640	203.57
8	Ablation_ZeroInteraction	0.20	4	15	15	0.8281	0.0000	0.0000	0.0000	0.0000	22	0	0.0000	167.87
8	Ablation_RandomSymmetric	0.20	4	15	15	0.8281	0.0000	0.0000	0.0000	0.0000	22	0	0.6007	230.93
8	N0_Unconstrained_Attn	0.20	4	15	15	0.7578	0.0000	0.1364	0.1132	0.0232	31	15	7.2696	64.33
8	N1_Damped_Attn_0.25	0.20	4	15	15	0.7969	0.0000	0.0000	0.0377	-0.0377	26	4	3.7662	68.26
8	N4_Symmetric_Energy_Attn	0.20	4	15	15	0.7891	0.0000	0.0455	0.0566	-0.0111	27	7	4.8223	44.45
8	SYNC1_Spectral_Sync	0.20	4	15	15	0.9062	0.0000	0.5455	0.0189	0.5266	12	14	6.6884	7.37
8	SYNC5_Loopy_MinSum	0.20	4	15	15	0.9453	0.0000	0.8636	0.0377	0.8259	7	23	9.0251	16.09
8	Candidate_LearnedEnergy	0.20	4	16	16	0.8047	0.0000	0.0000	0.0000	0.0000	25	0	0.6250	220.69
8	Ablation_ZeroInteraction	0.20	4	16	16	0.8047	0.0000	0.0000	0.0000	0.0000	25	0	0.0000	179.19
8	Ablation_RandomSymmetric	0.20	4	16	16	0.8047	0.0000	0.0000	0.0000	0.0000	25	0	0.6344	212.84
8	N0_Unconstrained_Attn	0.20	4	16	16	0.6641	0.0000	0.1600	0.2136	-0.0536	43	26	8.6504	65.14
8	N1_Damped_Attn_0.25	0.20	4	16	16	0.8047	0.0000	0.0000	0.0000	0.0000	25	0	1.8330	70.13
8	N4_Symmetric_Energy_Attn	0.20	4	16	16	0.7734	0.0000	0.0000	0.0388	-0.0388	29	4	3.9910	80.29
8	SYNC1_Spectral_Sync	0.20	4	16	16	0.9062	0.0000	0.6000	0.0194	0.5806	12	17	7.0633	7.27
8	SYNC5_Loopy_MinSum	0.20	4	16	16	0.9219	0.0000	0.7600	0.0388	0.7212	10	23	8.8087	16.33
8	Candidate_LearnedEnergy	0.20	4	17	17	0.7578	0.0000	0.0000	0.0000	0.0000	31	0	0.5225	1975.72
8	Ablation_ZeroInteraction	0.20	4	17	17	0.7578	0.0000	0.0000	0.0000	0.0000	31	0	0.0000	121.05
8	Ablation_RandomSymmetric	0.20	4	17	17	0.7578	0.0000	0.0000	0.0000	0.0000	31	0	0.6776	210.22
8	N0_Unconstrained_Attn	0.20	4	17	17	0.6797	0.0000	0.2258	0.1753	0.0505	41	24	8.6430	51.23
8	N1_Damped_Attn_0.25	0.20	4	17	17	0.7344	0.0000	0.0000	0.0309	-0.0309	34	3	3.6979	48.50
8	N4_Symmetric_Energy_Attn	0.20	4	17	17	0.7734	0.0000	0.1935	0.0412	0.1523	29	10	5.2853	44.42
8	SYNC1_Spectral_Sync	0.20	4	17	17	0.8672	0.0000	0.5161	0.0206	0.4955	17	18	7.2327	5.40
8	SYNC5_Loopy_MinSum	0.20	4	17	17	0.8672	0.0000	0.5806	0.0412	0.5394	17	22	9.1566	11.32
8	Candidate_LearnedEnergy	0.20	4	18	18	0.7891	0.0000	0.0000	0.0000	0.0000	27	0	0.6192	233.95
8	Ablation_ZeroInteraction	0.20	4	18	18	0.7891	0.0000	0.0000	0.0000	0.0000	27	0	0.0000	109.36
8	Ablation_RandomSymmetric	0.20	4	18	18	0.7891	0.0000	0.0000	0.0000	0.0000	27	0	0.5019	147.39
8	N0_Unconstrained_Attn	0.20	4	18	18	0.6641	0.0000	0.1852	0.2079	-0.0227	43	26	8.8955	50.52
8	N1_Damped_Attn_0.25	0.20	4	18	18	0.7812	0.0000	0.0000	0.0099	-0.0099	28	1	3.0839	48.63
8	N4_Symmetric_Energy_Attn	0.20	4	18	18	0.7188	0.0000	0.0741	0.1089	-0.0348	36	13	5.5698	42.18
8	SYNC1_Spectral_Sync	0.20	4	18	18	0.8750	0.0000	0.5185	0.0297	0.4888	16	17	6.8829	4.64
8	SYNC5_Loopy_MinSum	0.20	4	18	18	0.8906	0.0000	0.7037	0.0594	0.6443	14	25	9.0967	10.18
8	Candidate_LearnedEnergy	0.20	4	19	19	0.8203	0.0000	0.0000	0.0000	0.0000	23	0	0.4765	153.04
8	Ablation_ZeroInteraction	0.20	4	19	19	0.8203	0.0000	0.0000	0.0000	0.0000	23	0	0.0000	106.83
8	Ablation_RandomSymmetric	0.20	4	19	19	0.8203	0.0000	0.0000	0.0000	0.0000	23	0	0.6149	157.31
8	N0_Unconstrained_Attn	0.20	4	19	19	0.7344	0.0000	0.0435	0.1143	-0.0708	34	13	5.9914	50.59
8	N1_Damped_Attn_0.25	0.20	4	19	19	0.8203	0.0000	0.0000	0.0000	0.0000	23	0	2.1258	48.27
8	N4_Symmetric_Energy_Attn	0.20	4	19	19	0.7656	0.0000	0.0000	0.0667	-0.0667	30	7	4.5359	42.21
8	SYNC1_Spectral_Sync	0.20	4	19	19	0.8672	0.0000	0.4348	0.0381	0.3967	17	14	6.6837	4.93
8	SYNC5_Loopy_MinSum	0.20	4	19	19	0.8750	0.0000	0.5652	0.0571	0.5081	16	19	8.1777	12.24
8	Candidate_LearnedEnergy	0.20	8	0	0	0.8438	0.0000	0.0000	0.0000	0.0000	20	0	0.8437	15790.74
8	Ablation_ZeroInteraction	0.20	8	0	0	0.8438	0.0000	0.0000	0.0000	0.0000	20	0	0.0000	325.95
8	Ablation_RandomSymmetric	0.20	8	0	0	0.8438	0.0000	0.0000	0.0000	0.0000	20	0	0.8710	401.18
8	N0_Unconstrained_Attn	0.20	8	0	0	0.6875	0.0000	0.1000	0.2037	-0.1037	40	24	8.4412	132.43
8	N1_Damped_Attn_0.25	0.20	8	0	0	0.8203	0.0000	0.0000	0.0278	-0.0278	23	3	3.3089	132.59
8	N4_Symmetric_Energy_Attn	0.20	8	0	0	0.6641	0.0000	0.2500	0.2593	-0.0093	43	33	9.1214	89.58
8	SYNC1_Spectral_Sync	0.20	8	0	0	0.9141	0.0000	0.5500	0.0185	0.5315	11	13	6.7274	15.07
8	SYNC5_Loopy_MinSum	0.20	8	0	0	0.9922	0.0000	0.9500	0.0000	0.9500	1	19	8.7302	31.68
8	Candidate_LearnedEnergy	0.20	8	1	1	0.7578	0.0000	0.0000	0.0000	0.0000	31	0	1.1381	574.64
8	Ablation_ZeroInteraction	0.20	8	1	1	0.7578	0.0000	0.0000	0.0000	0.0000	31	0	0.0000	290.91
8	Ablation_RandomSymmetric	0.20	8	1	1	0.7578	0.0000	0.0000	0.0000	0.0000	31	0	1.2508	443.88
8	N0_Unconstrained_Attn	0.20	8	1	1	0.5547	0.0000	0.1935	0.3299	-0.1363	57	38	11.0350	159.77
8	N1_Damped_Attn_0.25	0.20	8	1	1	0.7422	0.0000	0.0000	0.0206	-0.0206	33	2	3.4909	172.80
8	N4_Symmetric_Energy_Attn	0.20	8	1	1	0.7109	0.0000	0.1290	0.1031	0.0259	37	14	6.6940	92.70
8	SYNC1_Spectral_Sync	0.20	8	1	1	0.8438	0.0000	0.4839	0.0412	0.4426	20	19	7.8355	10.02
8	SYNC5_Loopy_MinSum	0.20	8	1	1	0.8906	0.0000	0.8065	0.0825	0.7240	14	33	10.2746	19.48
8	Candidate_LearnedEnergy	0.20	8	2	2	0.8203	0.0000	0.0000	0.0000	0.0000	23	0	1.1844	291.16
8	Ablation_ZeroInteraction	0.20	8	2	2	0.8203	0.0000	0.0000	0.0000	0.0000	23	0	0.0000	209.19
8	Ablation_RandomSymmetric	0.20	8	2	2	0.8203	0.0000	0.0000	0.0000	0.0000	23	0	1.2136	362.20
8	N0_Unconstrained_Attn	0.20	8	2	2	0.7344	0.0000	0.0870	0.1238	-0.0369	34	15	7.3873	102.94
8	N1_Damped_Attn_0.25	0.20	8	2	2	0.7656	0.0000	0.0435	0.0762	-0.0327	30	9	4.6461	95.23
8	N4_Symmetric_Energy_Attn	0.20	8	2	2	0.7656	0.0000	0.1739	0.1048	0.0692	30	15	6.1358	82.66
8	SYNC1_Spectral_Sync	0.20	8	2	2	0.9375	0.0000	0.6957	0.0095	0.6861	8	17	7.7048	9.44
8	SYNC5_Loopy_MinSum	0.20	8	2	2	0.9141	0.0000	0.7826	0.0571	0.7255	11	24	9.5826	19.96
8	Candidate_LearnedEnergy	0.20	8	3	3	0.8281	0.0000	0.0000	0.0000	0.0000	22	0	1.1298	318.79
8	Ablation_ZeroInteraction	0.20	8	3	3	0.8281	0.0000	0.0000	0.0000	0.0000	22	0	0.0000	204.11
8	Ablation_RandomSymmetric	0.20	8	3	3	0.8281	0.0000	0.0000	0.0000	0.0000	22	0	0.8453	282.52
8	N0_Unconstrained_Attn	0.20	8	3	3	0.6172	0.0000	0.0455	0.2642	-0.2187	49	29	9.8344	98.05
8	N1_Damped_Attn_0.25	0.20	8	3	3	0.7891	0.0000	0.0000	0.0472	-0.0472	27	5	4.4041	94.65
8	N4_Symmetric_Energy_Attn	0.20	8	3	3	0.7344	0.0000	0.3636	0.1887	0.1750	34	28	8.6887	82.10
8	SYNC1_Spectral_Sync	0.20	8	3	3	0.9453	0.0000	0.7273	0.0094	0.7178	7	17	8.1878	9.34
8	SYNC5_Loopy_MinSum	0.20	8	3	3	0.9453	0.0000	0.7273	0.0094	0.7178	7	17	8.3344	19.34
8	Candidate_LearnedEnergy	0.20	8	4	4	0.7812	0.0000	0.0000	0.0000	0.0000	28	0	0.7671	283.28
8	Ablation_ZeroInteraction	0.20	8	4	4	0.7812	0.0000	0.0000	0.0000	0.0000	28	0	0.0000	208.88
8	Ablation_RandomSymmetric	0.20	8	4	4	0.7812	0.0000	0.0000	0.0000	0.0000	28	0	1.2413	285.20
8	N0_Unconstrained_Attn	0.20	8	4	4	0.5938	0.0000	0.3214	0.3300	-0.0086	52	42	11.5980	98.70
8	N1_Damped_Attn_0.25	0.20	8	4	4	0.7188	0.0000	0.0000	0.0800	-0.0800	36	8	5.1181	109.64
8	N4_Symmetric_Energy_Attn	0.20	8	4	4	0.6719	0.0000	0.1786	0.1900	-0.0114	42	24	8.0790	82.20
8	SYNC1_Spectral_Sync	0.20	8	4	4	0.8672	0.0000	0.5357	0.0400	0.4957	17	19	8.2850	8.86
8	SYNC5_Loopy_MinSum	0.20	8	4	4	0.8828	0.0000	0.6786	0.0600	0.6186	15	25	9.0594	18.10
8	Candidate_LearnedEnergy	0.20	8	5	5	0.7500	0.0000	0.0000	0.0000	0.0000	32	0	0.9296	392.27
8	Ablation_ZeroInteraction	0.20	8	5	5	0.7500	0.0000	0.0000	0.0000	0.0000	32	0	0.0000	307.69
8	Ablation_RandomSymmetric	0.20	8	5	5	0.7500	0.0000	0.0000	0.0000	0.0000	32	0	1.1314	385.01
8	N0_Unconstrained_Attn	0.20	8	5	5	0.6094	0.0000	0.1875	0.2500	-0.0625	50	30	10.0966	129.23
8	N1_Damped_Attn_0.25	0.20	8	5	5	0.7031	0.0000	0.0000	0.0625	-0.0625	38	6	4.2935	124.21
8	N4_Symmetric_Energy_Attn	0.20	8	5	5	0.7109	0.0000	0.1250	0.0938	0.0312	37	13	6.3336	88.68
8	SYNC1_Spectral_Sync	0.20	8	5	5	0.8438	0.0000	0.4375	0.0208	0.4167	20	16	7.9906	13.85
8	SYNC5_Loopy_MinSum	0.20	8	5	5	0.9375	0.0000	0.8750	0.0417	0.8333	8	32	10.1727	28.66
8	Candidate_LearnedEnergy	0.20	8	6	6	0.7969	0.0000	0.0000	0.0000	0.0000	26	0	1.4285	515.05
8	Ablation_ZeroInteraction	0.20	8	6	6	0.7969	0.0000	0.0000	0.0000	0.0000	26	0	0.0000	310.96
8	Ablation_RandomSymmetric	0.20	8	6	6	0.7969	0.0000	0.0000	0.0000	0.0000	26	0	1.0719	372.94
8	N0_Unconstrained_Attn	0.20	8	6	6	0.7266	0.0000	0.1538	0.1275	0.0264	35	17	7.4958	100.75
8	N1_Damped_Attn_0.25	0.20	8	6	6	0.7812	0.0000	0.0385	0.0294	0.0090	28	4	3.4346	93.51
8	N4_Symmetric_Energy_Attn	0.20	8	6	6	0.7734	0.0000	0.0385	0.0392	-0.0008	29	5	4.2862	111.38
8	SYNC1_Spectral_Sync	0.20	8	6	6	0.8672	0.0000	0.4231	0.0196	0.4035	17	13	6.8722	9.01
8	SYNC5_Loopy_MinSum	0.20	8	6	6	0.8984	0.0000	0.8077	0.0784	0.7293	13	29	9.7717	17.92
8	Candidate_LearnedEnergy	0.20	8	7	7	0.8438	0.0000	0.0000	0.0000	0.0000	20	0	1.1839	393.21
8	Ablation_ZeroInteraction	0.20	8	7	7	0.8438	0.0000	0.0000	0.0000	0.0000	20	0	0.0000	315.32
8	Ablation_RandomSymmetric	0.20	8	7	7	0.8438	0.0000	0.0000	0.0000	0.0000	20	0	0.9272	389.12
8	N0_Unconstrained_Attn	0.20	8	7	7	0.6641	0.0000	0.3000	0.2685	0.0315	43	35	9.8243	221.12
8	N1_Damped_Attn_0.25	0.20	8	7	7	0.7969	0.0000	0.1500	0.0833	0.0667	26	12	5.6286	160.48
8	N4_Symmetric_Energy_Attn	0.20	8	7	7	0.7500	0.0000	0.1000	0.1296	-0.0296	32	16	6.7409	88.98
8	SYNC1_Spectral_Sync	0.20	8	7	7	0.9141	0.0000	0.5500	0.0185	0.5315	11	13	7.0446	15.35
8	SYNC5_Loopy_MinSum	0.20	8	7	7	0.9609	0.0000	0.8500	0.0185	0.8315	5	19	8.2596	28.65
8	Candidate_LearnedEnergy	0.20	8	8	8	0.7891	0.0000	0.0000	0.0000	0.0000	27	0	0.9377	323.14
8	Ablation_ZeroInteraction	0.20	8	8	8	0.7891	0.0000	0.0000	0.0000	0.0000	27	0	0.0000	333.02
8	Ablation_RandomSymmetric	0.20	8	8	8	0.7891	0.0000	0.0000	0.0000	0.0000	27	0	1.0529	368.79
8	N0_Unconstrained_Attn	0.20	8	8	8	0.6875	0.0000	0.2963	0.2079	0.0884	40	29	10.1566	5300.20
8	N1_Damped_Attn_0.25	0.20	8	8	8	0.7656	0.0000	0.0000	0.0297	-0.0297	30	3	3.8959	96.74
8	N4_Symmetric_Energy_Attn	0.20	8	8	8	0.7266	0.0000	0.0741	0.0990	-0.0249	35	12	6.2870	84.41
8	SYNC1_Spectral_Sync	0.20	8	8	8	0.8672	0.0000	0.4815	0.0297	0.4518	17	16	7.7680	9.43
8	SYNC5_Loopy_MinSum	0.20	8	8	8	0.8516	0.0000	0.5926	0.0792	0.5134	19	24	9.2615	19.09
8	Candidate_LearnedEnergy	0.20	8	9	9	0.8516	0.0000	0.0000	0.0000	0.0000	19	0	0.8632	451.91
8	Ablation_ZeroInteraction	0.20	8	9	9	0.8516	0.0000	0.0000	0.0000	0.0000	19	0	0.0000	373.16
8	Ablation_RandomSymmetric	0.20	8	9	9	0.8516	0.0000	0.0000	0.0000	0.0000	19	0	1.1752	383.17
8	N0_Unconstrained_Attn	0.20	8	9	9	0.7031	0.0000	0.1579	0.2018	-0.0439	38	25	9.2512	127.78
8	N1_Damped_Attn_0.25	0.20	8	9	9	0.8125	0.0000	0.0526	0.0550	-0.0024	24	7	4.8704	129.39
8	N4_Symmetric_Energy_Attn	0.20	8	9	9	0.7969	0.0000	0.0000	0.0642	-0.0642	26	7	5.1566	87.11
8	SYNC1_Spectral_Sync	0.20	8	9	9	0.8906	0.0000	0.4211	0.0275	0.3935	14	11	6.1441	13.71
8	SYNC5_Loopy_MinSum	0.20	8	9	9	0.9531	0.0000	0.8421	0.0275	0.8146	6	19	7.4889	27.99
8	Candidate_LearnedEnergy	0.20	8	10	10	0.7422	0.0000	0.0000	0.0000	0.0000	33	0	1.0195	601.60
8	Ablation_ZeroInteraction	0.20	8	10	10	0.7422	0.0000	0.0000	0.0000	0.0000	33	0	0.0000	1103.20
8	Ablation_RandomSymmetric	0.20	8	10	10	0.7422	0.0000	0.0000	0.0000	0.0000	33	0	0.9305	407.91
8	N0_Unconstrained_Attn	0.20	8	10	10	0.6562	0.0000	0.2424	0.2000	0.0424	44	27	9.6952	134.91
8	N1_Damped_Attn_0.25	0.20	8	10	10	0.7188	0.0000	0.0606	0.0526	0.0080	36	7	4.4652	130.81
8	N4_Symmetric_Energy_Attn	0.20	8	10	10	0.6641	0.0000	0.0606	0.1263	-0.0657	43	14	6.4173	134.33
8	SYNC1_Spectral_Sync	0.20	8	10	10	0.8281	0.0000	0.4545	0.0421	0.4124	22	19	7.9540	14.28
8	SYNC5_Loopy_MinSum	0.20	8	10	10	0.8672	0.0000	0.6667	0.0632	0.6035	17	28	9.6348	29.07
8	Candidate_LearnedEnergy	0.20	8	11	11	0.8203	0.0000	0.0000	0.0000	0.0000	23	0	1.2059	491.49
8	Ablation_ZeroInteraction	0.20	8	11	11	0.8203	0.0000	0.0000	0.0000	0.0000	23	0	0.0000	340.10
8	Ablation_RandomSymmetric	0.20	8	11	11	0.8203	0.0000	0.0000	0.0000	0.0000	23	0	0.9056	504.68
8	N0_Unconstrained_Attn	0.20	8	11	11	0.7266	0.0000	0.2609	0.1714	0.0894	35	24	9.0652	130.82
8	N1_Damped_Attn_0.25	0.20	8	11	11	0.7656	0.0000	0.0435	0.0762	-0.0327	30	9	4.9667	134.52
8	N4_Symmetric_Energy_Attn	0.20	8	11	11	0.7344	0.0000	0.1304	0.1333	-0.0029	34	17	6.9838	88.15
8	SYNC1_Spectral_Sync	0.20	8	11	11	0.9531	0.0000	0.7391	0.0000	0.7391	6	17	8.1351	14.03
8	SYNC5_Loopy_MinSum	0.20	8	11	11	0.9688	0.0000	0.8261	0.0000	0.8261	4	19	8.7704	30.51
8	Candidate_LearnedEnergy	0.20	8	12	12	0.8203	0.0000	0.0000	0.0000	0.0000	23	0	1.0608	437.04
8	Ablation_ZeroInteraction	0.20	8	12	12	0.8203	0.0000	0.0000	0.0000	0.0000	23	0	0.0000	317.73
8	Ablation_RandomSymmetric	0.20	8	12	12	0.8203	0.0000	0.0000	0.0000	0.0000	23	0	0.9585	608.96
8	N0_Unconstrained_Attn	0.20	8	12	12	0.6641	0.0000	0.3913	0.2762	0.1151	43	38	11.3026	133.50
8	N1_Damped_Attn_0.25	0.20	8	12	12	0.8047	0.0000	0.0870	0.0381	0.0489	25	6	4.9160	129.62
8	N4_Symmetric_Energy_Attn	0.20	8	12	12	0.7344	0.0000	0.0435	0.1143	-0.0708	34	13	6.4659	87.11
8	SYNC1_Spectral_Sync	0.20	8	12	12	0.9609	0.0000	0.8261	0.0095	0.8166	5	20	8.3187	13.18
8	SYNC5_Loopy_MinSum	0.20	8	12	12	0.9609	0.0000	0.9130	0.0286	0.8845	5	24	8.6714	28.48
8	Candidate_LearnedEnergy	0.20	8	13	13	0.7969	0.0000	0.0000	0.0000	0.0000	26	0	1.2526	457.38
8	Ablation_ZeroInteraction	0.20	8	13	13	0.7969	0.0000	0.0000	0.0000	0.0000	26	0	0.0000	319.18
8	Ablation_RandomSymmetric	0.20	8	13	13	0.7969	0.0000	0.0000	0.0000	0.0000	26	0	1.3024	416.27
8	N0_Unconstrained_Attn	0.20	8	13	13	0.6562	0.0000	0.1923	0.2255	-0.0332	44	28	9.2528	127.22
8	N1_Damped_Attn_0.25	0.20	8	13	13	0.7578	0.0000	0.0385	0.0588	-0.0204	31	7	4.7060	126.31
8	N4_Symmetric_Energy_Attn	0.20	8	13	13	0.7578	0.0000	0.1154	0.0784	0.0370	31	11	6.0653	85.27
8	SYNC1_Spectral_Sync	0.20	8	13	13	0.9375	0.0000	0.7308	0.0098	0.7210	8	20	8.7246	13.69
8	SYNC5_Loopy_MinSum	0.20	8	13	13	0.9609	0.0000	0.8462	0.0098	0.8363	5	23	9.2836	27.01
8	Candidate_LearnedEnergy	0.20	8	14	14	0.7812	0.0000	0.0000	0.0000	0.0000	28	0	1.1598	415.30
8	Ablation_ZeroInteraction	0.20	8	14	14	0.7812	0.0000	0.0000	0.0000	0.0000	28	0	0.0000	345.64
8	Ablation_RandomSymmetric	0.20	8	14	14	0.7812	0.0000	0.0000	0.0000	0.0000	28	0	1.3643	451.27
8	N0_Unconstrained_Attn	0.20	8	14	14	0.5781	0.0000	0.1786	0.3100	-0.1314	54	36	11.2037	133.03
8	N1_Damped_Attn_0.25	0.20	8	14	14	0.7812	0.0000	0.1429	0.0400	0.1029	28	8	4.8457	128.35
8	N4_Symmetric_Energy_Attn	0.20	8	14	14	0.6484	0.0000	0.0357	0.1800	-0.1443	45	19	7.2255	157.87
8	SYNC1_Spectral_Sync	0.20	8	14	14	0.8750	0.0000	0.4643	0.0100	0.4543	16	14	7.2619	14.00
8	SYNC5_Loopy_MinSum	0.20	8	14	14	0.8984	0.0000	0.6786	0.0400	0.6386	13	23	9.5398	27.55
8	Candidate_LearnedEnergy	0.20	8	15	15	0.8281	0.0000	0.0000	0.0000	0.0000	22	0	1.0345	291.64
8	Ablation_ZeroInteraction	0.20	8	15	15	0.8281	0.0000	0.0000	0.0000	0.0000	22	0	0.0000	246.89
8	Ablation_RandomSymmetric	0.20	8	15	15	0.8281	0.0000	0.0000	0.0000	0.0000	22	0	1.1115	376.50
8	N0_Unconstrained_Attn	0.20	8	15	15	0.7266	0.0000	0.1818	0.1604	0.0214	35	21	8.5606	178.91
8	N1_Damped_Attn_0.25	0.20	8	15	15	0.7578	0.0000	0.1364	0.1132	0.0232	31	15	6.0500	171.86
8	N4_Symmetric_Energy_Attn	0.20	8	15	15	0.7109	0.0000	0.0455	0.1509	-0.1055	37	17	7.2699	83.67
8	SYNC1_Spectral_Sync	0.20	8	15	15	0.9062	0.0000	0.5455	0.0189	0.5266	12	14	7.1921	9.38
8	SYNC5_Loopy_MinSum	0.20	8	15	15	0.9297	0.0000	0.8182	0.0472	0.7710	9	23	9.2202	18.39
8	Candidate_LearnedEnergy	0.20	8	16	16	0.8047	0.0000	0.0000	0.0000	0.0000	25	0	1.1686	289.17
8	Ablation_ZeroInteraction	0.20	8	16	16	0.8047	0.0000	0.0000	0.0000	0.0000	25	0	0.0000	206.38
8	Ablation_RandomSymmetric	0.20	8	16	16	0.8047	0.0000	0.0000	0.0000	0.0000	25	0	1.1833	284.26
8	N0_Unconstrained_Attn	0.20	8	16	16	0.6172	0.0000	0.2800	0.3010	-0.0210	49	38	11.2861	101.71
8	N1_Damped_Attn_0.25	0.20	8	16	16	0.7969	0.0000	0.0400	0.0194	0.0206	26	3	3.3862	94.98
8	N4_Symmetric_Energy_Attn	0.20	8	16	16	0.7656	0.0000	0.0400	0.0583	-0.0183	30	7	5.2149	81.93
8	SYNC1_Spectral_Sync	0.20	8	16	16	0.9141	0.0000	0.6400	0.0194	0.6206	11	18	7.8882	9.08
8	SYNC5_Loopy_MinSum	0.20	8	16	16	0.9297	0.0000	0.8400	0.0485	0.7915	9	26	9.4840	16.89
8	Candidate_LearnedEnergy	0.20	8	17	17	0.7578	0.0000	0.0000	0.0000	0.0000	31	0	0.9206	350.31
8	Ablation_ZeroInteraction	0.20	8	17	17	0.7578	0.0000	0.0000	0.0000	0.0000	31	0	0.0000	270.57
8	Ablation_RandomSymmetric	0.20	8	17	17	0.7578	0.0000	0.0000	0.0000	0.0000	31	0	1.2824	375.58
8	N0_Unconstrained_Attn	0.20	8	17	17	0.5938	0.0000	0.2581	0.2990	-0.0409	52	37	10.8488	113.04
8	N1_Damped_Attn_0.25	0.20	8	17	17	0.7109	0.0000	0.0645	0.0825	-0.0180	37	10	5.8863	95.47
8	N4_Symmetric_Energy_Attn	0.20	8	17	17	0.7344	0.0000	0.2903	0.1237	0.1666	34	21	7.6152	86.62
8	SYNC1_Spectral_Sync	0.20	8	17	17	0.8672	0.0000	0.5161	0.0206	0.4955	17	18	8.1758	11.19
8	SYNC5_Loopy_MinSum	0.20	8	17	17	0.8750	0.0000	0.6129	0.0412	0.5717	16	23	9.2720	29.84
8	Candidate_LearnedEnergy	0.20	8	18	18	0.7891	0.0000	0.0000	0.0000	0.0000	27	0	1.1767	387.93
8	Ablation_ZeroInteraction	0.20	8	18	18	0.7891	0.0000	0.0000	0.0000	0.0000	27	0	0.0000	356.84
8	Ablation_RandomSymmetric	0.20	8	18	18	0.7891	0.0000	0.0000	0.0000	0.0000	27	0	0.9101	457.29
8	N0_Unconstrained_Attn	0.20	8	18	18	0.5938	0.0000	0.2222	0.3069	-0.0847	52	37	11.1793	135.12
8	N1_Damped_Attn_0.25	0.20	8	18	18	0.7578	0.0000	0.0370	0.0495	-0.0125	31	6	5.1049	123.66
8	N4_Symmetric_Energy_Attn	0.20	8	18	18	0.6797	0.0000	0.1852	0.1881	-0.0029	41	24	8.3583	89.00
8	SYNC1_Spectral_Sync	0.20	8	18	18	0.8828	0.0000	0.5556	0.0297	0.5259	15	18	7.8609	15.42
8	SYNC5_Loopy_MinSum	0.20	8	18	18	0.9062	0.0000	0.7037	0.0396	0.6641	12	23	8.4250	30.54
8	Candidate_LearnedEnergy	0.20	8	19	19	0.8203	0.0000	0.0000	0.0000	0.0000	23	0	0.8688	402.01
8	Ablation_ZeroInteraction	0.20	8	19	19	0.8203	0.0000	0.0000	0.0000	0.0000	23	0	0.0000	321.92
8	Ablation_RandomSymmetric	0.20	8	19	19	0.8203	0.0000	0.0000	0.0000	0.0000	23	0	1.1381	384.03
8	N0_Unconstrained_Attn	0.20	8	19	19	0.6719	0.0000	0.1739	0.2190	-0.0451	42	27	9.7129	128.18
8	N1_Damped_Attn_0.25	0.20	8	19	19	0.8281	0.0000	0.0870	0.0095	0.0774	22	3	3.7067	128.57
8	N4_Symmetric_Energy_Attn	0.20	8	19	19	0.7188	0.0000	0.0435	0.1333	-0.0899	36	15	6.9456	136.47
8	SYNC1_Spectral_Sync	0.20	8	19	19	0.8672	0.0000	0.4348	0.0381	0.3967	17	14	7.0468	13.11
8	SYNC5_Loopy_MinSum	0.20	8	19	19	0.8750	0.0000	0.5652	0.0571	0.5081	16	19	8.3767	28.41
8	Candidate_LearnedEnergy	0.20	16	0	0	0.8438	0.0000	0.0000	0.0000	0.0000	20	0	1.4607	587.97
8	Ablation_ZeroInteraction	0.20	16	0	0	0.8438	0.0000	0.0000	0.0000	0.0000	20	0	0.0000	450.17
8	Ablation_RandomSymmetric	0.20	16	0	0	0.8438	0.0000	0.0000	0.0000	0.0000	20	0	1.5489	612.74
8	N0_Unconstrained_Attn	0.20	16	0	0	0.6875	0.0000	0.2000	0.2222	-0.0222	40	28	9.3552	206.26
8	N1_Damped_Attn_0.25	0.20	16	0	0	0.7891	0.0000	0.0000	0.0648	-0.0648	27	7	5.5902	189.97
8	N4_Symmetric_Energy_Attn	0.20	16	0	0	0.6328	0.0000	0.2500	0.2963	-0.0463	47	37	10.8164	165.09
8	SYNC1_Spectral_Sync	0.20	16	0	0	0.9141	0.0000	0.5500	0.0185	0.5315	11	13	6.7820	17.65
8	SYNC5_Loopy_MinSum	0.20	16	0	0	0.9922	0.0000	0.9500	0.0000	0.9500	1	19	8.7178	34.69
8	Candidate_LearnedEnergy	0.20	16	1	1	0.7344	0.0000	0.0000	0.0309	-0.0309	34	3	2.0808	8499.31
8	Ablation_ZeroInteraction	0.20	16	1	1	0.7578	0.0000	0.0000	0.0000	0.0000	31	0	0.0000	452.62
8	Ablation_RandomSymmetric	0.20	16	1	1	0.7500	0.0000	0.0000	0.0103	-0.0103	32	1	2.1764	610.03
8	N0_Unconstrained_Attn	0.20	16	1	1	0.5312	0.0000	0.3548	0.4124	-0.0575	60	51	13.5153	202.73
8	N1_Damped_Attn_0.25	0.20	16	1	1	0.7031	0.0000	0.1290	0.1134	0.0156	38	15	6.1215	227.59
8	N4_Symmetric_Energy_Attn	0.20	16	1	1	0.6719	0.0000	0.2581	0.1959	0.0622	42	27	8.9254	164.12
8	SYNC1_Spectral_Sync	0.20	16	1	1	0.8438	0.0000	0.4839	0.0412	0.4426	20	19	8.0990	18.78
8	SYNC5_Loopy_MinSum	0.20	16	1	1	0.9141	0.0000	0.8387	0.0619	0.7769	11	32	10.8792	31.78
8	Candidate_LearnedEnergy	0.20	16	2	2	0.8203	0.0000	0.0435	0.0095	0.0340	23	2	2.3094	594.86
8	Ablation_ZeroInteraction	0.20	16	2	2	0.8203	0.0000	0.0000	0.0000	0.0000	23	0	0.0000	401.52
8	Ablation_RandomSymmetric	0.20	16	2	2	0.8047	0.0000	0.0000	0.0190	-0.0190	25	2	2.1178	595.51
8	N0_Unconstrained_Attn	0.20	16	2	2	0.7109	0.0000	0.3478	0.2095	0.1383	37	30	9.8750	201.71
8	N1_Damped_Attn_0.25	0.20	16	2	2	0.6953	0.0000	0.1304	0.1810	-0.0505	39	22	7.6484	189.69
8	N4_Symmetric_Energy_Attn	0.20	16	2	2	0.7578	0.0000	0.3043	0.1429	0.1615	31	22	8.7991	166.89
8	SYNC1_Spectral_Sync	0.20	16	2	2	0.9375	0.0000	0.6957	0.0095	0.6861	8	17	7.9746	18.24
8	SYNC5_Loopy_MinSum	0.20	16	2	2	0.9062	0.0000	0.7826	0.0667	0.7159	12	25	9.5955	34.47
8	Candidate_LearnedEnergy	0.20	16	3	3	0.8359	0.0000	0.0455	0.0000	0.0455	21	1	2.1282	5996.80
8	Ablation_ZeroInteraction	0.20	16	3	3	0.8281	0.0000	0.0000	0.0000	0.0000	22	0	0.0000	459.83
8	Ablation_RandomSymmetric	0.20	16	3	3	0.8281	0.0000	0.0000	0.0000	0.0000	22	0	1.5241	588.01
8	N0_Unconstrained_Attn	0.20	16	3	3	0.5703	0.0000	0.0909	0.3302	-0.2393	55	37	11.1355	204.05
8	N1_Damped_Attn_0.25	0.20	16	3	3	0.7109	0.0000	0.1364	0.1698	-0.0334	37	21	7.5821	191.06
8	N4_Symmetric_Energy_Attn	0.20	16	3	3	0.7031	0.0000	0.5000	0.2547	0.2453	38	38	11.2037	173.07
8	SYNC1_Spectral_Sync	0.20	16	3	3	0.9453	0.0000	0.7273	0.0094	0.7178	7	17	8.2459	18.06
8	SYNC5_Loopy_MinSum	0.20	16	3	3	0.9453	0.0000	0.7273	0.0094	0.7178	7	17	8.2466	36.00
8	Candidate_LearnedEnergy	0.20	16	4	4	0.7812	0.0000	0.0000	0.0000	0.0000	28	0	1.4415	588.38
8	Ablation_ZeroInteraction	0.20	16	4	4	0.7812	0.0000	0.0000	0.0000	0.0000	28	0	0.0000	453.07
8	Ablation_RandomSymmetric	0.20	16	4	4	0.7812	0.0000	0.0000	0.0000	0.0000	28	0	2.3536	6359.21
8	N0_Unconstrained_Attn	0.20	16	4	4	0.5391	0.0000	0.3214	0.4000	-0.0786	59	49	13.4320	271.97
8	N1_Damped_Attn_0.25	0.20	16	4	4	0.6875	0.0000	0.0714	0.1400	-0.0686	40	16	7.5107	251.82
8	N4_Symmetric_Energy_Attn	0.20	16	4	4	0.6016	0.0000	0.2500	0.3000	-0.0500	51	37	10.6472	172.91
8	SYNC1_Spectral_Sync	0.20	16	4	4	0.8672	0.0000	0.5357	0.0400	0.4957	17	19	8.3660	26.59
8	SYNC5_Loopy_MinSum	0.20	16	4	4	0.8828	0.0000	0.6786	0.0600	0.6186	15	25	9.1913	54.48
8	Candidate_LearnedEnergy	0.20	16	5	5	0.7500	0.0000	0.0000	0.0000	0.0000	32	0	1.5138	630.83
8	Ablation_ZeroInteraction	0.20	16	5	5	0.7500	0.0000	0.0000	0.0000	0.0000	32	0	0.0000	455.69
8	Ablation_RandomSymmetric	0.20	16	5	5	0.7500	0.0000	0.0000	0.0000	0.0000	32	0	2.1301	563.24
8	N0_Unconstrained_Attn	0.20	16	5	5	0.5391	0.0000	0.1875	0.3438	-0.1562	59	39	11.6748	195.18
8	N1_Damped_Attn_0.25	0.20	16	5	5	0.6484	0.0000	0.0938	0.1667	-0.0729	45	19	7.4714	185.80
8	N4_Symmetric_Energy_Attn	0.20	16	5	5	0.6562	0.0000	0.1562	0.1771	-0.0208	44	22	8.5541	162.72
8	SYNC1_Spectral_Sync	0.20	16	5	5	0.8438	0.0000	0.4375	0.0208	0.4167	20	16	8.1230	16.86
8	SYNC5_Loopy_MinSum	0.20	16	5	5	0.9141	0.0000	0.8438	0.0625	0.7812	11	33	10.2513	31.19
8	Candidate_LearnedEnergy	0.20	16	6	6	0.8047	0.0000	0.0385	0.0000	0.0385	25	1	2.6599	554.35
8	Ablation_ZeroInteraction	0.20	16	6	6	0.7969	0.0000	0.0000	0.0000	0.0000	26	0	0.0000	472.52
8	Ablation_RandomSymmetric	0.20	16	6	6	0.7891	0.0000	0.0000	0.0098	-0.0098	27	1	2.0264	553.95
8	N0_Unconstrained_Attn	0.20	16	6	6	0.6562	0.0000	0.2308	0.2353	-0.0045	44	30	9.4563	12501.63
8	N1_Damped_Attn_0.25	0.20	16	6	6	0.7500	0.0000	0.0769	0.0784	-0.0015	32	10	5.7562	189.87
8	N4_Symmetric_Energy_Attn	0.20	16	6	6	0.7266	0.0000	0.1154	0.1176	-0.0023	35	15	6.8918	163.94
8	SYNC1_Spectral_Sync	0.20	16	6	6	0.8672	0.0000	0.4231	0.0196	0.4035	17	13	6.9278	19.20
8	SYNC5_Loopy_MinSum	0.20	16	6	6	0.8984	0.0000	0.8077	0.0784	0.7293	13	29	9.7221	35.12
8	Candidate_LearnedEnergy	0.20	16	7	7	0.8438	0.0000	0.0000	0.0000	0.0000	20	0	1.9666	638.54
8	Ablation_ZeroInteraction	0.20	16	7	7	0.8438	0.0000	0.0000	0.0000	0.0000	20	0	0.0000	445.43
8	Ablation_RandomSymmetric	0.20	16	7	7	0.8438	0.0000	0.0000	0.0000	0.0000	20	0	1.6721	585.19
8	N0_Unconstrained_Attn	0.20	16	7	7	0.6406	0.0000	0.5000	0.3333	0.1667	46	46	12.8896	198.39
8	N1_Damped_Attn_0.25	0.20	16	7	7	0.7734	0.0000	0.3000	0.1389	0.1611	29	21	8.2035	187.19
8	N4_Symmetric_Energy_Attn	0.20	16	7	7	0.7266	0.0000	0.2000	0.1759	0.0241	35	23	8.5945	162.72
8	SYNC1_Spectral_Sync	0.20	16	7	7	0.9141	0.0000	0.5500	0.0185	0.5315	11	13	7.0710	17.94
8	SYNC5_Loopy_MinSum	0.20	16	7	7	0.9609	0.0000	0.8500	0.0185	0.8315	5	19	8.3654	33.45
8	Candidate_LearnedEnergy	0.20	16	8	8	0.7891	0.0000	0.0000	0.0000	0.0000	27	0	1.6675	814.16
8	Ablation_ZeroInteraction	0.20	16	8	8	0.7891	0.0000	0.0000	0.0000	0.0000	27	0	0.0000	643.33
8	Ablation_RandomSymmetric	0.20	16	8	8	0.7891	0.0000	0.0000	0.0000	0.0000	27	0	1.7449	827.73
8	N0_Unconstrained_Attn	0.20	16	8	8	0.5781	0.0000	0.3704	0.3663	0.0040	54	47	13.0033	292.57
8	N1_Damped_Attn_0.25	0.20	16	8	8	0.7266	0.0000	0.0741	0.0990	-0.0249	35	12	5.7474	253.18
8	N4_Symmetric_Energy_Attn	0.20	16	8	8	0.6250	0.0000	0.2222	0.2673	-0.0451	48	33	9.9700	170.44
8	SYNC1_Spectral_Sync	0.20	16	8	8	0.8672	0.0000	0.4815	0.0297	0.4518	17	16	7.8732	28.25
8	SYNC5_Loopy_MinSum	0.20	16	8	8	0.8516	0.0000	0.5926	0.0792	0.5134	19	24	9.4868	52.81
8	Candidate_LearnedEnergy	0.20	16	9	9	0.8516	0.0000	0.0000	0.0000	0.0000	19	0	1.4526	1218.51
8	Ablation_ZeroInteraction	0.20	16	9	9	0.8516	0.0000	0.0000	0.0000	0.0000	19	0	0.0000	447.23
8	Ablation_RandomSymmetric	0.20	16	9	9	0.8516	0.0000	0.0526	0.0092	0.0435	19	2	2.2131	586.95
8	N0_Unconstrained_Attn	0.20	16	9	9	0.6328	0.0000	0.1579	0.2844	-0.1265	47	34	10.6423	204.28
8	N1_Damped_Attn_0.25	0.20	16	9	9	0.7578	0.0000	0.1579	0.1376	0.0203	31	18	7.0771	236.39
8	N4_Symmetric_Energy_Attn	0.20	16	9	9	0.7188	0.0000	0.2105	0.1927	0.0179	36	25	8.2796	165.28
8	SYNC1_Spectral_Sync	0.20	16	9	9	0.8906	0.0000	0.4211	0.0275	0.3935	14	11	6.1643	17.57
8	SYNC5_Loopy_MinSum	0.20	16	9	9	0.9609	0.0000	0.8947	0.0275	0.8672	5	20	8.0855	32.97
8	Candidate_LearnedEnergy	0.20	16	10	10	0.7422	0.0000	0.0000	0.0000	0.0000	33	0	1.8859	594.28
8	Ablation_ZeroInteraction	0.20	16	10	10	0.7422	0.0000	0.0000	0.0000	0.0000	33	0	0.0000	450.15
8	Ablation_RandomSymmetric	0.20	16	10	10	0.7422	0.0000	0.0000	0.0000	0.0000	33	0	1.6115	555.11
8	N0_Unconstrained_Attn	0.20	16	10	10	0.6484	0.0000	0.3636	0.2526	0.1110	45	36	11.0908	281.05
8	N1_Damped_Attn_0.25	0.20	16	10	10	0.6953	0.0000	0.1515	0.1158	0.0357	39	16	6.9515	186.24
8	N4_Symmetric_Energy_Attn	0.20	16	10	10	0.6172	0.0000	0.1515	0.2211	-0.0695	49	26	8.7186	162.31
8	SYNC1_Spectral_Sync	0.20	16	10	10	0.8281	0.0000	0.4545	0.0421	0.4124	22	19	8.1001	17.63
8	SYNC5_Loopy_MinSum	0.20	16	10	10	0.8359	0.0000	0.6364	0.0947	0.5416	21	30	9.8242	33.88
8	Candidate_LearnedEnergy	0.20	16	11	11	0.8281	0.0000	0.0435	0.0000	0.0435	22	1	2.2675	547.36
8	Ablation_ZeroInteraction	0.20	16	11	11	0.8203	0.0000	0.0000	0.0000	0.0000	23	0	0.0000	402.07
8	Ablation_RandomSymmetric	0.20	16	11	11	0.8203	0.0000	0.0000	0.0000	0.0000	23	0	1.6715	541.00
8	N0_Unconstrained_Attn	0.20	16	11	11	0.7109	0.0000	0.3043	0.2000	0.1043	37	28	10.5752	236.28
8	N1_Damped_Attn_0.25	0.20	16	11	11	0.7500	0.0000	0.2609	0.1429	0.1180	32	21	7.6626	224.57
8	N4_Symmetric_Energy_Attn	0.20	16	11	11	0.6719	0.0000	0.3043	0.2476	0.0567	42	33	10.0002	171.93
8	SYNC1_Spectral_Sync	0.20	16	11	11	0.9531	0.0000	0.7391	0.0000	0.7391	6	17	8.2454	27.11
8	SYNC5_Loopy_MinSum	0.20	16	11	11	0.9688	0.0000	0.8261	0.0000	0.8261	4	19	8.7179	49.82
8	Candidate_LearnedEnergy	0.20	16	12	12	0.8203	0.0000	0.0000	0.0000	0.0000	23	0	1.8825	658.37
8	Ablation_ZeroInteraction	0.20	16	12	12	0.8203	0.0000	0.0000	0.0000	0.0000	23	0	0.0000	551.85
8	Ablation_RandomSymmetric	0.20	16	12	12	0.8203	0.0000	0.0000	0.0000	0.0000	23	0	1.7083	722.74
8	N0_Unconstrained_Attn	0.20	16	12	12	0.6172	0.0000	0.3478	0.3238	0.0240	49	42	11.9216	201.75
8	N1_Damped_Attn_0.25	0.20	16	12	12	0.7266	0.0000	0.2174	0.1619	0.0555	35	22	7.7674	187.53
8	N4_Symmetric_Energy_Attn	0.20	16	12	12	0.6875	0.0000	0.1739	0.2000	-0.0261	40	25	8.6564	163.66
8	SYNC1_Spectral_Sync	0.20	16	12	12	0.9609	0.0000	0.8261	0.0095	0.8166	5	20	8.4839	18.16
8	SYNC5_Loopy_MinSum	0.20	16	12	12	0.9766	0.0000	0.9565	0.0190	0.9375	3	24	8.4935	34.33
8	Candidate_LearnedEnergy	0.20	16	13	13	0.8047	0.0000	0.0385	0.0000	0.0385	25	1	2.2369	566.87
8	Ablation_ZeroInteraction	0.20	16	13	13	0.7969	0.0000	0.0000	0.0000	0.0000	26	0	0.0000	477.19
8	Ablation_RandomSymmetric	0.20	16	13	13	0.7891	0.0000	0.0000	0.0098	-0.0098	27	1	2.3947	1535.90
8	N0_Unconstrained_Attn	0.20	16	13	13	0.6406	0.0000	0.2308	0.2549	-0.0241	46	32	10.9079	291.97
8	N1_Damped_Attn_0.25	0.20	16	13	13	0.6875	0.0000	0.1538	0.1765	-0.0226	40	22	8.1346	191.37
8	N4_Symmetric_Energy_Attn	0.20	16	13	13	0.6953	0.0000	0.1923	0.1765	0.0158	39	23	8.0290	169.11
8	SYNC1_Spectral_Sync	0.20	16	13	13	0.9375	0.0000	0.7308	0.0098	0.7210	8	20	8.8310	19.91
8	SYNC5_Loopy_MinSum	0.20	16	13	13	0.9609	0.0000	0.8462	0.0098	0.8363	5	23	9.2736	35.74
8	Candidate_LearnedEnergy	0.20	16	14	14	0.7734	0.0000	0.0000	0.0100	-0.0100	29	1	2.0511	561.31
8	Ablation_ZeroInteraction	0.20	16	14	14	0.7812	0.0000	0.0000	0.0000	0.0000	28	0	0.0000	429.79
8	Ablation_RandomSymmetric	0.20	16	14	14	0.7656	0.0000	0.0000	0.0200	-0.0200	30	2	2.5615	867.32
8	N0_Unconstrained_Attn	0.20	16	14	14	0.6094	0.0000	0.3571	0.3200	0.0371	50	42	12.1769	252.72
8	N1_Damped_Attn_0.25	0.20	16	14	14	0.7500	0.0000	0.2143	0.1000	0.1143	32	16	7.3739	250.75
8	N4_Symmetric_Energy_Attn	0.20	16	14	14	0.5938	0.0000	0.0357	0.2500	-0.2143	52	26	8.5905	171.17
8	SYNC1_Spectral_Sync	0.20	16	14	14	0.8750	0.0000	0.4643	0.0100	0.4543	16	14	7.3479	25.57
8	SYNC5_Loopy_MinSum	0.20	16	14	14	0.8984	0.0000	0.6786	0.0400	0.6386	13	23	9.5912	51.94
8	Candidate_LearnedEnergy	0.20	16	15	15	0.8281	0.0000	0.0000	0.0000	0.0000	22	0	1.7948	969.32
8	Ablation_ZeroInteraction	0.20	16	15	15	0.8281	0.0000	0.0000	0.0000	0.0000	22	0	0.0000	635.03
8	Ablation_RandomSymmetric	0.20	16	15	15	0.8203	0.0000	0.0000	0.0094	-0.0094	23	1	2.0527	787.53
8	N0_Unconstrained_Attn	0.20	16	15	15	0.7188	0.0000	0.2727	0.1887	0.0840	36	26	9.5518	258.46
8	N1_Damped_Attn_0.25	0.20	16	15	15	0.7266	0.0000	0.1818	0.1604	0.0214	35	21	8.2657	295.23
8	N4_Symmetric_Energy_Attn	0.20	16	15	15	0.6172	0.0000	0.0909	0.2736	-0.1827	49	31	9.8074	178.22
8	SYNC1_Spectral_Sync	0.20	16	15	15	0.9062	0.0000	0.5455	0.0189	0.5266	12	14	7.3222	27.01
8	SYNC5_Loopy_MinSum	0.20	16	15	15	0.9297	0.0000	0.8182	0.0472	0.7710	9	23	9.2736	54.46
8	Candidate_LearnedEnergy	0.20	16	16	16	0.7969	0.0000	0.0000	0.0097	-0.0097	26	1	2.0959	873.97
8	Ablation_ZeroInteraction	0.20	16	16	16	0.8047	0.0000	0.0000	0.0000	0.0000	25	0	0.0000	752.76
8	Ablation_RandomSymmetric	0.20	16	16	16	0.7891	0.0000	0.0000	0.0194	-0.0194	27	2	2.1358	820.92
8	N0_Unconstrained_Attn	0.20	16	16	16	0.5781	0.0000	0.2800	0.3495	-0.0695	54	43	12.3022	263.84
8	N1_Damped_Attn_0.25	0.20	16	16	16	0.7500	0.0000	0.1200	0.0971	0.0229	32	13	6.0196	263.98
8	N4_Symmetric_Energy_Attn	0.20	16	16	16	0.7266	0.0000	0.0800	0.1165	-0.0365	35	14	6.8231	174.93
8	SYNC1_Spectral_Sync	0.20	16	16	16	0.9141	0.0000	0.6400	0.0194	0.6206	11	18	8.0995	26.44
8	SYNC5_Loopy_MinSum	0.20	16	16	16	0.9297	0.0000	0.8400	0.0485	0.7915	9	26	9.8852	50.20
8	Candidate_LearnedEnergy	0.20	16	17	17	0.7578	0.0000	0.0000	0.0000	0.0000	31	0	1.5710	597.10
8	Ablation_ZeroInteraction	0.20	16	17	17	0.7578	0.0000	0.0000	0.0000	0.0000	31	0	0.0000	420.50
8	Ablation_RandomSymmetric	0.20	16	17	17	0.7422	0.0000	0.0000	0.0206	-0.0206	33	2	2.3380	640.18
8	N0_Unconstrained_Attn	0.20	16	17	17	0.5234	0.0000	0.3226	0.4124	-0.0898	61	50	13.2898	198.03
8	N1_Damped_Attn_0.25	0.20	16	17	17	0.6484	0.0000	0.1290	0.1856	-0.0565	45	22	8.1353	4697.85
8	N4_Symmetric_Energy_Attn	0.20	16	17	17	0.6562	0.0000	0.2903	0.2268	0.0635	44	31	10.1649	166.08
8	SYNC1_Spectral_Sync	0.20	16	17	17	0.8672	0.0000	0.5161	0.0206	0.4955	17	18	8.4394	17.88
8	SYNC5_Loopy_MinSum	0.20	16	17	17	0.8906	0.0000	0.6774	0.0412	0.6362	14	25	9.8769	34.71
8	Candidate_LearnedEnergy	0.20	16	18	18	0.7891	0.0000	0.0370	0.0099	0.0271	27	2	2.2664	841.57
8	Ablation_ZeroInteraction	0.20	16	18	18	0.7891	0.0000	0.0000	0.0000	0.0000	27	0	0.0000	678.06
8	Ablation_RandomSymmetric	0.20	16	18	18	0.7969	0.0000	0.0370	0.0000	0.0370	26	1	1.5487	898.19
8	N0_Unconstrained_Attn	0.20	16	18	18	0.6016	0.0000	0.4074	0.3465	0.0609	51	46	12.0060	301.94
8	N1_Damped_Attn_0.25	0.20	16	18	18	0.7109	0.0000	0.1481	0.1386	0.0095	37	18	7.7562	309.13
8	N4_Symmetric_Energy_Attn	0.20	16	18	18	0.6016	0.0000	0.2222	0.2970	-0.0748	51	36	10.4919	180.61
8	SYNC1_Spectral_Sync	0.20	16	18	18	0.8828	0.0000	0.5556	0.0297	0.5259	15	18	8.0992	27.30
8	SYNC5_Loopy_MinSum	0.20	16	18	18	0.8984	0.0000	0.7037	0.0495	0.6542	13	24	8.1891	56.30
8	Candidate_LearnedEnergy	0.20	16	19	19	0.8203	0.0000	0.0000	0.0000	0.0000	23	0	1.5004	612.74
8	Ablation_ZeroInteraction	0.20	16	19	19	0.8203	0.0000	0.0000	0.0000	0.0000	23	0	0.0000	1625.97
8	Ablation_RandomSymmetric	0.20	16	19	19	0.8047	0.0000	0.0000	0.0190	-0.0190	25	2	2.0435	895.18
8	N0_Unconstrained_Attn	0.20	16	19	19	0.6016	0.0000	0.2174	0.3143	-0.0969	51	38	11.3684	257.00
8	N1_Damped_Attn_0.25	0.20	16	19	19	0.7422	0.0000	0.0870	0.1143	-0.0273	33	14	6.4505	252.61
8	N4_Symmetric_Energy_Attn	0.20	16	19	19	0.7031	0.0000	0.1739	0.1810	-0.0070	38	23	9.0632	177.88
8	SYNC1_Spectral_Sync	0.20	16	19	19	0.8672	0.0000	0.4348	0.0381	0.3967	17	14	7.0710	27.94
8	SYNC5_Loopy_MinSum	0.20	16	19	19	0.8750	0.0000	0.5652	0.0571	0.5081	16	19	8.3666	52.32
8	Candidate_LearnedEnergy	0.20	32	0	0	0.8438	0.0000	0.0500	0.0093	0.0407	20	2	2.6033	1599.95
8	Ablation_ZeroInteraction	0.20	32	0	0	0.8438	0.0000	0.0000	0.0000	0.0000	20	0	0.0000	1266.07
8	Ablation_RandomSymmetric	0.20	32	0	0	0.8438	0.0000	0.1000	0.0185	0.0815	20	4	2.9857	1672.75
8	N0_Unconstrained_Attn	0.20	32	0	0	0.7266	0.0000	0.4000	0.2130	0.1870	35	31	10.3897	509.00
8	N1_Damped_Attn_0.25	0.20	32	0	0	0.7266	0.0000	0.1500	0.1667	-0.0167	35	21	8.5444	563.97
8	N4_Symmetric_Energy_Attn	0.20	32	0	0	0.5781	0.0000	0.2500	0.3611	-0.1111	54	44	11.8095	354.24
8	SYNC1_Spectral_Sync	0.20	32	0	0	0.9141	0.0000	0.5500	0.0185	0.5315	11	13	6.7823	52.48
8	SYNC5_Loopy_MinSum	0.20	32	0	0	0.9922	0.0000	0.9500	0.0000	0.9500	1	19	8.7178	100.94
8	Candidate_LearnedEnergy	0.20	32	1	1	0.7344	0.0000	0.0000	0.0309	-0.0309	34	3	3.4804	1596.28
8	Ablation_ZeroInteraction	0.20	32	1	1	0.7578	0.0000	0.0000	0.0000	0.0000	31	0	0.0000	1397.81
8	Ablation_RandomSymmetric	0.20	32	1	1	0.7344	0.0000	0.0323	0.0412	-0.0090	34	5	3.4312	14402.48
8	N0_Unconstrained_Attn	0.20	32	1	1	0.5234	0.0000	0.2903	0.4021	-0.1117	61	48	13.5442	581.10
8	N1_Damped_Attn_0.25	0.20	32	1	1	0.6406	0.0000	0.1290	0.1959	-0.0668	46	23	8.8715	518.27
8	N4_Symmetric_Energy_Attn	0.20	32	1	1	0.5469	0.0000	0.1935	0.3402	-0.1467	58	39	11.2216	346.73
8	SYNC1_Spectral_Sync	0.20	32	1	1	0.8438	0.0000	0.4839	0.0412	0.4426	20	19	8.1232	52.51
8	SYNC5_Loopy_MinSum	0.20	32	1	1	0.9141	0.0000	0.8387	0.0619	0.7769	11	32	10.6493	112.60
8	Candidate_LearnedEnergy	0.20	32	2	2	0.7812	0.0000	0.0870	0.0667	0.0203	28	9	4.8065	1716.47
8	Ablation_ZeroInteraction	0.20	32	2	2	0.8203	0.0000	0.0000	0.0000	0.0000	23	0	0.0000	1319.14
8	Ablation_RandomSymmetric	0.20	32	2	2	0.7969	0.0000	0.0000	0.0286	-0.0286	26	3	3.3829	1572.01
8	N0_Unconstrained_Attn	0.20	32	2	2	0.6484	0.0000	0.3913	0.2952	0.0961	45	40	11.7046	590.81
8	N1_Damped_Attn_0.25	0.20	32	2	2	0.6484	0.0000	0.3043	0.2762	0.0282	45	36	11.1383	529.99
8	N4_Symmetric_Energy_Attn	0.20	32	2	2	0.6875	0.0000	0.4783	0.2667	0.2116	40	39	11.8795	340.11
8	SYNC1_Spectral_Sync	0.20	32	2	2	0.9375	0.0000	0.6957	0.0095	0.6861	8	17	7.9992	55.28
8	SYNC5_Loopy_MinSum	0.20	32	2	2	0.9062	0.0000	0.7826	0.0667	0.7159	12	25	9.6953	100.56
8	Candidate_LearnedEnergy	0.20	32	3	3	0.8125	0.0000	0.0455	0.0283	0.0172	24	4	3.8599	1602.42
8	Ablation_ZeroInteraction	0.20	32	3	3	0.8281	0.0000	0.0000	0.0000	0.0000	22	0	0.0000	1311.11
8	Ablation_RandomSymmetric	0.20	32	3	3	0.7969	0.0000	0.0455	0.0472	-0.0017	26	6	3.4169	1621.90
8	N0_Unconstrained_Attn	0.20	32	3	3	0.5312	0.0000	0.1364	0.3868	-0.2504	60	44	12.4436	519.97
8	N1_Damped_Attn_0.25	0.20	32	3	3	0.6562	0.0000	0.1364	0.2358	-0.0995	44	28	10.2027	542.78
8	N4_Symmetric_Energy_Attn	0.20	32	3	3	0.5547	0.0000	0.4545	0.4245	0.0300	57	55	13.9406	343.38
8	SYNC1_Spectral_Sync	0.20	32	3	3	0.9453	0.0000	0.7273	0.0094	0.7178	7	17	8.2462	53.17
8	SYNC5_Loopy_MinSum	0.20	32	3	3	0.9453	0.0000	0.7273	0.0094	0.7178	7	17	8.2462	115.95
8	Candidate_LearnedEnergy	0.20	32	4	4	0.7891	0.0000	0.0714	0.0100	0.0614	27	3	2.9842	2101.95
8	Ablation_ZeroInteraction	0.20	32	4	4	0.7812	0.0000	0.0000	0.0000	0.0000	28	0	0.0000	1248.70
8	Ablation_RandomSymmetric	0.20	32	4	4	0.7344	0.0000	0.0357	0.0700	-0.0343	34	8	4.7119	1150.26
8	N0_Unconstrained_Attn	0.20	32	4	4	0.5312	0.0000	0.3929	0.4300	-0.0371	60	54	13.9772	400.04
8	N1_Damped_Attn_0.25	0.20	32	4	4	0.5859	0.0000	0.2857	0.3300	-0.0443	53	41	10.8659	374.06
8	N4_Symmetric_Energy_Attn	0.20	32	4	4	0.4922	0.0000	0.3214	0.4600	-0.1386	65	55	13.5833	371.13
8	SYNC1_Spectral_Sync	0.20	32	4	4	0.8672	0.0000	0.5357	0.0400	0.4957	17	19	8.3666	33.17
8	SYNC5_Loopy_MinSum	0.20	32	4	4	0.8828	0.0000	0.6786	0.0600	0.6186	15	25	9.2516	60.05
8	Candidate_LearnedEnergy	0.20	32	5	5	0.7422	0.0000	0.0312	0.0208	0.0104	33	3	2.4806	1894.43
8	Ablation_ZeroInteraction	0.20	32	5	5	0.7500	0.0000	0.0000	0.0000	0.0000	32	0	0.0000	1326.69
8	Ablation_RandomSymmetric	0.20	32	5	5	0.7188	0.0000	0.0312	0.0521	-0.0208	36	6	4.2851	1596.73
8	N0_Unconstrained_Attn	0.20	32	5	5	0.5234	0.0000	0.1875	0.3646	-0.1771	61	41	11.9544	556.97
8	N1_Damped_Attn_0.25	0.20	32	5	5	0.6641	0.0000	0.3750	0.2396	0.1354	43	35	10.3569	782.94
8	N4_Symmetric_Energy_Attn	0.20	32	5	5	0.6094	0.0000	0.2500	0.2708	-0.0208	50	34	10.6132	377.78
8	SYNC1_Spectral_Sync	0.20	32	5	5	0.8438	0.0000	0.4375	0.0208	0.4167	20	16	8.1240	54.42
8	SYNC5_Loopy_MinSum	0.20	32	5	5	0.9141	0.0000	0.8438	0.0625	0.7812	11	33	10.9845	97.93
8	Candidate_LearnedEnergy	0.20	32	6	6	0.7500	0.0000	0.0385	0.0686	-0.0302	32	8	4.5851	1696.88
8	Ablation_ZeroInteraction	0.20	32	6	6	0.7969	0.0000	0.0000	0.0000	0.0000	26	0	0.0000	1369.31
8	Ablation_RandomSymmetric	0.20	32	6	6	0.7734	0.0000	0.0769	0.0490	0.0279	29	7	3.9840	1672.22
8	N0_Unconstrained_Attn	0.20	32	6	6	0.6172	0.0000	0.2308	0.2843	-0.0535	49	35	10.7838	659.03
8	N1_Damped_Attn_0.25	0.20	32	6	6	0.6719	0.0000	0.1154	0.1863	-0.0709	42	22	8.6537	547.12
8	N4_Symmetric_Energy_Attn	0.20	32	6	6	0.5938	0.0000	0.2692	0.3235	-0.0543	52	40	11.7254	351.68
8	SYNC1_Spectral_Sync	0.20	32	6	6	0.8672	0.0000	0.4231	0.0196	0.4035	17	13	6.9282	54.64
8	SYNC5_Loopy_MinSum	0.20	32	6	6	0.8984	0.0000	0.8077	0.0784	0.7293	13	29	9.8991	103.42
8	Candidate_LearnedEnergy	0.20	32	7	7	0.8281	0.0000	0.0000	0.0185	-0.0185	22	2	2.9736	1595.39
8	Ablation_ZeroInteraction	0.20	32	7	7	0.8438	0.0000	0.0000	0.0000	0.0000	20	0	0.0000	1365.00
8	Ablation_RandomSymmetric	0.20	32	7	7	0.8047	0.0000	0.0000	0.0463	-0.0463	25	5	3.3023	1606.88
8	N0_Unconstrained_Attn	0.20	32	7	7	0.5781	0.0000	0.4500	0.3981	0.0519	54	52	14.0792	532.81
8	N1_Damped_Attn_0.25	0.20	32	7	7	0.6953	0.0000	0.4000	0.2500	0.1500	39	35	11.0607	536.90
8	N4_Symmetric_Energy_Attn	0.20	32	7	7	0.7109	0.0000	0.2500	0.2037	0.0463	37	27	9.6039	342.13
8	SYNC1_Spectral_Sync	0.20	32	7	7	0.9141	0.0000	0.5500	0.0185	0.5315	11	13	7.0711	79.94
8	SYNC5_Loopy_MinSum	0.20	32	7	7	0.9609	0.0000	0.8500	0.0185	0.8315	5	19	8.3666	131.80
8	Candidate_LearnedEnergy	0.20	32	8	8	0.7578	0.0000	0.0000	0.0396	-0.0396	31	4	2.7878	1168.10
8	Ablation_ZeroInteraction	0.20	32	8	8	0.7891	0.0000	0.0000	0.0000	0.0000	27	0	0.0000	886.67
8	Ablation_RandomSymmetric	0.20	32	8	8	0.7656	0.0000	0.0000	0.0297	-0.0297	30	3	2.6603	1072.73
8	N0_Unconstrained_Attn	0.20	32	8	8	0.5234	0.0000	0.4444	0.4554	-0.0110	61	58	14.8574	474.65
8	N1_Damped_Attn_0.25	0.20	32	8	8	0.7109	0.0000	0.1852	0.1485	0.0367	37	20	7.5663	545.06
8	N4_Symmetric_Energy_Attn	0.20	32	8	8	0.5781	0.0000	0.4444	0.3861	0.0583	54	51	13.0680	363.39
8	SYNC1_Spectral_Sync	0.20	32	8	8	0.8672	0.0000	0.4815	0.0297	0.4518	17	16	7.8740	56.46
8	SYNC5_Loopy_MinSum	0.20	32	8	8	0.8516	0.0000	0.5926	0.0792	0.5134	19	24	9.4868	104.18
8	Candidate_LearnedEnergy	0.20	32	9	9	0.8672	0.0000	0.1053	0.0000	0.1053	17	2	2.3181	1236.18
8	Ablation_ZeroInteraction	0.20	32	9	9	0.8516	0.0000	0.0000	0.0000	0.0000	19	0	0.0000	804.25
8	Ablation_RandomSymmetric	0.20	32	9	9	0.8281	0.0000	0.1053	0.0459	0.0594	22	7	4.2493	1417.51
8	N0_Unconstrained_Attn	0.20	32	9	9	0.5234	0.0000	0.2632	0.4312	-0.1680	61	52	13.6813	416.83
8	N1_Damped_Attn_0.25	0.20	32	9	9	0.7344	0.0000	0.2632	0.1835	0.0797	34	25	9.1072	373.58
8	N4_Symmetric_Energy_Attn	0.20	32	9	9	0.7344	0.0000	0.4211	0.2110	0.2100	34	31	10.1432	358.78
8	SYNC1_Spectral_Sync	0.20	32	9	9	0.8906	0.0000	0.4211	0.0275	0.3935	14	11	6.1644	33.56
8	SYNC5_Loopy_MinSum	0.20	32	9	9	0.9609	0.0000	0.8947	0.0275	0.8672	5	20	8.2461	63.08
8	Candidate_LearnedEnergy	0.20	32	10	10	0.7344	0.0000	0.0303	0.0211	0.0093	34	3	3.5663	1143.63
8	Ablation_ZeroInteraction	0.20	32	10	10	0.7422	0.0000	0.0000	0.0000	0.0000	33	0	0.0000	858.47
8	Ablation_RandomSymmetric	0.20	32	10	10	0.7344	0.0000	0.0606	0.0316	0.0290	34	5	2.9342	1107.91
8	N0_Unconstrained_Attn	0.20	32	10	10	0.6484	0.0000	0.4242	0.2737	0.1506	45	40	12.2269	428.69
8	N1_Damped_Attn_0.25	0.20	32	10	10	0.6250	0.0000	0.2424	0.2421	0.0003	48	31	9.6265	408.37
8	N4_Symmetric_Energy_Attn	0.20	32	10	10	0.5703	0.0000	0.3030	0.3368	-0.0338	55	42	11.7000	386.48
8	SYNC1_Spectral_Sync	0.20	32	10	10	0.8281	0.0000	0.4545	0.0421	0.4124	22	19	8.1232	35.11
8	SYNC5_Loopy_MinSum	0.20	32	10	10	0.8359	0.0000	0.6364	0.0947	0.5416	21	30	10.4772	67.16
8	Candidate_LearnedEnergy	0.20	32	11	11	0.7969	0.0000	0.0870	0.0476	0.0393	26	7	4.1755	1309.02
8	Ablation_ZeroInteraction	0.20	32	11	11	0.8203	0.0000	0.0000	0.0000	0.0000	23	0	0.0000	965.22
8	Ablation_RandomSymmetric	0.20	32	11	11	0.7969	0.0000	0.0000	0.0286	-0.0286	26	3	3.2627	1524.88
8	N0_Unconstrained_Attn	0.20	32	11	11	0.6016	0.0000	0.5217	0.3810	0.1408	51	52	13.1380	612.60
8	N1_Damped_Attn_0.25	0.20	32	11	11	0.6953	0.0000	0.3478	0.2286	0.1193	39	32	10.6957	606.07
8	N4_Symmetric_Energy_Attn	0.20	32	11	11	0.6016	0.0000	0.4783	0.3714	0.1068	51	50	13.1232	359.65
8	SYNC1_Spectral_Sync	0.20	32	11	11	0.9531	0.0000	0.7391	0.0000	0.7391	6	17	8.2462	54.51
8	SYNC5_Loopy_MinSum	0.20	32	11	11	0.9688	0.0000	0.8261	0.0000	0.8261	4	19	8.7178	101.31
8	Candidate_LearnedEnergy	0.20	32	12	12	0.7969	0.0000	0.0000	0.0286	-0.0286	26	3	3.2075	1565.13
8	Ablation_ZeroInteraction	0.20	32	12	12	0.8203	0.0000	0.0000	0.0000	0.0000	23	0	0.0000	1878.76
8	Ablation_RandomSymmetric	0.20	32	12	12	0.8047	0.0000	0.0000	0.0190	-0.0190	25	2	2.9520	1697.23
8	N0_Unconstrained_Attn	0.20	32	12	12	0.5781	0.0000	0.6957	0.4476	0.2480	54	63	15.1067	519.11
8	N1_Damped_Attn_0.25	0.20	32	12	12	0.6641	0.0000	0.3913	0.2762	0.1151	43	38	11.2630	592.33
8	N4_Symmetric_Energy_Attn	0.20	32	12	12	0.6406	0.0000	0.3913	0.3048	0.0865	46	41	12.0293	361.00
8	SYNC1_Spectral_Sync	0.20	32	12	12	0.9609	0.0000	0.8261	0.0095	0.8166	5	20	8.4853	55.50
8	SYNC5_Loopy_MinSum	0.20	32	12	12	0.9766	0.0000	0.9565	0.0190	0.9375	3	24	8.4853	100.36
8	Candidate_LearnedEnergy	0.20	32	13	13	0.7969	0.0000	0.1154	0.0294	0.0860	26	6	3.8732	1398.43
8	Ablation_ZeroInteraction	0.20	32	13	13	0.7969	0.0000	0.0000	0.0000	0.0000	26	0	0.0000	880.29
8	Ablation_RandomSymmetric	0.20	32	13	13	0.7812	0.0000	0.0385	0.0294	0.0090	28	4	3.8692	1155.42
8	N0_Unconstrained_Attn	0.20	32	13	13	0.6328	0.0000	0.2692	0.2745	-0.0053	47	35	11.4069	469.91
8	N1_Damped_Attn_0.25	0.20	32	13	13	0.6172	0.0000	0.3077	0.3039	0.0038	49	39	11.2062	378.57
8	N4_Symmetric_Energy_Attn	0.20	32	13	13	0.6719	0.0000	0.1923	0.2059	-0.0136	42	26	9.4171	588.61
8	SYNC1_Spectral_Sync	0.20	32	13	13	0.9375	0.0000	0.7308	0.0098	0.7210	8	20	8.8318	34.33
8	SYNC5_Loopy_MinSum	0.20	32	13	13	0.9609	0.0000	0.8462	0.0098	0.8363	5	23	9.2736	61.39
8	Candidate_LearnedEnergy	0.20	32	14	14	0.7734	0.0000	0.0357	0.0200	0.0157	29	3	3.2636	1107.56
8	Ablation_ZeroInteraction	0.20	32	14	14	0.7812	0.0000	0.0000	0.0000	0.0000	28	0	0.0000	840.59
8	Ablation_RandomSymmetric	0.20	32	14	14	0.7578	0.0000	0.0714	0.0500	0.0214	31	7	4.7748	1217.41
8	N0_Unconstrained_Attn	0.20	32	14	14	0.5547	0.0000	0.4286	0.4100	0.0186	57	53	13.3065	446.46
8	N1_Damped_Attn_0.25	0.20	32	14	14	0.7500	0.0000	0.4643	0.1700	0.2943	32	30	9.8584	376.03
8	N4_Symmetric_Energy_Attn	0.20	32	14	14	0.6016	0.0000	0.0714	0.2500	-0.1786	51	27	8.5120	351.38
8	SYNC1_Spectral_Sync	0.20	32	14	14	0.8750	0.0000	0.4643	0.0100	0.4543	16	14	7.3485	33.78
8	SYNC5_Loopy_MinSum	0.20	32	14	14	0.8984	0.0000	0.6786	0.0400	0.6386	13	23	9.5917	63.52
8	Candidate_LearnedEnergy	0.20	32	15	15	0.8203	0.0000	0.0455	0.0189	0.0266	23	3	3.0845	1737.07
8	Ablation_ZeroInteraction	0.20	32	15	15	0.8281	0.0000	0.0000	0.0000	0.0000	22	0	0.0000	1301.84
8	Ablation_RandomSymmetric	0.20	32	15	15	0.7969	0.0000	0.0000	0.0377	-0.0377	26	4	3.7158	1637.42
8	N0_Unconstrained_Attn	0.20	32	15	15	0.7031	0.0000	0.4091	0.2358	0.1732	38	34	10.8170	539.67
8	N1_Damped_Attn_0.25	0.20	32	15	15	0.6641	0.0000	0.2727	0.2547	0.0180	43	33	10.0111	609.50
8	N4_Symmetric_Energy_Attn	0.20	32	15	15	0.5547	0.0000	0.1818	0.3679	-0.1861	57	43	11.9236	349.32
8	SYNC1_Spectral_Sync	0.20	32	15	15	0.9062	0.0000	0.5455	0.0189	0.5266	12	14	7.3476	54.70
8	SYNC5_Loopy_MinSum	0.20	32	15	15	0.9297	0.0000	0.8182	0.0472	0.7710	9	23	9.2736	104.37
8	Candidate_LearnedEnergy	0.20	32	16	16	0.7812	0.0000	0.0000	0.0291	-0.0291	28	3	3.7388	1611.93
8	Ablation_ZeroInteraction	0.20	32	16	16	0.8047	0.0000	0.0000	0.0000	0.0000	25	0	0.0000	1259.00
8	Ablation_RandomSymmetric	0.20	32	16	16	0.7891	0.0000	0.0400	0.0291	0.0109	27	4	3.5007	1571.27
8	N0_Unconstrained_Attn	0.20	32	16	16	0.5312	0.0000	0.3200	0.4175	-0.0975	60	51	13.3209	521.94
8	N1_Damped_Attn_0.25	0.20	32	16	16	0.7188	0.0000	0.2000	0.1553	0.0447	36	21	8.6320	602.54
8	N4_Symmetric_Energy_Attn	0.20	32	16	16	0.7031	0.0000	0.2400	0.1845	0.0555	38	25	8.4938	456.14
8	SYNC1_Spectral_Sync	0.20	32	16	16	0.9141	0.0000	0.6400	0.0194	0.6206	11	18	8.1232	52.34
8	SYNC5_Loopy_MinSum	0.20	32	16	16	0.9297	0.0000	0.8400	0.0485	0.7915	9	26	9.8995	99.29
8	Candidate_LearnedEnergy	0.20	32	17	17	0.7500	0.0000	0.0000	0.0103	-0.0103	32	1	3.0070	1729.72
8	Ablation_ZeroInteraction	0.20	32	17	17	0.7578	0.0000	0.0000	0.0000	0.0000	31	0	0.0000	1434.73
8	Ablation_RandomSymmetric	0.20	32	17	17	0.7266	0.0000	0.0000	0.0412	-0.0412	35	4	3.9707	1666.96
8	N0_Unconstrained_Attn	0.20	32	17	17	0.4688	0.0000	0.3548	0.4948	-0.1400	68	59	14.0999	545.02
8	N1_Damped_Attn_0.25	0.20	32	17	17	0.5781	0.0000	0.2903	0.3299	-0.0396	54	41	10.8771	551.53
8	N4_Symmetric_Energy_Attn	0.20	32	17	17	0.6250	0.0000	0.3226	0.2784	0.0442	48	37	11.5590	353.43
8	SYNC1_Spectral_Sync	0.20	32	17	17	0.8672	0.0000	0.5161	0.0206	0.4955	17	18	8.4837	52.07
8	SYNC5_Loopy_MinSum	0.20	32	17	17	0.8906	0.0000	0.6774	0.0412	0.6362	14	25	9.9999	98.13
8	Candidate_LearnedEnergy	0.20	32	18	18	0.7891	0.0000	0.0370	0.0099	0.0271	27	2	3.5966	1622.26
8	Ablation_ZeroInteraction	0.20	32	18	18	0.7891	0.0000	0.0000	0.0000	0.0000	27	0	0.0000	1268.37
8	Ablation_RandomSymmetric	0.20	32	18	18	0.7969	0.0000	0.0370	0.0000	0.0370	26	1	2.4101	1661.36
8	N0_Unconstrained_Attn	0.20	32	18	18	0.6016	0.0000	0.4074	0.3465	0.0609	51	46	12.8352	554.98
8	N1_Damped_Attn_0.25	0.20	32	18	18	0.6094	0.0000	0.1481	0.2673	-0.1192	50	31	10.6054	518.65
8	N4_Symmetric_Energy_Attn	0.20	32	18	18	0.5703	0.0000	0.3333	0.3663	-0.0330	55	46	12.5213	7558.64
8	SYNC1_Spectral_Sync	0.20	32	18	18	0.8828	0.0000	0.5556	0.0297	0.5259	15	18	8.1232	34.80
8	SYNC5_Loopy_MinSum	0.20	32	18	18	0.8984	0.0000	0.7037	0.0495	0.6542	13	24	8.1241	65.59
8	Candidate_LearnedEnergy	0.20	32	19	19	0.8203	0.0000	0.0435	0.0095	0.0340	23	2	2.5299	1214.74
8	Ablation_ZeroInteraction	0.20	32	19	19	0.8203	0.0000	0.0000	0.0000	0.0000	23	0	0.0000	884.31
8	Ablation_RandomSymmetric	0.20	32	19	19	0.7891	0.0000	0.0000	0.0381	-0.0381	27	4	3.7225	1111.73
8	N0_Unconstrained_Attn	0.20	32	19	19	0.5625	0.0000	0.2609	0.3714	-0.1106	56	45	11.8393	429.51
8	N1_Damped_Attn_0.25	0.20	32	19	19	0.6641	0.0000	0.2174	0.2381	-0.0207	43	30	9.6069	375.21
8	N4_Symmetric_Energy_Attn	0.20	32	19	19	0.6641	0.0000	0.3913	0.2762	0.1151	43	38	11.4731	329.86
8	SYNC1_Spectral_Sync	0.20	32	19	19	0.8672	0.0000	0.4348	0.0381	0.3967	17	14	7.0711	35.27
8	SYNC5_Loopy_MinSum	0.20	32	19	19	0.8750	0.0000	0.5652	0.0571	0.5081	16	19	8.3666	62.81
16	Candidate_LearnedEnergy	0.20	0	0	0	0.8203	0.0000	0.0000	0.0000	0.0000	46	0	0.0000	1.24
16	Ablation_ZeroInteraction	0.20	0	0	0	0.8203	0.0000	0.0000	0.0000	0.0000	46	0	0.0000	0.40
16	Ablation_RandomSymmetric	0.20	0	0	0	0.8203	0.0000	0.0000	0.0000	0.0000	46	0	0.0000	0.39
16	N0_Unconstrained_Attn	0.20	0	0	0	0.8203	0.0000	0.0000	0.0000	0.0000	46	0	0.0000	0.40
16	N1_Damped_Attn_0.25	0.20	0	0	0	0.8203	0.0000	0.0000	0.0000	0.0000	46	0	0.0000	0.33
16	N4_Symmetric_Energy_Attn	0.20	0	0	0	0.8203	0.0000	0.0000	0.0000	0.0000	46	0	0.0000	0.42
16	SYNC1_Spectral_Sync	0.20	0	0	0	0.8203	0.0000	0.0000	0.0000	0.0000	46	0	0.0000	0.41
16	SYNC5_Loopy_MinSum	0.20	0	0	0	0.8203	0.0000	0.0000	0.0000	0.0000	46	0	0.0000	0.42
16	Candidate_LearnedEnergy	0.20	0	1	1	0.8125	0.0000	0.0000	0.0000	0.0000	48	0	0.0000	0.72
16	Ablation_ZeroInteraction	0.20	0	1	1	0.8125	0.0000	0.0000	0.0000	0.0000	48	0	0.0000	0.46
16	Ablation_RandomSymmetric	0.20	0	1	1	0.8125	0.0000	0.0000	0.0000	0.0000	48	0	0.0000	0.37
16	N0_Unconstrained_Attn	0.20	0	1	1	0.8125	0.0000	0.0000	0.0000	0.0000	48	0	0.0000	0.36
16	N1_Damped_Attn_0.25	0.20	0	1	1	0.8125	0.0000	0.0000	0.0000	0.0000	48	0	0.0000	0.33
16	N4_Symmetric_Energy_Attn	0.20	0	1	1	0.8125	0.0000	0.0000	0.0000	0.0000	48	0	0.0000	0.35
16	SYNC1_Spectral_Sync	0.20	0	1	1	0.8125	0.0000	0.0000	0.0000	0.0000	48	0	0.0000	0.37
16	SYNC5_Loopy_MinSum	0.20	0	1	1	0.8125	0.0000	0.0000	0.0000	0.0000	48	0	0.0000	0.35
16	Candidate_LearnedEnergy	0.20	0	2	2	0.8281	0.0000	0.0000	0.0000	0.0000	44	0	0.0000	0.51
16	Ablation_ZeroInteraction	0.20	0	2	2	0.8281	0.0000	0.0000	0.0000	0.0000	44	0	0.0000	0.40
16	Ablation_RandomSymmetric	0.20	0	2	2	0.8281	0.0000	0.0000	0.0000	0.0000	44	0	0.0000	0.37
16	N0_Unconstrained_Attn	0.20	0	2	2	0.8281	0.0000	0.0000	0.0000	0.0000	44	0	0.0000	0.35
16	N1_Damped_Attn_0.25	0.20	0	2	2	0.8281	0.0000	0.0000	0.0000	0.0000	44	0	0.0000	0.38
16	N4_Symmetric_Energy_Attn	0.20	0	2	2	0.8281	0.0000	0.0000	0.0000	0.0000	44	0	0.0000	0.36
16	SYNC1_Spectral_Sync	0.20	0	2	2	0.8281	0.0000	0.0000	0.0000	0.0000	44	0	0.0000	0.33
16	SYNC5_Loopy_MinSum	0.20	0	2	2	0.8281	0.0000	0.0000	0.0000	0.0000	44	0	0.0000	0.34
16	Candidate_LearnedEnergy	0.20	0	3	3	0.8164	0.0000	0.0000	0.0000	0.0000	47	0	0.0000	0.61
16	Ablation_ZeroInteraction	0.20	0	3	3	0.8164	0.0000	0.0000	0.0000	0.0000	47	0	0.0000	0.37
16	Ablation_RandomSymmetric	0.20	0	3	3	0.8164	0.0000	0.0000	0.0000	0.0000	47	0	0.0000	0.37
16	N0_Unconstrained_Attn	0.20	0	3	3	0.8164	0.0000	0.0000	0.0000	0.0000	47	0	0.0000	0.44
16	N1_Damped_Attn_0.25	0.20	0	3	3	0.8164	0.0000	0.0000	0.0000	0.0000	47	0	0.0000	0.34
16	N4_Symmetric_Energy_Attn	0.20	0	3	3	0.8164	0.0000	0.0000	0.0000	0.0000	47	0	0.0000	0.38
16	SYNC1_Spectral_Sync	0.20	0	3	3	0.8164	0.0000	0.0000	0.0000	0.0000	47	0	0.0000	0.39
16	SYNC5_Loopy_MinSum	0.20	0	3	3	0.8164	0.0000	0.0000	0.0000	0.0000	47	0	0.0000	0.37
16	Candidate_LearnedEnergy	0.20	0	4	4	0.7969	0.0000	0.0000	0.0000	0.0000	52	0	0.0000	0.38
16	Ablation_ZeroInteraction	0.20	0	4	4	0.7969	0.0000	0.0000	0.0000	0.0000	52	0	0.0000	0.35
16	Ablation_RandomSymmetric	0.20	0	4	4	0.7969	0.0000	0.0000	0.0000	0.0000	52	0	0.0000	0.39
16	N0_Unconstrained_Attn	0.20	0	4	4	0.7969	0.0000	0.0000	0.0000	0.0000	52	0	0.0000	0.46
16	N1_Damped_Attn_0.25	0.20	0	4	4	0.7969	0.0000	0.0000	0.0000	0.0000	52	0	0.0000	0.38
16	N4_Symmetric_Energy_Attn	0.20	0	4	4	0.7969	0.0000	0.0000	0.0000	0.0000	52	0	0.0000	0.37
16	SYNC1_Spectral_Sync	0.20	0	4	4	0.7969	0.0000	0.0000	0.0000	0.0000	52	0	0.0000	0.38
16	SYNC5_Loopy_MinSum	0.20	0	4	4	0.7969	0.0000	0.0000	0.0000	0.0000	52	0	0.0000	0.38
16	Candidate_LearnedEnergy	0.20	0	5	5	0.7617	0.0000	0.0000	0.0000	0.0000	61	0	0.0000	2.26
16	Ablation_ZeroInteraction	0.20	0	5	5	0.7617	0.0000	0.0000	0.0000	0.0000	61	0	0.0000	0.35
16	Ablation_RandomSymmetric	0.20	0	5	5	0.7617	0.0000	0.0000	0.0000	0.0000	61	0	0.0000	0.33
16	N0_Unconstrained_Attn	0.20	0	5	5	0.7617	0.0000	0.0000	0.0000	0.0000	61	0	0.0000	0.33
16	N1_Damped_Attn_0.25	0.20	0	5	5	0.7617	0.0000	0.0000	0.0000	0.0000	61	0	0.0000	0.33
16	N4_Symmetric_Energy_Attn	0.20	0	5	5	0.7617	0.0000	0.0000	0.0000	0.0000	61	0	0.0000	0.37
16	SYNC1_Spectral_Sync	0.20	0	5	5	0.7617	0.0000	0.0000	0.0000	0.0000	61	0	0.0000	0.36
16	SYNC5_Loopy_MinSum	0.20	0	5	5	0.7617	0.0000	0.0000	0.0000	0.0000	61	0	0.0000	0.38
16	Candidate_LearnedEnergy	0.20	0	6	6	0.8047	0.0000	0.0000	0.0000	0.0000	50	0	0.0000	0.39
16	Ablation_ZeroInteraction	0.20	0	6	6	0.8047	0.0000	0.0000	0.0000	0.0000	50	0	0.0000	0.39
16	Ablation_RandomSymmetric	0.20	0	6	6	0.8047	0.0000	0.0000	0.0000	0.0000	50	0	0.0000	0.33
16	N0_Unconstrained_Attn	0.20	0	6	6	0.8047	0.0000	0.0000	0.0000	0.0000	50	0	0.0000	0.34
16	N1_Damped_Attn_0.25	0.20	0	6	6	0.8047	0.0000	0.0000	0.0000	0.0000	50	0	0.0000	0.37
16	N4_Symmetric_Energy_Attn	0.20	0	6	6	0.8047	0.0000	0.0000	0.0000	0.0000	50	0	0.0000	0.38
16	SYNC1_Spectral_Sync	0.20	0	6	6	0.8047	0.0000	0.0000	0.0000	0.0000	50	0	0.0000	0.40
16	SYNC5_Loopy_MinSum	0.20	0	6	6	0.8047	0.0000	0.0000	0.0000	0.0000	50	0	0.0000	0.40
16	Candidate_LearnedEnergy	0.20	0	7	7	0.7969	0.0000	0.0000	0.0000	0.0000	52	0	0.0000	0.58
16	Ablation_ZeroInteraction	0.20	0	7	7	0.7969	0.0000	0.0000	0.0000	0.0000	52	0	0.0000	0.41
16	Ablation_RandomSymmetric	0.20	0	7	7	0.7969	0.0000	0.0000	0.0000	0.0000	52	0	0.0000	0.22
16	N0_Unconstrained_Attn	0.20	0	7	7	0.7969	0.0000	0.0000	0.0000	0.0000	52	0	0.0000	0.24
16	N1_Damped_Attn_0.25	0.20	0	7	7	0.7969	0.0000	0.0000	0.0000	0.0000	52	0	0.0000	0.25
16	N4_Symmetric_Energy_Attn	0.20	0	7	7	0.7969	0.0000	0.0000	0.0000	0.0000	52	0	0.0000	0.24
16	SYNC1_Spectral_Sync	0.20	0	7	7	0.7969	0.0000	0.0000	0.0000	0.0000	52	0	0.0000	0.23
16	SYNC5_Loopy_MinSum	0.20	0	7	7	0.7969	0.0000	0.0000	0.0000	0.0000	52	0	0.0000	0.22
16	Candidate_LearnedEnergy	0.20	0	8	8	0.8203	0.0000	0.0000	0.0000	0.0000	46	0	0.0000	0.23
16	Ablation_ZeroInteraction	0.20	0	8	8	0.8203	0.0000	0.0000	0.0000	0.0000	46	0	0.0000	0.35
16	Ablation_RandomSymmetric	0.20	0	8	8	0.8203	0.0000	0.0000	0.0000	0.0000	46	0	0.0000	0.22
16	N0_Unconstrained_Attn	0.20	0	8	8	0.8203	0.0000	0.0000	0.0000	0.0000	46	0	0.0000	0.23
16	N1_Damped_Attn_0.25	0.20	0	8	8	0.8203	0.0000	0.0000	0.0000	0.0000	46	0	0.0000	0.21
16	N4_Symmetric_Energy_Attn	0.20	0	8	8	0.8203	0.0000	0.0000	0.0000	0.0000	46	0	0.0000	0.24
16	SYNC1_Spectral_Sync	0.20	0	8	8	0.8203	0.0000	0.0000	0.0000	0.0000	46	0	0.0000	0.21
16	SYNC5_Loopy_MinSum	0.20	0	8	8	0.8203	0.0000	0.0000	0.0000	0.0000	46	0	0.0000	0.21
16	Candidate_LearnedEnergy	0.20	0	9	9	0.7930	0.0000	0.0000	0.0000	0.0000	53	0	0.0000	0.22
16	Ablation_ZeroInteraction	0.20	0	9	9	0.7930	0.0000	0.0000	0.0000	0.0000	53	0	0.0000	0.21
16	Ablation_RandomSymmetric	0.20	0	9	9	0.7930	0.0000	0.0000	0.0000	0.0000	53	0	0.0000	0.21
16	N0_Unconstrained_Attn	0.20	0	9	9	0.7930	0.0000	0.0000	0.0000	0.0000	53	0	0.0000	0.21
16	N1_Damped_Attn_0.25	0.20	0	9	9	0.7930	0.0000	0.0000	0.0000	0.0000	53	0	0.0000	0.20
16	N4_Symmetric_Energy_Attn	0.20	0	9	9	0.7930	0.0000	0.0000	0.0000	0.0000	53	0	0.0000	0.21
16	SYNC1_Spectral_Sync	0.20	0	9	9	0.7930	0.0000	0.0000	0.0000	0.0000	53	0	0.0000	0.21
16	SYNC5_Loopy_MinSum	0.20	0	9	9	0.7930	0.0000	0.0000	0.0000	0.0000	53	0	0.0000	0.21
16	Candidate_LearnedEnergy	0.20	0	10	10	0.7109	0.0000	0.0000	0.0000	0.0000	74	0	0.0000	0.99
16	Ablation_ZeroInteraction	0.20	0	10	10	0.7109	0.0000	0.0000	0.0000	0.0000	74	0	0.0000	0.39
16	Ablation_RandomSymmetric	0.20	0	10	10	0.7109	0.0000	0.0000	0.0000	0.0000	74	0	0.0000	0.36
16	N0_Unconstrained_Attn	0.20	0	10	10	0.7109	0.0000	0.0000	0.0000	0.0000	74	0	0.0000	0.38
16	N1_Damped_Attn_0.25	0.20	0	10	10	0.7109	0.0000	0.0000	0.0000	0.0000	74	0	0.0000	0.37
16	N4_Symmetric_Energy_Attn	0.20	0	10	10	0.7109	0.0000	0.0000	0.0000	0.0000	74	0	0.0000	0.39
16	SYNC1_Spectral_Sync	0.20	0	10	10	0.7109	0.0000	0.0000	0.0000	0.0000	74	0	0.0000	0.42
16	SYNC5_Loopy_MinSum	0.20	0	10	10	0.7109	0.0000	0.0000	0.0000	0.0000	74	0	0.0000	0.45
16	Candidate_LearnedEnergy	0.20	0	11	11	0.7891	0.0000	0.0000	0.0000	0.0000	54	0	0.0000	0.45
16	Ablation_ZeroInteraction	0.20	0	11	11	0.7891	0.0000	0.0000	0.0000	0.0000	54	0	0.0000	0.36
16	Ablation_RandomSymmetric	0.20	0	11	11	0.7891	0.0000	0.0000	0.0000	0.0000	54	0	0.0000	0.48
16	N0_Unconstrained_Attn	0.20	0	11	11	0.7891	0.0000	0.0000	0.0000	0.0000	54	0	0.0000	0.37
16	N1_Damped_Attn_0.25	0.20	0	11	11	0.7891	0.0000	0.0000	0.0000	0.0000	54	0	0.0000	0.36
16	N4_Symmetric_Energy_Attn	0.20	0	11	11	0.7891	0.0000	0.0000	0.0000	0.0000	54	0	0.0000	0.41
16	SYNC1_Spectral_Sync	0.20	0	11	11	0.7891	0.0000	0.0000	0.0000	0.0000	54	0	0.0000	0.34
16	SYNC5_Loopy_MinSum	0.20	0	11	11	0.7891	0.0000	0.0000	0.0000	0.0000	54	0	0.0000	0.40
16	Candidate_LearnedEnergy	0.20	0	12	12	0.7930	0.0000	0.0000	0.0000	0.0000	53	0	0.0000	0.34
16	Ablation_ZeroInteraction	0.20	0	12	12	0.7930	0.0000	0.0000	0.0000	0.0000	53	0	0.0000	0.37
16	Ablation_RandomSymmetric	0.20	0	12	12	0.7930	0.0000	0.0000	0.0000	0.0000	53	0	0.0000	0.40
16	N0_Unconstrained_Attn	0.20	0	12	12	0.7930	0.0000	0.0000	0.0000	0.0000	53	0	0.0000	0.35
16	N1_Damped_Attn_0.25	0.20	0	12	12	0.7930	0.0000	0.0000	0.0000	0.0000	53	0	0.0000	0.39
16	N4_Symmetric_Energy_Attn	0.20	0	12	12	0.7930	0.0000	0.0000	0.0000	0.0000	53	0	0.0000	0.36
16	SYNC1_Spectral_Sync	0.20	0	12	12	0.7930	0.0000	0.0000	0.0000	0.0000	53	0	0.0000	0.37
16	SYNC5_Loopy_MinSum	0.20	0	12	12	0.7930	0.0000	0.0000	0.0000	0.0000	53	0	0.0000	0.37
16	Candidate_LearnedEnergy	0.20	0	13	13	0.8164	0.0000	0.0000	0.0000	0.0000	47	0	0.0000	0.37
16	Ablation_ZeroInteraction	0.20	0	13	13	0.8164	0.0000	0.0000	0.0000	0.0000	47	0	0.0000	0.37
16	Ablation_RandomSymmetric	0.20	0	13	13	0.8164	0.0000	0.0000	0.0000	0.0000	47	0	0.0000	0.39
16	N0_Unconstrained_Attn	0.20	0	13	13	0.8164	0.0000	0.0000	0.0000	0.0000	47	0	0.0000	0.38
16	N1_Damped_Attn_0.25	0.20	0	13	13	0.8164	0.0000	0.0000	0.0000	0.0000	47	0	0.0000	0.37
16	N4_Symmetric_Energy_Attn	0.20	0	13	13	0.8164	0.0000	0.0000	0.0000	0.0000	47	0	0.0000	0.48
16	SYNC1_Spectral_Sync	0.20	0	13	13	0.8164	0.0000	0.0000	0.0000	0.0000	47	0	0.0000	0.46
16	SYNC5_Loopy_MinSum	0.20	0	13	13	0.8164	0.0000	0.0000	0.0000	0.0000	47	0	0.0000	0.33
16	Candidate_LearnedEnergy	0.20	0	14	14	0.8125	0.0000	0.0000	0.0000	0.0000	48	0	0.0000	0.40
16	Ablation_ZeroInteraction	0.20	0	14	14	0.8125	0.0000	0.0000	0.0000	0.0000	48	0	0.0000	0.34
16	Ablation_RandomSymmetric	0.20	0	14	14	0.8125	0.0000	0.0000	0.0000	0.0000	48	0	0.0000	0.33
16	N0_Unconstrained_Attn	0.20	0	14	14	0.8125	0.0000	0.0000	0.0000	0.0000	48	0	0.0000	0.37
16	N1_Damped_Attn_0.25	0.20	0	14	14	0.8125	0.0000	0.0000	0.0000	0.0000	48	0	0.0000	0.34
16	N4_Symmetric_Energy_Attn	0.20	0	14	14	0.8125	0.0000	0.0000	0.0000	0.0000	48	0	0.0000	0.40
16	SYNC1_Spectral_Sync	0.20	0	14	14	0.8125	0.0000	0.0000	0.0000	0.0000	48	0	0.0000	0.39
16	SYNC5_Loopy_MinSum	0.20	0	14	14	0.8125	0.0000	0.0000	0.0000	0.0000	48	0	0.0000	0.36
16	Candidate_LearnedEnergy	0.20	0	15	15	0.7617	0.0000	0.0000	0.0000	0.0000	61	0	0.0000	0.23
16	Ablation_ZeroInteraction	0.20	0	15	15	0.7617	0.0000	0.0000	0.0000	0.0000	61	0	0.0000	0.21
16	Ablation_RandomSymmetric	0.20	0	15	15	0.7617	0.0000	0.0000	0.0000	0.0000	61	0	0.0000	0.21
16	N0_Unconstrained_Attn	0.20	0	15	15	0.7617	0.0000	0.0000	0.0000	0.0000	61	0	0.0000	0.21
16	N1_Damped_Attn_0.25	0.20	0	15	15	0.7617	0.0000	0.0000	0.0000	0.0000	61	0	0.0000	0.21
16	N4_Symmetric_Energy_Attn	0.20	0	15	15	0.7617	0.0000	0.0000	0.0000	0.0000	61	0	0.0000	0.22
16	SYNC1_Spectral_Sync	0.20	0	15	15	0.7617	0.0000	0.0000	0.0000	0.0000	61	0	0.0000	0.21
16	SYNC5_Loopy_MinSum	0.20	0	15	15	0.7617	0.0000	0.0000	0.0000	0.0000	61	0	0.0000	0.21
16	Candidate_LearnedEnergy	0.20	0	16	16	0.7930	0.0000	0.0000	0.0000	0.0000	53	0	0.0000	0.22
16	Ablation_ZeroInteraction	0.20	0	16	16	0.7930	0.0000	0.0000	0.0000	0.0000	53	0	0.0000	0.24
16	Ablation_RandomSymmetric	0.20	0	16	16	0.7930	0.0000	0.0000	0.0000	0.0000	53	0	0.0000	0.23
16	N0_Unconstrained_Attn	0.20	0	16	16	0.7930	0.0000	0.0000	0.0000	0.0000	53	0	0.0000	0.22
16	N1_Damped_Attn_0.25	0.20	0	16	16	0.7930	0.0000	0.0000	0.0000	0.0000	53	0	0.0000	0.22
16	N4_Symmetric_Energy_Attn	0.20	0	16	16	0.7930	0.0000	0.0000	0.0000	0.0000	53	0	0.0000	0.25
16	SYNC1_Spectral_Sync	0.20	0	16	16	0.7930	0.0000	0.0000	0.0000	0.0000	53	0	0.0000	0.23
16	SYNC5_Loopy_MinSum	0.20	0	16	16	0.7930	0.0000	0.0000	0.0000	0.0000	53	0	0.0000	0.25
16	Candidate_LearnedEnergy	0.20	0	17	17	0.8477	0.0000	0.0000	0.0000	0.0000	39	0	0.0000	0.45
16	Ablation_ZeroInteraction	0.20	0	17	17	0.8477	0.0000	0.0000	0.0000	0.0000	39	0	0.0000	0.39
16	Ablation_RandomSymmetric	0.20	0	17	17	0.8477	0.0000	0.0000	0.0000	0.0000	39	0	0.0000	0.38
16	N0_Unconstrained_Attn	0.20	0	17	17	0.8477	0.0000	0.0000	0.0000	0.0000	39	0	0.0000	0.38
16	N1_Damped_Attn_0.25	0.20	0	17	17	0.8477	0.0000	0.0000	0.0000	0.0000	39	0	0.0000	0.36
16	N4_Symmetric_Energy_Attn	0.20	0	17	17	0.8477	0.0000	0.0000	0.0000	0.0000	39	0	0.0000	0.41
16	SYNC1_Spectral_Sync	0.20	0	17	17	0.8477	0.0000	0.0000	0.0000	0.0000	39	0	0.0000	0.38
16	SYNC5_Loopy_MinSum	0.20	0	17	17	0.8477	0.0000	0.0000	0.0000	0.0000	39	0	0.0000	0.33
16	Candidate_LearnedEnergy	0.20	0	18	18	0.8086	0.0000	0.0000	0.0000	0.0000	49	0	0.0000	0.23
16	Ablation_ZeroInteraction	0.20	0	18	18	0.8086	0.0000	0.0000	0.0000	0.0000	49	0	0.0000	0.22
16	Ablation_RandomSymmetric	0.20	0	18	18	0.8086	0.0000	0.0000	0.0000	0.0000	49	0	0.0000	0.22
16	N0_Unconstrained_Attn	0.20	0	18	18	0.8086	0.0000	0.0000	0.0000	0.0000	49	0	0.0000	0.22
16	N1_Damped_Attn_0.25	0.20	0	18	18	0.8086	0.0000	0.0000	0.0000	0.0000	49	0	0.0000	0.25
16	N4_Symmetric_Energy_Attn	0.20	0	18	18	0.8086	0.0000	0.0000	0.0000	0.0000	49	0	0.0000	0.25
16	SYNC1_Spectral_Sync	0.20	0	18	18	0.8086	0.0000	0.0000	0.0000	0.0000	49	0	0.0000	0.22
16	SYNC5_Loopy_MinSum	0.20	0	18	18	0.8086	0.0000	0.0000	0.0000	0.0000	49	0	0.0000	0.23
16	Candidate_LearnedEnergy	0.20	0	19	19	0.7656	0.0000	0.0000	0.0000	0.0000	60	0	0.0000	0.37
16	Ablation_ZeroInteraction	0.20	0	19	19	0.7656	0.0000	0.0000	0.0000	0.0000	60	0	0.0000	0.36
16	Ablation_RandomSymmetric	0.20	0	19	19	0.7656	0.0000	0.0000	0.0000	0.0000	60	0	0.0000	0.34
16	N0_Unconstrained_Attn	0.20	0	19	19	0.7656	0.0000	0.0000	0.0000	0.0000	60	0	0.0000	0.40
16	N1_Damped_Attn_0.25	0.20	0	19	19	0.7656	0.0000	0.0000	0.0000	0.0000	60	0	0.0000	0.44
16	N4_Symmetric_Energy_Attn	0.20	0	19	19	0.7656	0.0000	0.0000	0.0000	0.0000	60	0	0.0000	0.37
16	SYNC1_Spectral_Sync	0.20	0	19	19	0.7656	0.0000	0.0000	0.0000	0.0000	60	0	0.0000	0.35
16	SYNC5_Loopy_MinSum	0.20	0	19	19	0.7656	0.0000	0.0000	0.0000	0.0000	60	0	0.0000	0.35
16	Candidate_LearnedEnergy	0.20	1	0	0	0.8203	0.0000	0.0000	0.0000	0.0000	46	0	0.1981	146.15
16	Ablation_ZeroInteraction	0.20	1	0	0	0.8203	0.0000	0.0000	0.0000	0.0000	46	0	0.0000	106.68
16	Ablation_RandomSymmetric	0.20	1	0	0	0.8203	0.0000	0.0000	0.0000	0.0000	46	0	0.2220	133.78
16	N0_Unconstrained_Attn	0.20	1	0	0	0.7930	0.0000	0.0217	0.0381	-0.0164	53	9	5.8670	34.92
16	N1_Damped_Attn_0.25	0.20	1	0	0	0.8203	0.0000	0.0000	0.0000	0.0000	46	0	1.1504	34.73
16	N4_Symmetric_Energy_Attn	0.20	1	0	0	0.8203	0.0000	0.0000	0.0000	0.0000	46	0	2.4502	25.69
16	SYNC1_Spectral_Sync	0.20	1	0	0	0.8164	0.0000	0.1739	0.0429	0.1311	47	17	5.8310	4.43
16	SYNC5_Loopy_MinSum	0.20	1	0	0	0.8750	0.0000	0.5435	0.0524	0.4911	32	36	11.7898	17.49
16	Candidate_LearnedEnergy	0.20	1	1	1	0.8125	0.0000	0.0000	0.0000	0.0000	48	0	0.2185	137.17
16	Ablation_ZeroInteraction	0.20	1	1	1	0.8125	0.0000	0.0000	0.0000	0.0000	48	0	0.0000	106.21
16	Ablation_RandomSymmetric	0.20	1	1	1	0.8125	0.0000	0.0000	0.0000	0.0000	48	0	0.2361	130.15
16	N0_Unconstrained_Attn	0.20	1	1	1	0.8086	0.0000	0.0208	0.0096	0.0112	49	3	4.4504	31.85
16	N1_Damped_Attn_0.25	0.20	1	1	1	0.8125	0.0000	0.0000	0.0000	0.0000	48	0	1.0652	35.88
16	N4_Symmetric_Energy_Attn	0.20	1	1	1	0.8125	0.0000	0.0000	0.0000	0.0000	48	0	2.3540	23.73
16	SYNC1_Spectral_Sync	0.20	1	1	1	0.8984	0.0000	0.4792	0.0048	0.4744	26	24	6.0000	4.25
16	SYNC5_Loopy_MinSum	0.20	1	1	1	0.9492	0.0000	0.8125	0.0192	0.7933	13	43	12.2066	16.40
16	Candidate_LearnedEnergy	0.20	1	2	2	0.8281	0.0000	0.0000	0.0000	0.0000	44	0	0.2318	165.63
16	Ablation_ZeroInteraction	0.20	1	2	2	0.8281	0.0000	0.0000	0.0000	0.0000	44	0	0.0000	154.04
16	Ablation_RandomSymmetric	0.20	1	2	2	0.8281	0.0000	0.0000	0.0000	0.0000	44	0	0.2186	92.58
16	N0_Unconstrained_Attn	0.20	1	2	2	0.8203	0.0000	0.0227	0.0142	0.0086	46	4	4.7669	24.93
16	N1_Damped_Attn_0.25	0.20	1	2	2	0.8281	0.0000	0.0000	0.0000	0.0000	44	0	1.3161	24.26
16	N4_Symmetric_Energy_Attn	0.20	1	2	2	0.8281	0.0000	0.0000	0.0000	0.0000	44	0	2.2892	21.64
16	SYNC1_Spectral_Sync	0.20	1	2	2	0.8750	0.0000	0.3182	0.0094	0.3087	32	16	6.1644	3.08
16	SYNC5_Loopy_MinSum	0.20	1	2	2	0.9648	0.0000	0.8636	0.0142	0.8495	9	41	12.2474	10.94
16	Candidate_LearnedEnergy	0.20	1	3	3	0.8164	0.0000	0.0000	0.0000	0.0000	47	0	0.2344	91.70
16	Ablation_ZeroInteraction	0.20	1	3	3	0.8164	0.0000	0.0000	0.0000	0.0000	47	0	0.0000	67.48
16	Ablation_RandomSymmetric	0.20	1	3	3	0.8164	0.0000	0.0000	0.0000	0.0000	47	0	0.2692	89.40
16	N0_Unconstrained_Attn	0.20	1	3	3	0.7891	0.0000	0.0213	0.0383	-0.0170	54	9	5.7238	24.14
16	N1_Damped_Attn_0.25	0.20	1	3	3	0.8164	0.0000	0.0000	0.0000	0.0000	47	0	1.1839	132.06
16	N4_Symmetric_Energy_Attn	0.20	1	3	3	0.8164	0.0000	0.0000	0.0000	0.0000	47	0	1.5519	22.45
16	SYNC1_Spectral_Sync	0.20	1	3	3	0.8516	0.0000	0.2766	0.0191	0.2575	38	17	6.4031	3.08
16	SYNC5_Loopy_MinSum	0.20	1	3	3	0.9336	0.0000	0.7660	0.0287	0.7372	17	42	12.5300	10.92
16	Candidate_LearnedEnergy	0.20	1	4	4	0.7969	0.0000	0.0000	0.0000	0.0000	52	0	0.2580	114.56
16	Ablation_ZeroInteraction	0.20	1	4	4	0.7969	0.0000	0.0000	0.0000	0.0000	52	0	0.0000	98.15
16	Ablation_RandomSymmetric	0.20	1	4	4	0.7969	0.0000	0.0000	0.0000	0.0000	52	0	0.2608	104.12
16	N0_Unconstrained_Attn	0.20	1	4	4	0.7969	0.0000	0.0000	0.0000	0.0000	52	0	2.5641	32.65
16	N1_Damped_Attn_0.25	0.20	1	4	4	0.7969	0.0000	0.0000	0.0000	0.0000	52	0	1.0056	33.03
16	N4_Symmetric_Energy_Attn	0.20	1	4	4	0.7969	0.0000	0.0000	0.0000	0.0000	52	0	1.6183	25.97
16	SYNC1_Spectral_Sync	0.20	1	4	4	0.8438	0.0000	0.2885	0.0147	0.2738	40	18	6.0000	4.84
16	SYNC5_Loopy_MinSum	0.20	1	4	4	0.9141	0.0000	0.6731	0.0245	0.6486	22	40	11.9583	17.01
16	Candidate_LearnedEnergy	0.20	1	5	5	0.7617	0.0000	0.0000	0.0000	0.0000	61	0	0.2486	92.57
16	Ablation_ZeroInteraction	0.20	1	5	5	0.7617	0.0000	0.0000	0.0000	0.0000	61	0	0.0000	66.15
16	Ablation_RandomSymmetric	0.20	1	5	5	0.7617	0.0000	0.0000	0.0000	0.0000	61	0	0.1929	92.65
16	N0_Unconstrained_Attn	0.20	1	5	5	0.7500	0.0000	0.0000	0.0154	-0.0154	64	3	4.8288	53.29
16	N1_Damped_Attn_0.25	0.20	1	5	5	0.7617	0.0000	0.0000	0.0000	0.0000	61	0	1.3053	24.72
16	N4_Symmetric_Energy_Attn	0.20	1	5	5	0.7617	0.0000	0.0000	0.0000	0.0000	61	0	2.0721	21.70
16	SYNC1_Spectral_Sync	0.20	1	5	5	0.7734	0.0000	0.1311	0.0256	0.1055	58	13	6.4807	3.04
16	SYNC5_Loopy_MinSum	0.20	1	5	5	0.8555	0.0000	0.5574	0.0513	0.5061	37	44	13.2288	10.43
16	Candidate_LearnedEnergy	0.20	1	6	6	0.8047	0.0000	0.0000	0.0000	0.0000	50	0	0.1773	93.58
16	Ablation_ZeroInteraction	0.20	1	6	6	0.8047	0.0000	0.0000	0.0000	0.0000	50	0	0.0000	91.41
16	Ablation_RandomSymmetric	0.20	1	6	6	0.8047	0.0000	0.0000	0.0000	0.0000	50	0	0.2301	90.74
16	N0_Unconstrained_Attn	0.20	1	6	6	0.8008	0.0000	0.0200	0.0097	0.0103	51	3	3.5989	24.63
16	N1_Damped_Attn_0.25	0.20	1	6	6	0.8047	0.0000	0.0000	0.0000	0.0000	50	0	1.2155	23.79
16	N4_Symmetric_Energy_Attn	0.20	1	6	6	0.8047	0.0000	0.0000	0.0000	0.0000	50	0	1.3966	20.98
16	SYNC1_Spectral_Sync	0.20	1	6	6	0.8203	0.0000	0.2000	0.0291	0.1709	46	16	5.8310	2.62
16	SYNC5_Loopy_MinSum	0.20	1	6	6	0.8750	0.0000	0.5600	0.0485	0.5115	32	38	11.8743	9.82
16	Candidate_LearnedEnergy	0.20	1	7	7	0.7969	0.0000	0.0000	0.0000	0.0000	52	0	0.2296	92.36
16	Ablation_ZeroInteraction	0.20	1	7	7	0.7969	0.0000	0.0000	0.0000	0.0000	52	0	0.0000	65.20
16	Ablation_RandomSymmetric	0.20	1	7	7	0.7969	0.0000	0.0000	0.0000	0.0000	52	0	0.1890	90.95
16	N0_Unconstrained_Attn	0.20	1	7	7	0.7852	0.0000	0.0000	0.0147	-0.0147	55	3	4.9826	24.66
16	N1_Damped_Attn_0.25	0.20	1	7	7	0.7969	0.0000	0.0000	0.0000	0.0000	52	0	1.3369	24.27
16	N4_Symmetric_Energy_Attn	0.20	1	7	7	0.7969	0.0000	0.0000	0.0000	0.0000	52	0	3.1335	21.07
16	SYNC1_Spectral_Sync	0.20	1	7	7	0.8047	0.0000	0.1346	0.0245	0.1101	50	12	6.0000	2.60
16	SYNC5_Loopy_MinSum	0.20	1	7	7	0.8828	0.0000	0.6154	0.0490	0.5664	30	42	12.2066	9.37
16	Candidate_LearnedEnergy	0.20	1	8	8	0.8203	0.0000	0.0000	0.0000	0.0000	46	0	0.2277	92.11
16	Ablation_ZeroInteraction	0.20	1	8	8	0.8203	0.0000	0.0000	0.0000	0.0000	46	0	0.0000	64.49
16	Ablation_RandomSymmetric	0.20	1	8	8	0.8203	0.0000	0.0000	0.0000	0.0000	46	0	0.2199	90.72
16	N0_Unconstrained_Attn	0.20	1	8	8	0.7969	0.0000	0.0000	0.0286	-0.0286	52	6	4.3452	24.55
16	N1_Damped_Attn_0.25	0.20	1	8	8	0.8203	0.0000	0.0000	0.0000	0.0000	46	0	1.3489	24.50
16	N4_Symmetric_Energy_Attn	0.20	1	8	8	0.8203	0.0000	0.0000	0.0000	0.0000	46	0	1.8912	21.78
16	SYNC1_Spectral_Sync	0.20	1	8	8	0.8359	0.0000	0.1522	0.0143	0.1379	42	10	4.7958	2.55
16	SYNC5_Loopy_MinSum	0.20	1	8	8	0.9062	0.0000	0.5652	0.0190	0.5462	24	30	10.3923	10.10
16	Candidate_LearnedEnergy	0.20	1	9	9	0.7930	0.0000	0.0000	0.0000	0.0000	53	0	0.2211	161.35
16	Ablation_ZeroInteraction	0.20	1	9	9	0.7930	0.0000	0.0000	0.0000	0.0000	53	0	0.0000	107.63
16	Ablation_RandomSymmetric	0.20	1	9	9	0.7930	0.0000	0.0000	0.0000	0.0000	53	0	0.2248	134.53
16	N0_Unconstrained_Attn	0.20	1	9	9	0.7930	0.0000	0.0566	0.0148	0.0418	53	6	4.5603	32.70
16	N1_Damped_Attn_0.25	0.20	1	9	9	0.7930	0.0000	0.0000	0.0000	0.0000	53	0	1.2587	39.39
16	N4_Symmetric_Energy_Attn	0.20	1	9	9	0.7930	0.0000	0.0000	0.0000	0.0000	53	0	1.4206	26.90
16	SYNC1_Spectral_Sync	0.20	1	9	9	0.8398	0.0000	0.3208	0.0246	0.2961	41	22	7.4833	4.79
16	SYNC5_Loopy_MinSum	0.20	1	9	9	0.9297	0.0000	0.8302	0.0443	0.7859	18	53	14.0000	17.30
16	Candidate_LearnedEnergy	0.20	1	10	10	0.7109	0.0000	0.0000	0.0000	0.0000	74	0	0.1797	159.33
16	Ablation_ZeroInteraction	0.20	1	10	10	0.7109	0.0000	0.0000	0.0000	0.0000	74	0	0.0000	106.77
16	Ablation_RandomSymmetric	0.20	1	10	10	0.7109	0.0000	0.0000	0.0000	0.0000	74	0	0.2086	129.28
16	N0_Unconstrained_Attn	0.20	1	10	10	0.7188	0.0000	0.0270	0.0000	0.0270	72	2	3.0498	31.80
16	N1_Damped_Attn_0.25	0.20	1	10	10	0.7109	0.0000	0.0000	0.0000	0.0000	74	0	0.9198	34.16
16	N4_Symmetric_Energy_Attn	0.20	1	10	10	0.7109	0.0000	0.0000	0.0000	0.0000	74	0	2.0698	23.45
16	SYNC1_Spectral_Sync	0.20	1	10	10	0.7773	0.0000	0.3108	0.0330	0.2778	57	29	7.6158	4.74
16	SYNC5_Loopy_MinSum	0.20	1	10	10	0.8320	0.0000	0.6351	0.0879	0.5472	43	63	15.0665	17.72
16	Candidate_LearnedEnergy	0.20	1	11	11	0.7891	0.0000	0.0000	0.0000	0.0000	54	0	0.2056	131.49
16	Ablation_ZeroInteraction	0.20	1	11	11	0.7891	0.0000	0.0000	0.0000	0.0000	54	0	0.0000	103.52
16	Ablation_RandomSymmetric	0.20	1	11	11	0.7891	0.0000	0.0000	0.0000	0.0000	54	0	0.2275	131.21
16	N0_Unconstrained_Attn	0.20	1	11	11	0.7930	0.0000	0.0185	0.0000	0.0185	53	1	4.4773	32.42
16	N1_Damped_Attn_0.25	0.20	1	11	11	0.7891	0.0000	0.0000	0.0000	0.0000	54	0	1.3020	34.13
16	N4_Symmetric_Energy_Attn	0.20	1	11	11	0.7891	0.0000	0.0000	0.0000	0.0000	54	0	1.5891	24.01
16	SYNC1_Spectral_Sync	0.20	1	11	11	0.8281	0.0000	0.2963	0.0297	0.2666	44	22	6.4031	4.16
16	SYNC5_Loopy_MinSum	0.20	1	11	11	0.8594	0.0000	0.5926	0.0693	0.5233	36	46	13.0767	15.24
16	Candidate_LearnedEnergy	0.20	1	12	12	0.7930	0.0000	0.0000	0.0000	0.0000	53	0	0.2157	166.20
16	Ablation_ZeroInteraction	0.20	1	12	12	0.7930	0.0000	0.0000	0.0000	0.0000	53	0	0.0000	106.70
16	Ablation_RandomSymmetric	0.20	1	12	12	0.7930	0.0000	0.0000	0.0000	0.0000	53	0	0.1980	166.03
16	N0_Unconstrained_Attn	0.20	1	12	12	0.7891	0.0000	0.0189	0.0099	0.0090	54	3	3.9171	32.64
16	N1_Damped_Attn_0.25	0.20	1	12	12	0.7930	0.0000	0.0000	0.0000	0.0000	53	0	0.9798	34.88
16	N4_Symmetric_Energy_Attn	0.20	1	12	12	0.7930	0.0000	0.0000	0.0000	0.0000	53	0	2.1533	22.62
16	SYNC1_Spectral_Sync	0.20	1	12	12	0.8359	0.0000	0.3208	0.0296	0.2912	42	23	6.8557	4.38
16	SYNC5_Loopy_MinSum	0.20	1	12	12	0.9180	0.0000	0.8113	0.0542	0.7571	21	54	13.6748	15.87
16	Candidate_LearnedEnergy	0.20	1	13	13	0.8164	0.0000	0.0000	0.0000	0.0000	47	0	0.2356	133.33
16	Ablation_ZeroInteraction	0.20	1	13	13	0.8164	0.0000	0.0000	0.0000	0.0000	47	0	0.0000	108.28
16	Ablation_RandomSymmetric	0.20	1	13	13	0.8164	0.0000	0.0000	0.0000	0.0000	47	0	0.1856	132.43
16	N0_Unconstrained_Attn	0.20	1	13	13	0.8164	0.0000	0.0213	0.0048	0.0165	47	2	3.7209	32.02
16	N1_Damped_Attn_0.25	0.20	1	13	13	0.8164	0.0000	0.0000	0.0000	0.0000	47	0	1.5786	35.79
16	N4_Symmetric_Energy_Attn	0.20	1	13	13	0.8164	0.0000	0.0000	0.0000	0.0000	47	0	2.6734	23.90
16	SYNC1_Spectral_Sync	0.20	1	13	13	0.8828	0.0000	0.4894	0.0287	0.4607	30	29	6.5574	4.29
16	SYNC5_Loopy_MinSum	0.20	1	13	13	0.9375	0.0000	0.8085	0.0335	0.7750	16	45	12.8841	16.72
16	Candidate_LearnedEnergy	0.20	1	14	14	0.8125	0.0000	0.0000	0.0000	0.0000	48	0	0.2316	93.48
16	Ablation_ZeroInteraction	0.20	1	14	14	0.8125	0.0000	0.0000	0.0000	0.0000	48	0	0.0000	65.03
16	Ablation_RandomSymmetric	0.20	1	14	14	0.8125	0.0000	0.0000	0.0000	0.0000	48	0	0.2301	91.25
16	N0_Unconstrained_Attn	0.20	1	14	14	0.7930	0.0000	0.0208	0.0288	-0.0080	53	7	4.9183	24.98
16	N1_Damped_Attn_0.25	0.20	1	14	14	0.8125	0.0000	0.0000	0.0000	0.0000	48	0	1.2577	24.38
16	N4_Symmetric_Energy_Attn	0.20	1	14	14	0.8125	0.0000	0.0000	0.0000	0.0000	48	0	2.0519	21.49
16	SYNC1_Spectral_Sync	0.20	1	14	14	0.8633	0.0000	0.3750	0.0240	0.3510	35	23	6.4807	2.67
16	SYNC5_Loopy_MinSum	0.20	1	14	14	0.9258	0.0000	0.7292	0.0288	0.7003	19	41	12.3693	10.41
16	Candidate_LearnedEnergy	0.20	1	15	15	0.7617	0.0000	0.0000	0.0000	0.0000	61	0	0.2091	104.79
16	Ablation_ZeroInteraction	0.20	1	15	15	0.7617	0.0000	0.0000	0.0000	0.0000	61	0	0.0000	65.49
16	Ablation_RandomSymmetric	0.20	1	15	15	0.7617	0.0000	0.0000	0.0000	0.0000	61	0	0.2167	96.08
16	N0_Unconstrained_Attn	0.20	1	15	15	0.7578	0.0000	0.0000	0.0051	-0.0051	62	1	3.9600	25.55
16	N1_Damped_Attn_0.25	0.20	1	15	15	0.7617	0.0000	0.0000	0.0000	0.0000	61	0	1.1474	24.92
16	N4_Symmetric_Energy_Attn	0.20	1	15	15	0.7617	0.0000	0.0000	0.0000	0.0000	61	0	2.2411	23.50
16	SYNC1_Spectral_Sync	0.20	1	15	15	0.7656	0.0000	0.1311	0.0359	0.0953	60	15	6.2450	3.38
16	SYNC5_Loopy_MinSum	0.20	1	15	15	0.8555	0.0000	0.5574	0.0513	0.5061	37	44	12.3288	10.95
16	Candidate_LearnedEnergy	0.20	1	16	16	0.7930	0.0000	0.0000	0.0000	0.0000	53	0	0.2536	94.48
16	Ablation_ZeroInteraction	0.20	1	16	16	0.7930	0.0000	0.0000	0.0000	0.0000	53	0	0.0000	65.86
16	Ablation_RandomSymmetric	0.20	1	16	16	0.7930	0.0000	0.0000	0.0000	0.0000	53	0	0.2359	93.77
16	N0_Unconstrained_Attn	0.20	1	16	16	0.7773	0.0000	0.0189	0.0246	-0.0058	57	6	5.4528	24.79
16	N1_Damped_Attn_0.25	0.20	1	16	16	0.7930	0.0000	0.0000	0.0000	0.0000	53	0	0.8175	24.49
16	N4_Symmetric_Energy_Attn	0.20	1	16	16	0.7930	0.0000	0.0000	0.0000	0.0000	53	0	2.0069	22.78
16	SYNC1_Spectral_Sync	0.20	1	16	16	0.8086	0.0000	0.2264	0.0394	0.1870	49	20	6.6332	2.71
16	SYNC5_Loopy_MinSum	0.20	1	16	16	0.8984	0.0000	0.6792	0.0443	0.6349	26	45	12.8452	10.11
16	Candidate_LearnedEnergy	0.20	1	17	17	0.8477	0.0000	0.0000	0.0000	0.0000	39	0	0.2624	93.88
16	Ablation_ZeroInteraction	0.20	1	17	17	0.8477	0.0000	0.0000	0.0000	0.0000	39	0	0.0000	66.36
16	Ablation_RandomSymmetric	0.20	1	17	17	0.8477	0.0000	0.0000	0.0000	0.0000	39	0	0.2222	93.39
16	N0_Unconstrained_Attn	0.20	1	17	17	0.8320	0.0000	0.0513	0.0276	0.0236	43	8	5.2527	26.68
16	N1_Damped_Attn_0.25	0.20	1	17	17	0.8477	0.0000	0.0000	0.0000	0.0000	39	0	1.2571	23.96
16	N4_Symmetric_Energy_Attn	0.20	1	17	17	0.8477	0.0000	0.0000	0.0000	0.0000	39	0	1.7054	21.17
16	SYNC1_Spectral_Sync	0.20	1	17	17	0.8750	0.0000	0.2308	0.0092	0.2216	32	11	4.8990	2.56
16	SYNC5_Loopy_MinSum	0.20	1	17	17	0.9414	0.0000	0.7179	0.0184	0.6995	15	32	10.1489	34.05
16	Candidate_LearnedEnergy	0.20	1	18	18	0.8086	0.0000	0.0000	0.0000	0.0000	49	0	0.2157	106.45
16	Ablation_ZeroInteraction	0.20	1	18	18	0.8086	0.0000	0.0000	0.0000	0.0000	49	0	0.0000	67.61
16	Ablation_RandomSymmetric	0.20	1	18	18	0.8086	0.0000	0.0000	0.0000	0.0000	49	0	0.2491	122.43
16	N0_Unconstrained_Attn	0.20	1	18	18	0.7969	0.0000	0.0612	0.0290	0.0322	52	9	5.4588	25.55
16	N1_Damped_Attn_0.25	0.20	1	18	18	0.8086	0.0000	0.0000	0.0000	0.0000	49	0	1.5801	25.58
16	N4_Symmetric_Energy_Attn	0.20	1	18	18	0.8086	0.0000	0.0000	0.0000	0.0000	49	0	2.4241	21.91
16	SYNC1_Spectral_Sync	0.20	1	18	18	0.8242	0.0000	0.1837	0.0242	0.1595	45	14	6.4807	3.22
16	SYNC5_Loopy_MinSum	0.20	1	18	18	0.9023	0.0000	0.6939	0.0483	0.6456	25	44	12.6095	11.48
16	Candidate_LearnedEnergy	0.20	1	19	19	0.7656	0.0000	0.0000	0.0000	0.0000	60	0	0.2194	128.52
16	Ablation_ZeroInteraction	0.20	1	19	19	0.7656	0.0000	0.0000	0.0000	0.0000	60	0	0.0000	81.78
16	Ablation_RandomSymmetric	0.20	1	19	19	0.7656	0.0000	0.0000	0.0000	0.0000	60	0	0.2684	92.51
16	N0_Unconstrained_Attn	0.20	1	19	19	0.7500	0.0000	0.0500	0.0357	0.0143	64	10	5.5222	24.63
16	N1_Damped_Attn_0.25	0.20	1	19	19	0.7656	0.0000	0.0000	0.0000	0.0000	60	0	1.1390	24.24
16	N4_Symmetric_Energy_Attn	0.20	1	19	19	0.7656	0.0000	0.0000	0.0000	0.0000	60	0	2.7192	21.71
16	SYNC1_Spectral_Sync	0.20	1	19	19	0.7812	0.0000	0.2333	0.0510	0.1823	56	24	6.9282	2.79
16	SYNC5_Loopy_MinSum	0.20	1	19	19	0.8906	0.0000	0.7500	0.0663	0.6837	28	58	13.8564	11.50
16	Candidate_LearnedEnergy	0.20	2	0	0	0.8203	0.0000	0.0000	0.0000	0.0000	46	0	0.3834	268.79
16	Ablation_ZeroInteraction	0.20	2	0	0	0.8203	0.0000	0.0000	0.0000	0.0000	46	0	0.0000	184.49
16	Ablation_RandomSymmetric	0.20	2	0	0	0.8203	0.0000	0.0000	0.0000	0.0000	46	0	0.4350	228.08
16	N0_Unconstrained_Attn	0.20	2	0	0	0.7578	0.0000	0.1087	0.1000	0.0087	62	26	8.6902	66.82
16	N1_Damped_Attn_0.25	0.20	2	0	0	0.8203	0.0000	0.0000	0.0000	0.0000	46	0	2.1820	71.79
16	N4_Symmetric_Energy_Attn	0.20	2	0	0	0.8203	0.0000	0.0000	0.0000	0.0000	46	0	4.3351	45.76
16	SYNC1_Spectral_Sync	0.20	2	0	0	0.8398	0.0000	0.2826	0.0381	0.2445	41	21	6.7823	7.23
16	SYNC5_Loopy_MinSum	0.20	2	0	0	0.8906	0.0000	0.6739	0.0619	0.6120	28	44	12.2984	24.05
16	Candidate_LearnedEnergy	0.20	2	1	1	0.8125	0.0000	0.0000	0.0000	0.0000	48	0	0.4225	229.15
16	Ablation_ZeroInteraction	0.20	2	1	1	0.8125	0.0000	0.0000	0.0000	0.0000	48	0	0.0000	182.52
16	Ablation_RandomSymmetric	0.20	2	1	1	0.8125	0.0000	0.0000	0.0000	0.0000	48	0	0.4585	228.26
16	N0_Unconstrained_Attn	0.20	2	1	1	0.7617	0.0000	0.0625	0.0769	-0.0144	61	19	7.7088	65.72
16	N1_Damped_Attn_0.25	0.20	2	1	1	0.8125	0.0000	0.0000	0.0000	0.0000	48	0	2.0216	67.32
16	N4_Symmetric_Energy_Attn	0.20	2	1	1	0.8125	0.0000	0.0000	0.0000	0.0000	48	0	4.2156	46.85
16	SYNC1_Spectral_Sync	0.20	2	1	1	0.9180	0.0000	0.5833	0.0048	0.5785	21	29	7.6485	7.31
16	SYNC5_Loopy_MinSum	0.20	2	1	1	0.9727	0.0000	0.9375	0.0192	0.9183	7	49	13.5093	23.13
16	Candidate_LearnedEnergy	0.20	2	2	2	0.8281	0.0000	0.0000	0.0000	0.0000	44	0	0.4498	167.81
16	Ablation_ZeroInteraction	0.20	2	2	2	0.8281	0.0000	0.0000	0.0000	0.0000	44	0	0.0000	115.43
16	Ablation_RandomSymmetric	0.20	2	2	2	0.8281	0.0000	0.0000	0.0000	0.0000	44	0	0.4264	158.89
16	N0_Unconstrained_Attn	0.20	2	2	2	0.7852	0.0000	0.0682	0.0660	0.0021	55	17	8.0612	50.58
16	N1_Damped_Attn_0.25	0.20	2	2	2	0.8281	0.0000	0.0000	0.0000	0.0000	44	0	2.4608	48.77
16	N4_Symmetric_Energy_Attn	0.20	2	2	2	0.8281	0.0000	0.0000	0.0000	0.0000	44	0	4.1708	42.55
16	SYNC1_Spectral_Sync	0.20	2	2	2	0.9414	0.0000	0.6818	0.0047	0.6771	15	31	8.1854	4.87
16	SYNC5_Loopy_MinSum	0.20	2	2	2	0.9648	0.0000	0.8636	0.0142	0.8495	9	41	12.6095	15.05
16	Candidate_LearnedEnergy	0.20	2	3	3	0.8164	0.0000	0.0000	0.0000	0.0000	47	0	0.4565	160.32
16	Ablation_ZeroInteraction	0.20	2	3	3	0.8164	0.0000	0.0000	0.0000	0.0000	47	0	0.0000	113.89
16	Ablation_RandomSymmetric	0.20	2	3	3	0.8164	0.0000	0.0000	0.0000	0.0000	47	0	0.5287	156.95
16	N0_Unconstrained_Attn	0.20	2	3	3	0.7812	0.0000	0.1277	0.0718	0.0559	56	21	8.5488	48.40
16	N1_Damped_Attn_0.25	0.20	2	3	3	0.8164	0.0000	0.0000	0.0000	0.0000	47	0	2.2186	47.32
16	N4_Symmetric_Energy_Attn	0.20	2	3	3	0.8164	0.0000	0.0000	0.0000	0.0000	47	0	2.9327	42.01
16	SYNC1_Spectral_Sync	0.20	2	3	3	0.9141	0.0000	0.5745	0.0096	0.5649	22	29	7.8899	4.74
16	SYNC5_Loopy_MinSum	0.20	2	3	3	0.9570	0.0000	0.8511	0.0191	0.8319	11	44	12.9132	14.53
16	Candidate_LearnedEnergy	0.20	2	4	4	0.7969	0.0000	0.0000	0.0000	0.0000	52	0	0.5058	160.44
16	Ablation_ZeroInteraction	0.20	2	4	4	0.7969	0.0000	0.0000	0.0000	0.0000	52	0	0.0000	112.34
16	Ablation_RandomSymmetric	0.20	2	4	4	0.7969	0.0000	0.0000	0.0000	0.0000	52	0	0.5112	207.67
16	N0_Unconstrained_Attn	0.20	2	4	4	0.7734	0.0000	0.0000	0.0294	-0.0294	58	6	5.0044	50.20
16	N1_Damped_Attn_0.25	0.20	2	4	4	0.7969	0.0000	0.0000	0.0000	0.0000	52	0	1.9094	47.85
16	N4_Symmetric_Energy_Attn	0.20	2	4	4	0.7969	0.0000	0.0000	0.0000	0.0000	52	0	3.0365	69.75
16	SYNC1_Spectral_Sync	0.20	2	4	4	0.8906	0.0000	0.5000	0.0098	0.4902	28	28	7.7460	5.07
16	SYNC5_Loopy_MinSum	0.20	2	4	4	0.9141	0.0000	0.6731	0.0245	0.6486	22	40	12.3085	15.76
16	Candidate_LearnedEnergy	0.20	2	5	5	0.7617	0.0000	0.0000	0.0000	0.0000	61	0	0.4853	239.13
16	Ablation_ZeroInteraction	0.20	2	5	5	0.7617	0.0000	0.0000	0.0000	0.0000	61	0	0.0000	191.06
16	Ablation_RandomSymmetric	0.20	2	5	5	0.7617	0.0000	0.0000	0.0000	0.0000	61	0	0.3738	227.29
16	N0_Unconstrained_Attn	0.20	2	5	5	0.7227	0.0000	0.0820	0.0769	0.0050	71	20	7.8111	65.56
16	N1_Damped_Attn_0.25	0.20	2	5	5	0.7617	0.0000	0.0000	0.0000	0.0000	61	0	2.4244	68.90
16	N4_Symmetric_Energy_Attn	0.20	2	5	5	0.7617	0.0000	0.0000	0.0000	0.0000	61	0	3.8121	45.64
16	SYNC1_Spectral_Sync	0.20	2	5	5	0.8594	0.0000	0.4754	0.0205	0.4549	36	33	8.5440	7.86
16	SYNC5_Loopy_MinSum	0.20	2	5	5	0.8789	0.0000	0.6721	0.0564	0.6157	31	52	13.6382	24.11
16	Candidate_LearnedEnergy	0.20	2	6	6	0.8047	0.0000	0.0000	0.0000	0.0000	50	0	0.3415	228.03
16	Ablation_ZeroInteraction	0.20	2	6	6	0.8047	0.0000	0.0000	0.0000	0.0000	50	0	0.0000	185.25
16	Ablation_RandomSymmetric	0.20	2	6	6	0.8047	0.0000	0.0000	0.0000	0.0000	50	0	0.4457	228.76
16	N0_Unconstrained_Attn	0.20	2	6	6	0.7695	0.0000	0.0400	0.0534	-0.0134	59	13	6.4784	64.70
16	N1_Damped_Attn_0.25	0.20	2	6	6	0.8047	0.0000	0.0000	0.0000	0.0000	50	0	2.3114	101.93
16	N4_Symmetric_Energy_Attn	0.20	2	6	6	0.8047	0.0000	0.0000	0.0000	0.0000	50	0	2.6279	78.06
16	SYNC1_Spectral_Sync	0.20	2	6	6	0.8633	0.0000	0.3800	0.0194	0.3606	35	23	7.1414	7.47
16	SYNC5_Loopy_MinSum	0.20	2	6	6	0.9062	0.0000	0.7200	0.0485	0.6715	24	46	12.6194	24.39
16	Candidate_LearnedEnergy	0.20	2	7	7	0.7969	0.0000	0.0000	0.0000	0.0000	52	0	0.4451	230.18
16	Ablation_ZeroInteraction	0.20	2	7	7	0.7969	0.0000	0.0000	0.0000	0.0000	52	0	0.0000	183.42
16	Ablation_RandomSymmetric	0.20	2	7	7	0.7969	0.0000	0.0000	0.0000	0.0000	52	0	0.3686	224.67
16	N0_Unconstrained_Attn	0.20	2	7	7	0.7500	0.0000	0.0769	0.0784	-0.0015	64	20	7.5886	70.88
16	N1_Damped_Attn_0.25	0.20	2	7	7	0.7969	0.0000	0.0000	0.0000	0.0000	52	0	2.5243	72.63
16	N4_Symmetric_Energy_Attn	0.20	2	7	7	0.7969	0.0000	0.0000	0.0000	0.0000	52	0	5.4860	49.33
16	SYNC1_Spectral_Sync	0.20	2	7	7	0.8750	0.0000	0.4615	0.0196	0.4419	32	28	8.0623	7.50
16	SYNC5_Loopy_MinSum	0.20	2	7	7	0.9102	0.0000	0.7308	0.0441	0.6867	23	47	13.0958	26.30
16	Candidate_LearnedEnergy	0.20	2	8	8	0.8203	0.0000	0.0000	0.0000	0.0000	46	0	0.4437	162.35
16	Ablation_ZeroInteraction	0.20	2	8	8	0.8203	0.0000	0.0000	0.0000	0.0000	46	0	0.0000	133.83
16	Ablation_RandomSymmetric	0.20	2	8	8	0.8203	0.0000	0.0000	0.0000	0.0000	46	0	0.4305	160.06
16	N0_Unconstrained_Attn	0.20	2	8	8	0.7812	0.0000	0.0000	0.0476	-0.0476	56	10	6.6268	49.43
16	N1_Damped_Attn_0.25	0.20	2	8	8	0.8203	0.0000	0.0000	0.0000	0.0000	46	0	2.5959	49.13
16	N4_Symmetric_Energy_Attn	0.20	2	8	8	0.8203	0.0000	0.0000	0.0000	0.0000	46	0	3.4345	46.74
16	SYNC1_Spectral_Sync	0.20	2	8	8	0.8750	0.0000	0.3696	0.0143	0.3553	32	20	6.6521	5.07
16	SYNC5_Loopy_MinSum	0.20	2	8	8	0.9414	0.0000	0.7609	0.0190	0.7418	15	39	11.9164	16.96
16	Candidate_LearnedEnergy	0.20	2	9	9	0.7930	0.0000	0.0000	0.0000	0.0000	53	0	0.4333	179.02
16	Ablation_ZeroInteraction	0.20	2	9	9	0.7930	0.0000	0.0000	0.0000	0.0000	53	0	0.0000	121.91
16	Ablation_RandomSymmetric	0.20	2	9	9	0.7930	0.0000	0.0000	0.0000	0.0000	53	0	0.4378	166.09
16	N0_Unconstrained_Attn	0.20	2	9	9	0.7539	0.0000	0.0755	0.0690	0.0065	63	18	7.2130	53.73
16	N1_Damped_Attn_0.25	0.20	2	9	9	0.7930	0.0000	0.0000	0.0000	0.0000	53	0	2.3707	51.85
16	N4_Symmetric_Energy_Attn	0.20	2	9	9	0.7930	0.0000	0.0000	0.0000	0.0000	53	0	2.6673	47.34
16	SYNC1_Spectral_Sync	0.20	2	9	9	0.9141	0.0000	0.6038	0.0049	0.5988	22	33	9.0277	4.86
16	SYNC5_Loopy_MinSum	0.20	2	9	9	0.9531	0.0000	0.8679	0.0246	0.8433	12	51	13.9553	18.20
16	Candidate_LearnedEnergy	0.20	2	10	10	0.7109	0.0000	0.0000	0.0000	0.0000	74	0	0.3501	171.11
16	Ablation_ZeroInteraction	0.20	2	10	10	0.7109	0.0000	0.0000	0.0000	0.0000	74	0	0.0000	121.13
16	Ablation_RandomSymmetric	0.20	2	10	10	0.7109	0.0000	0.0000	0.0000	0.0000	74	0	0.4029	164.92
16	N0_Unconstrained_Attn	0.20	2	10	10	0.7266	0.0000	0.0811	0.0110	0.0701	70	8	5.4770	49.99
16	N1_Damped_Attn_0.25	0.20	2	10	10	0.7109	0.0000	0.0000	0.0000	0.0000	74	0	1.7465	48.45
16	N4_Symmetric_Energy_Attn	0.20	2	10	10	0.7109	0.0000	0.0000	0.0000	0.0000	74	0	3.6472	42.94
16	SYNC1_Spectral_Sync	0.20	2	10	10	0.8164	0.0000	0.4459	0.0330	0.4130	47	39	8.9443	4.82
16	SYNC5_Loopy_MinSum	0.20	2	10	10	0.8281	0.0000	0.6757	0.1099	0.5658	44	70	15.3297	16.51
16	Candidate_LearnedEnergy	0.20	2	11	11	0.7891	0.0000	0.0000	0.0000	0.0000	54	0	0.4012	161.51
16	Ablation_ZeroInteraction	0.20	2	11	11	0.7891	0.0000	0.0000	0.0000	0.0000	54	0	0.0000	112.92
16	Ablation_RandomSymmetric	0.20	2	11	11	0.7891	0.0000	0.0000	0.0000	0.0000	54	0	0.4427	160.63
16	N0_Unconstrained_Attn	0.20	2	11	11	0.7578	0.0000	0.0556	0.0545	0.0011	62	14	6.6433	49.41
16	N1_Damped_Attn_0.25	0.20	2	11	11	0.7891	0.0000	0.0000	0.0000	0.0000	54	0	2.4909	48.74
16	N4_Symmetric_Energy_Attn	0.20	2	11	11	0.7891	0.0000	0.0000	0.0000	0.0000	54	0	2.8855	42.52
16	SYNC1_Spectral_Sync	0.20	2	11	11	0.8789	0.0000	0.5000	0.0198	0.4802	31	31	8.3217	4.90
16	SYNC5_Loopy_MinSum	0.20	2	11	11	0.9062	0.0000	0.7963	0.0644	0.7319	24	56	13.9374	15.86
16	Candidate_LearnedEnergy	0.20	2	12	12	0.7930	0.0000	0.0000	0.0000	0.0000	53	0	0.4203	159.29
16	Ablation_ZeroInteraction	0.20	2	12	12	0.7930	0.0000	0.0000	0.0000	0.0000	53	0	0.0000	118.04
16	Ablation_RandomSymmetric	0.20	2	12	12	0.7930	0.0000	0.0000	0.0000	0.0000	53	0	0.3883	194.93
16	N0_Unconstrained_Attn	0.20	2	12	12	0.7773	0.0000	0.0566	0.0345	0.0221	57	10	5.9610	82.36
16	N1_Damped_Attn_0.25	0.20	2	12	12	0.7930	0.0000	0.0000	0.0000	0.0000	53	0	1.9022	48.99
16	N4_Symmetric_Energy_Attn	0.20	2	12	12	0.7930	0.0000	0.0000	0.0000	0.0000	53	0	4.0006	43.59
16	SYNC1_Spectral_Sync	0.20	2	12	12	0.8867	0.0000	0.5094	0.0148	0.4947	29	30	8.1394	5.38
16	SYNC5_Loopy_MinSum	0.20	2	12	12	0.9414	0.0000	0.8868	0.0443	0.8425	15	56	14.4135	16.38
16	Candidate_LearnedEnergy	0.20	2	13	13	0.8164	0.0000	0.0000	0.0000	0.0000	47	0	0.4602	163.06
16	Ablation_ZeroInteraction	0.20	2	13	13	0.8164	0.0000	0.0000	0.0000	0.0000	47	0	0.0000	114.48
16	Ablation_RandomSymmetric	0.20	2	13	13	0.8164	0.0000	0.0000	0.0000	0.0000	47	0	0.3619	157.19
16	N0_Unconstrained_Attn	0.20	2	13	13	0.7891	0.0000	0.0638	0.0478	0.0160	54	13	6.4922	49.00
16	N1_Damped_Attn_0.25	0.20	2	13	13	0.8164	0.0000	0.0000	0.0000	0.0000	47	0	2.9979	47.72
16	N4_Symmetric_Energy_Attn	0.20	2	13	13	0.8164	0.0000	0.0000	0.0000	0.0000	47	0	4.7623	42.60
16	SYNC1_Spectral_Sync	0.20	2	13	13	0.9180	0.0000	0.6170	0.0144	0.6027	21	32	8.5000	4.55
16	SYNC5_Loopy_MinSum	0.20	2	13	13	0.9648	0.0000	0.9149	0.0239	0.8910	9	48	13.5462	14.26
16	Candidate_LearnedEnergy	0.20	2	14	14	0.8125	0.0000	0.0000	0.0000	0.0000	48	0	0.4512	168.88
16	Ablation_ZeroInteraction	0.20	2	14	14	0.8125	0.0000	0.0000	0.0000	0.0000	48	0	0.0000	122.70
16	Ablation_RandomSymmetric	0.20	2	14	14	0.8125	0.0000	0.0000	0.0000	0.0000	48	0	0.4508	166.57
16	N0_Unconstrained_Attn	0.20	2	14	14	0.7773	0.0000	0.1042	0.0673	0.0369	57	19	7.9997	52.36
16	N1_Damped_Attn_0.25	0.20	2	14	14	0.8125	0.0000	0.0000	0.0000	0.0000	48	0	2.3862	51.24
16	N4_Symmetric_Energy_Attn	0.20	2	14	14	0.8125	0.0000	0.0000	0.0000	0.0000	48	0	3.8303	42.77
16	SYNC1_Spectral_Sync	0.20	2	14	14	0.9023	0.0000	0.5208	0.0096	0.5112	25	27	7.8102	5.21
16	SYNC5_Loopy_MinSum	0.20	2	14	14	0.9336	0.0000	0.7708	0.0288	0.7420	17	43	12.6194	15.18
16	Candidate_LearnedEnergy	0.20	2	15	15	0.7617	0.0000	0.0000	0.0000	0.0000	61	0	0.4084	256.42
16	Ablation_ZeroInteraction	0.20	2	15	15	0.7617	0.0000	0.0000	0.0000	0.0000	61	0	0.0000	216.82
16	Ablation_RandomSymmetric	0.20	2	15	15	0.7617	0.0000	0.0000	0.0000	0.0000	61	0	0.4238	228.28
16	N0_Unconstrained_Attn	0.20	2	15	15	0.7227	0.0000	0.0492	0.0667	-0.0175	71	16	6.7307	65.38
16	N1_Damped_Attn_0.25	0.20	2	15	15	0.7617	0.0000	0.0000	0.0000	0.0000	61	0	2.1630	67.89
16	N4_Symmetric_Energy_Attn	0.20	2	15	15	0.7617	0.0000	0.0000	0.0000	0.0000	61	0	4.0121	54.05
16	SYNC1_Spectral_Sync	0.20	2	15	15	0.8203	0.0000	0.3115	0.0205	0.2910	46	23	7.5993	11.67
16	SYNC5_Loopy_MinSum	0.20	2	15	15	0.8789	0.0000	0.6066	0.0359	0.5707	31	44	12.8647	23.48
16	Candidate_LearnedEnergy	0.20	2	16	16	0.7930	0.0000	0.0000	0.0000	0.0000	53	0	0.4971	245.66
16	Ablation_ZeroInteraction	0.20	2	16	16	0.7930	0.0000	0.0000	0.0000	0.0000	53	0	0.0000	216.66
16	Ablation_RandomSymmetric	0.20	2	16	16	0.7930	0.0000	0.0000	0.0000	0.0000	53	0	0.4612	266.21
16	N0_Unconstrained_Attn	0.20	2	16	16	0.7422	0.0000	0.0755	0.0837	-0.0083	66	21	8.3720	66.97
16	N1_Damped_Attn_0.25	0.20	2	16	16	0.7930	0.0000	0.0000	0.0000	0.0000	53	0	1.6054	71.30
16	N4_Symmetric_Energy_Attn	0.20	2	16	16	0.7930	0.0000	0.0000	0.0000	0.0000	53	0	3.5726	46.11
16	SYNC1_Spectral_Sync	0.20	2	16	16	0.8672	0.0000	0.4528	0.0246	0.4282	34	29	7.9057	7.85
16	SYNC5_Loopy_MinSum	0.20	2	16	16	0.9258	0.0000	0.7736	0.0345	0.7391	19	48	13.5462	23.35
16	Candidate_LearnedEnergy	0.20	2	17	17	0.8477	0.0000	0.0000	0.0000	0.0000	39	0	0.5135	263.86
16	Ablation_ZeroInteraction	0.20	2	17	17	0.8477	0.0000	0.0000	0.0000	0.0000	39	0	0.0000	205.46
16	Ablation_RandomSymmetric	0.20	2	17	17	0.8477	0.0000	0.0000	0.0000	0.0000	39	0	0.4353	230.98
16	N0_Unconstrained_Attn	0.20	2	17	17	0.7969	0.0000	0.1026	0.0783	0.0242	52	21	8.2018	63.59
16	N1_Damped_Attn_0.25	0.20	2	17	17	0.8477	0.0000	0.0000	0.0000	0.0000	39	0	2.4127	68.05
16	N4_Symmetric_Energy_Attn	0.20	2	17	17	0.8477	0.0000	0.0000	0.0000	0.0000	39	0	3.1457	45.16
16	SYNC1_Spectral_Sync	0.20	2	17	17	0.9141	0.0000	0.4615	0.0046	0.4569	22	19	6.7454	7.50
16	SYNC5_Loopy_MinSum	0.20	2	17	17	0.9688	0.0000	0.8718	0.0138	0.8580	8	37	11.8322	55.66
16	Candidate_LearnedEnergy	0.20	2	18	18	0.8086	0.0000	0.0000	0.0000	0.0000	49	0	0.4178	169.62
16	Ablation_ZeroInteraction	0.20	2	18	18	0.8086	0.0000	0.0000	0.0000	0.0000	49	0	0.0000	136.08
16	Ablation_RandomSymmetric	0.20	2	18	18	0.8086	0.0000	0.0000	0.0000	0.0000	49	0	0.4892	185.74
16	N0_Unconstrained_Attn	0.20	2	18	18	0.7422	0.0000	0.1020	0.1063	-0.0042	66	27	8.8182	49.80
16	N1_Damped_Attn_0.25	0.20	2	18	18	0.8086	0.0000	0.0000	0.0000	0.0000	49	0	3.0045	48.05
16	N4_Symmetric_Energy_Attn	0.20	2	18	18	0.8086	0.0000	0.0000	0.0000	0.0000	49	0	4.2358	42.08
16	SYNC1_Spectral_Sync	0.20	2	18	18	0.8945	0.0000	0.4694	0.0048	0.4646	27	24	7.9057	4.94
16	SYNC5_Loopy_MinSum	0.20	2	18	18	0.9297	0.0000	0.7755	0.0338	0.7417	18	45	12.8258	15.16
16	Candidate_LearnedEnergy	0.20	2	19	19	0.7656	0.0000	0.0000	0.0000	0.0000	60	0	0.4265	162.73
16	Ablation_ZeroInteraction	0.20	2	19	19	0.7656	0.0000	0.0000	0.0000	0.0000	60	0	0.0000	116.50
16	Ablation_RandomSymmetric	0.20	2	19	19	0.7656	0.0000	0.0000	0.0000	0.0000	60	0	0.5278	185.13
16	N0_Unconstrained_Attn	0.20	2	19	19	0.7344	0.0000	0.1333	0.0816	0.0517	68	24	8.8097	50.89
16	N1_Damped_Attn_0.25	0.20	2	19	19	0.7656	0.0000	0.0000	0.0000	0.0000	60	0	2.1957	63.14
16	N4_Symmetric_Energy_Attn	0.20	2	19	19	0.7656	0.0000	0.0000	0.0000	0.0000	60	0	4.8704	44.16
16	SYNC1_Spectral_Sync	0.20	2	19	19	0.8203	0.0000	0.3333	0.0306	0.3027	46	26	7.8740	5.42
16	SYNC5_Loopy_MinSum	0.20	2	19	19	0.9297	0.0000	0.8500	0.0459	0.8041	18	60	15.0083	21.22
16	Candidate_LearnedEnergy	0.20	4	0	0	0.8203	0.0000	0.0000	0.0000	0.0000	46	0	0.7212	434.15
16	Ablation_ZeroInteraction	0.20	4	0	0	0.8203	0.0000	0.0000	0.0000	0.0000	46	0	0.0000	337.15
16	Ablation_RandomSymmetric	0.20	4	0	0	0.8203	0.0000	0.0000	0.0000	0.0000	46	0	0.8399	418.41
16	N0_Unconstrained_Attn	0.20	4	0	0	0.7266	0.0000	0.1739	0.1524	0.0215	70	40	11.4796	169.48
16	N1_Damped_Attn_0.25	0.20	4	0	0	0.8203	0.0000	0.0435	0.0095	0.0340	46	4	3.9975	182.90
16	N4_Symmetric_Energy_Attn	0.20	4	0	0	0.7617	0.0000	0.0217	0.0762	-0.0545	61	17	6.8829	92.20
16	SYNC1_Spectral_Sync	0.20	4	0	0	0.8438	0.0000	0.3261	0.0429	0.2832	40	24	8.2025	14.95
16	SYNC5_Loopy_MinSum	0.20	4	0	0	0.9258	0.0000	0.7609	0.0381	0.7228	19	43	12.0195	42.44
16	Candidate_LearnedEnergy	0.20	4	1	1	0.8125	0.0000	0.0000	0.0000	0.0000	48	0	0.7945	448.67
16	Ablation_ZeroInteraction	0.20	4	1	1	0.8125	0.0000	0.0000	0.0000	0.0000	48	0	0.0000	334.59
16	Ablation_RandomSymmetric	0.20	4	1	1	0.8125	0.0000	0.0000	0.0000	0.0000	48	0	0.8677	499.86
16	N0_Unconstrained_Attn	0.20	4	1	1	0.7422	0.0000	0.2083	0.1346	0.0737	66	38	11.3440	133.05
16	N1_Damped_Attn_0.25	0.20	4	1	1	0.8125	0.0000	0.0208	0.0048	0.0160	48	2	3.6819	170.15
16	N4_Symmetric_Energy_Attn	0.20	4	1	1	0.7812	0.0000	0.0833	0.0577	0.0256	56	16	7.0257	114.57
16	SYNC1_Spectral_Sync	0.20	4	1	1	0.9180	0.0000	0.5833	0.0048	0.5785	21	29	9.5672	14.41
16	SYNC5_Loopy_MinSum	0.20	4	1	1	0.9844	0.0000	0.9583	0.0096	0.9487	4	48	13.5237	42.48
16	Candidate_LearnedEnergy	0.20	4	2	2	0.8281	0.0000	0.0000	0.0000	0.0000	44	0	0.8505	423.33
16	Ablation_ZeroInteraction	0.20	4	2	2	0.8281	0.0000	0.0000	0.0000	0.0000	44	0	0.0000	341.87
16	Ablation_RandomSymmetric	0.20	4	2	2	0.8281	0.0000	0.0000	0.0000	0.0000	44	0	0.8143	419.81
16	N0_Unconstrained_Attn	0.20	4	2	2	0.6953	0.0000	0.1591	0.1934	-0.0343	78	48	12.1423	163.87
16	N1_Damped_Attn_0.25	0.20	4	2	2	0.8164	0.0000	0.0000	0.0142	-0.0142	47	3	4.3232	134.47
16	N4_Symmetric_Energy_Attn	0.20	4	2	2	0.7812	0.0000	0.0682	0.0708	-0.0026	56	18	6.9844	90.07
16	SYNC1_Spectral_Sync	0.20	4	2	2	0.9492	0.0000	0.7273	0.0047	0.7226	13	33	10.2683	13.97
16	SYNC5_Loopy_MinSum	0.20	4	2	2	0.9766	0.0000	0.8864	0.0047	0.8816	6	40	12.4223	41.61
16	Candidate_LearnedEnergy	0.20	4	3	3	0.8164	0.0000	0.0000	0.0000	0.0000	47	0	0.8688	491.77
16	Ablation_ZeroInteraction	0.20	4	3	3	0.8164	0.0000	0.0000	0.0000	0.0000	47	0	0.0000	363.39
16	Ablation_RandomSymmetric	0.20	4	3	3	0.8164	0.0000	0.0000	0.0000	0.0000	47	0	1.0247	418.30
16	N0_Unconstrained_Attn	0.20	4	3	3	0.7500	0.0000	0.2128	0.1292	0.0836	64	37	10.5712	170.55
16	N1_Damped_Attn_0.25	0.20	4	3	3	0.8047	0.0000	0.0000	0.0144	-0.0144	50	3	3.9254	134.26
16	N4_Symmetric_Energy_Attn	0.20	4	3	3	0.8125	0.0000	0.0638	0.0191	0.0447	48	7	5.3234	88.16
16	SYNC1_Spectral_Sync	0.20	4	3	3	0.9297	0.0000	0.6596	0.0096	0.6500	18	33	9.9444	14.32
16	SYNC5_Loopy_MinSum	0.20	4	3	3	0.9727	0.0000	0.8936	0.0096	0.8840	7	44	12.7408	61.85
16	Candidate_LearnedEnergy	0.20	4	4	4	0.7969	0.0000	0.0000	0.0000	0.0000	52	0	0.9755	466.51
16	Ablation_ZeroInteraction	0.20	4	4	4	0.7969	0.0000	0.0000	0.0000	0.0000	52	0	0.0000	338.91
16	Ablation_RandomSymmetric	0.20	4	4	4	0.7969	0.0000	0.0000	0.0000	0.0000	52	0	0.9856	417.79
16	N0_Unconstrained_Attn	0.20	4	4	4	0.7188	0.0000	0.0769	0.1176	-0.0407	72	28	9.4269	127.92
16	N1_Damped_Attn_0.25	0.20	4	4	4	0.7969	0.0000	0.0000	0.0000	0.0000	52	0	3.4666	132.86
16	N4_Symmetric_Energy_Attn	0.20	4	4	4	0.7578	0.0000	0.0192	0.0539	-0.0347	62	12	5.3728	90.76
16	SYNC1_Spectral_Sync	0.20	4	4	4	0.8984	0.0000	0.5385	0.0098	0.5287	26	30	9.6631	13.91
16	SYNC5_Loopy_MinSum	0.20	4	4	4	0.9336	0.0000	0.7500	0.0196	0.7304	17	43	12.4712	39.18
16	Candidate_LearnedEnergy	0.20	4	5	5	0.7617	0.0000	0.0000	0.0000	0.0000	61	0	0.9293	304.44
16	Ablation_ZeroInteraction	0.20	4	5	5	0.7617	0.0000	0.0000	0.0000	0.0000	61	0	0.0000	212.29
16	Ablation_RandomSymmetric	0.20	4	5	5	0.7617	0.0000	0.0000	0.0000	0.0000	61	0	0.7053	290.97
16	N0_Unconstrained_Attn	0.20	4	5	5	0.7031	0.0000	0.1475	0.1231	0.0245	76	33	11.0122	98.30
16	N1_Damped_Attn_0.25	0.20	4	5	5	0.7578	0.0000	0.0164	0.0103	0.0061	62	3	4.2614	94.62
16	N4_Symmetric_Energy_Attn	0.20	4	5	5	0.7539	0.0000	0.0984	0.0410	0.0573	63	14	6.5214	82.70
16	SYNC1_Spectral_Sync	0.20	4	5	5	0.8672	0.0000	0.5082	0.0205	0.4877	34	35	10.5089	9.34
16	SYNC5_Loopy_MinSum	0.20	4	5	5	0.9141	0.0000	0.7541	0.0359	0.7182	22	53	13.5549	25.47
16	Candidate_LearnedEnergy	0.20	4	6	6	0.8047	0.0000	0.0000	0.0000	0.0000	50	0	0.6355	355.33
16	Ablation_ZeroInteraction	0.20	4	6	6	0.8047	0.0000	0.0000	0.0000	0.0000	50	0	0.0000	376.51
16	Ablation_RandomSymmetric	0.20	4	6	6	0.8047	0.0000	0.0000	0.0000	0.0000	50	0	0.8432	304.30
16	N0_Unconstrained_Attn	0.20	4	6	6	0.7344	0.0000	0.1400	0.1214	0.0186	68	32	9.8431	99.24
16	N1_Damped_Attn_0.25	0.20	4	6	6	0.8008	0.0000	0.0200	0.0097	0.0103	51	3	4.2244	96.47
16	N4_Symmetric_Energy_Attn	0.20	4	6	6	0.7969	0.0000	0.0000	0.0097	-0.0097	52	2	4.7309	87.92
16	SYNC1_Spectral_Sync	0.20	4	6	6	0.8750	0.0000	0.4400	0.0194	0.4206	32	26	8.7945	12.18
16	SYNC5_Loopy_MinSum	0.20	4	6	6	0.9297	0.0000	0.8000	0.0388	0.7612	18	48	12.5586	38.49
16	Candidate_LearnedEnergy	0.20	4	7	7	0.7969	0.0000	0.0000	0.0000	0.0000	52	0	0.8385	369.11
16	Ablation_ZeroInteraction	0.20	4	7	7	0.7969	0.0000	0.0000	0.0000	0.0000	52	0	0.0000	376.09
16	Ablation_RandomSymmetric	0.20	4	7	7	0.7969	0.0000	0.0000	0.0000	0.0000	52	0	0.7032	321.67
16	N0_Unconstrained_Attn	0.20	4	7	7	0.7266	0.0000	0.1731	0.1324	0.0407	70	36	10.9876	153.78
16	N1_Damped_Attn_0.25	0.20	4	7	7	0.7891	0.0000	0.0192	0.0147	0.0045	54	4	4.5565	97.88
16	N4_Symmetric_Energy_Attn	0.20	4	7	7	0.7031	0.0000	0.0962	0.1422	-0.0460	76	34	8.8055	84.80
16	SYNC1_Spectral_Sync	0.20	4	7	7	0.8867	0.0000	0.5192	0.0196	0.4996	29	31	10.0234	9.70
16	SYNC5_Loopy_MinSum	0.20	4	7	7	0.9375	0.0000	0.8269	0.0343	0.7926	16	50	12.9856	26.09
16	Candidate_LearnedEnergy	0.20	4	8	8	0.8203	0.0000	0.0000	0.0000	0.0000	46	0	0.8463	305.15
16	Ablation_ZeroInteraction	0.20	4	8	8	0.8203	0.0000	0.0000	0.0000	0.0000	46	0	0.0000	244.87
16	Ablation_RandomSymmetric	0.20	4	8	8	0.8203	0.0000	0.0000	0.0000	0.0000	46	0	0.8280	295.53
16	N0_Unconstrained_Attn	0.20	4	8	8	0.7539	0.0000	0.0870	0.1000	-0.0130	63	25	8.8503	100.56
16	N1_Damped_Attn_0.25	0.20	4	8	8	0.8086	0.0000	0.0217	0.0190	0.0027	49	5	4.7649	95.66
16	N4_Symmetric_Energy_Attn	0.20	4	8	8	0.7930	0.0000	0.0217	0.0381	-0.0164	53	9	5.7893	83.56
16	SYNC1_Spectral_Sync	0.20	4	8	8	0.8750	0.0000	0.3696	0.0143	0.3553	32	20	8.1096	9.35
16	SYNC5_Loopy_MinSum	0.20	4	8	8	0.9688	0.0000	0.8261	0.0000	0.8261	8	38	11.9993	119.43
16	Candidate_LearnedEnergy	0.20	4	9	9	0.7930	0.0000	0.0000	0.0000	0.0000	53	0	0.8357	567.68
16	Ablation_ZeroInteraction	0.20	4	9	9	0.7930	0.0000	0.0000	0.0000	0.0000	53	0	0.0000	368.08
16	Ablation_RandomSymmetric	0.20	4	9	9	0.7930	0.0000	0.0000	0.0000	0.0000	53	0	0.8373	319.78
16	N0_Unconstrained_Attn	0.20	4	9	9	0.7188	0.0000	0.0943	0.1182	-0.0239	72	29	9.8800	101.60
16	N1_Damped_Attn_0.25	0.20	4	9	9	0.7773	0.0000	0.0000	0.0197	-0.0197	57	4	4.2298	329.06
16	N4_Symmetric_Energy_Attn	0.20	4	9	9	0.7773	0.0000	0.0000	0.0197	-0.0197	57	4	4.7451	85.06
16	SYNC1_Spectral_Sync	0.20	4	9	9	0.9375	0.0000	0.7547	0.0148	0.7399	16	43	11.4278	13.95
16	SYNC5_Loopy_MinSum	0.20	4	9	9	0.9453	0.0000	0.8302	0.0246	0.8056	14	49	13.5727	39.34
16	Candidate_LearnedEnergy	0.20	4	10	10	0.7109	0.0000	0.0000	0.0000	0.0000	74	0	0.6659	300.16
16	Ablation_ZeroInteraction	0.20	4	10	10	0.7109	0.0000	0.0000	0.0000	0.0000	74	0	0.0000	227.64
16	Ablation_RandomSymmetric	0.20	4	10	10	0.7109	0.0000	0.0000	0.0000	0.0000	74	0	0.7555	288.69
16	N0_Unconstrained_Attn	0.20	4	10	10	0.6914	0.0000	0.1216	0.0769	0.0447	79	23	8.4033	105.30
16	N1_Damped_Attn_0.25	0.20	4	10	10	0.7070	0.0000	0.0000	0.0055	-0.0055	75	1	3.1558	94.81
16	N4_Symmetric_Energy_Attn	0.20	4	10	10	0.7031	0.0000	0.0541	0.0330	0.0211	76	10	5.9805	84.07
16	SYNC1_Spectral_Sync	0.20	4	10	10	0.8125	0.0000	0.4595	0.0440	0.4155	48	42	10.9815	10.36
16	SYNC5_Loopy_MinSum	0.20	4	10	10	0.8516	0.0000	0.6622	0.0714	0.5907	38	62	14.5248	25.78
16	Candidate_LearnedEnergy	0.20	4	11	11	0.7891	0.0000	0.0000	0.0000	0.0000	54	0	0.7652	420.23
16	Ablation_ZeroInteraction	0.20	4	11	11	0.7891	0.0000	0.0000	0.0000	0.0000	54	0	0.0000	324.74
16	Ablation_RandomSymmetric	0.20	4	11	11	0.7891	0.0000	0.0000	0.0000	0.0000	54	0	0.8415	323.91
16	N0_Unconstrained_Attn	0.20	4	11	11	0.7539	0.0000	0.1667	0.0891	0.0776	63	27	9.0730	98.99
16	N1_Damped_Attn_0.25	0.20	4	11	11	0.7695	0.0000	0.0000	0.0248	-0.0248	59	5	4.5450	99.61
16	N4_Symmetric_Energy_Attn	0.20	4	11	11	0.7773	0.0000	0.0185	0.0198	-0.0013	57	5	4.8996	90.09
16	SYNC1_Spectral_Sync	0.20	4	11	11	0.8867	0.0000	0.5370	0.0198	0.5172	29	33	10.2508	13.21
16	SYNC5_Loopy_MinSum	0.20	4	11	11	0.9258	0.0000	0.8148	0.0446	0.7703	19	53	13.6221	38.53
16	Candidate_LearnedEnergy	0.20	4	12	12	0.7930	0.0000	0.0000	0.0000	0.0000	53	0	0.8015	400.78
16	Ablation_ZeroInteraction	0.20	4	12	12	0.7930	0.0000	0.0000	0.0000	0.0000	53	0	0.0000	308.89
16	Ablation_RandomSymmetric	0.20	4	12	12	0.7930	0.0000	0.0000	0.0000	0.0000	53	0	0.7502	326.18
16	N0_Unconstrained_Attn	0.20	4	12	12	0.7500	0.0000	0.1698	0.0985	0.0713	64	29	9.3504	131.62
16	N1_Damped_Attn_0.25	0.20	4	12	12	0.7852	0.0000	0.0000	0.0099	-0.0099	55	2	3.6241	98.10
16	N4_Symmetric_Energy_Attn	0.20	4	12	12	0.7344	0.0000	0.0189	0.0788	-0.0599	68	17	7.0431	84.74
16	SYNC1_Spectral_Sync	0.20	4	12	12	0.9102	0.0000	0.6226	0.0148	0.6079	23	36	10.1927	9.98
16	SYNC5_Loopy_MinSum	0.20	4	12	12	0.9570	0.0000	0.9057	0.0296	0.8761	11	54	13.8570	26.14
16	Candidate_LearnedEnergy	0.20	4	13	13	0.8164	0.0000	0.0000	0.0000	0.0000	47	0	0.8807	298.15
16	Ablation_ZeroInteraction	0.20	4	13	13	0.8164	0.0000	0.0000	0.0000	0.0000	47	0	0.0000	215.81
16	Ablation_RandomSymmetric	0.20	4	13	13	0.8164	0.0000	0.0000	0.0000	0.0000	47	0	0.6920	293.58
16	N0_Unconstrained_Attn	0.20	4	13	13	0.7734	0.0000	0.1277	0.0813	0.0463	58	23	9.1016	99.16
16	N1_Damped_Attn_0.25	0.20	4	13	13	0.8047	0.0000	0.0213	0.0191	0.0021	50	5	5.3613	105.94
16	N4_Symmetric_Energy_Attn	0.20	4	13	13	0.7422	0.0000	0.0213	0.0957	-0.0744	66	21	7.6788	91.40
16	SYNC1_Spectral_Sync	0.20	4	13	13	0.9375	0.0000	0.7234	0.0144	0.7091	16	37	10.8188	9.85
16	SYNC5_Loopy_MinSum	0.20	4	13	13	0.9609	0.0000	0.8511	0.0144	0.8367	10	43	13.2765	23.89
16	Candidate_LearnedEnergy	0.20	4	14	14	0.8125	0.0000	0.0000	0.0000	0.0000	48	0	0.8591	352.63
16	Ablation_ZeroInteraction	0.20	4	14	14	0.8125	0.0000	0.0000	0.0000	0.0000	48	0	0.0000	259.20
16	Ablation_RandomSymmetric	0.20	4	14	14	0.8125	0.0000	0.0000	0.0000	0.0000	48	0	0.8691	297.45
16	N0_Unconstrained_Attn	0.20	4	14	14	0.7422	0.0000	0.1875	0.1298	0.0577	66	36	11.0894	99.88
16	N1_Damped_Attn_0.25	0.20	4	14	14	0.8086	0.0000	0.0208	0.0096	0.0112	49	3	4.3266	95.93
16	N4_Symmetric_Energy_Attn	0.20	4	14	14	0.7773	0.0000	0.0833	0.0625	0.0208	57	17	6.7201	99.49
16	SYNC1_Spectral_Sync	0.20	4	14	14	0.9180	0.0000	0.6042	0.0096	0.5946	21	31	9.7308	9.34
16	SYNC5_Loopy_MinSum	0.20	4	14	14	0.9453	0.0000	0.8542	0.0337	0.8205	14	48	13.0072	29.77
16	Candidate_LearnedEnergy	0.20	4	15	15	0.7617	0.0000	0.0000	0.0000	0.0000	61	0	0.7800	452.73
16	Ablation_ZeroInteraction	0.20	4	15	15	0.7617	0.0000	0.0000	0.0000	0.0000	61	0	0.0000	390.21
16	Ablation_RandomSymmetric	0.20	4	15	15	0.7617	0.0000	0.0000	0.0000	0.0000	61	0	0.8134	421.07
16	N0_Unconstrained_Attn	0.20	4	15	15	0.6914	0.0000	0.1311	0.1333	-0.0022	79	34	10.2460	132.79
16	N1_Damped_Attn_0.25	0.20	4	15	15	0.7578	0.0000	0.0164	0.0103	0.0061	62	3	3.9062	133.33
16	N4_Symmetric_Energy_Attn	0.20	4	15	15	0.7344	0.0000	0.0164	0.0410	-0.0246	68	9	6.6584	88.86
16	SYNC1_Spectral_Sync	0.20	4	15	15	0.8516	0.0000	0.4426	0.0205	0.4221	38	31	9.5843	13.98
16	SYNC5_Loopy_MinSum	0.20	4	15	15	0.8945	0.0000	0.6721	0.0359	0.6362	27	48	13.0186	41.21
16	Candidate_LearnedEnergy	0.20	4	16	16	0.7930	0.0000	0.0000	0.0000	0.0000	53	0	0.9578	456.75
16	Ablation_ZeroInteraction	0.20	4	16	16	0.7930	0.0000	0.0000	0.0000	0.0000	53	0	0.0000	332.47
16	Ablation_RandomSymmetric	0.20	4	16	16	0.7930	0.0000	0.0000	0.0000	0.0000	53	0	0.8851	499.06
16	N0_Unconstrained_Attn	0.20	4	16	16	0.6953	0.0000	0.2075	0.1773	0.0302	78	47	12.2475	138.08
16	N1_Damped_Attn_0.25	0.20	4	16	16	0.7930	0.0000	0.0000	0.0000	0.0000	53	0	3.1723	134.87
16	N4_Symmetric_Energy_Attn	0.20	4	16	16	0.7539	0.0000	0.0189	0.0542	-0.0353	63	12	5.8111	90.93
16	SYNC1_Spectral_Sync	0.20	4	16	16	0.8789	0.0000	0.5094	0.0246	0.4848	31	32	9.7660	14.13
16	SYNC5_Loopy_MinSum	0.20	4	16	16	0.9414	0.0000	0.8113	0.0246	0.7867	15	48	13.1862	40.92
16	Candidate_LearnedEnergy	0.20	4	17	17	0.8477	0.0000	0.0000	0.0000	0.0000	39	0	0.9866	323.37
16	Ablation_ZeroInteraction	0.20	4	17	17	0.8477	0.0000	0.0000	0.0000	0.0000	39	0	0.0000	316.72
16	Ablation_RandomSymmetric	0.20	4	17	17	0.8477	0.0000	0.0000	0.0000	0.0000	39	0	0.8404	399.03
16	N0_Unconstrained_Attn	0.20	4	17	17	0.7461	0.0000	0.1282	0.1429	-0.0147	65	36	11.1806	127.19
16	N1_Damped_Attn_0.25	0.20	4	17	17	0.8359	0.0000	0.0256	0.0184	0.0072	42	5	4.3743	99.53
16	N4_Symmetric_Energy_Attn	0.20	4	17	17	0.8203	0.0000	0.0000	0.0323	-0.0323	46	7	5.5732	83.07
16	SYNC1_Spectral_Sync	0.20	4	17	17	0.9219	0.0000	0.5128	0.0046	0.5082	20	21	8.4539	55.41
16	SYNC5_Loopy_MinSum	0.20	4	17	17	0.9805	0.0000	0.8974	0.0046	0.8928	5	36	11.7732	25.19
16	Candidate_LearnedEnergy	0.20	4	18	18	0.8086	0.0000	0.0000	0.0000	0.0000	49	0	0.7878	311.73
16	Ablation_ZeroInteraction	0.20	4	18	18	0.8086	0.0000	0.0000	0.0000	0.0000	49	0	0.0000	214.52
16	Ablation_RandomSymmetric	0.20	4	18	18	0.8086	0.0000	0.0000	0.0000	0.0000	49	0	0.9472	296.09
16	N0_Unconstrained_Attn	0.20	4	18	18	0.6992	0.0000	0.1429	0.1691	-0.0262	77	42	11.7680	97.15
16	N1_Damped_Attn_0.25	0.20	4	18	18	0.7930	0.0000	0.0000	0.0193	-0.0193	53	4	5.4833	95.74
16	N4_Symmetric_Energy_Attn	0.20	4	18	18	0.7695	0.0000	0.0408	0.0580	-0.0172	59	14	6.7683	82.69
16	SYNC1_Spectral_Sync	0.20	4	18	18	0.9180	0.0000	0.6327	0.0145	0.6182	21	34	10.0701	8.80
16	SYNC5_Loopy_MinSum	0.20	4	18	18	0.9414	0.0000	0.8163	0.0290	0.7873	15	46	12.9687	24.05
16	Candidate_LearnedEnergy	0.20	4	19	19	0.7656	0.0000	0.0000	0.0000	0.0000	60	0	0.8092	298.22
16	Ablation_ZeroInteraction	0.20	4	19	19	0.7656	0.0000	0.0000	0.0000	0.0000	60	0	0.0000	216.62
16	Ablation_RandomSymmetric	0.20	4	19	19	0.7656	0.0000	0.0000	0.0000	0.0000	60	0	1.0231	294.35
16	N0_Unconstrained_Attn	0.20	4	19	19	0.6914	0.0000	0.1833	0.1531	0.0303	79	41	11.6576	100.52
16	N1_Damped_Attn_0.25	0.20	4	19	19	0.7695	0.0000	0.0333	0.0051	0.0282	59	3	4.0949	142.55
16	N4_Symmetric_Energy_Attn	0.20	4	19	19	0.6797	0.0000	0.0167	0.1173	-0.1007	82	24	7.9713	85.53
16	SYNC1_Spectral_Sync	0.20	4	19	19	0.8438	0.0000	0.4500	0.0357	0.4143	40	34	9.7179	9.98
16	SYNC5_Loopy_MinSum	0.20	4	19	19	0.9297	0.0000	0.8500	0.0459	0.8041	18	60	14.4747	28.18
16	Candidate_LearnedEnergy	0.20	8	0	0	0.8203	0.0000	0.0000	0.0000	0.0000	46	0	1.2959	690.21
16	Ablation_ZeroInteraction	0.20	8	0	0	0.8203	0.0000	0.0000	0.0000	0.0000	46	0	0.0000	538.21
16	Ablation_RandomSymmetric	0.20	8	0	0	0.8203	0.0000	0.0000	0.0000	0.0000	46	0	1.5992	630.24
16	N0_Unconstrained_Attn	0.20	8	0	0	0.6992	0.0000	0.2174	0.1952	0.0222	77	51	13.3288	212.98
16	N1_Damped_Attn_0.25	0.20	8	0	0	0.7930	0.0000	0.0870	0.0524	0.0346	53	15	6.8357	192.27
16	N4_Symmetric_Energy_Attn	0.20	8	0	0	0.7305	0.0000	0.1087	0.1333	-0.0246	69	33	9.7262	169.89
16	SYNC1_Spectral_Sync	0.20	8	0	0	0.8438	0.0000	0.3261	0.0429	0.2832	40	24	8.9840	18.16
16	SYNC5_Loopy_MinSum	0.20	8	0	0	0.9180	0.0000	0.7391	0.0429	0.6963	21	43	12.1592	43.94
16	Candidate_LearnedEnergy	0.20	8	1	1	0.8125	0.0000	0.0000	0.0000	0.0000	48	0	1.4324	607.51
16	Ablation_ZeroInteraction	0.20	8	1	1	0.8125	0.0000	0.0000	0.0000	0.0000	48	0	0.0000	473.98
16	Ablation_RandomSymmetric	0.20	8	1	1	0.8125	0.0000	0.0000	0.0000	0.0000	48	0	1.5751	569.21
16	N0_Unconstrained_Attn	0.20	8	1	1	0.6406	0.0000	0.3125	0.2837	0.0288	92	74	15.4231	199.79
16	N1_Damped_Attn_0.25	0.20	8	1	1	0.7891	0.0000	0.0417	0.0385	0.0032	54	10	6.2224	221.47
16	N4_Symmetric_Energy_Attn	0.20	8	1	1	0.6992	0.0000	0.1250	0.1683	-0.0433	77	41	10.7044	165.90
16	SYNC1_Spectral_Sync	0.20	8	1	1	0.9219	0.0000	0.6042	0.0048	0.5994	20	30	10.6220	18.41
16	SYNC5_Loopy_MinSum	0.20	8	1	1	0.9961	0.0000	0.9792	0.0000	0.9792	1	47	13.3962	44.32
16	Candidate_LearnedEnergy	0.20	8	2	2	0.8281	0.0000	0.0000	0.0000	0.0000	44	0	1.5422	578.88
16	Ablation_ZeroInteraction	0.20	8	2	2	0.8281	0.0000	0.0000	0.0000	0.0000	44	0	0.0000	467.77
16	Ablation_RandomSymmetric	0.20	8	2	2	0.8281	0.0000	0.0000	0.0000	0.0000	44	0	1.5022	593.86
16	N0_Unconstrained_Attn	0.20	8	2	2	0.6445	0.0000	0.1818	0.2594	-0.0776	91	63	14.7182	226.81
16	N1_Damped_Attn_0.25	0.20	8	2	2	0.7969	0.0000	0.0682	0.0519	0.0163	52	14	6.7396	204.25
16	N4_Symmetric_Energy_Attn	0.20	8	2	2	0.7383	0.0000	0.1591	0.1415	0.0176	67	37	10.3012	166.29
16	SYNC1_Spectral_Sync	0.20	8	2	2	0.9492	0.0000	0.7273	0.0047	0.7226	13	33	11.2136	17.58
16	SYNC5_Loopy_MinSum	0.20	8	2	2	0.9766	0.0000	0.8864	0.0047	0.8816	6	40	12.4165	42.20
16	Candidate_LearnedEnergy	0.20	8	3	3	0.8164	0.0000	0.0000	0.0000	0.0000	47	0	1.5921	868.58
16	Ablation_ZeroInteraction	0.20	8	3	3	0.8164	0.0000	0.0000	0.0000	0.0000	47	0	0.0000	650.55
16	Ablation_RandomSymmetric	0.20	8	3	3	0.8164	0.0000	0.0000	0.0000	0.0000	47	0	1.9572	875.20
16	N0_Unconstrained_Attn	0.20	8	3	3	0.6875	0.0000	0.2340	0.2105	0.0235	80	55	13.1082	368.66
16	N1_Damped_Attn_0.25	0.20	8	3	3	0.7812	0.0000	0.0638	0.0574	0.0064	56	15	6.5645	268.28
16	N4_Symmetric_Energy_Attn	0.20	8	3	3	0.7773	0.0000	0.1702	0.0861	0.0841	57	26	8.6737	177.36
16	SYNC1_Spectral_Sync	0.20	8	3	3	0.9297	0.0000	0.6596	0.0096	0.6500	18	33	11.0867	26.76
16	SYNC5_Loopy_MinSum	0.20	8	3	3	0.9648	0.0000	0.8511	0.0096	0.8415	9	42	12.7655	72.18
16	Candidate_LearnedEnergy	0.20	8	4	4	0.7969	0.0000	0.0000	0.0000	0.0000	52	0	1.8379	617.77
16	Ablation_ZeroInteraction	0.20	8	4	4	0.7969	0.0000	0.0000	0.0000	0.0000	52	0	0.0000	403.94
16	Ablation_RandomSymmetric	0.20	8	4	4	0.7969	0.0000	0.0000	0.0000	0.0000	52	0	1.8579	751.83
16	N0_Unconstrained_Attn	0.20	8	4	4	0.6641	0.0000	0.2692	0.2353	0.0339	86	62	13.7300	294.75
16	N1_Damped_Attn_0.25	0.20	8	4	4	0.7695	0.0000	0.0192	0.0392	-0.0200	59	9	5.9342	308.11
16	N4_Symmetric_Energy_Attn	0.20	8	4	4	0.7422	0.0000	0.0769	0.0882	-0.0113	66	22	8.5832	167.31
16	SYNC1_Spectral_Sync	0.20	8	4	4	0.8984	0.0000	0.5385	0.0098	0.5287	26	30	10.5768	17.58
16	SYNC5_Loopy_MinSum	0.20	8	4	4	0.9492	0.0000	0.8269	0.0196	0.8073	13	47	13.1745	43.82
16	Candidate_LearnedEnergy	0.20	8	5	5	0.7617	0.0000	0.0000	0.0000	0.0000	61	0	1.7404	851.35
16	Ablation_ZeroInteraction	0.20	8	5	5	0.7617	0.0000	0.0000	0.0000	0.0000	61	0	0.0000	672.31
16	Ablation_RandomSymmetric	0.20	8	5	5	0.7617	0.0000	0.0000	0.0000	0.0000	61	0	1.2828	837.99
16	N0_Unconstrained_Attn	0.20	8	5	5	0.6445	0.0000	0.2131	0.2205	-0.0074	91	56	13.7188	251.13
16	N1_Damped_Attn_0.25	0.20	8	5	5	0.7266	0.0000	0.0492	0.0615	-0.0124	70	15	7.0105	245.62
16	N4_Symmetric_Energy_Attn	0.20	8	5	5	0.7188	0.0000	0.1803	0.1128	0.0675	72	33	10.1452	175.73
16	SYNC1_Spectral_Sync	0.20	8	5	5	0.8672	0.0000	0.5082	0.0205	0.4877	34	35	11.3228	26.50
16	SYNC5_Loopy_MinSum	0.20	8	5	5	0.9297	0.0000	0.8033	0.0308	0.7725	18	55	14.1183	73.07
16	Candidate_LearnedEnergy	0.20	8	6	6	0.8047	0.0000	0.0000	0.0000	0.0000	50	0	1.1131	836.40
16	Ablation_ZeroInteraction	0.20	8	6	6	0.8047	0.0000	0.0000	0.0000	0.0000	50	0	0.0000	1101.62
16	Ablation_RandomSymmetric	0.20	8	6	6	0.8047	0.0000	0.0000	0.0000	0.0000	50	0	1.5508	872.88
16	N0_Unconstrained_Attn	0.20	8	6	6	0.7070	0.0000	0.2600	0.1845	0.0755	75	51	12.9738	269.20
16	N1_Damped_Attn_0.25	0.20	8	6	6	0.7852	0.0000	0.1000	0.0485	0.0515	55	15	6.9725	268.00
16	N4_Symmetric_Energy_Attn	0.20	8	6	6	0.7266	0.0000	0.0000	0.0971	-0.0971	70	20	7.7715	178.23
16	SYNC1_Spectral_Sync	0.20	8	6	6	0.8750	0.0000	0.4400	0.0194	0.4206	32	26	9.6222	28.13
16	SYNC5_Loopy_MinSum	0.20	8	6	6	0.9570	0.0000	0.8400	0.0146	0.8254	11	45	13.1538	76.74
16	Candidate_LearnedEnergy	0.20	8	7	7	0.7969	0.0000	0.0000	0.0000	0.0000	52	0	1.5023	851.45
16	Ablation_ZeroInteraction	0.20	8	7	7	0.7969	0.0000	0.0000	0.0000	0.0000	52	0	0.0000	669.46
16	Ablation_RandomSymmetric	0.20	8	7	7	0.7969	0.0000	0.0000	0.0000	0.0000	52	0	1.2946	895.96
16	N0_Unconstrained_Attn	0.20	8	7	7	0.6797	0.0000	0.2308	0.2059	0.0249	82	54	13.4618	274.10
16	N1_Damped_Attn_0.25	0.20	8	7	7	0.7344	0.0000	0.0385	0.0882	-0.0498	68	20	7.3791	263.61
16	N4_Symmetric_Energy_Attn	0.20	8	7	7	0.6406	0.0000	0.1731	0.2402	-0.0671	92	58	12.7550	177.82
16	SYNC1_Spectral_Sync	0.20	8	7	7	0.8867	0.0000	0.5192	0.0196	0.4996	29	31	10.8073	28.05
16	SYNC5_Loopy_MinSum	0.20	8	7	7	0.9492	0.0000	0.8462	0.0245	0.8216	13	49	13.5562	72.36
16	Candidate_LearnedEnergy	0.20	8	8	8	0.8203	0.0000	0.0000	0.0000	0.0000	46	0	1.5636	828.22
16	Ablation_ZeroInteraction	0.20	8	8	8	0.8203	0.0000	0.0000	0.0000	0.0000	46	0	0.0000	766.43
16	Ablation_RandomSymmetric	0.20	8	8	8	0.8203	0.0000	0.0000	0.0000	0.0000	46	0	1.5488	806.27
16	N0_Unconstrained_Attn	0.20	8	8	8	0.7070	0.0000	0.2174	0.1857	0.0317	75	49	12.2874	333.53
16	N1_Damped_Attn_0.25	0.20	8	8	8	0.7969	0.0000	0.1522	0.0619	0.0903	52	20	7.8771	267.92
16	N4_Symmetric_Energy_Attn	0.20	8	8	8	0.7227	0.0000	0.0435	0.1286	-0.0851	71	29	8.7889	181.89
16	SYNC1_Spectral_Sync	0.20	8	8	8	0.8750	0.0000	0.3696	0.0143	0.3553	32	20	8.5715	29.02
16	SYNC5_Loopy_MinSum	0.20	8	8	8	0.9688	0.0000	0.8261	0.0000	0.8261	8	38	12.4212	68.83
16	Candidate_LearnedEnergy	0.20	8	9	9	0.7930	0.0000	0.0000	0.0000	0.0000	53	0	1.5756	800.50
16	Ablation_ZeroInteraction	0.20	8	9	9	0.7930	0.0000	0.0000	0.0000	0.0000	53	0	0.0000	712.88
16	Ablation_RandomSymmetric	0.20	8	9	9	0.7930	0.0000	0.0000	0.0000	0.0000	53	0	1.5758	1245.86
16	N0_Unconstrained_Attn	0.20	8	9	9	0.6836	0.0000	0.1132	0.1675	-0.0543	81	40	11.6747	288.38
16	N1_Damped_Attn_0.25	0.20	8	9	9	0.7266	0.0000	0.0000	0.0837	-0.0837	70	17	6.9182	193.63
16	N4_Symmetric_Energy_Attn	0.20	8	9	9	0.7461	0.0000	0.0943	0.0837	0.0106	65	22	7.7314	165.22
16	SYNC1_Spectral_Sync	0.20	8	9	9	0.9375	0.0000	0.7547	0.0148	0.7399	16	43	12.8029	17.79
16	SYNC5_Loopy_MinSum	0.20	8	9	9	0.9453	0.0000	0.8302	0.0246	0.8056	14	49	13.3358	60.90
16	Candidate_LearnedEnergy	0.20	8	10	10	0.7109	0.0000	0.0000	0.0000	0.0000	74	0	1.2151	728.16
16	Ablation_ZeroInteraction	0.20	8	10	10	0.7109	0.0000	0.0000	0.0000	0.0000	74	0	0.0000	566.49
16	Ablation_RandomSymmetric	0.20	8	10	10	0.7109	0.0000	0.0000	0.0000	0.0000	74	0	1.3512	600.54
16	N0_Unconstrained_Attn	0.20	8	10	10	0.6484	0.0000	0.1892	0.1648	0.0244	90	44	11.4314	198.06
16	N1_Damped_Attn_0.25	0.20	8	10	10	0.6836	0.0000	0.0000	0.0385	-0.0385	81	7	5.2551	188.58
16	N4_Symmetric_Energy_Attn	0.20	8	10	10	0.6758	0.0000	0.1216	0.0989	0.0227	83	27	8.9355	165.76
16	SYNC1_Spectral_Sync	0.20	8	10	10	0.8125	0.0000	0.4595	0.0440	0.4155	48	42	12.0837	17.35
16	SYNC5_Loopy_MinSum	0.20	8	10	10	0.8984	0.0000	0.7568	0.0440	0.7128	26	64	14.8633	43.61
16	Candidate_LearnedEnergy	0.20	8	11	11	0.7891	0.0000	0.0000	0.0000	0.0000	54	0	1.4025	654.93
16	Ablation_ZeroInteraction	0.20	8	11	11	0.7891	0.0000	0.0000	0.0000	0.0000	54	0	0.0000	421.99
16	Ablation_RandomSymmetric	0.20	8	11	11	0.7891	0.0000	0.0000	0.0000	0.0000	54	0	1.5393	597.42
16	N0_Unconstrained_Attn	0.20	8	11	11	0.7109	0.0000	0.2222	0.1584	0.0638	74	44	12.1441	234.32
16	N1_Damped_Attn_0.25	0.20	8	11	11	0.7656	0.0000	0.0926	0.0545	0.0381	60	16	7.6572	189.18
16	N4_Symmetric_Energy_Attn	0.20	8	11	11	0.7344	0.0000	0.0185	0.0743	-0.0557	68	16	7.5892	163.73
16	SYNC1_Spectral_Sync	0.20	8	11	11	0.8828	0.0000	0.5370	0.0248	0.5123	30	34	11.1890	18.41
16	SYNC5_Loopy_MinSum	0.20	8	11	11	0.9297	0.0000	0.7963	0.0347	0.7616	18	50	13.6354	42.40
16	Candidate_LearnedEnergy	0.20	8	12	12	0.7930	0.0000	0.0000	0.0000	0.0000	53	0	1.4821	569.85
16	Ablation_ZeroInteraction	0.20	8	12	12	0.7930	0.0000	0.0000	0.0000	0.0000	53	0	0.0000	438.90
16	Ablation_RandomSymmetric	0.20	8	12	12	0.7930	0.0000	0.0000	0.0000	0.0000	53	0	1.4285	690.29
16	N0_Unconstrained_Attn	0.20	8	12	12	0.7070	0.0000	0.2642	0.1773	0.0868	75	50	12.7952	214.98
16	N1_Damped_Attn_0.25	0.20	8	12	12	0.7500	0.0000	0.0189	0.0591	-0.0402	64	13	6.3864	189.48
16	N4_Symmetric_Energy_Attn	0.20	8	12	12	0.6602	0.0000	0.0943	0.1921	-0.0978	87	44	11.3017	173.10
16	SYNC1_Spectral_Sync	0.20	8	12	12	0.9102	0.0000	0.6226	0.0148	0.6079	23	36	11.4217	17.93
16	SYNC5_Loopy_MinSum	0.20	8	12	12	0.9609	0.0000	0.9245	0.0296	0.8950	10	55	13.6015	44.60
16	Candidate_LearnedEnergy	0.20	8	13	13	0.8164	0.0000	0.0000	0.0000	0.0000	47	0	1.6300	602.37
16	Ablation_ZeroInteraction	0.20	8	13	13	0.8164	0.0000	0.0000	0.0000	0.0000	47	0	0.0000	407.67
16	Ablation_RandomSymmetric	0.20	8	13	13	0.8164	0.0000	0.0000	0.0000	0.0000	47	0	1.2900	868.41
16	N0_Unconstrained_Attn	0.20	8	13	13	0.7305	0.0000	0.1915	0.1483	0.0432	69	40	11.2698	257.89
16	N1_Damped_Attn_0.25	0.20	8	13	13	0.7422	0.0000	0.1064	0.1148	-0.0084	66	29	8.7184	269.16
16	N4_Symmetric_Energy_Attn	0.20	8	13	13	0.6719	0.0000	0.0638	0.1914	-0.1276	84	43	10.7165	178.86
16	SYNC1_Spectral_Sync	0.20	8	13	13	0.9375	0.0000	0.7234	0.0144	0.7091	16	37	11.9691	27.86
16	SYNC5_Loopy_MinSum	0.20	8	13	13	0.9805	0.0000	0.9362	0.0096	0.9266	5	46	13.1874	71.56
16	Candidate_LearnedEnergy	0.20	8	14	14	0.8125	0.0000	0.0000	0.0000	0.0000	48	0	1.5766	733.77
16	Ablation_ZeroInteraction	0.20	8	14	14	0.8125	0.0000	0.0000	0.0000	0.0000	48	0	0.0000	401.68
16	Ablation_RandomSymmetric	0.20	8	14	14	0.8125	0.0000	0.0000	0.0000	0.0000	48	0	1.6441	628.16
16	N0_Unconstrained_Attn	0.20	8	14	14	0.6914	0.0000	0.2083	0.1971	0.0112	79	51	13.6717	197.34
16	N1_Damped_Attn_0.25	0.20	8	14	14	0.7578	0.0000	0.0417	0.0769	-0.0353	62	18	7.1450	188.45
16	N4_Symmetric_Energy_Attn	0.20	8	14	14	0.7344	0.0000	0.1875	0.1394	0.0481	68	38	10.5442	164.78
16	SYNC1_Spectral_Sync	0.20	8	14	14	0.9258	0.0000	0.6458	0.0096	0.6362	19	33	11.0147	17.85
16	SYNC5_Loopy_MinSum	0.20	8	14	14	0.9531	0.0000	0.8958	0.0337	0.8622	12	50	13.3988	42.41
16	Candidate_LearnedEnergy	0.20	8	15	15	0.7617	0.0000	0.0000	0.0000	0.0000	61	0	1.4298	570.47
16	Ablation_ZeroInteraction	0.20	8	15	15	0.7617	0.0000	0.0000	0.0000	0.0000	61	0	0.0000	417.64
16	Ablation_RandomSymmetric	0.20	8	15	15	0.7617	0.0000	0.0000	0.0000	0.0000	61	0	1.5187	623.40
16	N0_Unconstrained_Attn	0.20	8	15	15	0.6875	0.0000	0.3279	0.2000	0.1279	80	59	13.4138	200.82
16	N1_Damped_Attn_0.25	0.20	8	15	15	0.7266	0.0000	0.0492	0.0615	-0.0124	70	15	6.6228	200.17
16	N4_Symmetric_Energy_Attn	0.20	8	15	15	0.6602	0.0000	0.0984	0.1641	-0.0657	87	38	10.2230	165.89
16	SYNC1_Spectral_Sync	0.20	8	15	15	0.8516	0.0000	0.4426	0.0205	0.4221	38	31	10.7228	18.03
16	SYNC5_Loopy_MinSum	0.20	8	15	15	0.9102	0.0000	0.7213	0.0308	0.6905	23	50	13.5847	139.90
16	Candidate_LearnedEnergy	0.20	8	16	16	0.7930	0.0000	0.0000	0.0000	0.0000	53	0	1.7938	610.17
16	Ablation_ZeroInteraction	0.20	8	16	16	0.7930	0.0000	0.0000	0.0000	0.0000	53	0	0.0000	621.19
16	Ablation_RandomSymmetric	0.20	8	16	16	0.7930	0.0000	0.0000	0.0000	0.0000	53	0	1.6503	575.99
16	N0_Unconstrained_Attn	0.20	8	16	16	0.6328	0.0000	0.2453	0.2660	-0.0207	94	67	15.0712	208.82
16	N1_Damped_Attn_0.25	0.20	8	16	16	0.7734	0.0000	0.0377	0.0345	0.0033	58	9	6.0245	226.89
16	N4_Symmetric_Energy_Attn	0.20	8	16	16	0.7422	0.0000	0.0755	0.0837	-0.0083	66	21	8.3180	165.91
16	SYNC1_Spectral_Sync	0.20	8	16	16	0.8789	0.0000	0.5094	0.0246	0.4848	31	32	10.8202	19.26
16	SYNC5_Loopy_MinSum	0.20	8	16	16	0.9609	0.0000	0.9245	0.0296	0.8950	10	55	13.8900	46.59
16	Candidate_LearnedEnergy	0.20	8	17	17	0.8477	0.0000	0.0000	0.0000	0.0000	39	0	1.8382	599.16
16	Ablation_ZeroInteraction	0.20	8	17	17	0.8477	0.0000	0.0000	0.0000	0.0000	39	0	0.0000	402.99
16	Ablation_RandomSymmetric	0.20	8	17	17	0.8477	0.0000	0.0000	0.0000	0.0000	39	0	1.6028	594.45
16	N0_Unconstrained_Attn	0.20	8	17	17	0.7070	0.0000	0.3077	0.2212	0.0865	75	60	14.1987	197.03
16	N1_Damped_Attn_0.25	0.20	8	17	17	0.8203	0.0000	0.0769	0.0461	0.0308	46	13	7.1622	190.04
16	N4_Symmetric_Energy_Attn	0.20	8	17	17	0.7500	0.0000	0.0513	0.1244	-0.0731	64	29	9.0450	165.31
16	SYNC1_Spectral_Sync	0.20	8	17	17	0.9258	0.0000	0.5385	0.0046	0.5339	19	22	9.2668	17.48
16	SYNC5_Loopy_MinSum	0.20	8	17	17	0.9922	0.0000	0.9487	0.0000	0.9487	2	37	11.8404	42.53
16	Candidate_LearnedEnergy	0.20	8	18	18	0.8086	0.0000	0.0000	0.0000	0.0000	49	0	1.4262	800.45
16	Ablation_ZeroInteraction	0.20	8	18	18	0.8086	0.0000	0.0000	0.0000	0.0000	49	0	0.0000	734.25
16	Ablation_RandomSymmetric	0.20	8	18	18	0.8086	0.0000	0.0000	0.0000	0.0000	49	0	1.7973	840.67
16	N0_Unconstrained_Attn	0.20	8	18	18	0.6250	0.0000	0.2245	0.2802	-0.0557	96	69	15.4162	267.29
16	N1_Damped_Attn_0.25	0.20	8	18	18	0.7188	0.0000	0.1020	0.1353	-0.0332	72	33	9.1149	346.64
16	N4_Symmetric_Energy_Attn	0.20	8	18	18	0.7383	0.0000	0.1020	0.1111	-0.0091	67	28	9.5781	200.94
16	SYNC1_Spectral_Sync	0.20	8	18	18	0.9180	0.0000	0.6327	0.0145	0.6182	21	34	11.3324	27.85
16	SYNC5_Loopy_MinSum	0.20	8	18	18	0.9336	0.0000	0.7755	0.0290	0.7465	17	44	13.2184	110.83
16	Candidate_LearnedEnergy	0.20	8	19	19	0.7656	0.0000	0.0000	0.0000	0.0000	60	0	1.4755	603.73
16	Ablation_ZeroInteraction	0.20	8	19	19	0.7656	0.0000	0.0000	0.0000	0.0000	60	0	0.0000	450.22
16	Ablation_RandomSymmetric	0.20	8	19	19	0.7656	0.0000	0.0000	0.0000	0.0000	60	0	1.9412	966.75
16	N0_Unconstrained_Attn	0.20	8	19	19	0.6523	0.0000	0.3333	0.2500	0.0833	89	69	15.0297	224.74
16	N1_Damped_Attn_0.25	0.20	8	19	19	0.7461	0.0000	0.1000	0.0561	0.0439	65	17	7.2686	202.83
16	N4_Symmetric_Energy_Attn	0.20	8	19	19	0.6250	0.0000	0.0500	0.1990	-0.1490	96	42	11.1216	168.38
16	SYNC1_Spectral_Sync	0.20	8	19	19	0.8438	0.0000	0.4500	0.0357	0.4143	40	34	10.8477	17.78
16	SYNC5_Loopy_MinSum	0.20	8	19	19	0.9375	0.0000	0.8833	0.0459	0.8374	16	62	14.7467	42.39
16	Candidate_LearnedEnergy	0.20	16	0	0	0.8203	0.0000	0.0000	0.0000	0.0000	46	0	2.2161	1691.85
16	Ablation_ZeroInteraction	0.20	16	0	0	0.8203	0.0000	0.0000	0.0000	0.0000	46	0	0.0000	1293.96
16	Ablation_RandomSymmetric	0.20	16	0	0	0.8086	0.0000	0.0000	0.0143	-0.0143	49	3	3.0732	1641.17
16	N0_Unconstrained_Attn	0.20	16	0	0	0.6562	0.0000	0.2391	0.2524	-0.0133	88	64	15.1002	581.32
16	N1_Damped_Attn_0.25	0.20	16	0	0	0.7383	0.0000	0.1304	0.1286	0.0019	67	33	10.6108	552.96
16	N4_Symmetric_Energy_Attn	0.20	16	0	0	0.6914	0.0000	0.1522	0.1905	-0.0383	79	47	12.3252	352.15
16	SYNC1_Spectral_Sync	0.20	16	0	0	0.8438	0.0000	0.3261	0.0429	0.2832	40	24	9.1437	51.57
16	SYNC5_Loopy_MinSum	0.20	16	0	0	0.9219	0.0000	0.7391	0.0381	0.7010	20	42	11.9173	132.02
16	Candidate_LearnedEnergy	0.20	16	1	1	0.8125	0.0000	0.0000	0.0000	0.0000	48	0	2.4469	2190.00
16	Ablation_ZeroInteraction	0.20	16	1	1	0.8125	0.0000	0.0000	0.0000	0.0000	48	0	0.0000	1394.78
16	Ablation_RandomSymmetric	0.20	16	1	1	0.8086	0.0000	0.0000	0.0048	-0.0048	49	1	2.7186	1594.49
16	N0_Unconstrained_Attn	0.20	16	1	1	0.6016	0.0000	0.3750	0.3462	0.0288	102	90	17.8309	581.90
16	N1_Damped_Attn_0.25	0.20	16	1	1	0.7617	0.0000	0.0833	0.0817	0.0016	61	21	9.0625	525.70
16	N4_Symmetric_Energy_Attn	0.20	16	1	1	0.6133	0.0000	0.1667	0.2837	-0.1170	99	67	14.5151	400.98
16	SYNC1_Spectral_Sync	0.20	16	1	1	0.9219	0.0000	0.6042	0.0048	0.5994	20	30	10.7692	51.19
16	SYNC5_Loopy_MinSum	0.20	16	1	1	0.9961	0.0000	0.9792	0.0000	0.9792	1	47	13.4908	131.39
16	Candidate_LearnedEnergy	0.20	16	2	2	0.8242	0.0000	0.0000	0.0047	-0.0047	45	1	2.6232	1420.19
16	Ablation_ZeroInteraction	0.20	16	2	2	0.8281	0.0000	0.0000	0.0000	0.0000	44	0	0.0000	1371.24
16	Ablation_RandomSymmetric	0.20	16	2	2	0.8242	0.0000	0.0000	0.0047	-0.0047	45	1	2.6438	1658.50
16	N0_Unconstrained_Attn	0.20	16	2	2	0.6367	0.0000	0.2500	0.2830	-0.0330	93	71	15.2436	629.65
16	N1_Damped_Attn_0.25	0.20	16	2	2	0.7891	0.0000	0.1818	0.0849	0.0969	54	26	9.0732	599.10
16	N4_Symmetric_Energy_Attn	0.20	16	2	2	0.6914	0.0000	0.2273	0.2123	0.0150	79	55	13.0529	476.92
16	SYNC1_Spectral_Sync	0.20	16	2	2	0.9492	0.0000	0.7273	0.0047	0.7226	13	33	11.3131	51.23
16	SYNC5_Loopy_MinSum	0.20	16	2	2	0.9766	0.0000	0.8864	0.0047	0.8816	6	40	12.4097	134.97
16	Candidate_LearnedEnergy	0.20	16	3	3	0.8164	0.0000	0.0000	0.0000	0.0000	47	0	2.7789	1667.87
16	Ablation_ZeroInteraction	0.20	16	3	3	0.8164	0.0000	0.0000	0.0000	0.0000	47	0	0.0000	1451.98
16	Ablation_RandomSymmetric	0.20	16	3	3	0.8320	0.0000	0.1064	0.0048	0.1016	43	6	3.7194	1173.76
16	N0_Unconstrained_Attn	0.20	16	3	3	0.6328	0.0000	0.2553	0.2823	-0.0270	94	71	16.0428	429.42
16	N1_Damped_Attn_0.25	0.20	16	3	3	0.7305	0.0000	0.1277	0.1340	-0.0063	69	34	10.3987	380.83
16	N4_Symmetric_Energy_Attn	0.20	16	3	3	0.7227	0.0000	0.2340	0.1675	0.0666	71	46	12.3729	342.73
16	SYNC1_Spectral_Sync	0.20	16	3	3	0.9297	0.0000	0.6596	0.0096	0.6500	18	33	11.2240	36.12
16	SYNC5_Loopy_MinSum	0.20	16	3	3	0.9648	0.0000	0.8511	0.0096	0.8415	9	42	12.7280	78.42
16	Candidate_LearnedEnergy	0.20	16	4	4	0.7930	0.0000	0.0192	0.0098	0.0094	53	3	3.3974	1233.84
16	Ablation_ZeroInteraction	0.20	16	4	4	0.7969	0.0000	0.0000	0.0000	0.0000	52	0	0.0000	831.02
16	Ablation_RandomSymmetric	0.20	16	4	4	0.7930	0.0000	0.0192	0.0098	0.0094	53	3	3.4788	1565.19
16	N0_Unconstrained_Attn	0.20	16	4	4	0.6016	0.0000	0.3269	0.3284	-0.0015	102	84	16.4488	524.71
16	N1_Damped_Attn_0.25	0.20	16	4	4	0.7148	0.0000	0.0385	0.1127	-0.0743	73	25	9.4226	558.09
16	N4_Symmetric_Energy_Attn	0.20	16	4	4	0.7070	0.0000	0.2308	0.1716	0.0592	75	47	12.4376	437.20
16	SYNC1_Spectral_Sync	0.20	16	4	4	0.8984	0.0000	0.5385	0.0098	0.5287	26	30	10.6764	34.38
16	SYNC5_Loopy_MinSum	0.20	16	4	4	0.9492	0.0000	0.8269	0.0196	0.8073	13	47	13.0990	82.59
16	Candidate_LearnedEnergy	0.20	16	5	5	0.7539	0.0000	0.0000	0.0103	-0.0103	63	2	3.2565	1278.99
16	Ablation_ZeroInteraction	0.20	16	5	5	0.7617	0.0000	0.0000	0.0000	0.0000	61	0	0.0000	828.28
16	Ablation_RandomSymmetric	0.20	16	5	5	0.7617	0.0000	0.0000	0.0000	0.0000	61	0	2.2830	1228.85
16	N0_Unconstrained_Attn	0.20	16	5	5	0.6055	0.0000	0.2459	0.2821	-0.0361	101	70	15.8497	433.41
16	N1_Damped_Attn_0.25	0.20	16	5	5	0.6836	0.0000	0.1148	0.1385	-0.0237	81	34	10.5587	3921.08
16	N4_Symmetric_Energy_Attn	0.20	16	5	5	0.6289	0.0000	0.2787	0.2615	0.0172	95	68	14.0257	425.52
16	SYNC1_Spectral_Sync	0.20	16	5	5	0.8672	0.0000	0.5082	0.0205	0.4877	34	35	11.4013	34.34
16	SYNC5_Loopy_MinSum	0.20	16	5	5	0.9297	0.0000	0.8033	0.0308	0.7725	18	55	14.1247	78.82
16	Candidate_LearnedEnergy	0.20	16	6	6	0.8047	0.0000	0.0000	0.0000	0.0000	50	0	1.7804	1573.69
16	Ablation_ZeroInteraction	0.20	16	6	6	0.8047	0.0000	0.0000	0.0000	0.0000	50	0	0.0000	810.11
16	Ablation_RandomSymmetric	0.20	16	6	6	0.7969	0.0000	0.0000	0.0097	-0.0097	52	2	2.8050	1176.37
16	N0_Unconstrained_Attn	0.20	16	6	6	0.6211	0.0000	0.3200	0.3058	0.0142	97	79	16.4229	435.10
16	N1_Damped_Attn_0.25	0.20	16	6	6	0.7656	0.0000	0.2400	0.1068	0.1332	60	34	10.1193	477.34
16	N4_Symmetric_Energy_Attn	0.20	16	6	6	0.6953	0.0000	0.1000	0.1602	-0.0602	78	38	10.7071	383.95
16	SYNC1_Spectral_Sync	0.20	16	6	6	0.8750	0.0000	0.4400	0.0194	0.4206	32	26	9.7779	33.95
16	SYNC5_Loopy_MinSum	0.20	16	6	6	0.9570	0.0000	0.8400	0.0146	0.8254	11	45	12.9654	77.71
16	Candidate_LearnedEnergy	0.20	16	7	7	0.7969	0.0000	0.0000	0.0000	0.0000	52	0	2.5080	3551.80
16	Ablation_ZeroInteraction	0.20	16	7	7	0.7969	0.0000	0.0000	0.0000	0.0000	52	0	0.0000	1024.42
16	Ablation_RandomSymmetric	0.20	16	7	7	0.7969	0.0000	0.0000	0.0000	0.0000	52	0	2.2882	1226.39
16	N0_Unconstrained_Attn	0.20	16	7	7	0.6328	0.0000	0.3269	0.2892	0.0377	94	76	16.4279	416.63
16	N1_Damped_Attn_0.25	0.20	16	7	7	0.7031	0.0000	0.1154	0.1471	-0.0317	76	36	10.7311	401.38
16	N4_Symmetric_Energy_Attn	0.20	16	7	7	0.5938	0.0000	0.2692	0.3235	-0.0543	104	80	16.1220	395.83
16	SYNC1_Spectral_Sync	0.20	16	7	7	0.8867	0.0000	0.5192	0.0196	0.4996	29	31	10.9366	36.12
16	SYNC5_Loopy_MinSum	0.20	16	7	7	0.9492	0.0000	0.8462	0.0245	0.8216	13	49	13.5507	79.99
16	Candidate_LearnedEnergy	0.20	16	8	8	0.8203	0.0000	0.0000	0.0000	0.0000	46	0	2.8013	1224.96
16	Ablation_ZeroInteraction	0.20	16	8	8	0.8203	0.0000	0.0000	0.0000	0.0000	46	0	0.0000	910.93
16	Ablation_RandomSymmetric	0.20	16	8	8	0.8164	0.0000	0.0000	0.0048	-0.0048	47	1	2.8188	1117.77
16	N0_Unconstrained_Attn	0.20	16	8	8	0.6133	0.0000	0.3043	0.3190	-0.0147	99	81	15.9690	452.09
16	N1_Damped_Attn_0.25	0.20	16	8	8	0.7578	0.0000	0.2826	0.1381	0.1445	62	42	11.0627	379.57
16	N4_Symmetric_Energy_Attn	0.20	16	8	8	0.6602	0.0000	0.1087	0.2190	-0.1104	87	51	11.8811	373.39
16	SYNC1_Spectral_Sync	0.20	16	8	8	0.8750	0.0000	0.3696	0.0143	0.3553	32	20	8.6022	34.82
16	SYNC5_Loopy_MinSum	0.20	16	8	8	0.9688	0.0000	0.8261	0.0000	0.8261	8	38	12.4887	81.67
16	Candidate_LearnedEnergy	0.20	16	9	9	0.7969	0.0000	0.0189	0.0000	0.0189	52	1	2.8951	1626.66
16	Ablation_ZeroInteraction	0.20	16	9	9	0.7930	0.0000	0.0000	0.0000	0.0000	53	0	0.0000	1376.44
16	Ablation_RandomSymmetric	0.20	16	9	9	0.7852	0.0000	0.0000	0.0099	-0.0099	55	2	3.0273	1699.79
16	N0_Unconstrained_Attn	0.20	16	9	9	0.6406	0.0000	0.1509	0.2315	-0.0806	92	55	13.6661	505.08
16	N1_Damped_Attn_0.25	0.20	16	9	9	0.7070	0.0000	0.0566	0.1232	-0.0665	75	28	10.3868	516.49
16	N4_Symmetric_Energy_Attn	0.20	16	9	9	0.6836	0.0000	0.1887	0.1872	0.0015	81	48	11.4347	397.48
16	SYNC1_Spectral_Sync	0.20	16	9	9	0.9375	0.0000	0.7547	0.0148	0.7399	16	43	13.0225	52.69
16	SYNC5_Loopy_MinSum	0.20	16	9	9	0.9453	0.0000	0.8302	0.0246	0.8056	14	49	13.0653	132.22
16	Candidate_LearnedEnergy	0.20	16	10	10	0.7070	0.0000	0.0000	0.0055	-0.0055	75	1	2.0921	2538.74
16	Ablation_ZeroInteraction	0.20	16	10	10	0.7109	0.0000	0.0000	0.0000	0.0000	74	0	0.0000	1564.84
16	Ablation_RandomSymmetric	0.20	16	10	10	0.7109	0.0000	0.0000	0.0000	0.0000	74	0	2.3111	1319.01
16	N0_Unconstrained_Attn	0.20	16	10	10	0.5781	0.0000	0.1892	0.2637	-0.0745	108	62	14.0374	452.17
16	N1_Damped_Attn_0.25	0.20	16	10	10	0.6641	0.0000	0.0541	0.0879	-0.0339	86	20	7.7851	404.78
16	N4_Symmetric_Energy_Attn	0.20	16	10	10	0.6289	0.0000	0.1757	0.1868	-0.0111	95	47	12.0968	390.12
16	SYNC1_Spectral_Sync	0.20	16	10	10	0.8125	0.0000	0.4595	0.0440	0.4155	48	42	12.3627	36.58
16	SYNC5_Loopy_MinSum	0.20	16	10	10	0.9180	0.0000	0.7973	0.0330	0.7643	21	65	14.8598	80.43
16	Candidate_LearnedEnergy	0.20	16	11	11	0.7852	0.0000	0.0000	0.0050	-0.0050	55	1	2.4086	1423.98
16	Ablation_ZeroInteraction	0.20	16	11	11	0.7891	0.0000	0.0000	0.0000	0.0000	54	0	0.0000	1312.06
16	Ablation_RandomSymmetric	0.20	16	11	11	0.7852	0.0000	0.0000	0.0050	-0.0050	55	1	2.6908	1701.80
16	N0_Unconstrained_Attn	0.20	16	11	11	0.6445	0.0000	0.3148	0.2673	0.0475	91	71	15.8249	632.94
16	N1_Damped_Attn_0.25	0.20	16	11	11	0.7031	0.0000	0.2407	0.1733	0.0675	76	48	11.6830	520.92
16	N4_Symmetric_Energy_Attn	0.20	16	11	11	0.7109	0.0000	0.1667	0.1436	0.0231	74	38	10.6171	343.84
16	SYNC1_Spectral_Sync	0.20	16	11	11	0.8828	0.0000	0.5370	0.0248	0.5123	30	34	11.3128	52.43
16	SYNC5_Loopy_MinSum	0.20	16	11	11	0.9375	0.0000	0.8333	0.0347	0.7987	16	52	13.5890	134.78
16	Candidate_LearnedEnergy	0.20	16	12	12	0.7930	0.0000	0.0189	0.0049	0.0139	53	2	2.6688	1757.99
16	Ablation_ZeroInteraction	0.20	16	12	12	0.7930	0.0000	0.0000	0.0000	0.0000	53	0	0.0000	1515.16
16	Ablation_RandomSymmetric	0.20	16	12	12	0.7930	0.0000	0.0000	0.0000	0.0000	53	0	2.7605	1818.56
16	N0_Unconstrained_Attn	0.20	16	12	12	0.6562	0.0000	0.3019	0.2512	0.0507	88	67	15.5015	645.12
16	N1_Damped_Attn_0.25	0.20	16	12	12	0.7031	0.0000	0.0755	0.1330	-0.0575	76	31	10.1289	671.59
16	N4_Symmetric_Energy_Attn	0.20	16	12	12	0.6211	0.0000	0.2642	0.2857	-0.0216	97	72	15.1604	416.40
16	SYNC1_Spectral_Sync	0.20	16	12	12	0.9102	0.0000	0.6226	0.0148	0.6079	23	36	11.5747	51.94
16	SYNC5_Loopy_MinSum	0.20	16	12	12	0.9648	0.0000	0.9434	0.0296	0.9138	9	56	13.4936	130.53
16	Candidate_LearnedEnergy	0.20	16	13	13	0.8164	0.0000	0.0000	0.0000	0.0000	47	0	2.8887	1725.88
16	Ablation_ZeroInteraction	0.20	16	13	13	0.8164	0.0000	0.0000	0.0000	0.0000	47	0	0.0000	1389.68
16	Ablation_RandomSymmetric	0.20	16	13	13	0.8164	0.0000	0.0000	0.0000	0.0000	47	0	2.3965	6179.57
16	N0_Unconstrained_Attn	0.20	16	13	13	0.7148	0.0000	0.2766	0.1866	0.0900	73	52	13.2880	441.44
16	N1_Damped_Attn_0.25	0.20	16	13	13	0.7070	0.0000	0.2128	0.1818	0.0309	75	48	12.2781	379.66
16	N4_Symmetric_Energy_Attn	0.20	16	13	13	0.6484	0.0000	0.1489	0.2392	-0.0903	90	57	13.1499	2238.68
16	SYNC1_Spectral_Sync	0.20	16	13	13	0.9375	0.0000	0.7234	0.0144	0.7091	16	37	12.1490	35.83
16	SYNC5_Loopy_MinSum	0.20	16	13	13	0.9805	0.0000	0.9362	0.0096	0.9266	5	46	13.4059	80.37
16	Candidate_LearnedEnergy	0.20	16	14	14	0.8203	0.0000	0.0417	0.0000	0.0417	46	2	2.7391	1629.75
16	Ablation_ZeroInteraction	0.20	16	14	14	0.8125	0.0000	0.0000	0.0000	0.0000	48	0	0.0000	1355.72
16	Ablation_RandomSymmetric	0.20	16	14	14	0.8047	0.0000	0.0000	0.0096	-0.0096	50	2	3.0677	1569.39
16	N0_Unconstrained_Attn	0.20	16	14	14	0.6289	0.0000	0.2292	0.2788	-0.0497	95	69	15.7739	566.75
16	N1_Damped_Attn_0.25	0.20	16	14	14	0.7109	0.0000	0.0625	0.1394	-0.0769	74	32	10.2224	580.88
16	N4_Symmetric_Energy_Attn	0.20	16	14	14	0.6875	0.0000	0.3542	0.2356	0.1186	80	66	14.5027	447.44
16	SYNC1_Spectral_Sync	0.20	16	14	14	0.9258	0.0000	0.6458	0.0096	0.6362	19	33	11.2233	53.04
16	SYNC5_Loopy_MinSum	0.20	16	14	14	0.9531	0.0000	0.8958	0.0337	0.8622	12	50	12.7041	134.36
16	Candidate_LearnedEnergy	0.20	16	15	15	0.7617	0.0000	0.0000	0.0000	0.0000	61	0	2.4307	1978.70
16	Ablation_ZeroInteraction	0.20	16	15	15	0.7617	0.0000	0.0000	0.0000	0.0000	61	0	0.0000	1584.31
16	Ablation_RandomSymmetric	0.20	16	15	15	0.7617	0.0000	0.0164	0.0051	0.0113	61	2	2.7613	1679.55
16	N0_Unconstrained_Attn	0.20	16	15	15	0.6367	0.0000	0.3443	0.2718	0.0725	93	74	15.3525	589.96
16	N1_Damped_Attn_0.25	0.20	16	15	15	0.6836	0.0000	0.0984	0.1333	-0.0350	81	32	10.1091	653.54
16	N4_Symmetric_Energy_Attn	0.20	16	15	15	0.5898	0.0000	0.2131	0.2923	-0.0792	105	70	14.2960	362.27
16	SYNC1_Spectral_Sync	0.20	16	15	15	0.8516	0.0000	0.4426	0.0205	0.4221	38	31	10.8618	56.49
16	SYNC5_Loopy_MinSum	0.20	16	15	15	0.9102	0.0000	0.7213	0.0308	0.6905	23	50	13.5567	138.06
16	Candidate_LearnedEnergy	0.20	16	16	16	0.7891	0.0000	0.0189	0.0099	0.0090	54	3	3.2207	1772.98
16	Ablation_ZeroInteraction	0.20	16	16	16	0.7930	0.0000	0.0000	0.0000	0.0000	53	0	0.0000	1413.48
16	Ablation_RandomSymmetric	0.20	16	16	16	0.7891	0.0000	0.0000	0.0049	-0.0049	54	1	2.9882	1617.01
16	N0_Unconstrained_Attn	0.20	16	16	16	0.6016	0.0000	0.3208	0.3251	-0.0044	102	83	16.6460	581.63
16	N1_Damped_Attn_0.25	0.20	16	16	16	0.7305	0.0000	0.0943	0.1034	-0.0091	69	26	9.4599	577.23
16	N4_Symmetric_Energy_Attn	0.20	16	16	16	0.7188	0.0000	0.1887	0.1429	0.0458	72	39	11.2468	351.22
16	SYNC1_Spectral_Sync	0.20	16	16	16	0.8789	0.0000	0.5094	0.0246	0.4848	31	32	10.9535	53.58
16	SYNC5_Loopy_MinSum	0.20	16	16	16	0.9609	0.0000	0.9245	0.0296	0.8950	10	55	13.9483	134.16
16	Candidate_LearnedEnergy	0.20	16	17	17	0.8477	0.0000	0.0256	0.0046	0.0210	39	2	3.2593	1252.01
16	Ablation_ZeroInteraction	0.20	16	17	17	0.8477	0.0000	0.0000	0.0000	0.0000	39	0	0.0000	887.54
16	Ablation_RandomSymmetric	0.20	16	17	17	0.8477	0.0000	0.0256	0.0046	0.0210	39	2	3.1076	6142.66
16	N0_Unconstrained_Attn	0.20	16	17	17	0.6758	0.0000	0.4103	0.2765	0.1338	83	76	16.4518	463.37
16	N1_Damped_Attn_0.25	0.20	16	17	17	0.7539	0.0000	0.1282	0.1336	-0.0054	63	34	10.4992	453.30
16	N4_Symmetric_Energy_Attn	0.20	16	17	17	0.7109	0.0000	0.1538	0.1889	-0.0351	74	47	12.3069	328.51
16	SYNC1_Spectral_Sync	0.20	16	17	17	0.9258	0.0000	0.5385	0.0046	0.5339	19	22	9.3800	34.27
16	SYNC5_Loopy_MinSum	0.20	16	17	17	0.9922	0.0000	0.9487	0.0000	0.9487	2	37	12.1530	84.69
16	Candidate_LearnedEnergy	0.20	16	18	18	0.8086	0.0000	0.0000	0.0000	0.0000	49	0	2.5078	1263.52
16	Ablation_ZeroInteraction	0.20	16	18	18	0.8086	0.0000	0.0000	0.0000	0.0000	49	0	0.0000	5304.17
16	Ablation_RandomSymmetric	0.20	16	18	18	0.8086	0.0000	0.0204	0.0048	0.0156	49	2	3.3138	6145.70
16	N0_Unconstrained_Attn	0.20	16	18	18	0.5703	0.0000	0.3265	0.3720	-0.0455	110	93	18.2277	1660.59
16	N1_Damped_Attn_0.25	0.20	16	18	18	0.6680	0.0000	0.1633	0.2126	-0.0493	85	52	12.5596	386.94
16	N4_Symmetric_Energy_Attn	0.20	16	18	18	0.6719	0.0000	0.1429	0.2029	-0.0600	84	49	12.3917	377.29
16	SYNC1_Spectral_Sync	0.20	16	18	18	0.9180	0.0000	0.6327	0.0145	0.6182	21	34	11.4880	35.56
16	SYNC5_Loopy_MinSum	0.20	16	18	18	0.9258	0.0000	0.7347	0.0290	0.7057	19	42	13.1164	81.79
16	Candidate_LearnedEnergy	0.20	16	19	19	0.7617	0.0000	0.0000	0.0051	-0.0051	61	1	2.5729	1716.14
16	Ablation_ZeroInteraction	0.20	16	19	19	0.7656	0.0000	0.0000	0.0000	0.0000	60	0	0.0000	1260.70
16	Ablation_RandomSymmetric	0.20	16	19	19	0.7461	0.0000	0.0000	0.0255	-0.0255	65	5	3.6375	1631.28
16	N0_Unconstrained_Attn	0.20	16	19	19	0.6250	0.0000	0.3667	0.2959	0.0707	96	80	16.3219	545.15
16	N1_Damped_Attn_0.25	0.20	16	19	19	0.6875	0.0000	0.1667	0.1531	0.0136	80	40	11.0323	603.11
16	N4_Symmetric_Energy_Attn	0.20	16	19	19	0.6172	0.0000	0.1833	0.2500	-0.0667	98	60	13.1197	336.58
16	SYNC1_Spectral_Sync	0.20	16	19	19	0.8438	0.0000	0.4500	0.0357	0.4143	40	34	11.1003	50.11
16	SYNC5_Loopy_MinSum	0.20	16	19	19	0.9180	0.0000	0.8333	0.0561	0.7772	21	61	14.5144	100.55
16	Candidate_LearnedEnergy	0.20	32	0	0	0.8008	0.0000	0.0000	0.0238	-0.0238	51	5	4.1705	3391.96
16	Ablation_ZeroInteraction	0.20	32	0	0	0.8203	0.0000	0.0000	0.0000	0.0000	46	0	0.0000	2710.63
16	Ablation_RandomSymmetric	0.20	32	0	0	0.7891	0.0000	0.0217	0.0429	-0.0211	54	10	5.9550	2864.96
16	N0_Unconstrained_Attn	0.20	32	0	0	0.6094	0.0000	0.4130	0.3476	0.0654	100	92	18.3530	828.57
16	N1_Damped_Attn_0.25	0.20	32	0	0	0.6914	0.0000	0.1739	0.1952	-0.0213	79	49	13.4780	796.30
16	N4_Symmetric_Energy_Attn	0.20	32	0	0	0.6523	0.0000	0.2174	0.2524	-0.0350	89	63	14.8844	652.64
16	SYNC1_Spectral_Sync	0.20	32	0	0	0.8438	0.0000	0.3261	0.0429	0.2832	40	24	9.1644	67.69
16	SYNC5_Loopy_MinSum	0.20	32	0	0	0.9219	0.0000	0.7391	0.0381	0.7010	20	42	11.7481	156.00
16	Candidate_LearnedEnergy	0.20	32	1	1	0.8086	0.0000	0.0417	0.0144	0.0272	49	5	4.3151	2387.11
16	Ablation_ZeroInteraction	0.20	32	1	1	0.8125	0.0000	0.0000	0.0000	0.0000	48	0	0.0000	1688.31
16	Ablation_RandomSymmetric	0.20	32	1	1	0.7852	0.0000	0.0000	0.0337	-0.0337	55	7	4.5835	2245.28
16	N0_Unconstrained_Attn	0.20	32	1	1	0.5781	0.0000	0.3958	0.3798	0.0160	108	98	18.6390	886.50
16	N1_Damped_Attn_0.25	0.20	32	1	1	0.7344	0.0000	0.1875	0.1394	0.0481	68	38	11.8682	967.18
16	N4_Symmetric_Energy_Attn	0.20	32	1	1	0.5664	0.0000	0.2708	0.3654	-0.0946	111	89	16.7894	659.18
16	SYNC1_Spectral_Sync	0.20	32	1	1	0.9219	0.0000	0.6042	0.0048	0.5994	20	30	10.7703	67.69
16	SYNC5_Loopy_MinSum	0.20	32	1	1	0.9961	0.0000	0.9792	0.0000	0.9792	1	47	13.4907	296.25
16	Candidate_LearnedEnergy	0.20	32	2	2	0.8086	0.0000	0.0000	0.0236	-0.0236	49	5	4.2179	2870.24
16	Ablation_ZeroInteraction	0.20	32	2	2	0.8281	0.0000	0.0000	0.0000	0.0000	44	0	0.0000	2625.09
16	Ablation_RandomSymmetric	0.20	32	2	2	0.7969	0.0000	0.0000	0.0377	-0.0377	52	8	4.5360	2480.51
16	N0_Unconstrained_Attn	0.20	32	2	2	0.5625	0.0000	0.3409	0.3915	-0.0506	112	98	17.9662	796.90
16	N1_Damped_Attn_0.25	0.20	32	2	2	0.7383	0.0000	0.2500	0.1604	0.0896	67	45	11.7305	752.31
16	N4_Symmetric_Energy_Attn	0.20	32	2	2	0.6484	0.0000	0.3182	0.2830	0.0352	90	74	15.8015	1007.19
16	SYNC1_Spectral_Sync	0.20	32	2	2	0.9492	0.0000	0.7273	0.0047	0.7226	13	33	11.3137	135.29
16	SYNC5_Loopy_MinSum	0.20	32	2	2	0.9766	0.0000	0.8864	0.0047	0.8816	6	40	12.4097	301.58
16	Candidate_LearnedEnergy	0.20	32	3	3	0.7930	0.0000	0.0213	0.0335	-0.0122	53	8	4.8519	2392.06
16	Ablation_ZeroInteraction	0.20	32	3	3	0.8164	0.0000	0.0000	0.0000	0.0000	47	0	0.0000	1659.68
16	Ablation_RandomSymmetric	0.20	32	3	3	0.8164	0.0000	0.1489	0.0335	0.1154	47	14	6.3616	2276.50
16	N0_Unconstrained_Attn	0.20	32	3	3	0.5547	0.0000	0.3191	0.3923	-0.0732	114	97	17.9549	899.68
16	N1_Damped_Attn_0.25	0.20	32	3	3	0.6523	0.0000	0.2340	0.2536	-0.0195	89	64	14.6156	812.79
16	N4_Symmetric_Energy_Attn	0.20	32	3	3	0.6055	0.0000	0.2979	0.3254	-0.0275	101	82	16.4458	744.81
16	SYNC1_Spectral_Sync	0.20	32	3	3	0.9297	0.0000	0.6596	0.0096	0.6500	18	33	11.2250	68.30
16	SYNC5_Loopy_MinSum	0.20	32	3	3	0.9648	0.0000	0.8511	0.0096	0.8415	9	42	12.7279	160.02
16	Candidate_LearnedEnergy	0.20	32	4	4	0.7734	0.0000	0.0577	0.0441	0.0136	58	12	5.7434	2324.51
16	Ablation_ZeroInteraction	0.20	32	4	4	0.7969	0.0000	0.0000	0.0000	0.0000	52	0	0.0000	1748.71
16	Ablation_RandomSymmetric	0.20	32	4	4	0.7656	0.0000	0.0385	0.0490	-0.0106	60	12	6.0388	2292.97
16	N0_Unconstrained_Attn	0.20	32	4	4	0.5938	0.0000	0.4423	0.3676	0.0747	104	98	18.0160	809.73
16	N1_Damped_Attn_0.25	0.20	32	4	4	0.6953	0.0000	0.2115	0.1814	0.0302	78	48	12.0607	868.07
16	N4_Symmetric_Energy_Attn	0.20	32	4	4	0.6250	0.0000	0.3462	0.3039	0.0422	96	80	16.2113	722.52
16	SYNC1_Spectral_Sync	0.20	32	4	4	0.8984	0.0000	0.5385	0.0098	0.5287	26	30	10.6771	68.83
16	SYNC5_Loopy_MinSum	0.20	32	4	4	0.9492	0.0000	0.8269	0.0196	0.8073	13	47	13.0384	146.99
16	Candidate_LearnedEnergy	0.20	32	5	5	0.7383	0.0000	0.0492	0.0462	0.0030	67	12	5.9065	2482.10
16	Ablation_ZeroInteraction	0.20	32	5	5	0.7617	0.0000	0.0000	0.0000	0.0000	61	0	0.0000	1640.97
16	Ablation_RandomSymmetric	0.20	32	5	5	0.7383	0.0000	0.0000	0.0308	-0.0308	67	6	4.3204	12866.03
16	N0_Unconstrained_Attn	0.20	32	5	5	0.5586	0.0000	0.2787	0.3538	-0.0752	113	86	16.9878	1132.22
16	N1_Damped_Attn_0.25	0.20	32	5	5	0.6211	0.0000	0.2295	0.2564	-0.0269	97	64	14.6025	1108.59
16	N4_Symmetric_Energy_Attn	0.20	32	5	5	0.5586	0.0000	0.2787	0.3538	-0.0752	113	86	17.4430	713.13
16	SYNC1_Spectral_Sync	0.20	32	5	5	0.8672	0.0000	0.5082	0.0205	0.4877	34	35	11.4018	102.59
16	SYNC5_Loopy_MinSum	0.20	32	5	5	0.9297	0.0000	0.8033	0.0308	0.7725	18	55	14.0713	255.73
16	Candidate_LearnedEnergy	0.20	32	6	6	0.8008	0.0000	0.0000	0.0049	-0.0049	51	1	2.7813	3832.35
16	Ablation_ZeroInteraction	0.20	32	6	6	0.8047	0.0000	0.0000	0.0000	0.0000	50	0	0.0000	2313.17
16	Ablation_RandomSymmetric	0.20	32	6	6	0.7812	0.0000	0.0200	0.0340	-0.0140	56	8	5.2222	2750.41
16	N0_Unconstrained_Attn	0.20	32	6	6	0.5508	0.0000	0.4200	0.4175	0.0025	115	107	18.2952	1350.48
16	N1_Damped_Attn_0.25	0.20	32	6	6	0.7148	0.0000	0.2400	0.1699	0.0701	73	47	13.0427	1409.80
16	N4_Symmetric_Energy_Attn	0.20	32	6	6	0.6250	0.0000	0.2400	0.2816	-0.0416	96	70	14.7667	20842.74
16	SYNC1_Spectral_Sync	0.20	32	6	6	0.8750	0.0000	0.4400	0.0194	0.4206	32	26	9.7973	102.75
16	SYNC5_Loopy_MinSum	0.20	32	6	6	0.9570	0.0000	0.8400	0.0146	0.8254	11	45	13.0320	252.89
16	Candidate_LearnedEnergy	0.20	32	7	7	0.7891	0.0000	0.0385	0.0196	0.0189	54	6	3.9620	13215.30
16	Ablation_ZeroInteraction	0.20	32	7	7	0.7969	0.0000	0.0000	0.0000	0.0000	52	0	0.0000	6560.33
16	Ablation_RandomSymmetric	0.20	32	7	7	0.7969	0.0000	0.0577	0.0147	0.0430	52	6	3.9968	2333.92
16	N0_Unconstrained_Attn	0.20	32	7	7	0.6367	0.0000	0.4423	0.3137	0.1286	93	87	17.4652	795.50
16	N1_Damped_Attn_0.25	0.20	32	7	7	0.6328	0.0000	0.1731	0.2500	-0.0769	94	60	14.4271	4920.47
16	N4_Symmetric_Energy_Attn	0.20	32	7	7	0.5391	0.0000	0.3269	0.4069	-0.0799	118	100	18.9445	659.05
16	SYNC1_Spectral_Sync	0.20	32	7	7	0.8867	0.0000	0.5192	0.0196	0.4996	29	31	10.9539	67.31
16	SYNC5_Loopy_MinSum	0.20	32	7	7	0.9492	0.0000	0.8462	0.0245	0.8216	13	49	13.2679	153.06
16	Candidate_LearnedEnergy	0.20	32	8	8	0.7852	0.0000	0.0000	0.0429	-0.0429	55	9	5.0965	2386.16
16	Ablation_ZeroInteraction	0.20	32	8	8	0.8203	0.0000	0.0000	0.0000	0.0000	46	0	0.0000	1799.63
16	Ablation_RandomSymmetric	0.20	32	8	8	0.7969	0.0000	0.0217	0.0333	-0.0116	52	8	4.9457	2547.22
16	N0_Unconstrained_Attn	0.20	32	8	8	0.5547	0.0000	0.3913	0.4095	-0.0182	114	104	19.5303	1027.10
16	N1_Damped_Attn_0.25	0.20	32	8	8	0.6836	0.0000	0.2391	0.2190	0.0201	81	57	13.2190	2163.57
16	N4_Symmetric_Energy_Attn	0.20	32	8	8	0.6172	0.0000	0.1739	0.2857	-0.1118	98	68	14.9136	791.81
16	SYNC1_Spectral_Sync	0.20	32	8	8	0.8750	0.0000	0.3696	0.0143	0.3553	32	20	8.6023	70.86
16	SYNC5_Loopy_MinSum	0.20	32	8	8	0.9688	0.0000	0.8261	0.0000	0.8261	8	38	12.4900	157.44
16	Candidate_LearnedEnergy	0.20	32	9	9	0.7734	0.0000	0.0377	0.0345	0.0033	58	9	5.1228	6508.76
16	Ablation_ZeroInteraction	0.20	32	9	9	0.7930	0.0000	0.0000	0.0000	0.0000	53	0	0.0000	1602.32
16	Ablation_RandomSymmetric	0.20	32	9	9	0.7695	0.0000	0.0566	0.0443	0.0123	59	12	5.5893	3956.50
16	N0_Unconstrained_Attn	0.20	32	9	9	0.5391	0.0000	0.2453	0.3842	-0.1390	118	91	17.5627	832.92
16	N1_Damped_Attn_0.25	0.20	32	9	9	0.6367	0.0000	0.1698	0.2414	-0.0716	93	58	13.5530	854.90
16	N4_Symmetric_Energy_Attn	0.20	32	9	9	0.6172	0.0000	0.2453	0.2857	-0.0404	98	71	15.0334	685.00
16	SYNC1_Spectral_Sync	0.20	32	9	9	0.9375	0.0000	0.7547	0.0148	0.7399	16	43	13.0379	116.37
16	SYNC5_Loopy_MinSum	0.20	32	9	9	0.9453	0.0000	0.8302	0.0246	0.8056	14	49	13.0384	160.83
16	Candidate_LearnedEnergy	0.20	32	10	10	0.6992	0.0000	0.0000	0.0165	-0.0165	77	3	3.7216	2579.14
16	Ablation_ZeroInteraction	0.20	32	10	10	0.7109	0.0000	0.0000	0.0000	0.0000	74	0	0.0000	1674.40
16	Ablation_RandomSymmetric	0.20	32	10	10	0.7109	0.0000	0.0270	0.0110	0.0160	74	4	4.2173	2716.51
16	N0_Unconstrained_Attn	0.20	32	10	10	0.5234	0.0000	0.2973	0.3846	-0.0873	122	92	17.9244	855.96
16	N1_Damped_Attn_0.25	0.20	32	10	10	0.6484	0.0000	0.1081	0.1319	-0.0238	90	32	10.2740	839.41
16	N4_Symmetric_Energy_Attn	0.20	32	10	10	0.5742	0.0000	0.2568	0.2967	-0.0399	109	73	15.6002	692.60
16	SYNC1_Spectral_Sync	0.20	32	10	10	0.8125	0.0000	0.4595	0.0440	0.4155	48	42	12.4081	100.39
16	SYNC5_Loopy_MinSum	0.20	32	10	10	0.9258	0.0000	0.8108	0.0275	0.7833	19	65	15.1193	145.82
16	Candidate_LearnedEnergy	0.20	32	11	11	0.7812	0.0000	0.0370	0.0198	0.0172	56	6	3.9247	2567.76
16	Ablation_ZeroInteraction	0.20	32	11	11	0.7891	0.0000	0.0000	0.0000	0.0000	54	0	0.0000	2579.69
16	Ablation_RandomSymmetric	0.20	32	11	11	0.7773	0.0000	0.0185	0.0198	-0.0013	57	5	4.5214	8140.94
16	N0_Unconstrained_Attn	0.20	32	11	11	0.6172	0.0000	0.5185	0.3564	0.1621	98	100	18.2267	1136.48
16	N1_Damped_Attn_0.25	0.20	32	11	11	0.6211	0.0000	0.2963	0.2921	0.0042	97	75	15.7723	1270.19
16	N4_Symmetric_Energy_Attn	0.20	32	11	11	0.6562	0.0000	0.2593	0.2376	0.0216	88	62	14.2009	758.74
16	SYNC1_Spectral_Sync	0.20	32	11	11	0.8828	0.0000	0.5370	0.0248	0.5123	30	34	11.3137	106.73
16	SYNC5_Loopy_MinSum	0.20	32	11	11	0.9336	0.0000	0.8148	0.0347	0.7802	17	51	13.4196	250.24
16	Candidate_LearnedEnergy	0.20	32	12	12	0.7891	0.0000	0.0377	0.0148	0.0230	54	5	4.6701	3247.74
16	Ablation_ZeroInteraction	0.20	32	12	12	0.7930	0.0000	0.0000	0.0000	0.0000	53	0	0.0000	3132.72
16	Ablation_RandomSymmetric	0.20	32	12	12	0.7539	0.0000	0.0000	0.0493	-0.0493	63	10	5.7615	2500.02
16	N0_Unconstrained_Attn	0.20	32	12	12	0.6172	0.0000	0.3585	0.3153	0.0432	98	83	17.2504	842.63
16	N1_Damped_Attn_0.25	0.20	32	12	12	0.6250	0.0000	0.1321	0.2463	-0.1142	96	57	13.9282	886.50
16	N4_Symmetric_Energy_Attn	0.20	32	12	12	0.6016	0.0000	0.3396	0.3300	0.0096	102	85	17.3271	726.36
16	SYNC1_Spectral_Sync	0.20	32	12	12	0.9102	0.0000	0.6226	0.0148	0.6079	23	36	11.5758	67.79
16	SYNC5_Loopy_MinSum	0.20	32	12	12	0.9648	0.0000	0.9434	0.0296	0.9138	9	56	13.4907	154.43
16	Candidate_LearnedEnergy	0.20	32	13	13	0.7930	0.0000	0.0426	0.0383	0.0043	53	10	5.0725	25015.32
16	Ablation_ZeroInteraction	0.20	32	13	13	0.8164	0.0000	0.0000	0.0000	0.0000	47	0	0.0000	4333.28
16	Ablation_RandomSymmetric	0.20	32	13	13	0.7930	0.0000	0.0426	0.0383	0.0043	53	10	5.0640	2620.98
16	N0_Unconstrained_Attn	0.20	32	13	13	0.6406	0.0000	0.3617	0.2967	0.0651	92	79	16.2051	849.70
16	N1_Damped_Attn_0.25	0.20	32	13	13	0.6523	0.0000	0.2553	0.2584	-0.0031	89	66	14.9943	755.91
16	N4_Symmetric_Energy_Attn	0.20	32	13	13	0.6406	0.0000	0.2979	0.2823	0.0156	92	73	15.6479	4905.48
16	SYNC1_Spectral_Sync	0.20	32	13	13	0.9375	0.0000	0.7234	0.0144	0.7091	16	37	12.1650	68.26
16	SYNC5_Loopy_MinSum	0.20	32	13	13	0.9805	0.0000	0.9362	0.0096	0.9266	5	46	13.4164	155.22
16	Candidate_LearnedEnergy	0.20	32	14	14	0.8047	0.0000	0.0417	0.0192	0.0224	50	6	4.5558	2225.33
16	Ablation_ZeroInteraction	0.20	32	14	14	0.8125	0.0000	0.0000	0.0000	0.0000	48	0	0.0000	1925.49
16	Ablation_RandomSymmetric	0.20	32	14	14	0.7891	0.0000	0.0417	0.0385	0.0032	54	10	5.3666	2519.31
16	N0_Unconstrained_Attn	0.20	32	14	14	0.6250	0.0000	0.3542	0.3125	0.0417	96	82	17.1013	815.38
16	N1_Damped_Attn_0.25	0.20	32	14	14	0.6523	0.0000	0.1458	0.2308	-0.0849	89	55	13.2312	771.85
16	N4_Symmetric_Energy_Attn	0.20	32	14	14	0.5820	0.0000	0.3958	0.3750	0.0208	107	97	17.9718	707.55
16	SYNC1_Spectral_Sync	0.20	32	14	14	0.9258	0.0000	0.6458	0.0096	0.6362	19	33	11.2250	72.85
16	SYNC5_Loopy_MinSum	0.20	32	14	14	0.9531	0.0000	0.8958	0.0337	0.8622	12	50	12.6491	159.17
16	Candidate_LearnedEnergy	0.20	32	15	15	0.7578	0.0000	0.0328	0.0154	0.0174	62	5	3.7900	3225.12
16	Ablation_ZeroInteraction	0.20	32	15	15	0.7617	0.0000	0.0000	0.0000	0.0000	61	0	0.0000	6046.49
16	Ablation_RandomSymmetric	0.20	32	15	15	0.7539	0.0000	0.0328	0.0205	0.0123	63	6	5.0458	2197.07
16	N0_Unconstrained_Attn	0.20	32	15	15	0.6289	0.0000	0.4590	0.3179	0.1411	95	90	17.9241	4989.82
16	N1_Damped_Attn_0.25	0.20	32	15	15	0.6211	0.0000	0.1803	0.2410	-0.0607	97	58	14.1187	793.37
16	N4_Symmetric_Energy_Attn	0.20	32	15	15	0.5586	0.0000	0.3770	0.3846	-0.0076	113	98	17.5944	665.01
16	SYNC1_Spectral_Sync	0.20	32	15	15	0.8516	0.0000	0.4426	0.0205	0.4221	38	31	10.8628	67.49
16	SYNC5_Loopy_MinSum	0.20	32	15	15	0.9102	0.0000	0.7213	0.0308	0.6905	23	50	13.5646	142.54
16	Candidate_LearnedEnergy	0.20	32	16	16	0.7812	0.0000	0.0566	0.0296	0.0270	56	9	5.6327	3824.98
16	Ablation_ZeroInteraction	0.20	32	16	16	0.7930	0.0000	0.0000	0.0000	0.0000	53	0	0.0000	2777.43
16	Ablation_RandomSymmetric	0.20	32	16	16	0.7812	0.0000	0.0377	0.0246	0.0131	56	7	5.2192	3273.09
16	N0_Unconstrained_Attn	0.20	32	16	16	0.5547	0.0000	0.3962	0.4039	-0.0077	114	103	18.8067	1196.64
16	N1_Damped_Attn_0.25	0.20	32	16	16	0.6758	0.0000	0.2642	0.2167	0.0474	83	58	13.2539	1252.17
16	N4_Symmetric_Energy_Attn	0.20	32	16	16	0.6719	0.0000	0.3585	0.2463	0.1122	84	69	14.9976	717.72
16	SYNC1_Spectral_Sync	0.20	32	16	16	0.8789	0.0000	0.5094	0.0246	0.4848	31	32	10.9545	108.15
16	SYNC5_Loopy_MinSum	0.20	32	16	16	0.9609	0.0000	0.9245	0.0296	0.8950	10	55	13.7124	260.77
16	Candidate_LearnedEnergy	0.20	32	17	17	0.8438	0.0000	0.0769	0.0184	0.0585	40	7	5.1755	3282.91
16	Ablation_ZeroInteraction	0.20	32	17	17	0.8477	0.0000	0.0000	0.0000	0.0000	39	0	0.0000	2624.95
16	Ablation_RandomSymmetric	0.20	32	17	17	0.8203	0.0000	0.0513	0.0415	0.0098	46	11	6.0966	3286.87
16	N0_Unconstrained_Attn	0.20	32	17	17	0.6055	0.0000	0.4359	0.3641	0.0718	101	96	18.4214	1131.15
16	N1_Damped_Attn_0.25	0.20	32	17	17	0.7109	0.0000	0.2308	0.2028	0.0280	74	53	13.6180	1045.82
16	N4_Symmetric_Energy_Attn	0.20	32	17	17	0.6836	0.0000	0.2821	0.2442	0.0378	81	64	15.1348	709.48
16	SYNC1_Spectral_Sync	0.20	32	17	17	0.9258	0.0000	0.5385	0.0046	0.5339	19	22	9.3808	176.56
16	SYNC5_Loopy_MinSum	0.20	32	17	17	0.9922	0.0000	0.9487	0.0000	0.9487	2	37	12.1655	262.34
16	Candidate_LearnedEnergy	0.20	32	18	18	0.7852	0.0000	0.0408	0.0386	0.0022	55	10	4.6953	3241.84
16	Ablation_ZeroInteraction	0.20	32	18	18	0.8086	0.0000	0.0000	0.0000	0.0000	49	0	0.0000	2625.39
16	Ablation_RandomSymmetric	0.20	32	18	18	0.7969	0.0000	0.1020	0.0386	0.0634	52	13	5.7801	3131.68
16	N0_Unconstrained_Attn	0.20	32	18	18	0.5547	0.0000	0.4082	0.4106	-0.0025	114	105	19.3554	1118.78
16	N1_Damped_Attn_0.25	0.20	32	18	18	0.6445	0.0000	0.2653	0.2657	-0.0004	91	68	15.3579	1137.63
16	N4_Symmetric_Energy_Attn	0.20	32	18	18	0.6172	0.0000	0.2653	0.2995	-0.0342	98	75	16.1005	780.92
16	SYNC1_Spectral_Sync	0.20	32	18	18	0.9180	0.0000	0.6327	0.0145	0.6182	21	34	11.4891	102.89
16	SYNC5_Loopy_MinSum	0.20	32	18	18	0.9258	0.0000	0.7347	0.0290	0.7057	19	42	13.1149	250.63
16	Candidate_LearnedEnergy	0.20	32	19	19	0.7578	0.0000	0.0167	0.0153	0.0014	62	4	4.0810	3494.94
16	Ablation_ZeroInteraction	0.20	32	19	19	0.7656	0.0000	0.0000	0.0000	0.0000	60	0	0.0000	14164.52
16	Ablation_RandomSymmetric	0.20	32	19	19	0.7188	0.0000	0.0167	0.0663	-0.0497	72	14	6.6162	3190.67
16	N0_Unconstrained_Attn	0.20	32	19	19	0.5820	0.0000	0.4333	0.3724	0.0609	107	99	17.8294	1101.09
16	N1_Damped_Attn_0.25	0.20	32	19	19	0.6562	0.0000	0.3333	0.2449	0.0884	88	68	14.7976	1057.04
16	N4_Symmetric_Energy_Attn	0.20	32	19	19	0.5898	0.0000	0.3000	0.3214	-0.0214	105	81	14.9841	777.00
16	SYNC1_Spectral_Sync	0.20	32	19	19	0.8438	0.0000	0.4500	0.0357	0.4143	40	34	11.1344	104.12
16	SYNC5_Loopy_MinSum	0.20	32	19	19	0.8867	0.0000	0.7667	0.0765	0.6901	29	61	14.6322	253.45
