suite	n	p	noise	model	seed	exact_acc	mean_ber	wall_time_us
Suite_A_Random	128	32	0.10	B0_Hebbian	2001	0.031250	0.225830	1314.69
Suite_A_Random	128	32	0.10	B1_Pseudoinverse	2001	1.000000	0.000000	839.75
Suite_A_Random	128	32	0.10	B2_1NN_Oracle	2001	1.000000	0.000000	2.12
Suite_A_Random	128	32	0.10	B3_PolynomialDAM	2001	1.000000	0.000000	1072.50
Suite_A_Random	128	32	0.10	B4_ModernHopfield	2001	1.000000	0.000000	23.69
Suite_A_Random	128	32	0.10	Candidate_ModelC	2001	1.000000	0.000000	2405.97
Suite_A_Random	128	32	0.10	B0_Hebbian	2002	0.000000	0.182861	1591.75
Suite_A_Random	128	32	0.10	B1_Pseudoinverse	2002	0.968750	0.004150	448.12
Suite_A_Random	128	32	0.10	B2_1NN_Oracle	2002	1.000000	0.000000	1.66
Suite_A_Random	128	32	0.10	B3_PolynomialDAM	2002	1.000000	0.000000	1599.03
Suite_A_Random	128	32	0.10	B4_ModernHopfield	2002	1.000000	0.000000	13.00
Suite_A_Random	128	32	0.10	Candidate_ModelC	2002	1.000000	0.000000	1669.09
Suite_A_Random	128	32	0.10	B0_Hebbian	2003	0.031250	0.282715	620.47
Suite_A_Random	128	32	0.10	B1_Pseudoinverse	2003	1.000000	0.000000	540.16
Suite_A_Random	128	32	0.10	B2_1NN_Oracle	2003	1.000000	0.000000	1.66
Suite_A_Random	128	32	0.10	B3_PolynomialDAM	2003	1.000000	0.000000	874.44
Suite_A_Random	128	32	0.10	B4_ModernHopfield	2003	1.000000	0.000000	31.62
Suite_A_Random	128	32	0.10	Candidate_ModelC	2003	1.000000	0.000000	2257.50
Suite_A_Random	128	32	0.10	B0_Hebbian	2004	0.062500	0.128906	801.31
Suite_A_Random	128	32	0.10	B1_Pseudoinverse	2004	1.000000	0.000000	96.47
Suite_A_Random	128	32	0.10	B2_1NN_Oracle	2004	1.000000	0.000000	1.62
Suite_A_Random	128	32	0.10	B3_PolynomialDAM	2004	1.000000	0.000000	1213.06
Suite_A_Random	128	32	0.10	B4_ModernHopfield	2004	1.000000	0.000000	26.19
Suite_A_Random	128	32	0.10	Candidate_ModelC	2004	1.000000	0.000000	5826.94
Suite_A_Random	128	32	0.10	B0_Hebbian	2005	0.062500	0.130859	640.44
Suite_A_Random	128	32	0.10	B1_Pseudoinverse	2005	1.000000	0.000000	365.34
Suite_A_Random	128	32	0.10	B2_1NN_Oracle	2005	1.000000	0.000000	3.44
Suite_A_Random	128	32	0.10	B3_PolynomialDAM	2005	1.000000	0.000000	905.56
Suite_A_Random	128	32	0.10	B4_ModernHopfield	2005	1.000000	0.000000	23.81
Suite_A_Random	128	32	0.10	Candidate_ModelC	2005	1.000000	0.000000	3467.56
Suite_A_Random	128	32	0.10	B0_Hebbian	2006	0.000000	0.247314	1727.19
Suite_A_Random	128	32	0.10	B1_Pseudoinverse	2006	1.000000	0.000000	645.66
Suite_A_Random	128	32	0.10	B2_1NN_Oracle	2006	1.000000	0.000000	2.12
Suite_A_Random	128	32	0.10	B3_PolynomialDAM	2006	1.000000	0.000000	1185.16
Suite_A_Random	128	32	0.10	B4_ModernHopfield	2006	1.000000	0.000000	23.84
Suite_A_Random	128	32	0.10	Candidate_ModelC	2006	1.000000	0.000000	3223.09
Suite_A_Random	128	32	0.10	B0_Hebbian	2007	0.000000	0.209229	1430.69
Suite_A_Random	128	32	0.10	B1_Pseudoinverse	2007	1.000000	0.000000	615.97
Suite_A_Random	128	32	0.10	B2_1NN_Oracle	2007	1.000000	0.000000	1.62
Suite_A_Random	128	32	0.10	B3_PolynomialDAM	2007	1.000000	0.000000	887.78
Suite_A_Random	128	32	0.10	B4_ModernHopfield	2007	1.000000	0.000000	12.62
Suite_A_Random	128	32	0.10	Candidate_ModelC	2007	1.000000	0.000000	1836.78
Suite_A_Random	128	32	0.10	B0_Hebbian	2008	0.031250	0.254639	896.41
Suite_A_Random	128	32	0.10	B1_Pseudoinverse	2008	1.000000	0.000000	97.06
Suite_A_Random	128	32	0.10	B2_1NN_Oracle	2008	1.000000	0.000000	318.69
Suite_A_Random	128	32	0.10	B3_PolynomialDAM	2008	1.000000	0.000000	665.78
Suite_A_Random	128	32	0.10	B4_ModernHopfield	2008	1.000000	0.000000	178.59
Suite_A_Random	128	32	0.10	Candidate_ModelC	2008	1.000000	0.000000	3056.06
Suite_A_Random	128	32	0.10	B0_Hebbian	2009	0.031250	0.205566	822.75
Suite_A_Random	128	32	0.10	B1_Pseudoinverse	2009	1.000000	0.000000	691.47
Suite_A_Random	128	32	0.10	B2_1NN_Oracle	2009	1.000000	0.000000	2.28
Suite_A_Random	128	32	0.10	B3_PolynomialDAM	2009	1.000000	0.000000	1489.38
Suite_A_Random	128	32	0.10	B4_ModernHopfield	2009	1.000000	0.000000	22.00
Suite_A_Random	128	32	0.10	Candidate_ModelC	2009	1.000000	0.000000	4987.19
Suite_A_Random	128	32	0.10	B0_Hebbian	2010	0.000000	0.259766	816.91
Suite_A_Random	128	32	0.10	B1_Pseudoinverse	2010	1.000000	0.000000	611.03
Suite_A_Random	128	32	0.10	B2_1NN_Oracle	2010	1.000000	0.000000	9.38
Suite_A_Random	128	32	0.10	B3_PolynomialDAM	2010	1.000000	0.000000	1043.78
Suite_A_Random	128	32	0.10	B4_ModernHopfield	2010	1.000000	0.000000	12.88
Suite_A_Random	128	32	0.10	Candidate_ModelC	2010	1.000000	0.000000	3450.12
Suite_A_Random	128	32	0.10	B0_Hebbian	2011	0.031250	0.154785	2214.00
Suite_A_Random	128	32	0.10	B1_Pseudoinverse	2011	1.000000	0.000000	846.34
Suite_A_Random	128	32	0.10	B2_1NN_Oracle	2011	1.000000	0.000000	2.38
Suite_A_Random	128	32	0.10	B3_PolynomialDAM	2011	1.000000	0.000000	939.25
Suite_A_Random	128	32	0.10	B4_ModernHopfield	2011	1.000000	0.000000	149.84
Suite_A_Random	128	32	0.10	Candidate_ModelC	2011	1.000000	0.000000	5817.12
Suite_A_Random	128	32	0.10	B0_Hebbian	2012	0.000000	0.271729	1373.75
Suite_A_Random	128	32	0.10	B1_Pseudoinverse	2012	1.000000	0.000000	246.28
Suite_A_Random	128	32	0.10	B2_1NN_Oracle	2012	1.000000	0.000000	1.59
Suite_A_Random	128	32	0.10	B3_PolynomialDAM	2012	1.000000	0.000000	534.75
Suite_A_Random	128	32	0.10	B4_ModernHopfield	2012	1.000000	0.000000	14.03
Suite_A_Random	128	32	0.10	Candidate_ModelC	2012	1.000000	0.000000	1452.75
Suite_A_Random	128	32	0.10	B0_Hebbian	2013	0.000000	0.272217	747.28
Suite_A_Random	128	32	0.10	B1_Pseudoinverse	2013	1.000000	0.000000	87.72
Suite_A_Random	128	32	0.10	B2_1NN_Oracle	2013	1.000000	0.000000	1.66
Suite_A_Random	128	32	0.10	B3_PolynomialDAM	2013	1.000000	0.000000	610.28
Suite_A_Random	128	32	0.10	B4_ModernHopfield	2013	1.000000	0.000000	15.75
Suite_A_Random	128	32	0.10	Candidate_ModelC	2013	1.000000	0.000000	2688.00
Suite_A_Random	128	32	0.10	B0_Hebbian	2014	0.031250	0.200439	746.47
Suite_A_Random	128	32	0.10	B1_Pseudoinverse	2014	0.968750	0.005127	511.06
Suite_A_Random	128	32	0.10	B2_1NN_Oracle	2014	1.000000	0.000000	1.56
Suite_A_Random	128	32	0.10	B3_PolynomialDAM	2014	1.000000	0.000000	1530.09
Suite_A_Random	128	32	0.10	B4_ModernHopfield	2014	1.000000	0.000000	22.97
Suite_A_Random	128	32	0.10	Candidate_ModelC	2014	1.000000	0.000000	2789.56
Suite_A_Random	128	32	0.10	B0_Hebbian	2015	0.031250	0.216309	482.50
Suite_A_Random	128	32	0.10	B1_Pseudoinverse	2015	1.000000	0.000000	263.16
Suite_A_Random	128	32	0.10	B2_1NN_Oracle	2015	1.000000	0.000000	2.66
Suite_A_Random	128	32	0.10	B3_PolynomialDAM	2015	1.000000	0.000000	978.22
Suite_A_Random	128	32	0.10	B4_ModernHopfield	2015	1.000000	0.000000	18.75
Suite_A_Random	128	32	0.10	Candidate_ModelC	2015	1.000000	0.000000	2213.22
Suite_A_Random	128	32	0.10	B0_Hebbian	2016	0.031250	0.199463	2048.91
Suite_A_Random	128	32	0.10	B1_Pseudoinverse	2016	1.000000	0.000000	658.31
Suite_A_Random	128	32	0.10	B2_1NN_Oracle	2016	1.000000	0.000000	1.81
Suite_A_Random	128	32	0.10	B3_PolynomialDAM	2016	1.000000	0.000000	1344.66
Suite_A_Random	128	32	0.10	B4_ModernHopfield	2016	1.000000	0.000000	305.53
Suite_A_Random	128	32	0.10	Candidate_ModelC	2016	1.000000	0.000000	4145.12
Suite_A_Random	128	32	0.10	B0_Hebbian	2017	0.000000	0.215332	903.34
Suite_A_Random	128	32	0.10	B1_Pseudoinverse	2017	1.000000	0.000000	646.22
Suite_A_Random	128	32	0.10	B2_1NN_Oracle	2017	1.000000	0.000000	1.66
Suite_A_Random	128	32	0.10	B3_PolynomialDAM	2017	1.000000	0.000000	806.12
Suite_A_Random	128	32	0.10	B4_ModernHopfield	2017	1.000000	0.000000	23.09
Suite_A_Random	128	32	0.10	Candidate_ModelC	2017	1.000000	0.000000	3970.69
Suite_A_Random	128	32	0.10	B0_Hebbian	2018	0.031250	0.245850	1218.62
Suite_A_Random	128	32	0.10	B1_Pseudoinverse	2018	1.000000	0.000000	410.88
Suite_A_Random	128	32	0.10	B2_1NN_Oracle	2018	1.000000	0.000000	2.09
Suite_A_Random	128	32	0.10	B3_PolynomialDAM	2018	1.000000	0.000000	1109.41
Suite_A_Random	128	32	0.10	B4_ModernHopfield	2018	1.000000	0.000000	31.44
Suite_A_Random	128	32	0.10	Candidate_ModelC	2018	1.000000	0.000000	5536.47
Suite_A_Random	128	32	0.10	B0_Hebbian	2019	0.031250	0.207520	957.78
Suite_A_Random	128	32	0.10	B1_Pseudoinverse	2019	1.000000	0.000000	394.16
Suite_A_Random	128	32	0.10	B2_1NN_Oracle	2019	1.000000	0.000000	2.00
Suite_A_Random	128	32	0.10	B3_PolynomialDAM	2019	1.000000	0.000000	903.69
Suite_A_Random	128	32	0.10	B4_ModernHopfield	2019	1.000000	0.000000	14.12
Suite_A_Random	128	32	0.10	Candidate_ModelC	2019	1.000000	0.000000	3762.84
Suite_A_Random	128	32	0.10	B0_Hebbian	2020	0.062500	0.182373	1317.53
Suite_A_Random	128	32	0.10	B1_Pseudoinverse	2020	1.000000	0.000000	538.28
Suite_A_Random	128	32	0.10	B2_1NN_Oracle	2020	1.000000	0.000000	2.31
Suite_A_Random	128	32	0.10	B3_PolynomialDAM	2020	1.000000	0.000000	1910.12
Suite_A_Random	128	32	0.10	B4_ModernHopfield	2020	1.000000	0.000000	23.66
Suite_A_Random	128	32	0.10	Candidate_ModelC	2020	1.000000	0.000000	2424.69
Suite_A_Random	128	32	0.20	B0_Hebbian	2001	0.000000	0.309326	1215.69
Suite_A_Random	128	32	0.20	B1_Pseudoinverse	2001	0.781250	0.043701	922.00
Suite_A_Random	128	32	0.20	B2_1NN_Oracle	2001	1.000000	0.000000	2.53
Suite_A_Random	128	32	0.20	B3_PolynomialDAM	2001	1.000000	0.000000	1509.75
Suite_A_Random	128	32	0.20	B4_ModernHopfield	2001	1.000000	0.000000	23.16
Suite_A_Random	128	32	0.20	Candidate_ModelC	2001	1.000000	0.000000	4965.72
Suite_A_Random	128	32	0.20	B0_Hebbian	2002	0.000000	0.218506	1336.19
Suite_A_Random	128	32	0.20	B1_Pseudoinverse	2002	0.781250	0.055420	403.47
Suite_A_Random	128	32	0.20	B2_1NN_Oracle	2002	1.000000	0.000000	1.88
Suite_A_Random	128	32	0.20	B3_PolynomialDAM	2002	1.000000	0.000000	846.53
Suite_A_Random	128	32	0.20	B4_ModernHopfield	2002	1.000000	0.000000	14.19
Suite_A_Random	128	32	0.20	Candidate_ModelC	2002	1.000000	0.000000	4176.84
Suite_A_Random	128	32	0.20	B0_Hebbian	2003	0.000000	0.277588	756.78
Suite_A_Random	128	32	0.20	B1_Pseudoinverse	2003	0.937500	0.013184	729.62
Suite_A_Random	128	32	0.20	B2_1NN_Oracle	2003	1.000000	0.000000	2.56
Suite_A_Random	128	32	0.20	B3_PolynomialDAM	2003	1.000000	0.000000	981.97
Suite_A_Random	128	32	0.20	B4_ModernHopfield	2003	1.000000	0.000000	27.44
Suite_A_Random	128	32	0.20	Candidate_ModelC	2003	1.000000	0.000000	3681.88
Suite_A_Random	128	32	0.20	B0_Hebbian	2004	0.000000	0.222412	771.62
Suite_A_Random	128	32	0.20	B1_Pseudoinverse	2004	0.906250	0.024902	273.69
Suite_A_Random	128	32	0.20	B2_1NN_Oracle	2004	1.000000	0.000000	1.91
Suite_A_Random	128	32	0.20	B3_PolynomialDAM	2004	1.000000	0.000000	498.91
Suite_A_Random	128	32	0.20	B4_ModernHopfield	2004	1.000000	0.000000	15.75
Suite_A_Random	128	32	0.20	Candidate_ModelC	2004	1.000000	0.000000	2390.78
Suite_A_Random	128	32	0.20	B0_Hebbian	2005	0.031250	0.211182	1256.50
Suite_A_Random	128	32	0.20	B1_Pseudoinverse	2005	0.750000	0.045166	908.53
Suite_A_Random	128	32	0.20	B2_1NN_Oracle	2005	1.000000	0.000000	2.62
Suite_A_Random	128	32	0.20	B3_PolynomialDAM	2005	1.000000	0.000000	1260.38
Suite_A_Random	128	32	0.20	B4_ModernHopfield	2005	1.000000	0.000000	13.03
Suite_A_Random	128	32	0.20	Candidate_ModelC	2005	1.000000	0.000000	2120.69
Suite_A_Random	128	32	0.20	B0_Hebbian	2006	0.000000	0.289062	1172.25
Suite_A_Random	128	32	0.20	B1_Pseudoinverse	2006	0.875000	0.027588	943.09
Suite_A_Random	128	32	0.20	B2_1NN_Oracle	2006	1.000000	0.000000	2.50
Suite_A_Random	128	32	0.20	B3_PolynomialDAM	2006	1.000000	0.000000	920.19
Suite_A_Random	128	32	0.20	B4_ModernHopfield	2006	1.000000	0.000000	213.44
Suite_A_Random	128	32	0.20	Candidate_ModelC	2006	1.000000	0.000000	2783.62
Suite_A_Random	128	32	0.20	B0_Hebbian	2007	0.000000	0.281738	1374.59
Suite_A_Random	128	32	0.20	B1_Pseudoinverse	2007	0.843750	0.024170	523.00
Suite_A_Random	128	32	0.20	B2_1NN_Oracle	2007	1.000000	0.000000	1.88
Suite_A_Random	128	32	0.20	B3_PolynomialDAM	2007	1.000000	0.000000	1348.84
Suite_A_Random	128	32	0.20	B4_ModernHopfield	2007	1.000000	0.000000	13.84
Suite_A_Random	128	32	0.20	Candidate_ModelC	2007	1.000000	0.000000	3227.00
Suite_A_Random	128	32	0.20	B0_Hebbian	2008	0.000000	0.280518	1232.81
Suite_A_Random	128	32	0.20	B1_Pseudoinverse	2008	0.843750	0.041992	702.69
Suite_A_Random	128	32	0.20	B2_1NN_Oracle	2008	1.000000	0.000000	1.94
Suite_A_Random	128	32	0.20	B3_PolynomialDAM	2008	1.000000	0.000000	1200.28
Suite_A_Random	128	32	0.20	B4_ModernHopfield	2008	1.000000	0.000000	23.31
Suite_A_Random	128	32	0.20	Candidate_ModelC	2008	1.000000	0.000000	4726.47
Suite_A_Random	128	32	0.20	B0_Hebbian	2009	0.000000	0.259277	935.44
Suite_A_Random	128	32	0.20	B1_Pseudoinverse	2009	0.906250	0.015381	197.19
Suite_A_Random	128	32	0.20	B2_1NN_Oracle	2009	1.000000	0.000000	3.72
Suite_A_Random	128	32	0.20	B3_PolynomialDAM	2009	1.000000	0.000000	618.16
Suite_A_Random	128	32	0.20	B4_ModernHopfield	2009	1.000000	0.000000	17.22
Suite_A_Random	128	32	0.20	Candidate_ModelC	2009	1.000000	0.000000	1154.38
Suite_A_Random	128	32	0.20	B0_Hebbian	2010	0.000000	0.301025	743.00
Suite_A_Random	128	32	0.20	B1_Pseudoinverse	2010	0.781250	0.051270	809.97
Suite_A_Random	128	32	0.20	B2_1NN_Oracle	2010	1.000000	0.000000	2.50
Suite_A_Random	128	32	0.20	B3_PolynomialDAM	2010	1.000000	0.000000	1261.50
Suite_A_Random	128	32	0.20	B4_ModernHopfield	2010	1.000000	0.000000	21.12
Suite_A_Random	128	32	0.20	Candidate_ModelC	2010	1.000000	0.000000	3313.50
Suite_A_Random	128	32	0.20	B0_Hebbian	2011	0.000000	0.242432	426.62
Suite_A_Random	128	32	0.20	B1_Pseudoinverse	2011	0.750000	0.051270	179.03
Suite_A_Random	128	32	0.20	B2_1NN_Oracle	2011	1.000000	0.000000	1.81
Suite_A_Random	128	32	0.20	B3_PolynomialDAM	2011	1.000000	0.000000	295.72
Suite_A_Random	128	32	0.20	B4_ModernHopfield	2011	1.000000	0.000000	14.72
Suite_A_Random	128	32	0.20	Candidate_ModelC	2011	1.000000	0.000000	922.31
Suite_A_Random	128	32	0.20	B0_Hebbian	2012	0.000000	0.312256	826.56
Suite_A_Random	128	32	0.20	B1_Pseudoinverse	2012	0.843750	0.036377	315.03
Suite_A_Random	128	32	0.20	B2_1NN_Oracle	2012	1.000000	0.000000	2.47
Suite_A_Random	128	32	0.20	B3_PolynomialDAM	2012	1.000000	0.000000	468.91
Suite_A_Random	128	32	0.20	B4_ModernHopfield	2012	1.000000	0.000000	21.19
Suite_A_Random	128	32	0.20	Candidate_ModelC	2012	1.000000	0.000000	1300.25
Suite_A_Random	128	32	0.20	B0_Hebbian	2013	0.000000	0.293701	261.72
Suite_A_Random	128	32	0.20	B1_Pseudoinverse	2013	0.937500	0.011963	195.59
Suite_A_Random	128	32	0.20	B2_1NN_Oracle	2013	1.000000	0.000000	1.81
Suite_A_Random	128	32	0.20	B3_PolynomialDAM	2013	1.000000	0.000000	449.47
Suite_A_Random	128	32	0.20	B4_ModernHopfield	2013	1.000000	0.000000	25.53
Suite_A_Random	128	32	0.20	Candidate_ModelC	2013	1.000000	0.000000	2177.50
Suite_A_Random	128	32	0.20	B0_Hebbian	2014	0.000000	0.245117	383.56
Suite_A_Random	128	32	0.20	B1_Pseudoinverse	2014	0.843750	0.037354	434.03
Suite_A_Random	128	32	0.20	B2_1NN_Oracle	2014	1.000000	0.000000	1.78
Suite_A_Random	128	32	0.20	B3_PolynomialDAM	2014	1.000000	0.000000	572.34
Suite_A_Random	128	32	0.20	B4_ModernHopfield	2014	1.000000	0.000000	12.94
Suite_A_Random	128	32	0.20	Candidate_ModelC	2014	1.000000	0.000000	1358.28
Suite_A_Random	128	32	0.20	B0_Hebbian	2015	0.000000	0.285889	572.16
Suite_A_Random	128	32	0.20	B1_Pseudoinverse	2015	0.937500	0.009521	651.19
Suite_A_Random	128	32	0.20	B2_1NN_Oracle	2015	1.000000	0.000000	2.53
Suite_A_Random	128	32	0.20	B3_PolynomialDAM	2015	1.000000	0.000000	606.25
Suite_A_Random	128	32	0.20	B4_ModernHopfield	2015	1.000000	0.000000	24.06
Suite_A_Random	128	32	0.20	Candidate_ModelC	2015	1.000000	0.000000	1726.09
Suite_A_Random	128	32	0.20	B0_Hebbian	2016	0.000000	0.247803	1494.06
Suite_A_Random	128	32	0.20	B1_Pseudoinverse	2016	0.937500	0.014404	740.59
Suite_A_Random	128	32	0.20	B2_1NN_Oracle	2016	1.000000	0.000000	2.56
Suite_A_Random	128	32	0.20	B3_PolynomialDAM	2016	1.000000	0.000000	1336.62
Suite_A_Random	128	32	0.20	B4_ModernHopfield	2016	1.000000	0.000000	23.44
Suite_A_Random	128	32	0.20	Candidate_ModelC	2016	1.000000	0.000000	5284.38
Suite_A_Random	128	32	0.20	B0_Hebbian	2017	0.000000	0.283203	718.16
Suite_A_Random	128	32	0.20	B1_Pseudoinverse	2017	0.875000	0.030029	411.88
Suite_A_Random	128	32	0.20	B2_1NN_Oracle	2017	1.000000	0.000000	2.41
Suite_A_Random	128	32	0.20	B3_PolynomialDAM	2017	1.000000	0.000000	952.81
Suite_A_Random	128	32	0.20	B4_ModernHopfield	2017	1.000000	0.000000	23.50
Suite_A_Random	128	32	0.20	Candidate_ModelC	2017	1.000000	0.000000	4678.00
Suite_A_Random	128	32	0.20	B0_Hebbian	2018	0.000000	0.275635	561.62
Suite_A_Random	128	32	0.20	B1_Pseudoinverse	2018	0.843750	0.032959	518.06
Suite_A_Random	128	32	0.20	B2_1NN_Oracle	2018	1.000000	0.000000	2.47
Suite_A_Random	128	32	0.20	B3_PolynomialDAM	2018	1.000000	0.000000	1213.56
Suite_A_Random	128	32	0.20	B4_ModernHopfield	2018	1.000000	0.000000	275.16
Suite_A_Random	128	32	0.20	Candidate_ModelC	2018	1.000000	0.000000	2023.12
Suite_A_Random	128	32	0.20	B0_Hebbian	2019	0.000000	0.293213	1374.25
Suite_A_Random	128	32	0.20	B1_Pseudoinverse	2019	0.875000	0.023438	531.88
Suite_A_Random	128	32	0.20	B2_1NN_Oracle	2019	1.000000	0.000000	2.50
Suite_A_Random	128	32	0.20	B3_PolynomialDAM	2019	1.000000	0.000000	721.19
Suite_A_Random	128	32	0.20	B4_ModernHopfield	2019	1.000000	0.000000	13.12
Suite_A_Random	128	32	0.20	Candidate_ModelC	2019	1.000000	0.000000	2396.06
Suite_A_Random	128	32	0.20	B0_Hebbian	2020	0.031250	0.243652	1083.62
Suite_A_Random	128	32	0.20	B1_Pseudoinverse	2020	0.812500	0.035156	484.75
Suite_A_Random	128	32	0.20	B2_1NN_Oracle	2020	1.000000	0.000000	2.34
Suite_A_Random	128	32	0.20	B3_PolynomialDAM	2020	1.000000	0.000000	767.97
Suite_A_Random	128	32	0.20	B4_ModernHopfield	2020	1.000000	0.000000	21.06
Suite_A_Random	128	32	0.20	Candidate_ModelC	2020	1.000000	0.000000	4109.91
Suite_A_Random	128	32	0.30	B0_Hebbian	2001	0.000000	0.360107	1562.16
Suite_A_Random	128	32	0.30	B1_Pseudoinverse	2001	0.250000	0.208496	1150.44
Suite_A_Random	128	32	0.30	B2_1NN_Oracle	2001	1.000000	0.000000	2.81
Suite_A_Random	128	32	0.30	B3_PolynomialDAM	2001	1.000000	0.000000	1749.56
Suite_A_Random	128	32	0.30	B4_ModernHopfield	2001	0.937500	0.032959	24.25
Suite_A_Random	128	32	0.30	Candidate_ModelC	2001	0.968750	0.013184	5377.78
Suite_A_Random	128	32	0.30	B0_Hebbian	2002	0.000000	0.322998	1322.66
Suite_A_Random	128	32	0.30	B1_Pseudoinverse	2002	0.281250	0.224854	666.22
Suite_A_Random	128	32	0.30	B2_1NN_Oracle	2002	0.968750	0.013672	3.22
Suite_A_Random	128	32	0.30	B3_PolynomialDAM	2002	1.000000	0.000000	835.16
Suite_A_Random	128	32	0.30	B4_ModernHopfield	2002	1.000000	0.000000	19.56
Suite_A_Random	128	32	0.30	Candidate_ModelC	2002	0.937500	0.030029	3642.62
Suite_A_Random	128	32	0.30	B0_Hebbian	2003	0.000000	0.381836	454.91
Suite_A_Random	128	32	0.30	B1_Pseudoinverse	2003	0.343750	0.183838	565.03
Suite_A_Random	128	32	0.30	B2_1NN_Oracle	2003	1.000000	0.000000	2.09
Suite_A_Random	128	32	0.30	B3_PolynomialDAM	2003	0.906250	0.044922	906.44
Suite_A_Random	128	32	0.30	B4_ModernHopfield	2003	0.937500	0.029785	13.34
Suite_A_Random	128	32	0.30	Candidate_ModelC	2003	0.968750	0.014648	4293.28
Suite_A_Random	128	32	0.30	B0_Hebbian	2004	0.000000	0.269287	543.97
Suite_A_Random	128	32	0.30	B1_Pseudoinverse	2004	0.250000	0.218994	870.53
Suite_A_Random	128	32	0.30	B2_1NN_Oracle	2004	1.000000	0.000000	2.78
Suite_A_Random	128	32	0.30	B3_PolynomialDAM	2004	1.000000	0.000000	1330.94
Suite_A_Random	128	32	0.30	B4_ModernHopfield	2004	0.968750	0.012695	275.66
Suite_A_Random	128	32	0.30	Candidate_ModelC	2004	1.000000	0.000000	3585.91
Suite_A_Random	128	32	0.30	B0_Hebbian	2005	0.000000	0.270996	1127.53
Suite_A_Random	128	32	0.30	B1_Pseudoinverse	2005	0.125000	0.265869	941.81
Suite_A_Random	128	32	0.30	B2_1NN_Oracle	2005	1.000000	0.000000	2.12
Suite_A_Random	128	32	0.30	B3_PolynomialDAM	2005	0.968750	0.016113	403.69
Suite_A_Random	128	32	0.30	B4_ModernHopfield	2005	0.937500	0.028809	12.94
Suite_A_Random	128	32	0.30	Candidate_ModelC	2005	0.968750	0.013428	2088.53
Suite_A_Random	128	32	0.30	B0_Hebbian	2006	0.000000	0.348145	1091.53
Suite_A_Random	128	32	0.30	B1_Pseudoinverse	2006	0.343750	0.199219	859.62
Suite_A_Random	128	32	0.30	B2_1NN_Oracle	2006	0.968750	0.011475	3.03
Suite_A_Random	128	32	0.30	B3_PolynomialDAM	2006	0.968750	0.015869	864.94
Suite_A_Random	128	32	0.30	B4_ModernHopfield	2006	1.000000	0.000000	43.78
Suite_A_Random	128	32	0.30	Candidate_ModelC	2006	1.000000	0.000000	3295.84
Suite_A_Random	128	32	0.30	B0_Hebbian	2007	0.000000	0.364746	975.59
Suite_A_Random	128	32	0.30	B1_Pseudoinverse	2007	0.343750	0.181152	1257.97
Suite_A_Random	128	32	0.30	B2_1NN_Oracle	2007	0.968750	0.016846	2.94
Suite_A_Random	128	32	0.30	B3_PolynomialDAM	2007	0.968750	0.014404	807.75
Suite_A_Random	128	32	0.30	B4_ModernHopfield	2007	1.000000	0.000000	391.22
Suite_A_Random	128	32	0.30	Candidate_ModelC	2007	1.000000	0.000000	4412.91
Suite_A_Random	128	32	0.30	B0_Hebbian	2008	0.000000	0.349609	912.22
Suite_A_Random	128	32	0.30	B1_Pseudoinverse	2008	0.281250	0.210938	1655.28
Suite_A_Random	128	32	0.30	B2_1NN_Oracle	2008	1.000000	0.000000	2.84
Suite_A_Random	128	32	0.30	B3_PolynomialDAM	2008	0.968750	0.012695	538.31
Suite_A_Random	128	32	0.30	B4_ModernHopfield	2008	1.000000	0.000000	29.19
Suite_A_Random	128	32	0.30	Candidate_ModelC	2008	1.000000	0.000000	1662.72
Suite_A_Random	128	32	0.30	B0_Hebbian	2009	0.000000	0.329346	1233.12
Suite_A_Random	128	32	0.30	B1_Pseudoinverse	2009	0.281250	0.205322	415.44
Suite_A_Random	128	32	0.30	B2_1NN_Oracle	2009	1.000000	0.000000	2.16
Suite_A_Random	128	32	0.30	B3_PolynomialDAM	2009	0.968750	0.012939	370.75
Suite_A_Random	128	32	0.30	B4_ModernHopfield	2009	0.968750	0.015381	37.72
Suite_A_Random	128	32	0.30	Candidate_ModelC	2009	0.968750	0.015869	1574.34
Suite_A_Random	128	32	0.30	B0_Hebbian	2010	0.000000	0.341309	894.72
Suite_A_Random	128	32	0.30	B1_Pseudoinverse	2010	0.312500	0.197754	578.72
Suite_A_Random	128	32	0.30	B2_1NN_Oracle	2010	1.000000	0.000000	2.47
Suite_A_Random	128	32	0.30	B3_PolynomialDAM	2010	0.937500	0.028564	424.59
Suite_A_Random	128	32	0.30	B4_ModernHopfield	2010	1.000000	0.000000	15.12
Suite_A_Random	128	32	0.30	Candidate_ModelC	2010	1.000000	0.000000	1878.78
Suite_A_Random	128	32	0.30	B0_Hebbian	2011	0.000000	0.301514	415.88
Suite_A_Random	128	32	0.30	B1_Pseudoinverse	2011	0.250000	0.226562	266.94
Suite_A_Random	128	32	0.30	B2_1NN_Oracle	2011	1.000000	0.000000	2.09
Suite_A_Random	128	32	0.30	B3_PolynomialDAM	2011	0.906250	0.041016	913.91
Suite_A_Random	128	32	0.30	B4_ModernHopfield	2011	0.968750	0.014648	12.91
Suite_A_Random	128	32	0.30	Candidate_ModelC	2011	0.968750	0.015869	1326.50
Suite_A_Random	128	32	0.30	B0_Hebbian	2012	0.000000	0.357666	495.12
Suite_A_Random	128	32	0.30	B1_Pseudoinverse	2012	0.250000	0.220215	660.34
Suite_A_Random	128	32	0.30	B2_1NN_Oracle	2012	1.000000	0.000000	2.84
Suite_A_Random	128	32	0.30	B3_PolynomialDAM	2012	1.000000	0.000000	410.38
Suite_A_Random	128	32	0.30	B4_ModernHopfield	2012	0.968750	0.015137	23.03
Suite_A_Random	128	32	0.30	Candidate_ModelC	2012	1.000000	0.000000	2206.84
Suite_A_Random	128	32	0.30	B0_Hebbian	2013	0.000000	0.347168	644.19
Suite_A_Random	128	32	0.30	B1_Pseudoinverse	2013	0.343750	0.174561	334.72
Suite_A_Random	128	32	0.30	B2_1NN_Oracle	2013	1.000000	0.000000	2.06
Suite_A_Random	128	32	0.30	B3_PolynomialDAM	2013	1.000000	0.000000	747.38
Suite_A_Random	128	32	0.30	B4_ModernHopfield	2013	0.968750	0.017334	25.44
Suite_A_Random	128	32	0.30	Candidate_ModelC	2013	1.000000	0.000000	2306.94
Suite_A_Random	128	32	0.30	B0_Hebbian	2014	0.000000	0.342041	706.62
Suite_A_Random	128	32	0.30	B1_Pseudoinverse	2014	0.343750	0.215576	611.88
Suite_A_Random	128	32	0.30	B2_1NN_Oracle	2014	1.000000	0.000000	2.69
Suite_A_Random	128	32	0.30	B3_PolynomialDAM	2014	0.968750	0.015869	738.44
Suite_A_Random	128	32	0.30	B4_ModernHopfield	2014	1.000000	0.000000	13.81
Suite_A_Random	128	32	0.30	Candidate_ModelC	2014	0.968750	0.015137	2925.44
Suite_A_Random	128	32	0.30	B0_Hebbian	2015	0.000000	0.333496	756.03
Suite_A_Random	128	32	0.30	B1_Pseudoinverse	2015	0.250000	0.198242	987.00
Suite_A_Random	128	32	0.30	B2_1NN_Oracle	2015	0.968750	0.013428	2.12
Suite_A_Random	128	32	0.30	B3_PolynomialDAM	2015	0.937500	0.033203	750.28
Suite_A_Random	128	32	0.30	B4_ModernHopfield	2015	1.000000	0.000000	24.62
Suite_A_Random	128	32	0.30	Candidate_ModelC	2015	1.000000	0.000000	3658.97
Suite_A_Random	128	32	0.30	B0_Hebbian	2016	0.000000	0.327393	1132.84
Suite_A_Random	128	32	0.30	B1_Pseudoinverse	2016	0.281250	0.224365	1618.38
Suite_A_Random	128	32	0.30	B2_1NN_Oracle	2016	0.968750	0.015381	280.62
Suite_A_Random	128	32	0.30	B3_PolynomialDAM	2016	0.937500	0.030273	551.53
Suite_A_Random	128	32	0.30	B4_ModernHopfield	2016	0.968750	0.015869	23.31
Suite_A_Random	128	32	0.30	Candidate_ModelC	2016	0.968750	0.014404	2007.25
Suite_A_Random	128	32	0.30	B0_Hebbian	2017	0.000000	0.329834	1564.88
Suite_A_Random	128	32	0.30	B1_Pseudoinverse	2017	0.281250	0.217773	1980.81
Suite_A_Random	128	32	0.30	B2_1NN_Oracle	2017	1.000000	0.000000	2.94
Suite_A_Random	128	32	0.30	B3_PolynomialDAM	2017	0.968750	0.014648	1333.62
Suite_A_Random	128	32	0.30	B4_ModernHopfield	2017	1.000000	0.000000	16.50
Suite_A_Random	128	32	0.30	Candidate_ModelC	2017	1.000000	0.000000	3221.03
Suite_A_Random	128	32	0.30	B0_Hebbian	2018	0.000000	0.321045	1005.59
Suite_A_Random	128	32	0.30	B1_Pseudoinverse	2018	0.250000	0.244141	1024.16
Suite_A_Random	128	32	0.30	B2_1NN_Oracle	2018	1.000000	0.000000	2.50
Suite_A_Random	128	32	0.30	B3_PolynomialDAM	2018	0.968750	0.014893	845.41
Suite_A_Random	128	32	0.30	B4_ModernHopfield	2018	1.000000	0.000000	17.69
Suite_A_Random	128	32	0.30	Candidate_ModelC	2018	1.000000	0.000000	1692.94
Suite_A_Random	128	32	0.30	B0_Hebbian	2019	0.000000	0.356201	1696.03
Suite_A_Random	128	32	0.30	B1_Pseudoinverse	2019	0.125000	0.242188	1040.62
Suite_A_Random	128	32	0.30	B2_1NN_Oracle	2019	0.968750	0.016357	2.88
Suite_A_Random	128	32	0.30	B3_PolynomialDAM	2019	0.937500	0.030273	1288.75
Suite_A_Random	128	32	0.30	B4_ModernHopfield	2019	1.000000	0.000000	32.44
Suite_A_Random	128	32	0.30	Candidate_ModelC	2019	1.000000	0.000000	3582.44
Suite_A_Random	128	32	0.30	B0_Hebbian	2020	0.000000	0.310059	957.00
Suite_A_Random	128	32	0.30	B1_Pseudoinverse	2020	0.250000	0.222168	1090.22
Suite_A_Random	128	32	0.30	B2_1NN_Oracle	2020	0.968750	0.014648	2.59
Suite_A_Random	128	32	0.30	B3_PolynomialDAM	2020	0.968750	0.015381	1243.06
Suite_A_Random	128	32	0.30	B4_ModernHopfield	2020	1.000000	0.000000	144.88
Suite_A_Random	128	32	0.30	Candidate_ModelC	2020	0.968750	0.014160	2263.16
Suite_A_Random	128	32	0.40	B0_Hebbian	2001	0.000000	0.395020	1712.47
Suite_A_Random	128	32	0.40	B1_Pseudoinverse	2001	0.000000	0.396729	1053.03
Suite_A_Random	128	32	0.40	B2_1NN_Oracle	2001	0.468750	0.265137	3.12
Suite_A_Random	128	32	0.40	B3_PolynomialDAM	2001	0.562500	0.217529	1086.31
Suite_A_Random	128	32	0.40	B4_ModernHopfield	2001	0.375000	0.303223	15.84
Suite_A_Random	128	32	0.40	Candidate_ModelC	2001	0.468750	0.257812	4216.94
Suite_A_Random	128	32	0.40	B0_Hebbian	2002	0.000000	0.405029	689.97
Suite_A_Random	128	32	0.40	B1_Pseudoinverse	2002	0.031250	0.400635	777.97
Suite_A_Random	128	32	0.40	B2_1NN_Oracle	2002	0.531250	0.228516	2.88
Suite_A_Random	128	32	0.40	B3_PolynomialDAM	2002	0.531250	0.230225	1055.06
Suite_A_Random	128	32	0.40	B4_ModernHopfield	2002	0.750000	0.115234	23.75
Suite_A_Random	128	32	0.40	Candidate_ModelC	2002	0.531250	0.220215	2738.75
Suite_A_Random	128	32	0.40	B0_Hebbian	2003	0.000000	0.431396	2000.12
Suite_A_Random	128	32	0.40	B1_Pseudoinverse	2003	0.000000	0.378418	2058.03
Suite_A_Random	128	32	0.40	B2_1NN_Oracle	2003	0.500000	0.243652	5.06
Suite_A_Random	128	32	0.40	B3_PolynomialDAM	2003	0.343750	0.319580	1483.22
Suite_A_Random	128	32	0.40	B4_ModernHopfield	2003	0.437500	0.279297	22.75
Suite_A_Random	128	32	0.40	Candidate_ModelC	2003	0.562500	0.208496	3712.81
Suite_A_Random	128	32	0.40	B0_Hebbian	2004	0.000000	0.393066	524.88
Suite_A_Random	128	32	0.40	B1_Pseudoinverse	2004	0.031250	0.379395	322.03
Suite_A_Random	128	32	0.40	B2_1NN_Oracle	2004	0.468750	0.259033	2.28
Suite_A_Random	128	32	0.40	B3_PolynomialDAM	2004	0.343750	0.321533	2539.97
Suite_A_Random	128	32	0.40	B4_ModernHopfield	2004	0.593750	0.192627	23.16
Suite_A_Random	128	32	0.40	Candidate_ModelC	2004	0.531250	0.218018	5215.78
Suite_A_Random	128	32	0.40	B0_Hebbian	2005	0.000000	0.396484	278.06
Suite_A_Random	128	32	0.40	B1_Pseudoinverse	2005	0.031250	0.389893	270.06
Suite_A_Random	128	32	0.40	B2_1NN_Oracle	2005	0.687500	0.146973	2.31
Suite_A_Random	128	32	0.40	B3_PolynomialDAM	2005	0.468750	0.275879	456.62
Suite_A_Random	128	32	0.40	B4_ModernHopfield	2005	0.593750	0.196289	29.59
Suite_A_Random	128	32	0.40	Candidate_ModelC	2005	0.437500	0.270508	2532.78
Suite_A_Random	128	32	0.40	B0_Hebbian	2006	0.000000	0.412109	1741.09
Suite_A_Random	128	32	0.40	B1_Pseudoinverse	2006	0.000000	0.400879	1132.16
Suite_A_Random	128	32	0.40	B2_1NN_Oracle	2006	0.406250	0.293457	3.44
Suite_A_Random	128	32	0.40	B3_PolynomialDAM	2006	0.687500	0.149170	1433.91
Suite_A_Random	128	32	0.40	B4_ModernHopfield	2006	0.406250	0.288574	14.44
Suite_A_Random	128	32	0.40	Candidate_ModelC	2006	0.500000	0.240723	3911.22
Suite_A_Random	128	32	0.40	B0_Hebbian	2007	0.000000	0.462646	528.53
Suite_A_Random	128	32	0.40	B1_Pseudoinverse	2007	0.031250	0.359619	812.44
Suite_A_Random	128	32	0.40	B2_1NN_Oracle	2007	0.468750	0.260254	2.97
Suite_A_Random	128	32	0.40	B3_PolynomialDAM	2007	0.656250	0.165771	1030.81
Suite_A_Random	128	32	0.40	B4_ModernHopfield	2007	0.531250	0.228516	25.38
Suite_A_Random	128	32	0.40	Candidate_ModelC	2007	0.718750	0.134277	4647.22
Suite_A_Random	128	32	0.40	B0_Hebbian	2008	0.000000	0.445801	866.22
Suite_A_Random	128	32	0.40	B1_Pseudoinverse	2008	0.000000	0.400879	584.44
Suite_A_Random	128	32	0.40	B2_1NN_Oracle	2008	0.531250	0.228760	379.81
Suite_A_Random	128	32	0.40	B3_PolynomialDAM	2008	0.500000	0.240479	1485.84
Suite_A_Random	128	32	0.40	B4_ModernHopfield	2008	0.750000	0.120605	273.41
Suite_A_Random	128	32	0.40	Candidate_ModelC	2008	0.593750	0.192383	3381.28
Suite_A_Random	128	32	0.40	B0_Hebbian	2009	0.000000	0.416748	920.56
Suite_A_Random	128	32	0.40	B1_Pseudoinverse	2009	0.000000	0.356201	1607.19
Suite_A_Random	128	32	0.40	B2_1NN_Oracle	2009	0.593750	0.200684	2.59
Suite_A_Random	128	32	0.40	B3_PolynomialDAM	2009	0.437500	0.269287	1519.44
Suite_A_Random	128	32	0.40	B4_ModernHopfield	2009	0.531250	0.224609	13.62
Suite_A_Random	128	32	0.40	Candidate_ModelC	2009	0.500000	0.233643	4042.28
Suite_A_Random	128	32	0.40	B0_Hebbian	2010	0.000000	0.428711	483.28
Suite_A_Random	128	32	0.40	B1_Pseudoinverse	2010	0.000000	0.394531	459.75
Suite_A_Random	128	32	0.40	B2_1NN_Oracle	2010	0.531250	0.232910	2.53
Suite_A_Random	128	32	0.40	B3_PolynomialDAM	2010	0.656250	0.163574	634.25
Suite_A_Random	128	32	0.40	B4_ModernHopfield	2010	0.593750	0.186523	31.69
Suite_A_Random	128	32	0.40	Candidate_ModelC	2010	0.500000	0.239502	2527.28
Suite_A_Random	128	32	0.40	B0_Hebbian	2011	0.000000	0.366699	801.28
Suite_A_Random	128	32	0.40	B1_Pseudoinverse	2011	0.031250	0.409912	985.84
Suite_A_Random	128	32	0.40	B2_1NN_Oracle	2011	0.531250	0.231934	2.31
Suite_A_Random	128	32	0.40	B3_PolynomialDAM	2011	0.531250	0.228760	801.62
Suite_A_Random	128	32	0.40	B4_ModernHopfield	2011	0.468750	0.262207	16.09
Suite_A_Random	128	32	0.40	Candidate_ModelC	2011	0.593750	0.207031	3772.16
Suite_A_Random	128	32	0.40	B0_Hebbian	2012	0.000000	0.412109	405.59
Suite_A_Random	128	32	0.40	B1_Pseudoinverse	2012	0.000000	0.386230	448.97
Suite_A_Random	128	32	0.40	B2_1NN_Oracle	2012	0.812500	0.092041	3.12
Suite_A_Random	128	32	0.40	B3_PolynomialDAM	2012	0.531250	0.225342	848.78
Suite_A_Random	128	32	0.40	B4_ModernHopfield	2012	0.750000	0.129883	26.28
Suite_A_Random	128	32	0.40	Candidate_ModelC	2012	0.531250	0.223389	3333.75
Suite_A_Random	128	32	0.40	B0_Hebbian	2013	0.000000	0.429199	1858.28
Suite_A_Random	128	32	0.40	B1_Pseudoinverse	2013	0.000000	0.386230	2068.28
Suite_A_Random	128	32	0.40	B2_1NN_Oracle	2013	0.656250	0.175537	2.38
Suite_A_Random	128	32	0.40	B3_PolynomialDAM	2013	0.531250	0.220215	2179.81
Suite_A_Random	128	32	0.40	B4_ModernHopfield	2013	0.562500	0.209961	23.84
Suite_A_Random	128	32	0.40	Candidate_ModelC	2013	0.531250	0.233154	3573.59
Suite_A_Random	128	32	0.40	B0_Hebbian	2014	0.000000	0.408203	491.78
Suite_A_Random	128	32	0.40	B1_Pseudoinverse	2014	0.031250	0.376465	405.38
Suite_A_Random	128	32	0.40	B2_1NN_Oracle	2014	0.437500	0.269531	3.12
Suite_A_Random	128	32	0.40	B3_PolynomialDAM	2014	0.406250	0.285889	662.84
Suite_A_Random	128	32	0.40	B4_ModernHopfield	2014	0.625000	0.188477	22.72
Suite_A_Random	128	32	0.40	Candidate_ModelC	2014	0.468750	0.255127	2413.00
Suite_A_Random	128	32	0.40	B0_Hebbian	2015	0.000000	0.391846	279.69
Suite_A_Random	128	32	0.40	B1_Pseudoinverse	2015	0.000000	0.385010	264.66
Suite_A_Random	128	32	0.40	B2_1NN_Oracle	2015	0.718750	0.138184	2.28
Suite_A_Random	128	32	0.40	B3_PolynomialDAM	2015	0.500000	0.240479	498.94
Suite_A_Random	128	32	0.40	B4_ModernHopfield	2015	0.500000	0.245850	14.78
Suite_A_Random	128	32	0.40	Candidate_ModelC	2015	0.625000	0.181641	3684.44
Suite_A_Random	128	32	0.40	B0_Hebbian	2016	0.000000	0.397705	898.59
Suite_A_Random	128	32	0.40	B1_Pseudoinverse	2016	0.031250	0.378906	1133.97
Suite_A_Random	128	32	0.40	B2_1NN_Oracle	2016	0.406250	0.278320	2.94
Suite_A_Random	128	32	0.40	B3_PolynomialDAM	2016	0.468750	0.267334	1204.94
Suite_A_Random	128	32	0.40	B4_ModernHopfield	2016	0.750000	0.118164	26.22
Suite_A_Random	128	32	0.40	Candidate_ModelC	2016	0.531250	0.229004	3172.72
Suite_A_Random	128	32	0.40	B0_Hebbian	2017	0.000000	0.422852	1124.09
Suite_A_Random	128	32	0.40	B1_Pseudoinverse	2017	0.062500	0.391846	1079.53
Suite_A_Random	128	32	0.40	B2_1NN_Oracle	2017	0.625000	0.181152	3.06
Suite_A_Random	128	32	0.40	B3_PolynomialDAM	2017	0.562500	0.203613	1490.69
Suite_A_Random	128	32	0.40	B4_ModernHopfield	2017	0.531250	0.227783	277.94
Suite_A_Random	128	32	0.40	Candidate_ModelC	2017	0.500000	0.236816	5269.34
Suite_A_Random	128	32	0.40	B0_Hebbian	2018	0.000000	0.398682	772.59
Suite_A_Random	128	32	0.40	B1_Pseudoinverse	2018	0.000000	0.374268	396.19
Suite_A_Random	128	32	0.40	B2_1NN_Oracle	2018	0.656250	0.167969	3.06
Suite_A_Random	128	32	0.40	B3_PolynomialDAM	2018	0.625000	0.184814	706.94
Suite_A_Random	128	32	0.40	B4_ModernHopfield	2018	0.531250	0.231689	14.41
Suite_A_Random	128	32	0.40	Candidate_ModelC	2018	0.687500	0.158447	2812.09
Suite_A_Random	128	32	0.40	B0_Hebbian	2019	0.000000	0.401123	867.44
Suite_A_Random	128	32	0.40	B1_Pseudoinverse	2019	0.000000	0.406982	1008.88
Suite_A_Random	128	32	0.40	B2_1NN_Oracle	2019	0.468750	0.249268	3.22
Suite_A_Random	128	32	0.40	B3_PolynomialDAM	2019	0.500000	0.257324	1330.88
Suite_A_Random	128	32	0.40	B4_ModernHopfield	2019	0.593750	0.188477	23.06
Suite_A_Random	128	32	0.40	Candidate_ModelC	2019	0.656250	0.175781	1592.12
Suite_A_Random	128	32	0.40	B0_Hebbian	2020	0.000000	0.386475	642.34
Suite_A_Random	128	32	0.40	B1_Pseudoinverse	2020	0.000000	0.391113	719.81
Suite_A_Random	128	32	0.40	B2_1NN_Oracle	2020	0.687500	0.153320	2.44
Suite_A_Random	128	32	0.40	B3_PolynomialDAM	2020	0.687500	0.156006	1462.84
Suite_A_Random	128	32	0.40	B4_ModernHopfield	2020	0.531250	0.225342	22.38
Suite_A_Random	128	32	0.40	Candidate_ModelC	2020	0.531250	0.229736	2889.56
Suite_A_Random	128	64	0.10	B0_Hebbian	2001	0.000000	0.300537	1361.17
Suite_A_Random	128	64	0.10	B1_Pseudoinverse	2001	0.546875	0.065674	851.86
Suite_A_Random	128	64	0.10	B2_1NN_Oracle	2001	1.000000	0.000000	2.55
Suite_A_Random	128	64	0.10	B3_PolynomialDAM	2001	1.000000	0.000000	2171.02
Suite_A_Random	128	64	0.10	B4_ModernHopfield	2001	1.000000	0.000000	43.56
Suite_A_Random	128	64	0.10	Candidate_ModelC	2001	1.000000	0.000000	4714.34
Suite_A_Random	128	64	0.10	B0_Hebbian	2002	0.000000	0.347656	958.31
Suite_A_Random	128	64	0.10	B1_Pseudoinverse	2002	0.609375	0.070068	523.23
Suite_A_Random	128	64	0.10	B2_1NN_Oracle	2002	1.000000	0.000000	2.38
Suite_A_Random	128	64	0.10	B3_PolynomialDAM	2002	1.000000	0.000000	1269.64
Suite_A_Random	128	64	0.10	B4_ModernHopfield	2002	1.000000	0.000000	43.03
Suite_A_Random	128	64	0.10	Candidate_ModelC	2002	1.000000	0.000000	2379.98
Suite_A_Random	128	64	0.10	B0_Hebbian	2003	0.000000	0.344971	567.02
Suite_A_Random	128	64	0.10	B1_Pseudoinverse	2003	0.453125	0.083984	714.09
Suite_A_Random	128	64	0.10	B2_1NN_Oracle	2003	1.000000	0.000000	2.56
Suite_A_Random	128	64	0.10	B3_PolynomialDAM	2003	1.000000	0.000000	812.55
Suite_A_Random	128	64	0.10	B4_ModernHopfield	2003	1.000000	0.000000	43.22
Suite_A_Random	128	64	0.10	Candidate_ModelC	2003	1.000000	0.000000	1539.55
Suite_A_Random	128	64	0.10	B0_Hebbian	2004	0.000000	0.298828	1147.72
Suite_A_Random	128	64	0.10	B1_Pseudoinverse	2004	0.578125	0.074463	929.56
Suite_A_Random	128	64	0.10	B2_1NN_Oracle	2004	1.000000	0.000000	5.30
Suite_A_Random	128	64	0.10	B3_PolynomialDAM	2004	1.000000	0.000000	2237.78
Suite_A_Random	128	64	0.10	B4_ModernHopfield	2004	1.000000	0.000000	47.86
Suite_A_Random	128	64	0.10	Candidate_ModelC	2004	1.000000	0.000000	4547.05
Suite_A_Random	128	64	0.10	B0_Hebbian	2005	0.000000	0.302124	1389.95
Suite_A_Random	128	64	0.10	B1_Pseudoinverse	2005	0.515625	0.072266	798.45
Suite_A_Random	128	64	0.10	B2_1NN_Oracle	2005	1.000000	0.000000	2.47
Suite_A_Random	128	64	0.10	B3_PolynomialDAM	2005	1.000000	0.000000	2781.53
Suite_A_Random	128	64	0.10	B4_ModernHopfield	2005	1.000000	0.000000	30.30
Suite_A_Random	128	64	0.10	Candidate_ModelC	2005	1.000000	0.000000	3518.56
Suite_A_Random	128	64	0.10	B0_Hebbian	2006	0.000000	0.309570	986.19
Suite_A_Random	128	64	0.10	B1_Pseudoinverse	2006	0.609375	0.065552	773.33
Suite_A_Random	128	64	0.10	B2_1NN_Oracle	2006	1.000000	0.000000	4.16
Suite_A_Random	128	64	0.10	B3_PolynomialDAM	2006	1.000000	0.000000	1105.19
Suite_A_Random	128	64	0.10	B4_ModernHopfield	2006	1.000000	0.000000	131.06
Suite_A_Random	128	64	0.10	Candidate_ModelC	2006	1.000000	0.000000	3696.12
Suite_A_Random	128	64	0.10	B0_Hebbian	2007	0.000000	0.307617	2048.83
Suite_A_Random	128	64	0.10	B1_Pseudoinverse	2007	0.578125	0.067017	785.33
Suite_A_Random	128	64	0.10	B2_1NN_Oracle	2007	1.000000	0.000000	3.41
Suite_A_Random	128	64	0.10	B3_PolynomialDAM	2007	1.000000	0.000000	2402.53
Suite_A_Random	128	64	0.10	B4_ModernHopfield	2007	1.000000	0.000000	25.56
Suite_A_Random	128	64	0.10	Candidate_ModelC	2007	1.000000	0.000000	4044.62
Suite_A_Random	128	64	0.10	B0_Hebbian	2008	0.000000	0.336304	1313.75
Suite_A_Random	128	64	0.10	B1_Pseudoinverse	2008	0.531250	0.069458	864.91
Suite_A_Random	128	64	0.10	B2_1NN_Oracle	2008	1.000000	0.000000	3.55
Suite_A_Random	128	64	0.10	B3_PolynomialDAM	2008	1.000000	0.000000	2006.95
Suite_A_Random	128	64	0.10	B4_ModernHopfield	2008	1.000000	0.000000	172.55
Suite_A_Random	128	64	0.10	Candidate_ModelC	2008	1.000000	0.000000	6662.64
Suite_A_Random	128	64	0.10	B0_Hebbian	2009	0.000000	0.279053	1289.00
Suite_A_Random	128	64	0.10	B1_Pseudoinverse	2009	0.578125	0.070312	1224.28
Suite_A_Random	128	64	0.10	B2_1NN_Oracle	2009	1.000000	0.000000	3.56
Suite_A_Random	128	64	0.10	B3_PolynomialDAM	2009	1.000000	0.000000	1844.95
Suite_A_Random	128	64	0.10	B4_ModernHopfield	2009	1.000000	0.000000	26.31
Suite_A_Random	128	64	0.10	Candidate_ModelC	2009	1.000000	0.000000	5685.17
Suite_A_Random	128	64	0.10	B0_Hebbian	2010	0.000000	0.346436	1092.42
Suite_A_Random	128	64	0.10	B1_Pseudoinverse	2010	0.593750	0.064697	861.94
Suite_A_Random	128	64	0.10	B2_1NN_Oracle	2010	1.000000	0.000000	67.19
Suite_A_Random	128	64	0.10	B3_PolynomialDAM	2010	1.000000	0.000000	2267.78
Suite_A_Random	128	64	0.10	B4_ModernHopfield	2010	1.000000	0.000000	117.98
Suite_A_Random	128	64	0.10	Candidate_ModelC	2010	1.000000	0.000000	6275.45
Suite_A_Random	128	64	0.10	B0_Hebbian	2011	0.000000	0.313599	979.06
Suite_A_Random	128	64	0.10	B1_Pseudoinverse	2011	0.515625	0.073975	497.48
Suite_A_Random	128	64	0.10	B2_1NN_Oracle	2011	1.000000	0.000000	63.84
Suite_A_Random	128	64	0.10	B3_PolynomialDAM	2011	1.000000	0.000000	1608.19
Suite_A_Random	128	64	0.10	B4_ModernHopfield	2011	1.000000	0.000000	26.55
Suite_A_Random	128	64	0.10	Candidate_ModelC	2011	1.000000	0.000000	2015.75
Suite_A_Random	128	64	0.10	B0_Hebbian	2012	0.000000	0.303345	718.69
Suite_A_Random	128	64	0.10	B1_Pseudoinverse	2012	0.546875	0.066772	230.19
Suite_A_Random	128	64	0.10	B2_1NN_Oracle	2012	1.000000	0.000000	2.38
Suite_A_Random	128	64	0.10	B3_PolynomialDAM	2012	1.000000	0.000000	786.08
Suite_A_Random	128	64	0.10	B4_ModernHopfield	2012	1.000000	0.000000	211.31
Suite_A_Random	128	64	0.10	Candidate_ModelC	2012	1.000000	0.000000	2915.44
Suite_A_Random	128	64	0.10	B0_Hebbian	2013	0.000000	0.323120	898.70
Suite_A_Random	128	64	0.10	B1_Pseudoinverse	2013	0.593750	0.055542	564.00
Suite_A_Random	128	64	0.10	B2_1NN_Oracle	2013	1.000000	0.000000	4.11
Suite_A_Random	128	64	0.10	B3_PolynomialDAM	2013	1.000000	0.000000	1628.69
Suite_A_Random	128	64	0.10	B4_ModernHopfield	2013	1.000000	0.000000	24.17
Suite_A_Random	128	64	0.10	Candidate_ModelC	2013	1.000000	0.000000	2192.48
Suite_A_Random	128	64	0.10	B0_Hebbian	2014	0.000000	0.291260	784.89
Suite_A_Random	128	64	0.10	B1_Pseudoinverse	2014	0.609375	0.057495	933.53
Suite_A_Random	128	64	0.10	B2_1NN_Oracle	2014	1.000000	0.000000	3.48
Suite_A_Random	128	64	0.10	B3_PolynomialDAM	2014	1.000000	0.000000	1931.75
Suite_A_Random	128	64	0.10	B4_ModernHopfield	2014	1.000000	0.000000	129.59
Suite_A_Random	128	64	0.10	Candidate_ModelC	2014	1.000000	0.000000	2973.70
Suite_A_Random	128	64	0.10	B0_Hebbian	2015	0.000000	0.305908	703.97
Suite_A_Random	128	64	0.10	B1_Pseudoinverse	2015	0.609375	0.055908	491.59
Suite_A_Random	128	64	0.10	B2_1NN_Oracle	2015	1.000000	0.000000	2.44
Suite_A_Random	128	64	0.10	B3_PolynomialDAM	2015	1.000000	0.000000	1694.77
Suite_A_Random	128	64	0.10	B4_ModernHopfield	2015	1.000000	0.000000	24.98
Suite_A_Random	128	64	0.10	Candidate_ModelC	2015	1.000000	0.000000	3713.23
Suite_A_Random	128	64	0.10	B0_Hebbian	2016	0.000000	0.283691	314.27
Suite_A_Random	128	64	0.10	B1_Pseudoinverse	2016	0.531250	0.069824	550.86
Suite_A_Random	128	64	0.10	B2_1NN_Oracle	2016	1.000000	0.000000	132.06
Suite_A_Random	128	64	0.10	B3_PolynomialDAM	2016	1.000000	0.000000	1414.92
Suite_A_Random	128	64	0.10	B4_ModernHopfield	2016	1.000000	0.000000	98.19
Suite_A_Random	128	64	0.10	Candidate_ModelC	2016	1.000000	0.000000	3339.20
Suite_A_Random	128	64	0.10	B0_Hebbian	2017	0.000000	0.320312	882.94
Suite_A_Random	128	64	0.10	B1_Pseudoinverse	2017	0.593750	0.059814	510.88
Suite_A_Random	128	64	0.10	B2_1NN_Oracle	2017	1.000000	0.000000	155.67
Suite_A_Random	128	64	0.10	B3_PolynomialDAM	2017	1.000000	0.000000	1898.80
Suite_A_Random	128	64	0.10	B4_ModernHopfield	2017	1.000000	0.000000	56.14
Suite_A_Random	128	64	0.10	Candidate_ModelC	2017	1.000000	0.000000	4538.52
Suite_A_Random	128	64	0.10	B0_Hebbian	2018	0.000000	0.310181	904.56
Suite_A_Random	128	64	0.10	B1_Pseudoinverse	2018	0.546875	0.068604	192.22
Suite_A_Random	128	64	0.10	B2_1NN_Oracle	2018	1.000000	0.000000	2.39
Suite_A_Random	128	64	0.10	B3_PolynomialDAM	2018	1.000000	0.000000	1633.86
Suite_A_Random	128	64	0.10	B4_ModernHopfield	2018	1.000000	0.000000	30.98
Suite_A_Random	128	64	0.10	Candidate_ModelC	2018	1.000000	0.000000	1932.67
Suite_A_Random	128	64	0.10	B0_Hebbian	2019	0.000000	0.323364	1145.83
Suite_A_Random	128	64	0.10	B1_Pseudoinverse	2019	0.531250	0.069580	562.09
Suite_A_Random	128	64	0.10	B2_1NN_Oracle	2019	1.000000	0.000000	2.39
Suite_A_Random	128	64	0.10	B3_PolynomialDAM	2019	1.000000	0.000000	861.00
Suite_A_Random	128	64	0.10	B4_ModernHopfield	2019	1.000000	0.000000	45.69
Suite_A_Random	128	64	0.10	Candidate_ModelC	2019	1.000000	0.000000	3124.41
Suite_A_Random	128	64	0.10	B0_Hebbian	2020	0.000000	0.292236	1035.59
Suite_A_Random	128	64	0.10	B1_Pseudoinverse	2020	0.515625	0.088013	468.97
Suite_A_Random	128	64	0.10	B2_1NN_Oracle	2020	1.000000	0.000000	2.38
Suite_A_Random	128	64	0.10	B3_PolynomialDAM	2020	1.000000	0.000000	750.94
Suite_A_Random	128	64	0.10	B4_ModernHopfield	2020	1.000000	0.000000	55.30
Suite_A_Random	128	64	0.10	Candidate_ModelC	2020	1.000000	0.000000	2230.66
Suite_A_Random	128	64	0.20	B0_Hebbian	2001	0.000000	0.342529	882.38
Suite_A_Random	128	64	0.20	B1_Pseudoinverse	2001	0.000000	0.255005	673.23
Suite_A_Random	128	64	0.20	B2_1NN_Oracle	2001	1.000000	0.000000	4.25
Suite_A_Random	128	64	0.20	B3_PolynomialDAM	2001	1.000000	0.000000	1945.97
Suite_A_Random	128	64	0.20	B4_ModernHopfield	2001	1.000000	0.000000	63.53
Suite_A_Random	128	64	0.20	Candidate_ModelC	2001	1.000000	0.000000	2964.91
Suite_A_Random	128	64	0.20	B0_Hebbian	2002	0.000000	0.365723	830.50
Suite_A_Random	128	64	0.20	B1_Pseudoinverse	2002	0.031250	0.257080	951.12
Suite_A_Random	128	64	0.20	B2_1NN_Oracle	2002	1.000000	0.000000	5.12
Suite_A_Random	128	64	0.20	B3_PolynomialDAM	2002	1.000000	0.000000	2375.28
Suite_A_Random	128	64	0.20	B4_ModernHopfield	2002	1.000000	0.000000	190.30
Suite_A_Random	128	64	0.20	Candidate_ModelC	2002	1.000000	0.000000	1772.34
Suite_A_Random	128	64	0.20	B0_Hebbian	2003	0.000000	0.351196	391.52
Suite_A_Random	128	64	0.20	B1_Pseudoinverse	2003	0.031250	0.264160	491.25
Suite_A_Random	128	64	0.20	B2_1NN_Oracle	2003	1.000000	0.000000	3.66
Suite_A_Random	128	64	0.20	B3_PolynomialDAM	2003	1.000000	0.000000	916.61
Suite_A_Random	128	64	0.20	B4_ModernHopfield	2003	1.000000	0.000000	25.59
Suite_A_Random	128	64	0.20	Candidate_ModelC	2003	1.000000	0.000000	2092.73
Suite_A_Random	128	64	0.20	B0_Hebbian	2004	0.000000	0.324341	472.47
Suite_A_Random	128	64	0.20	B1_Pseudoinverse	2004	0.031250	0.257568	859.36
Suite_A_Random	128	64	0.20	B2_1NN_Oracle	2004	1.000000	0.000000	3.67
Suite_A_Random	128	64	0.20	B3_PolynomialDAM	2004	1.000000	0.000000	1642.89
Suite_A_Random	128	64	0.20	B4_ModernHopfield	2004	1.000000	0.000000	44.00
Suite_A_Random	128	64	0.20	Candidate_ModelC	2004	1.000000	0.000000	4037.12
Suite_A_Random	128	64	0.20	B0_Hebbian	2005	0.000000	0.345337	409.75
Suite_A_Random	128	64	0.20	B1_Pseudoinverse	2005	0.015625	0.253052	565.25
Suite_A_Random	128	64	0.20	B2_1NN_Oracle	2005	1.000000	0.000000	4.39
Suite_A_Random	128	64	0.20	B3_PolynomialDAM	2005	1.000000	0.000000	648.08
Suite_A_Random	128	64	0.20	B4_ModernHopfield	2005	1.000000	0.000000	44.66
Suite_A_Random	128	64	0.20	Candidate_ModelC	2005	1.000000	0.000000	2087.00
Suite_A_Random	128	64	0.20	B0_Hebbian	2006	0.000000	0.327393	598.69
Suite_A_Random	128	64	0.20	B1_Pseudoinverse	2006	0.015625	0.247314	576.47
Suite_A_Random	128	64	0.20	B2_1NN_Oracle	2006	1.000000	0.000000	2.62
Suite_A_Random	128	64	0.20	B3_PolynomialDAM	2006	1.000000	0.000000	1457.70
Suite_A_Random	128	64	0.20	B4_ModernHopfield	2006	1.000000	0.000000	106.02
Suite_A_Random	128	64	0.20	Candidate_ModelC	2006	1.000000	0.000000	2251.19
Suite_A_Random	128	64	0.20	B0_Hebbian	2007	0.000000	0.339355	890.34
Suite_A_Random	128	64	0.20	B1_Pseudoinverse	2007	0.062500	0.236206	339.41
Suite_A_Random	128	64	0.20	B2_1NN_Oracle	2007	1.000000	0.000000	2.62
Suite_A_Random	128	64	0.20	B3_PolynomialDAM	2007	1.000000	0.000000	760.31
Suite_A_Random	128	64	0.20	B4_ModernHopfield	2007	1.000000	0.000000	43.78
Suite_A_Random	128	64	0.20	Candidate_ModelC	2007	1.000000	0.000000	2830.19
Suite_A_Random	128	64	0.20	B0_Hebbian	2008	0.000000	0.360596	1110.86
Suite_A_Random	128	64	0.20	B1_Pseudoinverse	2008	0.031250	0.255981	595.42
Suite_A_Random	128	64	0.20	B2_1NN_Oracle	2008	1.000000	0.000000	3.48
Suite_A_Random	128	64	0.20	B3_PolynomialDAM	2008	1.000000	0.000000	2055.92
Suite_A_Random	128	64	0.20	B4_ModernHopfield	2008	1.000000	0.000000	43.27
Suite_A_Random	128	64	0.20	Candidate_ModelC	2008	1.000000	0.000000	2961.58
Suite_A_Random	128	64	0.20	B0_Hebbian	2009	0.000000	0.323120	732.12
Suite_A_Random	128	64	0.20	B1_Pseudoinverse	2009	0.031250	0.241577	672.27
Suite_A_Random	128	64	0.20	B2_1NN_Oracle	2009	1.000000	0.000000	4.20
Suite_A_Random	128	64	0.20	B3_PolynomialDAM	2009	1.000000	0.000000	1869.73
Suite_A_Random	128	64	0.20	B4_ModernHopfield	2009	1.000000	0.000000	169.08
Suite_A_Random	128	64	0.20	Candidate_ModelC	2009	1.000000	0.000000	1939.95
Suite_A_Random	128	64	0.20	B0_Hebbian	2010	0.000000	0.375366	451.81
Suite_A_Random	128	64	0.20	B1_Pseudoinverse	2010	0.031250	0.246338	807.66
Suite_A_Random	128	64	0.20	B2_1NN_Oracle	2010	1.000000	0.000000	3.66
Suite_A_Random	128	64	0.20	B3_PolynomialDAM	2010	1.000000	0.000000	1199.47
Suite_A_Random	128	64	0.20	B4_ModernHopfield	2010	1.000000	0.000000	44.66
Suite_A_Random	128	64	0.20	Candidate_ModelC	2010	1.000000	0.000000	2534.23
Suite_A_Random	128	64	0.20	B0_Hebbian	2011	0.000000	0.341919	757.97
Suite_A_Random	128	64	0.20	B1_Pseudoinverse	2011	0.015625	0.252686	399.88
Suite_A_Random	128	64	0.20	B2_1NN_Oracle	2011	1.000000	0.000000	5.55
Suite_A_Random	128	64	0.20	B3_PolynomialDAM	2011	1.000000	0.000000	1371.66
Suite_A_Random	128	64	0.20	B4_ModernHopfield	2011	1.000000	0.000000	138.31
Suite_A_Random	128	64	0.20	Candidate_ModelC	2011	1.000000	0.000000	3425.58
Suite_A_Random	128	64	0.20	B0_Hebbian	2012	0.000000	0.339478	728.16
Suite_A_Random	128	64	0.20	B1_Pseudoinverse	2012	0.046875	0.241943	744.12
Suite_A_Random	128	64	0.20	B2_1NN_Oracle	2012	1.000000	0.000000	2.59
Suite_A_Random	128	64	0.20	B3_PolynomialDAM	2012	1.000000	0.000000	2009.80
Suite_A_Random	128	64	0.20	B4_ModernHopfield	2012	1.000000	0.000000	94.11
Suite_A_Random	128	64	0.20	Candidate_ModelC	2012	1.000000	0.000000	2872.20
Suite_A_Random	128	64	0.20	B0_Hebbian	2013	0.000000	0.341431	1101.03
Suite_A_Random	128	64	0.20	B1_Pseudoinverse	2013	0.015625	0.243408	512.92
Suite_A_Random	128	64	0.20	B2_1NN_Oracle	2013	1.000000	0.000000	4.00
Suite_A_Random	128	64	0.20	B3_PolynomialDAM	2013	1.000000	0.000000	965.92
Suite_A_Random	128	64	0.20	B4_ModernHopfield	2013	1.000000	0.000000	45.78
Suite_A_Random	128	64	0.20	Candidate_ModelC	2013	1.000000	0.000000	2742.38
Suite_A_Random	128	64	0.20	B0_Hebbian	2014	0.000000	0.336304	1016.62
Suite_A_Random	128	64	0.20	B1_Pseudoinverse	2014	0.000000	0.256226	758.11
Suite_A_Random	128	64	0.20	B2_1NN_Oracle	2014	1.000000	0.000000	2.59
Suite_A_Random	128	64	0.20	B3_PolynomialDAM	2014	1.000000	0.000000	629.09
Suite_A_Random	128	64	0.20	B4_ModernHopfield	2014	1.000000	0.000000	25.06
Suite_A_Random	128	64	0.20	Candidate_ModelC	2014	1.000000	0.000000	1659.55
Suite_A_Random	128	64	0.20	B0_Hebbian	2015	0.000000	0.335083	782.70
Suite_A_Random	128	64	0.20	B1_Pseudoinverse	2015	0.078125	0.239136	825.02
Suite_A_Random	128	64	0.20	B2_1NN_Oracle	2015	1.000000	0.000000	3.67
Suite_A_Random	128	64	0.20	B3_PolynomialDAM	2015	1.000000	0.000000	1461.70
Suite_A_Random	128	64	0.20	B4_ModernHopfield	2015	1.000000	0.000000	106.56
Suite_A_Random	128	64	0.20	Candidate_ModelC	2015	1.000000	0.000000	2299.55
Suite_A_Random	128	64	0.20	B0_Hebbian	2016	0.000000	0.329224	429.81
Suite_A_Random	128	64	0.20	B1_Pseudoinverse	2016	0.015625	0.274658	588.89
Suite_A_Random	128	64	0.20	B2_1NN_Oracle	2016	1.000000	0.000000	3.73
Suite_A_Random	128	64	0.20	B3_PolynomialDAM	2016	1.000000	0.000000	1190.33
Suite_A_Random	128	64	0.20	B4_ModernHopfield	2016	1.000000	0.000000	171.50
Suite_A_Random	128	64	0.20	Candidate_ModelC	2016	1.000000	0.000000	2603.52
Suite_A_Random	128	64	0.20	B0_Hebbian	2017	0.000000	0.360107	646.44
Suite_A_Random	128	64	0.20	B1_Pseudoinverse	2017	0.062500	0.245972	584.14
Suite_A_Random	128	64	0.20	B2_1NN_Oracle	2017	1.000000	0.000000	4.23
Suite_A_Random	128	64	0.20	B3_PolynomialDAM	2017	1.000000	0.000000	725.05
Suite_A_Random	128	64	0.20	B4_ModernHopfield	2017	1.000000	0.000000	205.00
Suite_A_Random	128	64	0.20	Candidate_ModelC	2017	1.000000	0.000000	2831.19
Suite_A_Random	128	64	0.20	B0_Hebbian	2018	0.000000	0.337769	739.70
Suite_A_Random	128	64	0.20	B1_Pseudoinverse	2018	0.031250	0.240723	442.78
Suite_A_Random	128	64	0.20	B2_1NN_Oracle	2018	1.000000	0.000000	4.23
Suite_A_Random	128	64	0.20	B3_PolynomialDAM	2018	1.000000	0.000000	990.95
Suite_A_Random	128	64	0.20	B4_ModernHopfield	2018	1.000000	0.000000	44.77
Suite_A_Random	128	64	0.20	Candidate_ModelC	2018	1.000000	0.000000	1447.52
Suite_A_Random	128	64	0.20	B0_Hebbian	2019	0.000000	0.346069	246.34
Suite_A_Random	128	64	0.20	B1_Pseudoinverse	2019	0.000000	0.253052	427.70
Suite_A_Random	128	64	0.20	B2_1NN_Oracle	2019	1.000000	0.000000	3.67
Suite_A_Random	128	64	0.20	B3_PolynomialDAM	2019	1.000000	0.000000	715.50
Suite_A_Random	128	64	0.20	B4_ModernHopfield	2019	1.000000	0.000000	44.75
Suite_A_Random	128	64	0.20	Candidate_ModelC	2019	1.000000	0.000000	2322.45
Suite_A_Random	128	64	0.20	B0_Hebbian	2020	0.000000	0.331177	421.48
Suite_A_Random	128	64	0.20	B1_Pseudoinverse	2020	0.015625	0.251831	371.19
Suite_A_Random	128	64	0.20	B2_1NN_Oracle	2020	1.000000	0.000000	4.67
Suite_A_Random	128	64	0.20	B3_PolynomialDAM	2020	1.000000	0.000000	1101.75
Suite_A_Random	128	64	0.20	B4_ModernHopfield	2020	1.000000	0.000000	34.66
Suite_A_Random	128	64	0.20	Candidate_ModelC	2020	1.000000	0.000000	2002.42
Suite_A_Random	128	64	0.30	B0_Hebbian	2001	0.000000	0.385254	856.91
Suite_A_Random	128	64	0.30	B1_Pseudoinverse	2001	0.000000	0.349854	1025.53
Suite_A_Random	128	64	0.30	B2_1NN_Oracle	2001	0.937500	0.029297	6.12
Suite_A_Random	128	64	0.30	B3_PolynomialDAM	2001	0.921875	0.037842	872.11
Suite_A_Random	128	64	0.30	B4_ModernHopfield	2001	0.984375	0.006714	46.23
Suite_A_Random	128	64	0.30	Candidate_ModelC	2001	0.953125	0.022095	2403.20
Suite_A_Random	128	64	0.30	B0_Hebbian	2002	0.000000	0.389282	855.81
Suite_A_Random	128	64	0.30	B1_Pseudoinverse	2002	0.000000	0.351562	594.42
Suite_A_Random	128	64	0.30	B2_1NN_Oracle	2002	0.968750	0.014893	2.92
Suite_A_Random	128	64	0.30	B3_PolynomialDAM	2002	0.906250	0.043945	1442.44
Suite_A_Random	128	64	0.30	B4_ModernHopfield	2002	0.937500	0.028198	170.97
Suite_A_Random	128	64	0.30	Candidate_ModelC	2002	0.953125	0.023560	3967.77
Suite_A_Random	128	64	0.30	B0_Hebbian	2003	0.000000	0.409790	943.28
Suite_A_Random	128	64	0.30	B1_Pseudoinverse	2003	0.000000	0.360107	1034.67
Suite_A_Random	128	64	0.30	B2_1NN_Oracle	2003	0.953125	0.021973	3.86
Suite_A_Random	128	64	0.30	B3_PolynomialDAM	2003	0.921875	0.036865	2469.03
Suite_A_Random	128	64	0.30	B4_ModernHopfield	2003	1.000000	0.000000	161.81
Suite_A_Random	128	64	0.30	Candidate_ModelC	2003	0.937500	0.029907	4800.50
Suite_A_Random	128	64	0.30	B0_Hebbian	2004	0.000000	0.381470	1207.45
Suite_A_Random	128	64	0.30	B1_Pseudoinverse	2004	0.000000	0.360596	1244.20
Suite_A_Random	128	64	0.30	B2_1NN_Oracle	2004	0.953125	0.021484	2.81
Suite_A_Random	128	64	0.30	B3_PolynomialDAM	2004	0.984375	0.007080	2158.44
Suite_A_Random	128	64	0.30	B4_ModernHopfield	2004	0.968750	0.014771	38.27
Suite_A_Random	128	64	0.30	Candidate_ModelC	2004	0.984375	0.007935	3048.16
Suite_A_Random	128	64	0.30	B0_Hebbian	2005	0.000000	0.383057	755.84
Suite_A_Random	128	64	0.30	B1_Pseudoinverse	2005	0.000000	0.345947	818.75
Suite_A_Random	128	64	0.30	B2_1NN_Oracle	2005	0.968750	0.014404	3.55
Suite_A_Random	128	64	0.30	B3_PolynomialDAM	2005	0.890625	0.040161	2427.75
Suite_A_Random	128	64	0.30	B4_ModernHopfield	2005	0.984375	0.007446	169.50
Suite_A_Random	128	64	0.30	Candidate_ModelC	2005	0.937500	0.028931	5040.31
Suite_A_Random	128	64	0.30	B0_Hebbian	2006	0.000000	0.390015	1010.19
Suite_A_Random	128	64	0.30	B1_Pseudoinverse	2006	0.000000	0.359863	658.09
Suite_A_Random	128	64	0.30	B2_1NN_Oracle	2006	1.000000	0.000000	3.89
Suite_A_Random	128	64	0.30	B3_PolynomialDAM	2006	0.906250	0.038940	1936.80
Suite_A_Random	128	64	0.30	B4_ModernHopfield	2006	0.968750	0.013916	45.11
Suite_A_Random	128	64	0.30	Candidate_ModelC	2006	0.968750	0.014648	3285.58
Suite_A_Random	128	64	0.30	B0_Hebbian	2007	0.000000	0.372070	515.17
Suite_A_Random	128	64	0.30	B1_Pseudoinverse	2007	0.000000	0.355103	629.08
Suite_A_Random	128	64	0.30	B2_1NN_Oracle	2007	1.000000	0.000000	4.55
Suite_A_Random	128	64	0.30	B3_PolynomialDAM	2007	0.906250	0.045166	1917.72
Suite_A_Random	128	64	0.30	B4_ModernHopfield	2007	0.984375	0.007935	111.58
Suite_A_Random	128	64	0.30	Candidate_ModelC	2007	0.937500	0.028809	3811.86
Suite_A_Random	128	64	0.30	B0_Hebbian	2008	0.000000	0.391235	1165.05
Suite_A_Random	128	64	0.30	B1_Pseudoinverse	2008	0.000000	0.360229	1050.73
Suite_A_Random	128	64	0.30	B2_1NN_Oracle	2008	1.000000	0.000000	4.52
Suite_A_Random	128	64	0.30	B3_PolynomialDAM	2008	0.984375	0.007935	2279.30
Suite_A_Random	128	64	0.30	B4_ModernHopfield	2008	0.984375	0.008057	28.36
Suite_A_Random	128	64	0.30	Candidate_ModelC	2008	0.953125	0.022827	5090.89
Suite_A_Random	128	64	0.30	B0_Hebbian	2009	0.000000	0.376709	917.22
Suite_A_Random	128	64	0.30	B1_Pseudoinverse	2009	0.000000	0.332031	1672.03
Suite_A_Random	128	64	0.30	B2_1NN_Oracle	2009	0.953125	0.023071	3.83
Suite_A_Random	128	64	0.30	B3_PolynomialDAM	2009	0.906250	0.041016	2621.58
Suite_A_Random	128	64	0.30	B4_ModernHopfield	2009	1.000000	0.000000	135.97
Suite_A_Random	128	64	0.30	Candidate_ModelC	2009	0.953125	0.023682	5564.25
Suite_A_Random	128	64	0.30	B0_Hebbian	2010	0.000000	0.405029	1087.36
Suite_A_Random	128	64	0.30	B1_Pseudoinverse	2010	0.000000	0.361206	859.41
Suite_A_Random	128	64	0.30	B2_1NN_Oracle	2010	0.968750	0.016479	4.03
Suite_A_Random	128	64	0.30	B3_PolynomialDAM	2010	0.968750	0.013306	2831.45
Suite_A_Random	128	64	0.30	B4_ModernHopfield	2010	0.984375	0.005859	47.03
Suite_A_Random	128	64	0.30	Candidate_ModelC	2010	0.937500	0.028687	4206.50
Suite_A_Random	128	64	0.30	B0_Hebbian	2011	0.000000	0.390259	952.75
Suite_A_Random	128	64	0.30	B1_Pseudoinverse	2011	0.000000	0.380859	725.31
Suite_A_Random	128	64	0.30	B2_1NN_Oracle	2011	0.953125	0.023560	2.89
Suite_A_Random	128	64	0.30	B3_PolynomialDAM	2011	0.921875	0.031982	1455.28
Suite_A_Random	128	64	0.30	B4_ModernHopfield	2011	0.968750	0.015991	135.08
Suite_A_Random	128	64	0.30	Candidate_ModelC	2011	0.984375	0.007202	4137.39
Suite_A_Random	128	64	0.30	B0_Hebbian	2012	0.000000	0.381958	550.61
Suite_A_Random	128	64	0.30	B1_Pseudoinverse	2012	0.000000	0.334717	540.66
Suite_A_Random	128	64	0.30	B2_1NN_Oracle	2012	0.984375	0.007568	3.08
Suite_A_Random	128	64	0.30	B3_PolynomialDAM	2012	0.968750	0.015503	1168.06
Suite_A_Random	128	64	0.30	B4_ModernHopfield	2012	0.984375	0.007202	43.91
Suite_A_Random	128	64	0.30	Candidate_ModelC	2012	0.906250	0.042114	3380.59
Suite_A_Random	128	64	0.30	B0_Hebbian	2013	0.000000	0.394409	325.16
Suite_A_Random	128	64	0.30	B1_Pseudoinverse	2013	0.000000	0.337280	335.89
Suite_A_Random	128	64	0.30	B2_1NN_Oracle	2013	0.953125	0.021484	3.78
Suite_A_Random	128	64	0.30	B3_PolynomialDAM	2013	0.875000	0.057251	1450.78
Suite_A_Random	128	64	0.30	B4_ModernHopfield	2013	1.000000	0.000000	44.86
Suite_A_Random	128	64	0.30	Candidate_ModelC	2013	0.984375	0.007324	3403.02
Suite_A_Random	128	64	0.30	B0_Hebbian	2014	0.000000	0.387207	927.55
Suite_A_Random	128	64	0.30	B1_Pseudoinverse	2014	0.000000	0.354980	529.62
Suite_A_Random	128	64	0.30	B2_1NN_Oracle	2014	1.000000	0.000000	3.45
Suite_A_Random	128	64	0.30	B3_PolynomialDAM	2014	0.968750	0.014404	2009.27
Suite_A_Random	128	64	0.30	B4_ModernHopfield	2014	1.000000	0.000000	154.75
Suite_A_Random	128	64	0.30	Candidate_ModelC	2014	0.953125	0.021851	3154.36
Suite_A_Random	128	64	0.30	B0_Hebbian	2015	0.000000	0.379883	1520.64
Suite_A_Random	128	64	0.30	B1_Pseudoinverse	2015	0.000000	0.344482	1234.94
Suite_A_Random	128	64	0.30	B2_1NN_Oracle	2015	1.000000	0.000000	2.88
Suite_A_Random	128	64	0.30	B3_PolynomialDAM	2015	1.000000	0.000000	2254.86
Suite_A_Random	128	64	0.30	B4_ModernHopfield	2015	0.968750	0.011108	28.83
Suite_A_Random	128	64	0.30	Candidate_ModelC	2015	0.984375	0.006348	4703.69
Suite_A_Random	128	64	0.30	B0_Hebbian	2016	0.000000	0.385132	876.89
Suite_A_Random	128	64	0.30	B1_Pseudoinverse	2016	0.000000	0.379150	653.80
Suite_A_Random	128	64	0.30	B2_1NN_Oracle	2016	0.968750	0.016113	2.80
Suite_A_Random	128	64	0.30	B3_PolynomialDAM	2016	0.953125	0.019409	1537.12
Suite_A_Random	128	64	0.30	B4_ModernHopfield	2016	0.968750	0.013550	109.08
Suite_A_Random	128	64	0.30	Candidate_ModelC	2016	0.937500	0.025146	3559.25
Suite_A_Random	128	64	0.30	B0_Hebbian	2017	0.000000	0.392700	467.28
Suite_A_Random	128	64	0.30	B1_Pseudoinverse	2017	0.000000	0.341797	533.83
Suite_A_Random	128	64	0.30	B2_1NN_Oracle	2017	0.984375	0.007690	139.77
Suite_A_Random	128	64	0.30	B3_PolynomialDAM	2017	0.968750	0.014404	1809.77
Suite_A_Random	128	64	0.30	B4_ModernHopfield	2017	1.000000	0.000000	25.94
Suite_A_Random	128	64	0.30	Candidate_ModelC	2017	0.984375	0.007690	2061.45
Suite_A_Random	128	64	0.30	B0_Hebbian	2018	0.000000	0.383057	806.94
Suite_A_Random	128	64	0.30	B1_Pseudoinverse	2018	0.000000	0.338623	676.47
Suite_A_Random	128	64	0.30	B2_1NN_Oracle	2018	1.000000	0.000000	4.52
Suite_A_Random	128	64	0.30	B3_PolynomialDAM	2018	0.906250	0.043823	2243.12
Suite_A_Random	128	64	0.30	B4_ModernHopfield	2018	0.953125	0.025024	138.73
Suite_A_Random	128	64	0.30	Candidate_ModelC	2018	0.953125	0.022095	3553.77
Suite_A_Random	128	64	0.30	B0_Hebbian	2019	0.000000	0.391113	510.53
Suite_A_Random	128	64	0.30	B1_Pseudoinverse	2019	0.000000	0.368896	290.86
Suite_A_Random	128	64	0.30	B2_1NN_Oracle	2019	1.000000	0.000000	2.84
Suite_A_Random	128	64	0.30	B3_PolynomialDAM	2019	1.000000	0.000000	807.05
Suite_A_Random	128	64	0.30	B4_ModernHopfield	2019	1.000000	0.000000	66.30
Suite_A_Random	128	64	0.30	Candidate_ModelC	2019	0.953125	0.019775	2798.89
Suite_A_Random	128	64	0.30	B0_Hebbian	2020	0.000000	0.367432	373.70
Suite_A_Random	128	64	0.30	B1_Pseudoinverse	2020	0.000000	0.352539	600.36
Suite_A_Random	128	64	0.30	B2_1NN_Oracle	2020	0.984375	0.007568	60.42
Suite_A_Random	128	64	0.30	B3_PolynomialDAM	2020	0.937500	0.030396	2055.72
Suite_A_Random	128	64	0.30	B4_ModernHopfield	2020	0.984375	0.007202	37.44
Suite_A_Random	128	64	0.30	Candidate_ModelC	2020	0.953125	0.021851	4121.12
Suite_A_Random	128	64	0.40	B0_Hebbian	2001	0.000000	0.448975	1950.14
Suite_A_Random	128	64	0.40	B1_Pseudoinverse	2001	0.000000	0.427246	847.88
Suite_A_Random	128	64	0.40	B2_1NN_Oracle	2001	0.421875	0.286133	3.05
Suite_A_Random	128	64	0.40	B3_PolynomialDAM	2001	0.421875	0.278076	2479.80
Suite_A_Random	128	64	0.40	B4_ModernHopfield	2001	0.578125	0.198853	125.33
Suite_A_Random	128	64	0.40	Candidate_ModelC	2001	0.421875	0.271118	5601.02
Suite_A_Random	128	64	0.40	B0_Hebbian	2002	0.000000	0.452637	896.91
Suite_A_Random	128	64	0.40	B1_Pseudoinverse	2002	0.000000	0.430908	726.84
Suite_A_Random	128	64	0.40	B2_1NN_Oracle	2002	0.578125	0.199097	3.61
Suite_A_Random	128	64	0.40	B3_PolynomialDAM	2002	0.359375	0.311279	2977.95
Suite_A_Random	128	64	0.40	B4_ModernHopfield	2002	0.468750	0.250854	172.88
Suite_A_Random	128	64	0.40	Candidate_ModelC	2002	0.468750	0.260010	4904.88
Suite_A_Random	128	64	0.40	B0_Hebbian	2003	0.000000	0.456787	742.66
Suite_A_Random	128	64	0.40	B1_Pseudoinverse	2003	0.000000	0.433228	611.27
Suite_A_Random	128	64	0.40	B2_1NN_Oracle	2003	0.484375	0.253784	3.28
Suite_A_Random	128	64	0.40	B3_PolynomialDAM	2003	0.359375	0.304321	2547.45
Suite_A_Random	128	64	0.40	B4_ModernHopfield	2003	0.515625	0.231201	96.80
Suite_A_Random	128	64	0.40	Candidate_ModelC	2003	0.562500	0.202271	5835.58
Suite_A_Random	128	64	0.40	B0_Hebbian	2004	0.000000	0.442017	948.06
Suite_A_Random	128	64	0.40	B1_Pseudoinverse	2004	0.000000	0.414185	311.14
Suite_A_Random	128	64	0.40	B2_1NN_Oracle	2004	0.546875	0.220093	3.09
Suite_A_Random	128	64	0.40	B3_PolynomialDAM	2004	0.406250	0.281616	805.12
Suite_A_Random	128	64	0.40	B4_ModernHopfield	2004	0.515625	0.229126	30.08
Suite_A_Random	128	64	0.40	Candidate_ModelC	2004	0.390625	0.288574	2693.39
Suite_A_Random	128	64	0.40	B0_Hebbian	2005	0.000000	0.440186	1001.27
Suite_A_Random	128	64	0.40	B1_Pseudoinverse	2005	0.000000	0.431030	436.70
Suite_A_Random	128	64	0.40	B2_1NN_Oracle	2005	0.515625	0.234863	42.92
Suite_A_Random	128	64	0.40	B3_PolynomialDAM	2005	0.359375	0.306519	2041.38
Suite_A_Random	128	64	0.40	B4_ModernHopfield	2005	0.609375	0.183472	67.61
Suite_A_Random	128	64	0.40	Candidate_ModelC	2005	0.453125	0.265381	5939.98
Suite_A_Random	128	64	0.40	B0_Hebbian	2006	0.000000	0.447632	766.77
Suite_A_Random	128	64	0.40	B1_Pseudoinverse	2006	0.000000	0.436157	603.53
Suite_A_Random	128	64	0.40	B2_1NN_Oracle	2006	0.390625	0.294067	4.27
Suite_A_Random	128	64	0.40	B3_PolynomialDAM	2006	0.421875	0.275391	2827.64
Suite_A_Random	128	64	0.40	B4_ModernHopfield	2006	0.406250	0.284302	76.39
Suite_A_Random	128	64	0.40	Candidate_ModelC	2006	0.375000	0.311890	2012.39
Suite_A_Random	128	64	0.40	B0_Hebbian	2007	0.000000	0.441162	382.12
Suite_A_Random	128	64	0.40	B1_Pseudoinverse	2007	0.000000	0.423584	217.89
Suite_A_Random	128	64	0.40	B2_1NN_Oracle	2007	0.546875	0.223145	3.05
Suite_A_Random	128	64	0.40	B3_PolynomialDAM	2007	0.468750	0.254150	1698.38
Suite_A_Random	128	64	0.40	B4_ModernHopfield	2007	0.500000	0.235352	26.91
Suite_A_Random	128	64	0.40	Candidate_ModelC	2007	0.406250	0.293945	1420.62
Suite_A_Random	128	64	0.40	B0_Hebbian	2008	0.000000	0.449829	578.89
Suite_A_Random	128	64	0.40	B1_Pseudoinverse	2008	0.000000	0.429565	746.00
Suite_A_Random	128	64	0.40	B2_1NN_Oracle	2008	0.500000	0.243042	4.81
Suite_A_Random	128	64	0.40	B3_PolynomialDAM	2008	0.437500	0.277466	1903.06
Suite_A_Random	128	64	0.40	B4_ModernHopfield	2008	0.484375	0.258423	91.17
Suite_A_Random	128	64	0.40	Candidate_ModelC	2008	0.375000	0.303345	4773.53
Suite_A_Random	128	64	0.40	B0_Hebbian	2009	0.000000	0.428101	571.95
Suite_A_Random	128	64	0.40	B1_Pseudoinverse	2009	0.000000	0.420166	740.62
Suite_A_Random	128	64	0.40	B2_1NN_Oracle	2009	0.484375	0.246460	4.25
Suite_A_Random	128	64	0.40	B3_PolynomialDAM	2009	0.390625	0.283447	1856.17
Suite_A_Random	128	64	0.40	B4_ModernHopfield	2009	0.500000	0.233154	30.03
Suite_A_Random	128	64	0.40	Candidate_ModelC	2009	0.296875	0.341675	2163.25
Suite_A_Random	128	64	0.40	B0_Hebbian	2010	0.000000	0.464722	522.50
Suite_A_Random	128	64	0.40	B1_Pseudoinverse	2010	0.000000	0.434448	862.64
Suite_A_Random	128	64	0.40	B2_1NN_Oracle	2010	0.578125	0.202637	3.97
Suite_A_Random	128	64	0.40	B3_PolynomialDAM	2010	0.453125	0.268677	2571.03
Suite_A_Random	128	64	0.40	B4_ModernHopfield	2010	0.578125	0.196777	96.58
Suite_A_Random	128	64	0.40	Candidate_ModelC	2010	0.375000	0.300293	4625.06
Suite_A_Random	128	64	0.40	B0_Hebbian	2011	0.000000	0.425415	1195.56
Suite_A_Random	128	64	0.40	B1_Pseudoinverse	2011	0.000000	0.453979	1364.80
Suite_A_Random	128	64	0.40	B2_1NN_Oracle	2011	0.500000	0.242920	4.02
Suite_A_Random	128	64	0.40	B3_PolynomialDAM	2011	0.406250	0.290283	3083.81
Suite_A_Random	128	64	0.40	B4_ModernHopfield	2011	0.515625	0.234253	46.00
Suite_A_Random	128	64	0.40	Candidate_ModelC	2011	0.421875	0.276733	6799.78
Suite_A_Random	128	64	0.40	B0_Hebbian	2012	0.000000	0.439331	1221.69
Suite_A_Random	128	64	0.40	B1_Pseudoinverse	2012	0.000000	0.434326	1169.48
Suite_A_Random	128	64	0.40	B2_1NN_Oracle	2012	0.468750	0.260986	4.66
Suite_A_Random	128	64	0.40	B3_PolynomialDAM	2012	0.343750	0.307861	2723.27
Suite_A_Random	128	64	0.40	B4_ModernHopfield	2012	0.375000	0.301025	112.95
Suite_A_Random	128	64	0.40	Candidate_ModelC	2012	0.296875	0.335449	5338.73
Suite_A_Random	128	64	0.40	B0_Hebbian	2013	0.000000	0.453857	1300.91
Suite_A_Random	128	64	0.40	B1_Pseudoinverse	2013	0.000000	0.433716	576.05
Suite_A_Random	128	64	0.40	B2_1NN_Oracle	2013	0.515625	0.234741	4.17
Suite_A_Random	128	64	0.40	B3_PolynomialDAM	2013	0.390625	0.292236	2492.67
Suite_A_Random	128	64	0.40	B4_ModernHopfield	2013	0.531250	0.232788	109.81
Suite_A_Random	128	64	0.40	Candidate_ModelC	2013	0.390625	0.297119	6634.91
Suite_A_Random	128	64	0.40	B0_Hebbian	2014	0.000000	0.435791	792.20
Suite_A_Random	128	64	0.40	B1_Pseudoinverse	2014	0.000000	0.437134	781.92
Suite_A_Random	128	64	0.40	B2_1NN_Oracle	2014	0.515625	0.238647	4.11
Suite_A_Random	128	64	0.40	B3_PolynomialDAM	2014	0.390625	0.289795	2758.05
Suite_A_Random	128	64	0.40	B4_ModernHopfield	2014	0.500000	0.232666	110.70
Suite_A_Random	128	64	0.40	Candidate_ModelC	2014	0.421875	0.286133	5959.86
Suite_A_Random	128	64	0.40	B0_Hebbian	2015	0.000000	0.442139	1214.31
Suite_A_Random	128	64	0.40	B1_Pseudoinverse	2015	0.000000	0.425415	919.56
Suite_A_Random	128	64	0.40	B2_1NN_Oracle	2015	0.390625	0.293701	3.00
Suite_A_Random	128	64	0.40	B3_PolynomialDAM	2015	0.390625	0.290771	3035.62
Suite_A_Random	128	64	0.40	B4_ModernHopfield	2015	0.484375	0.250122	280.05
Suite_A_Random	128	64	0.40	Candidate_ModelC	2015	0.359375	0.312622	5869.05
Suite_A_Random	128	64	0.40	B0_Hebbian	2016	0.000000	0.433594	1805.64
Suite_A_Random	128	64	0.40	B1_Pseudoinverse	2016	0.000000	0.447266	781.17
Suite_A_Random	128	64	0.40	B2_1NN_Oracle	2016	0.500000	0.243164	4.23
Suite_A_Random	128	64	0.40	B3_PolynomialDAM	2016	0.421875	0.271606	2218.67
Suite_A_Random	128	64	0.40	B4_ModernHopfield	2016	0.453125	0.257446	179.16
Suite_A_Random	128	64	0.40	Candidate_ModelC	2016	0.343750	0.317505	6038.20
Suite_A_Random	128	64	0.40	B0_Hebbian	2017	0.000000	0.441162	918.70
Suite_A_Random	128	64	0.40	B1_Pseudoinverse	2017	0.000000	0.428833	848.34
Suite_A_Random	128	64	0.40	B2_1NN_Oracle	2017	0.453125	0.259033	4.08
Suite_A_Random	128	64	0.40	B3_PolynomialDAM	2017	0.343750	0.309692	2965.92
Suite_A_Random	128	64	0.40	B4_ModernHopfield	2017	0.437500	0.269653	171.47
Suite_A_Random	128	64	0.40	Candidate_ModelC	2017	0.468750	0.252319	5031.80
Suite_A_Random	128	64	0.40	B0_Hebbian	2018	0.000000	0.431030	778.27
Suite_A_Random	128	64	0.40	B1_Pseudoinverse	2018	0.000000	0.425781	1024.27
Suite_A_Random	128	64	0.40	B2_1NN_Oracle	2018	0.484375	0.255005	4.78
Suite_A_Random	128	64	0.40	B3_PolynomialDAM	2018	0.281250	0.341797	2365.22
Suite_A_Random	128	64	0.40	B4_ModernHopfield	2018	0.515625	0.228882	27.17
Suite_A_Random	128	64	0.40	Candidate_ModelC	2018	0.453125	0.261963	5436.30
Suite_A_Random	128	64	0.40	B0_Hebbian	2019	0.000000	0.437744	805.38
Suite_A_Random	128	64	0.40	B1_Pseudoinverse	2019	0.000000	0.442505	1052.22
Suite_A_Random	128	64	0.40	B2_1NN_Oracle	2019	0.562500	0.204468	4.09
Suite_A_Random	128	64	0.40	B3_PolynomialDAM	2019	0.437500	0.267090	3257.30
Suite_A_Random	128	64	0.40	B4_ModernHopfield	2019	0.593750	0.185425	81.55
Suite_A_Random	128	64	0.40	Candidate_ModelC	2019	0.406250	0.286987	4662.70
Suite_A_Random	128	64	0.40	B0_Hebbian	2020	0.000000	0.433472	746.83
Suite_A_Random	128	64	0.40	B1_Pseudoinverse	2020	0.000000	0.439331	779.55
Suite_A_Random	128	64	0.40	B2_1NN_Oracle	2020	0.453125	0.262939	5.42
Suite_A_Random	128	64	0.40	B3_PolynomialDAM	2020	0.437500	0.267578	3156.22
Suite_A_Random	128	64	0.40	B4_ModernHopfield	2020	0.515625	0.233765	121.78
Suite_A_Random	128	64	0.40	Candidate_ModelC	2020	0.343750	0.312134	4490.73
Suite_A_Random	128	128	0.10	B0_Hebbian	2001	0.000000	0.346558	1321.30
Suite_A_Random	128	128	0.10	B1_Pseudoinverse	2001	0.000000	0.181824	361.84
Suite_A_Random	128	128	0.10	B2_1NN_Oracle	2001	1.000000	0.000000	5.88
Suite_A_Random	128	128	0.10	B3_PolynomialDAM	2001	1.000000	0.000000	3080.73
Suite_A_Random	128	128	0.10	B4_ModernHopfield	2001	1.000000	0.000000	127.55
Suite_A_Random	128	128	0.10	Candidate_ModelC	2001	1.000000	0.000000	3057.83
Suite_A_Random	128	128	0.10	B0_Hebbian	2002	0.000000	0.360413	555.65
Suite_A_Random	128	128	0.10	B1_Pseudoinverse	2002	0.000000	0.181213	342.41
Suite_A_Random	128	128	0.10	B2_1NN_Oracle	2002	1.000000	0.000000	3.79
Suite_A_Random	128	128	0.10	B3_PolynomialDAM	2002	1.000000	0.000000	1743.85
Suite_A_Random	128	128	0.10	B4_ModernHopfield	2002	1.000000	0.000000	87.84
Suite_A_Random	128	128	0.10	Candidate_ModelC	2002	1.000000	0.000000	3567.79
Suite_A_Random	128	128	0.10	B0_Hebbian	2003	0.000000	0.359131	935.43
Suite_A_Random	128	128	0.10	B1_Pseudoinverse	2003	0.000000	0.176147	159.31
Suite_A_Random	128	128	0.10	B2_1NN_Oracle	2003	1.000000	0.000000	5.52
Suite_A_Random	128	128	0.10	B3_PolynomialDAM	2003	1.000000	0.000000	3663.88
Suite_A_Random	128	128	0.10	B4_ModernHopfield	2003	1.000000	0.000000	362.72
Suite_A_Random	128	128	0.10	Candidate_ModelC	2003	1.000000	0.000000	5049.91
Suite_A_Random	128	128	0.10	B0_Hebbian	2004	0.000000	0.342346	820.12
Suite_A_Random	128	128	0.10	B1_Pseudoinverse	2004	0.000000	0.164856	631.91
Suite_A_Random	128	128	0.10	B2_1NN_Oracle	2004	1.000000	0.000000	5.79
Suite_A_Random	128	128	0.10	B3_PolynomialDAM	2004	1.000000	0.000000	3682.66
Suite_A_Random	128	128	0.10	B4_ModernHopfield	2004	1.000000	0.000000	228.88
Suite_A_Random	128	128	0.10	Candidate_ModelC	2004	1.000000	0.000000	3968.15
Suite_A_Random	128	128	0.10	B0_Hebbian	2005	0.000000	0.344360	1124.84
Suite_A_Random	128	128	0.10	B1_Pseudoinverse	2005	0.000000	0.164978	223.09
Suite_A_Random	128	128	0.10	B2_1NN_Oracle	2005	1.000000	0.000000	4.59
Suite_A_Random	128	128	0.10	B3_PolynomialDAM	2005	1.000000	0.000000	2359.48
Suite_A_Random	128	128	0.10	B4_ModernHopfield	2005	1.000000	0.000000	100.87
Suite_A_Random	128	128	0.10	Candidate_ModelC	2005	1.000000	0.000000	5221.63
Suite_A_Random	128	128	0.10	B0_Hebbian	2006	0.000000	0.372681	1423.10
Suite_A_Random	128	128	0.10	B1_Pseudoinverse	2006	0.000000	0.156921	475.58
Suite_A_Random	128	128	0.10	B2_1NN_Oracle	2006	1.000000	0.000000	4.37
Suite_A_Random	128	128	0.10	B3_PolynomialDAM	2006	1.000000	0.000000	3047.52
Suite_A_Random	128	128	0.10	B4_ModernHopfield	2006	1.000000	0.000000	181.58
Suite_A_Random	128	128	0.10	Candidate_ModelC	2006	1.000000	0.000000	4817.31
Suite_A_Random	128	128	0.10	B0_Hebbian	2007	0.000000	0.355347	1204.13
Suite_A_Random	128	128	0.10	B1_Pseudoinverse	2007	0.000000	0.176025	620.55
Suite_A_Random	128	128	0.10	B2_1NN_Oracle	2007	1.000000	0.000000	6.73
Suite_A_Random	128	128	0.10	B3_PolynomialDAM	2007	1.000000	0.000000	2542.99
Suite_A_Random	128	128	0.10	B4_ModernHopfield	2007	1.000000	0.000000	199.97
Suite_A_Random	128	128	0.10	Candidate_ModelC	2007	1.000000	0.000000	5998.20
Suite_A_Random	128	128	0.10	B0_Hebbian	2008	0.000000	0.355713	1098.30
Suite_A_Random	128	128	0.10	B1_Pseudoinverse	2008	0.000000	0.163391	804.71
Suite_A_Random	128	128	0.10	B2_1NN_Oracle	2008	1.000000	0.000000	5.95
Suite_A_Random	128	128	0.10	B3_PolynomialDAM	2008	1.000000	0.000000	3400.80
Suite_A_Random	128	128	0.10	B4_ModernHopfield	2008	1.000000	0.000000	142.36
Suite_A_Random	128	128	0.10	Candidate_ModelC	2008	1.000000	0.000000	3705.94
Suite_A_Random	128	128	0.10	B0_Hebbian	2009	0.000000	0.352234	1239.65
Suite_A_Random	128	128	0.10	B1_Pseudoinverse	2009	0.000000	0.173218	390.84
Suite_A_Random	128	128	0.10	B2_1NN_Oracle	2009	1.000000	0.000000	4.28
Suite_A_Random	128	128	0.10	B3_PolynomialDAM	2009	1.000000	0.000000	3583.67
Suite_A_Random	128	128	0.10	B4_ModernHopfield	2009	1.000000	0.000000	186.12
Suite_A_Random	128	128	0.10	Candidate_ModelC	2009	1.000000	0.000000	5726.49
Suite_A_Random	128	128	0.10	B0_Hebbian	2010	0.000000	0.341797	856.35
Suite_A_Random	128	128	0.10	B1_Pseudoinverse	2010	0.000000	0.172180	437.44
Suite_A_Random	128	128	0.10	B2_1NN_Oracle	2010	1.000000	0.000000	69.45
Suite_A_Random	128	128	0.10	B3_PolynomialDAM	2010	1.000000	0.000000	3594.60
Suite_A_Random	128	128	0.10	B4_ModernHopfield	2010	1.000000	0.000000	146.09
Suite_A_Random	128	128	0.10	Candidate_ModelC	2010	1.000000	0.000000	2430.05
Suite_A_Random	128	128	0.10	B0_Hebbian	2011	0.000000	0.355408	1239.81
Suite_A_Random	128	128	0.10	B1_Pseudoinverse	2011	0.000000	0.166870	290.18
Suite_A_Random	128	128	0.10	B2_1NN_Oracle	2011	1.000000	0.000000	3.93
Suite_A_Random	128	128	0.10	B3_PolynomialDAM	2011	1.000000	0.000000	3683.02
Suite_A_Random	128	128	0.10	B4_ModernHopfield	2011	1.000000	0.000000	214.84
Suite_A_Random	128	128	0.10	Candidate_ModelC	2011	1.000000	0.000000	4384.05
Suite_A_Random	128	128	0.10	B0_Hebbian	2012	0.000000	0.376892	749.10
Suite_A_Random	128	128	0.10	B1_Pseudoinverse	2012	0.000000	0.169128	629.22
Suite_A_Random	128	128	0.10	B2_1NN_Oracle	2012	1.000000	0.000000	4.36
Suite_A_Random	128	128	0.10	B3_PolynomialDAM	2012	1.000000	0.000000	4463.85
Suite_A_Random	128	128	0.10	B4_ModernHopfield	2012	1.000000	0.000000	307.95
Suite_A_Random	128	128	0.10	Candidate_ModelC	2012	1.000000	0.000000	4490.21
Suite_A_Random	128	128	0.10	B0_Hebbian	2013	0.000000	0.344299	735.87
Suite_A_Random	128	128	0.10	B1_Pseudoinverse	2013	0.000000	0.150391	315.23
Suite_A_Random	128	128	0.10	B2_1NN_Oracle	2013	1.000000	0.000000	3.89
Suite_A_Random	128	128	0.10	B3_PolynomialDAM	2013	1.000000	0.000000	2948.41
Suite_A_Random	128	128	0.10	B4_ModernHopfield	2013	1.000000	0.000000	183.48
Suite_A_Random	128	128	0.10	Candidate_ModelC	2013	1.000000	0.000000	5610.90
Suite_A_Random	128	128	0.10	B0_Hebbian	2014	0.000000	0.348511	545.30
Suite_A_Random	128	128	0.10	B1_Pseudoinverse	2014	0.000000	0.175354	687.62
Suite_A_Random	128	128	0.10	B2_1NN_Oracle	2014	1.000000	0.000000	5.98
Suite_A_Random	128	128	0.10	B3_PolynomialDAM	2014	1.000000	0.000000	3293.86
Suite_A_Random	128	128	0.10	B4_ModernHopfield	2014	1.000000	0.000000	211.02
Suite_A_Random	128	128	0.10	Candidate_ModelC	2014	1.000000	0.000000	6225.24
Suite_A_Random	128	128	0.10	B0_Hebbian	2015	0.000000	0.374390	824.74
Suite_A_Random	128	128	0.10	B1_Pseudoinverse	2015	0.000000	0.174805	445.06
Suite_A_Random	128	128	0.10	B2_1NN_Oracle	2015	1.000000	0.000000	4.52
Suite_A_Random	128	128	0.10	B3_PolynomialDAM	2015	1.000000	0.000000	2163.95
Suite_A_Random	128	128	0.10	B4_ModernHopfield	2015	1.000000	0.000000	65.66
Suite_A_Random	128	128	0.10	Candidate_ModelC	2015	1.000000	0.000000	4529.15
Suite_A_Random	128	128	0.10	B0_Hebbian	2016	0.000000	0.343506	1242.23
Suite_A_Random	128	128	0.10	B1_Pseudoinverse	2016	0.000000	0.171387	619.42
Suite_A_Random	128	128	0.10	B2_1NN_Oracle	2016	1.000000	0.000000	6.34
Suite_A_Random	128	128	0.10	B3_PolynomialDAM	2016	1.000000	0.000000	3971.04
Suite_A_Random	128	128	0.10	B4_ModernHopfield	2016	1.000000	0.000000	236.07
Suite_A_Random	128	128	0.10	Candidate_ModelC	2016	1.000000	0.000000	5040.26
Suite_A_Random	128	128	0.10	B0_Hebbian	2017	0.000000	0.348083	655.93
Suite_A_Random	128	128	0.10	B1_Pseudoinverse	2017	0.000000	0.174316	270.16
Suite_A_Random	128	128	0.10	B2_1NN_Oracle	2017	1.000000	0.000000	4.09
Suite_A_Random	128	128	0.10	B3_PolynomialDAM	2017	1.000000	0.000000	2727.27
Suite_A_Random	128	128	0.10	B4_ModernHopfield	2017	1.000000	0.000000	268.48
Suite_A_Random	128	128	0.10	Candidate_ModelC	2017	1.000000	0.000000	4253.95
Suite_A_Random	128	128	0.10	B0_Hebbian	2018	0.000000	0.348328	827.96
Suite_A_Random	128	128	0.10	B1_Pseudoinverse	2018	0.000000	0.160339	395.12
Suite_A_Random	128	128	0.10	B2_1NN_Oracle	2018	1.000000	0.000000	49.18
Suite_A_Random	128	128	0.10	B3_PolynomialDAM	2018	1.000000	0.000000	4427.87
Suite_A_Random	128	128	0.10	B4_ModernHopfield	2018	1.000000	0.000000	201.84
Suite_A_Random	128	128	0.10	Candidate_ModelC	2018	1.000000	0.000000	4108.83
Suite_A_Random	128	128	0.10	B0_Hebbian	2019	0.000000	0.339355	470.52
Suite_A_Random	128	128	0.10	B1_Pseudoinverse	2019	0.000000	0.169800	182.98
Suite_A_Random	128	128	0.10	B2_1NN_Oracle	2019	1.000000	0.000000	3.96
Suite_A_Random	128	128	0.10	B3_PolynomialDAM	2019	1.000000	0.000000	4125.64
Suite_A_Random	128	128	0.10	B4_ModernHopfield	2019	1.000000	0.000000	209.82
Suite_A_Random	128	128	0.10	Candidate_ModelC	2019	1.000000	0.000000	6235.26
Suite_A_Random	128	128	0.10	B0_Hebbian	2020	0.000000	0.329163	603.09
Suite_A_Random	128	128	0.10	B1_Pseudoinverse	2020	0.000000	0.163330	519.98
Suite_A_Random	128	128	0.10	B2_1NN_Oracle	2020	1.000000	0.000000	3.98
Suite_A_Random	128	128	0.10	B3_PolynomialDAM	2020	1.000000	0.000000	3493.66
Suite_A_Random	128	128	0.10	B4_ModernHopfield	2020	1.000000	0.000000	274.54
Suite_A_Random	128	128	0.10	Candidate_ModelC	2020	1.000000	0.000000	4029.91
Suite_A_Random	128	128	0.20	B0_Hebbian	2001	0.000000	0.369568	1300.47
Suite_A_Random	128	128	0.20	B1_Pseudoinverse	2001	0.000000	0.279358	833.76
Suite_A_Random	128	128	0.20	B2_1NN_Oracle	2001	1.000000	0.000000	6.17
Suite_A_Random	128	128	0.20	B3_PolynomialDAM	2001	1.000000	0.000000	4209.05
Suite_A_Random	128	128	0.20	B4_ModernHopfield	2001	1.000000	0.000000	253.57
Suite_A_Random	128	128	0.20	Candidate_ModelC	2001	1.000000	0.000000	6611.94
Suite_A_Random	128	128	0.20	B0_Hebbian	2002	0.000000	0.383606	798.62
Suite_A_Random	128	128	0.20	B1_Pseudoinverse	2002	0.000000	0.277710	296.72
Suite_A_Random	128	128	0.20	B2_1NN_Oracle	2002	1.000000	0.000000	36.95
Suite_A_Random	128	128	0.20	B3_PolynomialDAM	2002	1.000000	0.000000	3388.60
Suite_A_Random	128	128	0.20	B4_ModernHopfield	2002	1.000000	0.000000	229.04
Suite_A_Random	128	128	0.20	Candidate_ModelC	2002	1.000000	0.000000	5963.51
Suite_A_Random	128	128	0.20	B0_Hebbian	2003	0.000000	0.389648	905.32
Suite_A_Random	128	128	0.20	B1_Pseudoinverse	2003	0.000000	0.276001	408.33
Suite_A_Random	128	128	0.20	B2_1NN_Oracle	2003	1.000000	0.000000	5.88
Suite_A_Random	128	128	0.20	B3_PolynomialDAM	2003	1.000000	0.000000	3335.27
Suite_A_Random	128	128	0.20	B4_ModernHopfield	2003	1.000000	0.000000	174.76
Suite_A_Random	128	128	0.20	Candidate_ModelC	2003	0.992188	0.003540	5821.20
Suite_A_Random	128	128	0.20	B0_Hebbian	2004	0.000000	0.370300	991.97
Suite_A_Random	128	128	0.20	B1_Pseudoinverse	2004	0.000000	0.256836	425.02
Suite_A_Random	128	128	0.20	B2_1NN_Oracle	2004	1.000000	0.000000	4.33
Suite_A_Random	128	128	0.20	B3_PolynomialDAM	2004	1.000000	0.000000	3954.34
Suite_A_Random	128	128	0.20	B4_ModernHopfield	2004	1.000000	0.000000	271.36
Suite_A_Random	128	128	0.20	Candidate_ModelC	2004	1.000000	0.000000	4855.81
Suite_A_Random	128	128	0.20	B0_Hebbian	2005	0.000000	0.367981	845.48
Suite_A_Random	128	128	0.20	B1_Pseudoinverse	2005	0.000000	0.269714	461.84
Suite_A_Random	128	128	0.20	B2_1NN_Oracle	2005	1.000000	0.000000	37.67
Suite_A_Random	128	128	0.20	B3_PolynomialDAM	2005	1.000000	0.000000	3560.55
Suite_A_Random	128	128	0.20	B4_ModernHopfield	2005	1.000000	0.000000	257.61
Suite_A_Random	128	128	0.20	Candidate_ModelC	2005	1.000000	0.000000	5608.72
Suite_A_Random	128	128	0.20	B0_Hebbian	2006	0.000000	0.392883	1015.29
Suite_A_Random	128	128	0.20	B1_Pseudoinverse	2006	0.000000	0.253479	473.52
Suite_A_Random	128	128	0.20	B2_1NN_Oracle	2006	1.000000	0.000000	36.45
Suite_A_Random	128	128	0.20	B3_PolynomialDAM	2006	1.000000	0.000000	3620.82
Suite_A_Random	128	128	0.20	B4_ModernHopfield	2006	1.000000	0.000000	143.77
Suite_A_Random	128	128	0.20	Candidate_ModelC	2006	1.000000	0.000000	3772.29
Suite_A_Random	128	128	0.20	B0_Hebbian	2007	0.000000	0.381592	1069.12
Suite_A_Random	128	128	0.20	B1_Pseudoinverse	2007	0.000000	0.278137	718.42
Suite_A_Random	128	128	0.20	B2_1NN_Oracle	2007	1.000000	0.000000	5.87
Suite_A_Random	128	128	0.20	B3_PolynomialDAM	2007	1.000000	0.000000	3370.16
Suite_A_Random	128	128	0.20	B4_ModernHopfield	2007	1.000000	0.000000	219.44
Suite_A_Random	128	128	0.20	Candidate_ModelC	2007	1.000000	0.000000	4840.73
Suite_A_Random	128	128	0.20	B0_Hebbian	2008	0.000000	0.380371	1120.23
Suite_A_Random	128	128	0.20	B1_Pseudoinverse	2008	0.000000	0.266296	336.81
Suite_A_Random	128	128	0.20	B2_1NN_Oracle	2008	1.000000	0.000000	6.43
Suite_A_Random	128	128	0.20	B3_PolynomialDAM	2008	1.000000	0.000000	3542.74
Suite_A_Random	128	128	0.20	B4_ModernHopfield	2008	1.000000	0.000000	184.24
Suite_A_Random	128	128	0.20	Candidate_ModelC	2008	1.000000	0.000000	5346.94
Suite_A_Random	128	128	0.20	B0_Hebbian	2009	0.000000	0.374329	1361.09
Suite_A_Random	128	128	0.20	B1_Pseudoinverse	2009	0.000000	0.269592	430.00
Suite_A_Random	128	128	0.20	B2_1NN_Oracle	2009	1.000000	0.000000	4.15
Suite_A_Random	128	128	0.20	B3_PolynomialDAM	2009	1.000000	0.000000	3103.60
Suite_A_Random	128	128	0.20	B4_ModernHopfield	2009	1.000000	0.000000	382.95
Suite_A_Random	128	128	0.20	Candidate_ModelC	2009	1.000000	0.000000	3666.70
Suite_A_Random	128	128	0.20	B0_Hebbian	2010	0.000000	0.371582	1091.31
Suite_A_Random	128	128	0.20	B1_Pseudoinverse	2010	0.000000	0.267334	584.73
Suite_A_Random	128	128	0.20	B2_1NN_Oracle	2010	1.000000	0.000000	9.30
Suite_A_Random	128	128	0.20	B3_PolynomialDAM	2010	1.000000	0.000000	3151.21
Suite_A_Random	128	128	0.20	B4_ModernHopfield	2010	1.000000	0.000000	125.29
Suite_A_Random	128	128	0.20	Candidate_ModelC	2010	1.000000	0.000000	3258.18
Suite_A_Random	128	128	0.20	B0_Hebbian	2011	0.000000	0.387573	1426.21
Suite_A_Random	128	128	0.20	B1_Pseudoinverse	2011	0.000000	0.269104	660.57
Suite_A_Random	128	128	0.20	B2_1NN_Oracle	2011	1.000000	0.000000	6.78
Suite_A_Random	128	128	0.20	B3_PolynomialDAM	2011	1.000000	0.000000	4315.98
Suite_A_Random	128	128	0.20	B4_ModernHopfield	2011	1.000000	0.000000	305.15
Suite_A_Random	128	128	0.20	Candidate_ModelC	2011	1.000000	0.000000	6031.48
Suite_A_Random	128	128	0.20	B0_Hebbian	2012	0.000000	0.391174	858.80
Suite_A_Random	128	128	0.20	B1_Pseudoinverse	2012	0.000000	0.261536	649.84
Suite_A_Random	128	128	0.20	B2_1NN_Oracle	2012	1.000000	0.000000	5.80
Suite_A_Random	128	128	0.20	B3_PolynomialDAM	2012	1.000000	0.000000	3810.77
Suite_A_Random	128	128	0.20	B4_ModernHopfield	2012	1.000000	0.000000	119.54
Suite_A_Random	128	128	0.20	Candidate_ModelC	2012	1.000000	0.000000	5159.77
Suite_A_Random	128	128	0.20	B0_Hebbian	2013	0.000000	0.371460	1283.27
Suite_A_Random	128	128	0.20	B1_Pseudoinverse	2013	0.000000	0.247253	635.02
Suite_A_Random	128	128	0.20	B2_1NN_Oracle	2013	1.000000	0.000000	5.91
Suite_A_Random	128	128	0.20	B3_PolynomialDAM	2013	1.000000	0.000000	4347.41
Suite_A_Random	128	128	0.20	B4_ModernHopfield	2013	1.000000	0.000000	344.45
Suite_A_Random	128	128	0.20	Candidate_ModelC	2013	1.000000	0.000000	4911.43
Suite_A_Random	128	128	0.20	B0_Hebbian	2014	0.000000	0.377136	661.35
Suite_A_Random	128	128	0.20	B1_Pseudoinverse	2014	0.000000	0.269226	435.09
Suite_A_Random	128	128	0.20	B2_1NN_Oracle	2014	1.000000	0.000000	8.53
Suite_A_Random	128	128	0.20	B3_PolynomialDAM	2014	1.000000	0.000000	3662.27
Suite_A_Random	128	128	0.20	B4_ModernHopfield	2014	1.000000	0.000000	139.34
Suite_A_Random	128	128	0.20	Candidate_ModelC	2014	1.000000	0.000000	6046.27
Suite_A_Random	128	128	0.20	B0_Hebbian	2015	0.000000	0.403809	1058.74
Suite_A_Random	128	128	0.20	B1_Pseudoinverse	2015	0.000000	0.264221	474.82
Suite_A_Random	128	128	0.20	B2_1NN_Oracle	2015	1.000000	0.000000	6.05
Suite_A_Random	128	128	0.20	B3_PolynomialDAM	2015	1.000000	0.000000	4091.88
Suite_A_Random	128	128	0.20	B4_ModernHopfield	2015	1.000000	0.000000	191.12
Suite_A_Random	128	128	0.20	Candidate_ModelC	2015	1.000000	0.000000	5671.20
Suite_A_Random	128	128	0.20	B0_Hebbian	2016	0.000000	0.379639	1052.99
Suite_A_Random	128	128	0.20	B1_Pseudoinverse	2016	0.000000	0.267944	681.91
Suite_A_Random	128	128	0.20	B2_1NN_Oracle	2016	1.000000	0.000000	4.15
Suite_A_Random	128	128	0.20	B3_PolynomialDAM	2016	1.000000	0.000000	3908.63
Suite_A_Random	128	128	0.20	B4_ModernHopfield	2016	1.000000	0.000000	191.45
Suite_A_Random	128	128	0.20	Candidate_ModelC	2016	1.000000	0.000000	5536.03
Suite_A_Random	128	128	0.20	B0_Hebbian	2017	0.000000	0.377625	388.86
Suite_A_Random	128	128	0.20	B1_Pseudoinverse	2017	0.000000	0.271790	144.55
Suite_A_Random	128	128	0.20	B2_1NN_Oracle	2017	1.000000	0.000000	6.38
Suite_A_Random	128	128	0.20	B3_PolynomialDAM	2017	1.000000	0.000000	3043.88
Suite_A_Random	128	128	0.20	B4_ModernHopfield	2017	1.000000	0.000000	87.87
Suite_A_Random	128	128	0.20	Candidate_ModelC	2017	1.000000	0.000000	4315.49
Suite_A_Random	128	128	0.20	B0_Hebbian	2018	0.000000	0.380859	639.91
Suite_A_Random	128	128	0.20	B1_Pseudoinverse	2018	0.000000	0.257507	368.81
Suite_A_Random	128	128	0.20	B2_1NN_Oracle	2018	1.000000	0.000000	4.51
Suite_A_Random	128	128	0.20	B3_PolynomialDAM	2018	1.000000	0.000000	3748.57
Suite_A_Random	128	128	0.20	B4_ModernHopfield	2018	1.000000	0.000000	216.67
Suite_A_Random	128	128	0.20	Candidate_ModelC	2018	1.000000	0.000000	4544.34
Suite_A_Random	128	128	0.20	B0_Hebbian	2019	0.000000	0.373596	823.02
Suite_A_Random	128	128	0.20	B1_Pseudoinverse	2019	0.000000	0.268250	410.69
Suite_A_Random	128	128	0.20	B2_1NN_Oracle	2019	1.000000	0.000000	5.70
Suite_A_Random	128	128	0.20	B3_PolynomialDAM	2019	1.000000	0.000000	3055.01
Suite_A_Random	128	128	0.20	B4_ModernHopfield	2019	1.000000	0.000000	295.79
Suite_A_Random	128	128	0.20	Candidate_ModelC	2019	1.000000	0.000000	5644.97
Suite_A_Random	128	128	0.20	B0_Hebbian	2020	0.000000	0.362732	686.52
Suite_A_Random	128	128	0.20	B1_Pseudoinverse	2020	0.000000	0.259155	316.82
Suite_A_Random	128	128	0.20	B2_1NN_Oracle	2020	1.000000	0.000000	4.62
Suite_A_Random	128	128	0.20	B3_PolynomialDAM	2020	1.000000	0.000000	2761.29
Suite_A_Random	128	128	0.20	B4_ModernHopfield	2020	1.000000	0.000000	96.91
Suite_A_Random	128	128	0.20	Candidate_ModelC	2020	1.000000	0.000000	4837.44
Suite_A_Random	128	128	0.30	B0_Hebbian	2001	0.000000	0.411133	1536.36
Suite_A_Random	128	128	0.30	B1_Pseudoinverse	2001	0.000000	0.353577	595.40
Suite_A_Random	128	128	0.30	B2_1NN_Oracle	2001	0.976562	0.011230	5.86
Suite_A_Random	128	128	0.30	B3_PolynomialDAM	2001	0.890625	0.050415	5787.10
Suite_A_Random	128	128	0.30	B4_ModernHopfield	2001	0.960938	0.018982	194.09
Suite_A_Random	128	128	0.30	Candidate_ModelC	2001	0.859375	0.064575	8365.33
Suite_A_Random	128	128	0.30	B0_Hebbian	2002	0.000000	0.419922	937.90
Suite_A_Random	128	128	0.30	B1_Pseudoinverse	2002	0.000000	0.353210	464.03
Suite_A_Random	128	128	0.30	B2_1NN_Oracle	2002	0.953125	0.021057	7.96
Suite_A_Random	128	128	0.30	B3_PolynomialDAM	2002	0.875000	0.057800	4930.98
Suite_A_Random	128	128	0.30	B4_ModernHopfield	2002	0.968750	0.015259	128.55
Suite_A_Random	128	128	0.30	Candidate_ModelC	2002	0.828125	0.080750	8934.07
Suite_A_Random	128	128	0.30	B0_Hebbian	2003	0.000000	0.427673	843.29
Suite_A_Random	128	128	0.30	B1_Pseudoinverse	2003	0.000000	0.356140	583.20
Suite_A_Random	128	128	0.30	B2_1NN_Oracle	2003	0.968750	0.014709	64.02
Suite_A_Random	128	128	0.30	B3_PolynomialDAM	2003	0.906250	0.043945	5795.35
Suite_A_Random	128	128	0.30	B4_ModernHopfield	2003	0.976562	0.010132	222.88
Suite_A_Random	128	128	0.30	Candidate_ModelC	2003	0.921875	0.037048	4877.44
Suite_A_Random	128	128	0.30	B0_Hebbian	2004	0.000000	0.402893	1074.79
Suite_A_Random	128	128	0.30	B1_Pseudoinverse	2004	0.000000	0.344238	742.29
Suite_A_Random	128	128	0.30	B2_1NN_Oracle	2004	0.968750	0.015137	4.60
Suite_A_Random	128	128	0.30	B3_PolynomialDAM	2004	0.929688	0.031494	5384.09
Suite_A_Random	128	128	0.30	B4_ModernHopfield	2004	0.953125	0.020935	228.69
Suite_A_Random	128	128	0.30	Candidate_ModelC	2004	0.906250	0.041870	6097.48
Suite_A_Random	128	128	0.30	B0_Hebbian	2005	0.000000	0.405212	628.59
Suite_A_Random	128	128	0.30	B1_Pseudoinverse	2005	0.000000	0.349182	602.12
Suite_A_Random	128	128	0.30	B2_1NN_Oracle	2005	0.953125	0.023376	6.28
Suite_A_Random	128	128	0.30	B3_PolynomialDAM	2005	0.906250	0.044067	3109.87
Suite_A_Random	128	128	0.30	B4_ModernHopfield	2005	0.968750	0.015381	216.51
Suite_A_Random	128	128	0.30	Candidate_ModelC	2005	0.906250	0.044861	5293.78
Suite_A_Random	128	128	0.30	B0_Hebbian	2006	0.000000	0.420776	1550.91
Suite_A_Random	128	128	0.30	B1_Pseudoinverse	2006	0.000000	0.338013	584.30
Suite_A_Random	128	128	0.30	B2_1NN_Oracle	2006	0.960938	0.017212	6.55
Suite_A_Random	128	128	0.30	B3_PolynomialDAM	2006	0.882812	0.053284	5102.02
Suite_A_Random	128	128	0.30	B4_ModernHopfield	2006	0.968750	0.014160	302.05
Suite_A_Random	128	128	0.30	Candidate_ModelC	2006	0.937500	0.026367	6068.99
Suite_A_Random	128	128	0.30	B0_Hebbian	2007	0.000000	0.413696	1179.95
Suite_A_Random	128	128	0.30	B1_Pseudoinverse	2007	0.000000	0.357483	419.53
Suite_A_Random	128	128	0.30	B2_1NN_Oracle	2007	0.976562	0.012390	4.41
Suite_A_Random	128	128	0.30	B3_PolynomialDAM	2007	0.914062	0.040771	4280.81
Suite_A_Random	128	128	0.30	B4_ModernHopfield	2007	0.960938	0.016479	71.66
Suite_A_Random	128	128	0.30	Candidate_ModelC	2007	0.898438	0.044861	5712.94
Suite_A_Random	128	128	0.30	B0_Hebbian	2008	0.000000	0.418762	1500.38
Suite_A_Random	128	128	0.30	B1_Pseudoinverse	2008	0.000000	0.341370	545.00
Suite_A_Random	128	128	0.30	B2_1NN_Oracle	2008	0.984375	0.007874	5.69
Suite_A_Random	128	128	0.30	B3_PolynomialDAM	2008	0.898438	0.046692	5242.84
Suite_A_Random	128	128	0.30	B4_ModernHopfield	2008	0.976562	0.009399	320.96
Suite_A_Random	128	128	0.30	Candidate_ModelC	2008	0.867188	0.061096	7375.36
Suite_A_Random	128	128	0.30	B0_Hebbian	2009	0.000000	0.411865	737.66
Suite_A_Random	128	128	0.30	B1_Pseudoinverse	2009	0.000000	0.354431	162.92
Suite_A_Random	128	128	0.30	B2_1NN_Oracle	2009	0.976562	0.010803	4.48
Suite_A_Random	128	128	0.30	B3_PolynomialDAM	2009	0.906250	0.043213	4057.27
Suite_A_Random	128	128	0.30	B4_ModernHopfield	2009	0.976562	0.010315	273.19
Suite_A_Random	128	128	0.30	Candidate_ModelC	2009	0.890625	0.051453	6242.42
Suite_A_Random	128	128	0.30	B0_Hebbian	2010	0.000000	0.410156	917.19
Suite_A_Random	128	128	0.30	B1_Pseudoinverse	2010	0.000000	0.352173	284.95
Suite_A_Random	128	128	0.30	B2_1NN_Oracle	2010	0.945312	0.024475	6.84
Suite_A_Random	128	128	0.30	B3_PolynomialDAM	2010	0.914062	0.040588	3739.67
Suite_A_Random	128	128	0.30	B4_ModernHopfield	2010	0.921875	0.034241	566.98
Suite_A_Random	128	128	0.30	Candidate_ModelC	2010	0.921875	0.036743	5329.64
Suite_A_Random	128	128	0.30	B0_Hebbian	2011	0.000000	0.414062	783.40
Suite_A_Random	128	128	0.30	B1_Pseudoinverse	2011	0.000000	0.347778	817.03
Suite_A_Random	128	128	0.30	B2_1NN_Oracle	2011	1.000000	0.000000	5.99
Suite_A_Random	128	128	0.30	B3_PolynomialDAM	2011	0.898438	0.046936	4621.60
Suite_A_Random	128	128	0.30	B4_ModernHopfield	2011	0.976562	0.010620	207.97
Suite_A_Random	128	128	0.30	Candidate_ModelC	2011	0.914062	0.039368	4482.91
Suite_A_Random	128	128	0.30	B0_Hebbian	2012	0.000000	0.416260	848.24
Suite_A_Random	128	128	0.30	B1_Pseudoinverse	2012	0.000000	0.343506	539.88
Suite_A_Random	128	128	0.30	B2_1NN_Oracle	2012	0.984375	0.006897	6.34
Suite_A_Random	128	128	0.30	B3_PolynomialDAM	2012	0.914062	0.041321	3802.30
Suite_A_Random	128	128	0.30	B4_ModernHopfield	2012	0.968750	0.014465	154.27
Suite_A_Random	128	128	0.30	Candidate_ModelC	2012	0.914062	0.037842	5430.16
Suite_A_Random	128	128	0.30	B0_Hebbian	2013	0.000000	0.402832	1097.86
Suite_A_Random	128	128	0.30	B1_Pseudoinverse	2013	0.000000	0.338440	338.81
Suite_A_Random	128	128	0.30	B2_1NN_Oracle	2013	0.968750	0.013977	6.80
Suite_A_Random	128	128	0.30	B3_PolynomialDAM	2013	0.875000	0.056763	3864.06
Suite_A_Random	128	128	0.30	B4_ModernHopfield	2013	0.968750	0.014038	164.37
Suite_A_Random	128	128	0.30	Candidate_ModelC	2013	0.929688	0.032227	6597.62
Suite_A_Random	128	128	0.30	B0_Hebbian	2014	0.000000	0.412048	1106.04
Suite_A_Random	128	128	0.30	B1_Pseudoinverse	2014	0.000000	0.351929	531.20
Suite_A_Random	128	128	0.30	B2_1NN_Oracle	2014	0.960938	0.018005	6.06
Suite_A_Random	128	128	0.30	B3_PolynomialDAM	2014	0.898438	0.045471	4861.63
Suite_A_Random	128	128	0.30	B4_ModernHopfield	2014	0.945312	0.025940	230.71
Suite_A_Random	128	128	0.30	Candidate_ModelC	2014	0.898438	0.046753	7624.13
Suite_A_Random	128	128	0.30	B0_Hebbian	2015	0.000000	0.420715	1212.02
Suite_A_Random	128	128	0.30	B1_Pseudoinverse	2015	0.000000	0.345093	360.84
Suite_A_Random	128	128	0.30	B2_1NN_Oracle	2015	0.968750	0.014465	5.21
Suite_A_Random	128	128	0.30	B3_PolynomialDAM	2015	0.859375	0.060608	3369.77
Suite_A_Random	128	128	0.30	B4_ModernHopfield	2015	0.984375	0.007019	181.37
Suite_A_Random	128	128	0.30	Candidate_ModelC	2015	0.890625	0.050171	6913.07
Suite_A_Random	128	128	0.30	B0_Hebbian	2016	0.000000	0.407227	1036.48
Suite_A_Random	128	128	0.30	B1_Pseudoinverse	2016	0.000000	0.346619	634.88
Suite_A_Random	128	128	0.30	B2_1NN_Oracle	2016	0.976562	0.010742	6.42
Suite_A_Random	128	128	0.30	B3_PolynomialDAM	2016	0.945312	0.023621	4585.19
Suite_A_Random	128	128	0.30	B4_ModernHopfield	2016	0.960938	0.018555	96.63
Suite_A_Random	128	128	0.30	Candidate_ModelC	2016	0.851562	0.070251	5570.55
Suite_A_Random	128	128	0.30	B0_Hebbian	2017	0.000000	0.412842	951.43
Suite_A_Random	128	128	0.30	B1_Pseudoinverse	2017	0.000000	0.354553	696.46
Suite_A_Random	128	128	0.30	B2_1NN_Oracle	2017	0.984375	0.007874	5.98
Suite_A_Random	128	128	0.30	B3_PolynomialDAM	2017	0.906250	0.041077	4203.05
Suite_A_Random	128	128	0.30	B4_ModernHopfield	2017	0.968750	0.013977	188.49
Suite_A_Random	128	128	0.30	Candidate_ModelC	2017	0.960938	0.018921	6510.39
Suite_A_Random	128	128	0.30	B0_Hebbian	2018	0.000000	0.408630	1070.40
Suite_A_Random	128	128	0.30	B1_Pseudoinverse	2018	0.000000	0.347839	600.37
Suite_A_Random	128	128	0.30	B2_1NN_Oracle	2018	0.960938	0.018311	6.32
Suite_A_Random	128	128	0.30	B3_PolynomialDAM	2018	0.898438	0.045959	4238.05
Suite_A_Random	128	128	0.30	B4_ModernHopfield	2018	0.960938	0.016663	194.48
Suite_A_Random	128	128	0.30	Candidate_ModelC	2018	0.906250	0.045044	5788.80
Suite_A_Random	128	128	0.30	B0_Hebbian	2019	0.000000	0.407959	1022.52
Suite_A_Random	128	128	0.30	B1_Pseudoinverse	2019	0.000000	0.345581	278.22
Suite_A_Random	128	128	0.30	B2_1NN_Oracle	2019	0.984375	0.007446	4.61
Suite_A_Random	128	128	0.30	B3_PolynomialDAM	2019	0.906250	0.044434	2724.73
Suite_A_Random	128	128	0.30	B4_ModernHopfield	2019	0.992188	0.003479	120.17
Suite_A_Random	128	128	0.30	Candidate_ModelC	2019	0.937500	0.029846	3247.06
Suite_A_Random	128	128	0.30	B0_Hebbian	2020	0.000000	0.399902	709.20
Suite_A_Random	128	128	0.30	B1_Pseudoinverse	2020	0.000000	0.344727	767.60
Suite_A_Random	128	128	0.30	B2_1NN_Oracle	2020	0.984375	0.007446	6.19
Suite_A_Random	128	128	0.30	B3_PolynomialDAM	2020	0.921875	0.036072	3608.12
Suite_A_Random	128	128	0.30	B4_ModernHopfield	2020	0.945312	0.025208	149.98
Suite_A_Random	128	128	0.30	Candidate_ModelC	2020	0.906250	0.042908	5787.50
Suite_A_Random	128	128	0.40	B0_Hebbian	2001	0.000000	0.450195	869.20
Suite_A_Random	128	128	0.40	B1_Pseudoinverse	2001	0.000000	0.429138	757.95
Suite_A_Random	128	128	0.40	B2_1NN_Oracle	2001	0.476562	0.252380	6.20
Suite_A_Random	128	128	0.40	B3_PolynomialDAM	2001	0.210938	0.379089	4819.77
Suite_A_Random	128	128	0.40	B4_ModernHopfield	2001	0.351562	0.314758	184.98
Suite_A_Random	128	128	0.40	Candidate_ModelC	2001	0.234375	0.369629	9073.11
Suite_A_Random	128	128	0.40	B0_Hebbian	2002	0.000000	0.458740	1250.40
Suite_A_Random	128	128	0.40	B1_Pseudoinverse	2002	0.000000	0.427673	761.31
Suite_A_Random	128	128	0.40	B2_1NN_Oracle	2002	0.390625	0.294495	101.06
Suite_A_Random	128	128	0.40	B3_PolynomialDAM	2002	0.242188	0.361145	6376.26
Suite_A_Random	128	128	0.40	B4_ModernHopfield	2002	0.359375	0.308838	287.57
Suite_A_Random	128	128	0.40	Candidate_ModelC	2002	0.242188	0.361328	10559.40
Suite_A_Random	128	128	0.40	B0_Hebbian	2003	0.000000	0.461731	556.02
Suite_A_Random	128	128	0.40	B1_Pseudoinverse	2003	0.000000	0.432983	597.39
Suite_A_Random	128	128	0.40	B2_1NN_Oracle	2003	0.445312	0.264282	6.31
Suite_A_Random	128	128	0.40	B3_PolynomialDAM	2003	0.296875	0.334900	2638.02
Suite_A_Random	128	128	0.40	B4_ModernHopfield	2003	0.375000	0.299255	97.44
Suite_A_Random	128	128	0.40	Candidate_ModelC	2003	0.289062	0.345276	7595.38
Suite_A_Random	128	128	0.40	B0_Hebbian	2004	0.000000	0.445129	1171.60
Suite_A_Random	128	128	0.40	B1_Pseudoinverse	2004	0.000000	0.420898	556.45
Suite_A_Random	128	128	0.40	B2_1NN_Oracle	2004	0.335938	0.320007	194.59
Suite_A_Random	128	128	0.40	B3_PolynomialDAM	2004	0.226562	0.371399	6071.42
Suite_A_Random	128	128	0.40	B4_ModernHopfield	2004	0.351562	0.312439	190.83
Suite_A_Random	128	128	0.40	Candidate_ModelC	2004	0.281250	0.344788	8196.70
Suite_A_Random	128	128	0.40	B0_Hebbian	2005	0.000000	0.452332	921.07
Suite_A_Random	128	128	0.40	B1_Pseudoinverse	2005	0.000000	0.430847	741.83
Suite_A_Random	128	128	0.40	B2_1NN_Oracle	2005	0.484375	0.248108	6.31
Suite_A_Random	128	128	0.40	B3_PolynomialDAM	2005	0.242188	0.366455	7555.54
Suite_A_Random	128	128	0.40	B4_ModernHopfield	2005	0.328125	0.320984	229.93
Suite_A_Random	128	128	0.40	Candidate_ModelC	2005	0.242188	0.362427	7851.67
Suite_A_Random	128	128	0.40	B0_Hebbian	2006	0.000000	0.458618	712.12
Suite_A_Random	128	128	0.40	B1_Pseudoinverse	2006	0.000000	0.419312	423.36
Suite_A_Random	128	128	0.40	B2_1NN_Oracle	2006	0.359375	0.307800	6.21
Suite_A_Random	128	128	0.40	B3_PolynomialDAM	2006	0.296875	0.330994	6887.45
Suite_A_Random	128	128	0.40	B4_ModernHopfield	2006	0.359375	0.310608	179.66
Suite_A_Random	128	128	0.40	Candidate_ModelC	2006	0.328125	0.320801	8505.78
Suite_A_Random	128	128	0.40	B0_Hebbian	2007	0.000000	0.455872	477.00
Suite_A_Random	128	128	0.40	B1_Pseudoinverse	2007	0.000000	0.429199	768.30
Suite_A_Random	128	128	0.40	B2_1NN_Oracle	2007	0.375000	0.298279	10.54
Suite_A_Random	128	128	0.40	B3_PolynomialDAM	2007	0.226562	0.365540	3674.05
Suite_A_Random	128	128	0.40	B4_ModernHopfield	2007	0.460938	0.260376	270.71
Suite_A_Random	128	128	0.40	Candidate_ModelC	2007	0.312500	0.335571	6717.75
Suite_A_Random	128	128	0.40	B0_Hebbian	2008	0.000000	0.454224	1162.35
Suite_A_Random	128	128	0.40	B1_Pseudoinverse	2008	0.000000	0.424438	609.09
Suite_A_Random	128	128	0.40	B2_1NN_Oracle	2008	0.421875	0.283447	6.58
Suite_A_Random	128	128	0.40	B3_PolynomialDAM	2008	0.367188	0.299011	6951.74
Suite_A_Random	128	128	0.40	B4_ModernHopfield	2008	0.320312	0.325012	253.56
Suite_A_Random	128	128	0.40	Candidate_ModelC	2008	0.273438	0.351685	8622.43
Suite_A_Random	128	128	0.40	B0_Hebbian	2009	0.000000	0.450867	827.41
Suite_A_Random	128	128	0.40	B1_Pseudoinverse	2009	0.000000	0.422424	652.61
Suite_A_Random	128	128	0.40	B2_1NN_Oracle	2009	0.328125	0.322388	6.62
Suite_A_Random	128	128	0.40	B3_PolynomialDAM	2009	0.234375	0.366760	7076.38
Suite_A_Random	128	128	0.40	B4_ModernHopfield	2009	0.351562	0.308472	193.58
Suite_A_Random	128	128	0.40	Candidate_ModelC	2009	0.210938	0.375793	9699.84
Suite_A_Random	128	128	0.40	B0_Hebbian	2010	0.000000	0.457642	1375.97
Suite_A_Random	128	128	0.40	B1_Pseudoinverse	2010	0.000000	0.425171	730.11
Suite_A_Random	128	128	0.40	B2_1NN_Oracle	2010	0.351562	0.305481	6.20
Suite_A_Random	128	128	0.40	B3_PolynomialDAM	2010	0.179688	0.394104	6786.25
Suite_A_Random	128	128	0.40	B4_ModernHopfield	2010	0.351562	0.313293	283.77
Suite_A_Random	128	128	0.40	Candidate_ModelC	2010	0.242188	0.359863	10701.13
Suite_A_Random	128	128	0.40	B0_Hebbian	2011	0.000000	0.458740	915.55
Suite_A_Random	128	128	0.40	B1_Pseudoinverse	2011	0.000000	0.421753	560.91
Suite_A_Random	128	128	0.40	B2_1NN_Oracle	2011	0.429688	0.279968	6.25
Suite_A_Random	128	128	0.40	B3_PolynomialDAM	2011	0.187500	0.389648	5094.62
Suite_A_Random	128	128	0.40	B4_ModernHopfield	2011	0.429688	0.270447	183.26
Suite_A_Random	128	128	0.40	Candidate_ModelC	2011	0.281250	0.349548	6482.95
Suite_A_Random	128	128	0.40	B0_Hebbian	2012	0.000000	0.453369	929.41
Suite_A_Random	128	128	0.40	B1_Pseudoinverse	2012	0.000000	0.421204	433.42
Suite_A_Random	128	128	0.40	B2_1NN_Oracle	2012	0.289062	0.340881	101.60
Suite_A_Random	128	128	0.40	B3_PolynomialDAM	2012	0.296875	0.333618	5122.42
Suite_A_Random	128	128	0.40	B4_ModernHopfield	2012	0.304688	0.326477	128.82
Suite_A_Random	128	128	0.40	Candidate_ModelC	2012	0.242188	0.356018	5547.17
Suite_A_Random	128	128	0.40	B0_Hebbian	2013	0.000000	0.442322	856.83
Suite_A_Random	128	128	0.40	B1_Pseudoinverse	2013	0.000000	0.417786	495.52
Suite_A_Random	128	128	0.40	B2_1NN_Oracle	2013	0.445312	0.272888	6.14
Suite_A_Random	128	128	0.40	B3_PolynomialDAM	2013	0.289062	0.344910	4198.94
Suite_A_Random	128	128	0.40	B4_ModernHopfield	2013	0.328125	0.317871	345.09
Suite_A_Random	128	128	0.40	Candidate_ModelC	2013	0.312500	0.327942	7837.86
Suite_A_Random	128	128	0.40	B0_Hebbian	2014	0.000000	0.455505	510.01
Suite_A_Random	128	128	0.40	B1_Pseudoinverse	2014	0.000000	0.424072	710.16
Suite_A_Random	128	128	0.40	B2_1NN_Oracle	2014	0.390625	0.298523	6.85
Suite_A_Random	128	128	0.40	B3_PolynomialDAM	2014	0.257812	0.358093	7085.56
Suite_A_Random	128	128	0.40	B4_ModernHopfield	2014	0.390625	0.292786	257.52
Suite_A_Random	128	128	0.40	Candidate_ModelC	2014	0.296875	0.343079	9622.40
Suite_A_Random	128	128	0.40	B0_Hebbian	2015	0.000000	0.461060	763.80
Suite_A_Random	128	128	0.40	B1_Pseudoinverse	2015	0.000000	0.423645	683.57
Suite_A_Random	128	128	0.40	B2_1NN_Oracle	2015	0.382812	0.296326	6.70
Suite_A_Random	128	128	0.40	B3_PolynomialDAM	2015	0.250000	0.360229	7030.90
Suite_A_Random	128	128	0.40	B4_ModernHopfield	2015	0.437500	0.267395	122.11
Suite_A_Random	128	128	0.40	Candidate_ModelC	2015	0.257812	0.357483	9629.30
Suite_A_Random	128	128	0.40	B0_Hebbian	2016	0.000000	0.448486	1126.10
Suite_A_Random	128	128	0.40	B1_Pseudoinverse	2016	0.000000	0.425781	876.68
Suite_A_Random	128	128	0.40	B2_1NN_Oracle	2016	0.359375	0.306824	6.11
Suite_A_Random	128	128	0.40	B3_PolynomialDAM	2016	0.289062	0.337524	6808.72
Suite_A_Random	128	128	0.40	B4_ModernHopfield	2016	0.414062	0.284363	62.55
Suite_A_Random	128	128	0.40	Candidate_ModelC	2016	0.234375	0.368103	8063.85
Suite_A_Random	128	128	0.40	B0_Hebbian	2017	0.000000	0.465698	775.77
Suite_A_Random	128	128	0.40	B1_Pseudoinverse	2017	0.000000	0.428650	402.88
Suite_A_Random	128	128	0.40	B2_1NN_Oracle	2017	0.390625	0.299316	6.44
Suite_A_Random	128	128	0.40	B3_PolynomialDAM	2017	0.257812	0.351013	3394.43
Suite_A_Random	128	128	0.40	B4_ModernHopfield	2017	0.265625	0.351624	61.38
Suite_A_Random	128	128	0.40	Candidate_ModelC	2017	0.265625	0.359497	8768.05
Suite_A_Random	128	128	0.40	B0_Hebbian	2018	0.000000	0.450562	738.23
Suite_A_Random	128	128	0.40	B1_Pseudoinverse	2018	0.000000	0.427979	611.24
Suite_A_Random	128	128	0.40	B2_1NN_Oracle	2018	0.437500	0.274109	6.73
Suite_A_Random	128	128	0.40	B3_PolynomialDAM	2018	0.265625	0.347168	5074.97
Suite_A_Random	128	128	0.40	B4_ModernHopfield	2018	0.351562	0.309143	319.11
Suite_A_Random	128	128	0.40	Candidate_ModelC	2018	0.351562	0.312744	6604.89
Suite_A_Random	128	128	0.40	B0_Hebbian	2019	0.000000	0.447205	1127.85
Suite_A_Random	128	128	0.40	B1_Pseudoinverse	2019	0.000000	0.423828	737.05
Suite_A_Random	128	128	0.40	B2_1NN_Oracle	2019	0.437500	0.270447	6.88
Suite_A_Random	128	128	0.40	B3_PolynomialDAM	2019	0.281250	0.344482	3473.75
Suite_A_Random	128	128	0.40	B4_ModernHopfield	2019	0.390625	0.288818	91.36
Suite_A_Random	128	128	0.40	Candidate_ModelC	2019	0.312500	0.330872	7111.66
Suite_A_Random	128	128	0.40	B0_Hebbian	2020	0.000000	0.448303	839.80
Suite_A_Random	128	128	0.40	B1_Pseudoinverse	2020	0.000000	0.419189	798.84
Suite_A_Random	128	128	0.40	B2_1NN_Oracle	2020	0.390625	0.292419	18.23
Suite_A_Random	128	128	0.40	B3_PolynomialDAM	2020	0.234375	0.364868	5074.07
Suite_A_Random	128	128	0.40	B4_ModernHopfield	2020	0.343750	0.314209	189.56
Suite_A_Random	128	128	0.40	Candidate_ModelC	2020	0.273438	0.338013	4930.48
Suite_B_Correlated	128	32	0.10	B0_Hebbian	2001	0.000000	0.194580	496.44
Suite_B_Correlated	128	32	0.10	B1_Pseudoinverse	2001	1.000000	0.000000	1103.78
Suite_B_Correlated	128	32	0.10	B2_1NN_Oracle	2001	1.000000	0.000000	2.25
Suite_B_Correlated	128	32	0.10	B3_PolynomialDAM	2001	0.000000	0.194580	1535.47
Suite_B_Correlated	128	32	0.10	B4_ModernHopfield	2001	1.000000	0.000000	30.88
Suite_B_Correlated	128	32	0.10	Candidate_ModelC	2001	0.000000	0.194580	4138.69
Suite_B_Correlated	128	32	0.10	B0_Hebbian	2002	0.000000	0.193359	275.25
Suite_B_Correlated	128	32	0.10	B1_Pseudoinverse	2002	0.968750	0.002197	731.16
Suite_B_Correlated	128	32	0.10	B2_1NN_Oracle	2002	1.000000	0.000000	1.59
Suite_B_Correlated	128	32	0.10	B3_PolynomialDAM	2002	0.000000	0.193359	1257.59
Suite_B_Correlated	128	32	0.10	B4_ModernHopfield	2002	1.000000	0.000000	25.31
Suite_B_Correlated	128	32	0.10	Candidate_ModelC	2002	0.000000	0.193359	4930.69
Suite_B_Correlated	128	32	0.10	B0_Hebbian	2003	0.000000	0.199707	442.50
Suite_B_Correlated	128	32	0.10	B1_Pseudoinverse	2003	1.000000	0.000000	542.81
Suite_B_Correlated	128	32	0.10	B2_1NN_Oracle	2003	1.000000	0.000000	2.25
Suite_B_Correlated	128	32	0.10	B3_PolynomialDAM	2003	0.000000	0.199707	1619.66
Suite_B_Correlated	128	32	0.10	B4_ModernHopfield	2003	1.000000	0.000000	308.88
Suite_B_Correlated	128	32	0.10	Candidate_ModelC	2003	0.000000	0.199707	3993.16
Suite_B_Correlated	128	32	0.10	B0_Hebbian	2004	0.000000	0.199951	88.19
Suite_B_Correlated	128	32	0.10	B1_Pseudoinverse	2004	1.000000	0.000000	227.59
Suite_B_Correlated	128	32	0.10	B2_1NN_Oracle	2004	1.000000	0.000000	1.66
Suite_B_Correlated	128	32	0.10	B3_PolynomialDAM	2004	0.000000	0.199951	915.03
Suite_B_Correlated	128	32	0.10	B4_ModernHopfield	2004	1.000000	0.000000	23.06
Suite_B_Correlated	128	32	0.10	Candidate_ModelC	2004	0.000000	0.199951	2567.12
Suite_B_Correlated	128	32	0.10	B0_Hebbian	2005	0.000000	0.194092	420.75
Suite_B_Correlated	128	32	0.10	B1_Pseudoinverse	2005	1.000000	0.000000	561.44
Suite_B_Correlated	128	32	0.10	B2_1NN_Oracle	2005	1.000000	0.000000	2.28
Suite_B_Correlated	128	32	0.10	B3_PolynomialDAM	2005	0.000000	0.194092	772.91
Suite_B_Correlated	128	32	0.10	B4_ModernHopfield	2005	1.000000	0.000000	13.66
Suite_B_Correlated	128	32	0.10	Candidate_ModelC	2005	0.000000	0.194092	3444.06
Suite_B_Correlated	128	32	0.10	B0_Hebbian	2006	0.000000	0.201904	321.88
Suite_B_Correlated	128	32	0.10	B1_Pseudoinverse	2006	1.000000	0.000000	664.56
Suite_B_Correlated	128	32	0.10	B2_1NN_Oracle	2006	1.000000	0.000000	2.28
Suite_B_Correlated	128	32	0.10	B3_PolynomialDAM	2006	0.000000	0.201904	996.47
Suite_B_Correlated	128	32	0.10	B4_ModernHopfield	2006	1.000000	0.000000	30.56
Suite_B_Correlated	128	32	0.10	Candidate_ModelC	2006	0.000000	0.201904	2304.69
Suite_B_Correlated	128	32	0.10	B0_Hebbian	2007	0.000000	0.201172	122.47
Suite_B_Correlated	128	32	0.10	B1_Pseudoinverse	2007	1.000000	0.000000	402.34
Suite_B_Correlated	128	32	0.10	B2_1NN_Oracle	2007	1.000000	0.000000	2.44
Suite_B_Correlated	128	32	0.10	B3_PolynomialDAM	2007	0.000000	0.201172	620.47
Suite_B_Correlated	128	32	0.10	B4_ModernHopfield	2007	1.000000	0.000000	353.75
Suite_B_Correlated	128	32	0.10	Candidate_ModelC	2007	0.000000	0.201172	5911.16
Suite_B_Correlated	128	32	0.10	B0_Hebbian	2008	0.000000	0.194824	378.78
Suite_B_Correlated	128	32	0.10	B1_Pseudoinverse	2008	1.000000	0.000000	269.81
Suite_B_Correlated	128	32	0.10	B2_1NN_Oracle	2008	1.000000	0.000000	2.34
Suite_B_Correlated	128	32	0.10	B3_PolynomialDAM	2008	0.000000	0.194824	833.66
Suite_B_Correlated	128	32	0.10	B4_ModernHopfield	2008	1.000000	0.000000	23.25
Suite_B_Correlated	128	32	0.10	Candidate_ModelC	2008	0.000000	0.194824	3259.88
Suite_B_Correlated	128	32	0.10	B0_Hebbian	2009	0.000000	0.208984	101.81
Suite_B_Correlated	128	32	0.10	B1_Pseudoinverse	2009	1.000000	0.000000	687.62
Suite_B_Correlated	128	32	0.10	B2_1NN_Oracle	2009	1.000000	0.000000	2.34
Suite_B_Correlated	128	32	0.10	B3_PolynomialDAM	2009	0.000000	0.208984	924.34
Suite_B_Correlated	128	32	0.10	B4_ModernHopfield	2009	1.000000	0.000000	215.22
Suite_B_Correlated	128	32	0.10	Candidate_ModelC	2009	0.000000	0.208984	4192.31
Suite_B_Correlated	128	32	0.10	B0_Hebbian	2010	0.000000	0.185059	309.06
Suite_B_Correlated	128	32	0.10	B1_Pseudoinverse	2010	1.000000	0.000000	421.22
Suite_B_Correlated	128	32	0.10	B2_1NN_Oracle	2010	1.000000	0.000000	2.31
Suite_B_Correlated	128	32	0.10	B3_PolynomialDAM	2010	0.000000	0.185059	864.16
Suite_B_Correlated	128	32	0.10	B4_ModernHopfield	2010	1.000000	0.000000	21.81
Suite_B_Correlated	128	32	0.10	Candidate_ModelC	2010	0.000000	0.185059	3752.31
Suite_B_Correlated	128	32	0.10	B0_Hebbian	2011	0.000000	0.192871	244.91
Suite_B_Correlated	128	32	0.10	B1_Pseudoinverse	2011	1.000000	0.000000	400.34
Suite_B_Correlated	128	32	0.10	B2_1NN_Oracle	2011	1.000000	0.000000	2.25
Suite_B_Correlated	128	32	0.10	B3_PolynomialDAM	2011	0.000000	0.192871	2325.09
Suite_B_Correlated	128	32	0.10	B4_ModernHopfield	2011	1.000000	0.000000	22.19
Suite_B_Correlated	128	32	0.10	Candidate_ModelC	2011	0.000000	0.192871	4131.50
Suite_B_Correlated	128	32	0.10	B0_Hebbian	2012	0.000000	0.205078	530.88
Suite_B_Correlated	128	32	0.10	B1_Pseudoinverse	2012	1.000000	0.000000	293.88
Suite_B_Correlated	128	32	0.10	B2_1NN_Oracle	2012	1.000000	0.000000	2.41
Suite_B_Correlated	128	32	0.10	B3_PolynomialDAM	2012	0.000000	0.205078	1750.78
Suite_B_Correlated	128	32	0.10	B4_ModernHopfield	2012	1.000000	0.000000	277.12
Suite_B_Correlated	128	32	0.10	Candidate_ModelC	2012	0.000000	0.205078	5249.31
Suite_B_Correlated	128	32	0.10	B0_Hebbian	2013	0.000000	0.209473	229.62
Suite_B_Correlated	128	32	0.10	B1_Pseudoinverse	2013	1.000000	0.000000	399.53
Suite_B_Correlated	128	32	0.10	B2_1NN_Oracle	2013	1.000000	0.000000	2.38
Suite_B_Correlated	128	32	0.10	B3_PolynomialDAM	2013	0.000000	0.209473	2261.94
Suite_B_Correlated	128	32	0.10	B4_ModernHopfield	2013	1.000000	0.000000	396.47
Suite_B_Correlated	128	32	0.10	Candidate_ModelC	2013	0.000000	0.209473	5174.34
Suite_B_Correlated	128	32	0.10	B0_Hebbian	2014	0.000000	0.190430	498.56
Suite_B_Correlated	128	32	0.10	B1_Pseudoinverse	2014	0.968750	0.004639	756.66
Suite_B_Correlated	128	32	0.10	B2_1NN_Oracle	2014	1.000000	0.000000	1.66
Suite_B_Correlated	128	32	0.10	B3_PolynomialDAM	2014	0.000000	0.190430	1353.91
Suite_B_Correlated	128	32	0.10	B4_ModernHopfield	2014	1.000000	0.000000	23.72
Suite_B_Correlated	128	32	0.10	Candidate_ModelC	2014	0.000000	0.190430	4442.50
Suite_B_Correlated	128	32	0.10	B0_Hebbian	2015	0.000000	0.197998	650.34
Suite_B_Correlated	128	32	0.10	B1_Pseudoinverse	2015	1.000000	0.000000	567.81
Suite_B_Correlated	128	32	0.10	B2_1NN_Oracle	2015	1.000000	0.000000	2.38
Suite_B_Correlated	128	32	0.10	B3_PolynomialDAM	2015	0.000000	0.197998	641.69
Suite_B_Correlated	128	32	0.10	B4_ModernHopfield	2015	1.000000	0.000000	23.25
Suite_B_Correlated	128	32	0.10	Candidate_ModelC	2015	0.000000	0.197998	3516.25
Suite_B_Correlated	128	32	0.10	B0_Hebbian	2016	0.000000	0.208008	114.44
Suite_B_Correlated	128	32	0.10	B1_Pseudoinverse	2016	1.000000	0.000000	283.22
Suite_B_Correlated	128	32	0.10	B2_1NN_Oracle	2016	1.000000	0.000000	3.28
Suite_B_Correlated	128	32	0.10	B3_PolynomialDAM	2016	0.000000	0.208008	1329.66
Suite_B_Correlated	128	32	0.10	B4_ModernHopfield	2016	1.000000	0.000000	42.38
Suite_B_Correlated	128	32	0.10	Candidate_ModelC	2016	0.000000	0.208008	5371.81
Suite_B_Correlated	128	32	0.10	B0_Hebbian	2017	0.000000	0.197021	77.84
Suite_B_Correlated	128	32	0.10	B1_Pseudoinverse	2017	1.000000	0.000000	432.28
Suite_B_Correlated	128	32	0.10	B2_1NN_Oracle	2017	1.000000	0.000000	2.19
Suite_B_Correlated	128	32	0.10	B3_PolynomialDAM	2017	0.000000	0.197021	1601.31
Suite_B_Correlated	128	32	0.10	B4_ModernHopfield	2017	1.000000	0.000000	24.69
Suite_B_Correlated	128	32	0.10	Candidate_ModelC	2017	0.000000	0.197021	5074.09
Suite_B_Correlated	128	32	0.10	B0_Hebbian	2018	0.000000	0.203125	219.09
Suite_B_Correlated	128	32	0.10	B1_Pseudoinverse	2018	1.000000	0.000000	424.22
Suite_B_Correlated	128	32	0.10	B2_1NN_Oracle	2018	1.000000	0.000000	2.31
Suite_B_Correlated	128	32	0.10	B3_PolynomialDAM	2018	0.000000	0.203125	944.22
Suite_B_Correlated	128	32	0.10	B4_ModernHopfield	2018	1.000000	0.000000	22.81
Suite_B_Correlated	128	32	0.10	Candidate_ModelC	2018	0.000000	0.203125	3935.69
Suite_B_Correlated	128	32	0.10	B0_Hebbian	2019	0.000000	0.201172	588.34
Suite_B_Correlated	128	32	0.10	B1_Pseudoinverse	2019	1.000000	0.000000	998.28
Suite_B_Correlated	128	32	0.10	B2_1NN_Oracle	2019	1.000000	0.000000	2.25
Suite_B_Correlated	128	32	0.10	B3_PolynomialDAM	2019	0.000000	0.201172	952.62
Suite_B_Correlated	128	32	0.10	B4_ModernHopfield	2019	1.000000	0.000000	30.12
Suite_B_Correlated	128	32	0.10	Candidate_ModelC	2019	0.000000	0.201172	3808.16
Suite_B_Correlated	128	32	0.10	B0_Hebbian	2020	0.000000	0.200928	244.41
Suite_B_Correlated	128	32	0.10	B1_Pseudoinverse	2020	1.000000	0.000000	353.34
Suite_B_Correlated	128	32	0.10	B2_1NN_Oracle	2020	1.000000	0.000000	2.25
Suite_B_Correlated	128	32	0.10	B3_PolynomialDAM	2020	0.000000	0.200928	520.16
Suite_B_Correlated	128	32	0.10	B4_ModernHopfield	2020	1.000000	0.000000	242.38
Suite_B_Correlated	128	32	0.10	Candidate_ModelC	2020	0.000000	0.200928	4002.94
Suite_B_Correlated	128	32	0.20	B0_Hebbian	2001	0.000000	0.194580	82.00
Suite_B_Correlated	128	32	0.20	B1_Pseudoinverse	2001	0.781250	0.037842	1230.22
Suite_B_Correlated	128	32	0.20	B2_1NN_Oracle	2001	1.000000	0.000000	2.66
Suite_B_Correlated	128	32	0.20	B3_PolynomialDAM	2001	0.000000	0.194580	1792.00
Suite_B_Correlated	128	32	0.20	B4_ModernHopfield	2001	1.000000	0.000000	20.69
Suite_B_Correlated	128	32	0.20	Candidate_ModelC	2001	0.000000	0.194580	3026.72
Suite_B_Correlated	128	32	0.20	B0_Hebbian	2002	0.000000	0.193359	334.41
Suite_B_Correlated	128	32	0.20	B1_Pseudoinverse	2002	0.781250	0.048828	681.38
Suite_B_Correlated	128	32	0.20	B2_1NN_Oracle	2002	1.000000	0.000000	1.88
Suite_B_Correlated	128	32	0.20	B3_PolynomialDAM	2002	0.000000	0.193359	1103.50
Suite_B_Correlated	128	32	0.20	B4_ModernHopfield	2002	1.000000	0.000000	21.91
Suite_B_Correlated	128	32	0.20	Candidate_ModelC	2002	0.000000	0.193359	3000.78
Suite_B_Correlated	128	32	0.20	B0_Hebbian	2003	0.000000	0.199707	231.12
Suite_B_Correlated	128	32	0.20	B1_Pseudoinverse	2003	0.843750	0.030518	438.94
Suite_B_Correlated	128	32	0.20	B2_1NN_Oracle	2003	1.000000	0.000000	2.62
Suite_B_Correlated	128	32	0.20	B3_PolynomialDAM	2003	0.000000	0.199707	662.38
Suite_B_Correlated	128	32	0.20	B4_ModernHopfield	2003	1.000000	0.000000	12.56
Suite_B_Correlated	128	32	0.20	Candidate_ModelC	2003	0.000000	0.199707	2829.78
Suite_B_Correlated	128	32	0.20	B0_Hebbian	2004	0.000000	0.199951	508.31
Suite_B_Correlated	128	32	0.20	B1_Pseudoinverse	2004	0.875000	0.025391	686.25
Suite_B_Correlated	128	32	0.20	B2_1NN_Oracle	2004	1.000000	0.000000	3.94
Suite_B_Correlated	128	32	0.20	B3_PolynomialDAM	2004	0.000000	0.199951	1019.28
Suite_B_Correlated	128	32	0.20	B4_ModernHopfield	2004	1.000000	0.000000	22.84
Suite_B_Correlated	128	32	0.20	Candidate_ModelC	2004	0.000000	0.199951	3107.59
Suite_B_Correlated	128	32	0.20	B0_Hebbian	2005	0.000000	0.194092	89.66
Suite_B_Correlated	128	32	0.20	B1_Pseudoinverse	2005	0.812500	0.043701	669.69
Suite_B_Correlated	128	32	0.20	B2_1NN_Oracle	2005	1.000000	0.000000	2.59
Suite_B_Correlated	128	32	0.20	B3_PolynomialDAM	2005	0.000000	0.194092	1043.00
Suite_B_Correlated	128	32	0.20	B4_ModernHopfield	2005	1.000000	0.000000	22.16
Suite_B_Correlated	128	32	0.20	Candidate_ModelC	2005	0.000000	0.194092	3754.78
Suite_B_Correlated	128	32	0.20	B0_Hebbian	2006	0.000000	0.201904	353.53
Suite_B_Correlated	128	32	0.20	B1_Pseudoinverse	2006	0.968750	0.004639	555.88
Suite_B_Correlated	128	32	0.20	B2_1NN_Oracle	2006	1.000000	0.000000	2.47
Suite_B_Correlated	128	32	0.20	B3_PolynomialDAM	2006	0.000000	0.201904	699.06
Suite_B_Correlated	128	32	0.20	B4_ModernHopfield	2006	1.000000	0.000000	22.53
Suite_B_Correlated	128	32	0.20	Candidate_ModelC	2006	0.000000	0.201904	3492.53
Suite_B_Correlated	128	32	0.20	B0_Hebbian	2007	0.000000	0.201172	119.88
Suite_B_Correlated	128	32	0.20	B1_Pseudoinverse	2007	0.968750	0.004395	251.75
Suite_B_Correlated	128	32	0.20	B2_1NN_Oracle	2007	1.000000	0.000000	2.59
Suite_B_Correlated	128	32	0.20	B3_PolynomialDAM	2007	0.000000	0.201172	410.81
Suite_B_Correlated	128	32	0.20	B4_ModernHopfield	2007	0.968750	0.006592	37.47
Suite_B_Correlated	128	32	0.20	Candidate_ModelC	2007	0.000000	0.201172	3266.56
Suite_B_Correlated	128	32	0.20	B0_Hebbian	2008	0.000000	0.194824	500.88
Suite_B_Correlated	128	32	0.20	B1_Pseudoinverse	2008	0.843750	0.031006	631.72
Suite_B_Correlated	128	32	0.20	B2_1NN_Oracle	2008	1.000000	0.000000	4.16
Suite_B_Correlated	128	32	0.20	B3_PolynomialDAM	2008	0.000000	0.194824	1027.28
Suite_B_Correlated	128	32	0.20	B4_ModernHopfield	2008	1.000000	0.000000	23.59
Suite_B_Correlated	128	32	0.20	Candidate_ModelC	2008	0.000000	0.194824	2965.66
Suite_B_Correlated	128	32	0.20	B0_Hebbian	2009	0.000000	0.208984	678.53
Suite_B_Correlated	128	32	0.20	B1_Pseudoinverse	2009	0.906250	0.017090	705.69
Suite_B_Correlated	128	32	0.20	B2_1NN_Oracle	2009	1.000000	0.000000	4.03
Suite_B_Correlated	128	32	0.20	B3_PolynomialDAM	2009	0.000000	0.208984	1004.97
Suite_B_Correlated	128	32	0.20	B4_ModernHopfield	2009	1.000000	0.000000	24.78
Suite_B_Correlated	128	32	0.20	Candidate_ModelC	2009	0.000000	0.208984	2858.25
Suite_B_Correlated	128	32	0.20	B0_Hebbian	2010	0.000000	0.185059	364.25
Suite_B_Correlated	128	32	0.20	B1_Pseudoinverse	2010	0.812500	0.033203	707.31
Suite_B_Correlated	128	32	0.20	B2_1NN_Oracle	2010	1.000000	0.000000	1.84
Suite_B_Correlated	128	32	0.20	B3_PolynomialDAM	2010	0.000000	0.185059	759.91
Suite_B_Correlated	128	32	0.20	B4_ModernHopfield	2010	1.000000	0.000000	14.41
Suite_B_Correlated	128	32	0.20	Candidate_ModelC	2010	0.000000	0.185059	3284.38
Suite_B_Correlated	128	32	0.20	B0_Hebbian	2011	0.000000	0.192871	77.16
Suite_B_Correlated	128	32	0.20	B1_Pseudoinverse	2011	0.781250	0.051514	1029.88
Suite_B_Correlated	128	32	0.20	B2_1NN_Oracle	2011	1.000000	0.000000	2.59
Suite_B_Correlated	128	32	0.20	B3_PolynomialDAM	2011	0.000000	0.192871	1073.09
Suite_B_Correlated	128	32	0.20	B4_ModernHopfield	2011	1.000000	0.000000	399.78
Suite_B_Correlated	128	32	0.20	Candidate_ModelC	2011	0.000000	0.192871	2660.81
Suite_B_Correlated	128	32	0.20	B0_Hebbian	2012	0.000000	0.205078	673.09
Suite_B_Correlated	128	32	0.20	B1_Pseudoinverse	2012	0.812500	0.046387	399.12
Suite_B_Correlated	128	32	0.20	B2_1NN_Oracle	2012	1.000000	0.000000	1.84
Suite_B_Correlated	128	32	0.20	B3_PolynomialDAM	2012	0.000000	0.205078	1130.56
Suite_B_Correlated	128	32	0.20	B4_ModernHopfield	2012	1.000000	0.000000	14.28
Suite_B_Correlated	128	32	0.20	Candidate_ModelC	2012	0.000000	0.205078	3141.16
Suite_B_Correlated	128	32	0.20	B0_Hebbian	2013	0.000000	0.209473	103.81
Suite_B_Correlated	128	32	0.20	B1_Pseudoinverse	2013	0.812500	0.026855	286.88
Suite_B_Correlated	128	32	0.20	B2_1NN_Oracle	2013	1.000000	0.000000	1.91
Suite_B_Correlated	128	32	0.20	B3_PolynomialDAM	2013	0.000000	0.209473	678.75
Suite_B_Correlated	128	32	0.20	B4_ModernHopfield	2013	1.000000	0.000000	12.91
Suite_B_Correlated	128	32	0.20	Candidate_ModelC	2013	0.000000	0.209473	2977.94
Suite_B_Correlated	128	32	0.20	B0_Hebbian	2014	0.000000	0.190430	377.81
Suite_B_Correlated	128	32	0.20	B1_Pseudoinverse	2014	0.906250	0.022705	678.16
Suite_B_Correlated	128	32	0.20	B2_1NN_Oracle	2014	1.000000	0.000000	3.84
Suite_B_Correlated	128	32	0.20	B3_PolynomialDAM	2014	0.000000	0.190430	826.16
Suite_B_Correlated	128	32	0.20	B4_ModernHopfield	2014	1.000000	0.000000	163.00
Suite_B_Correlated	128	32	0.20	Candidate_ModelC	2014	0.000000	0.190430	3377.97
Suite_B_Correlated	128	32	0.20	B0_Hebbian	2015	0.000000	0.197998	78.88
Suite_B_Correlated	128	32	0.20	B1_Pseudoinverse	2015	0.906250	0.011230	663.12
Suite_B_Correlated	128	32	0.20	B2_1NN_Oracle	2015	1.000000	0.000000	1.78
Suite_B_Correlated	128	32	0.20	B3_PolynomialDAM	2015	0.000000	0.197998	753.34
Suite_B_Correlated	128	32	0.20	B4_ModernHopfield	2015	1.000000	0.000000	17.09
Suite_B_Correlated	128	32	0.20	Candidate_ModelC	2015	0.000000	0.197998	4211.31
Suite_B_Correlated	128	32	0.20	B0_Hebbian	2016	0.000000	0.208008	90.72
Suite_B_Correlated	128	32	0.20	B1_Pseudoinverse	2016	0.843750	0.038086	1026.84
Suite_B_Correlated	128	32	0.20	B2_1NN_Oracle	2016	1.000000	0.000000	2.53
Suite_B_Correlated	128	32	0.20	B3_PolynomialDAM	2016	0.000000	0.208008	1412.34
Suite_B_Correlated	128	32	0.20	B4_ModernHopfield	2016	1.000000	0.000000	393.91
Suite_B_Correlated	128	32	0.20	Candidate_ModelC	2016	0.000000	0.208008	3864.75
Suite_B_Correlated	128	32	0.20	B0_Hebbian	2017	0.000000	0.197021	277.09
Suite_B_Correlated	128	32	0.20	B1_Pseudoinverse	2017	0.875000	0.024414	984.28
Suite_B_Correlated	128	32	0.20	B2_1NN_Oracle	2017	1.000000	0.000000	2.50
Suite_B_Correlated	128	32	0.20	B3_PolynomialDAM	2017	0.000000	0.197021	1326.53
Suite_B_Correlated	128	32	0.20	B4_ModernHopfield	2017	1.000000	0.000000	22.09
Suite_B_Correlated	128	32	0.20	Candidate_ModelC	2017	0.000000	0.197021	3349.66
Suite_B_Correlated	128	32	0.20	B0_Hebbian	2018	0.000000	0.203125	157.00
Suite_B_Correlated	128	32	0.20	B1_Pseudoinverse	2018	0.875000	0.029541	812.84
Suite_B_Correlated	128	32	0.20	B2_1NN_Oracle	2018	1.000000	0.000000	3.81
Suite_B_Correlated	128	32	0.20	B3_PolynomialDAM	2018	0.000000	0.203125	1457.81
Suite_B_Correlated	128	32	0.20	B4_ModernHopfield	2018	1.000000	0.000000	21.97
Suite_B_Correlated	128	32	0.20	Candidate_ModelC	2018	0.000000	0.203125	2849.34
Suite_B_Correlated	128	32	0.20	B0_Hebbian	2019	0.000000	0.201172	259.00
Suite_B_Correlated	128	32	0.20	B1_Pseudoinverse	2019	0.750000	0.046631	484.34
Suite_B_Correlated	128	32	0.20	B2_1NN_Oracle	2019	1.000000	0.000000	1.84
Suite_B_Correlated	128	32	0.20	B3_PolynomialDAM	2019	0.000000	0.201172	1104.09
Suite_B_Correlated	128	32	0.20	B4_ModernHopfield	2019	1.000000	0.000000	24.62
Suite_B_Correlated	128	32	0.20	Candidate_ModelC	2019	0.000000	0.201172	3595.03
Suite_B_Correlated	128	32	0.20	B0_Hebbian	2020	0.000000	0.200928	91.97
Suite_B_Correlated	128	32	0.20	B1_Pseudoinverse	2020	0.781250	0.038086	445.25
Suite_B_Correlated	128	32	0.20	B2_1NN_Oracle	2020	1.000000	0.000000	2.53
Suite_B_Correlated	128	32	0.20	B3_PolynomialDAM	2020	0.000000	0.200928	789.59
Suite_B_Correlated	128	32	0.20	B4_ModernHopfield	2020	1.000000	0.000000	23.09
Suite_B_Correlated	128	32	0.20	Candidate_ModelC	2020	0.000000	0.200928	2940.41
Suite_B_Correlated	128	32	0.30	B0_Hebbian	2001	0.000000	0.194580	252.50
Suite_B_Correlated	128	32	0.30	B1_Pseudoinverse	2001	0.218750	0.218018	911.59
Suite_B_Correlated	128	32	0.30	B2_1NN_Oracle	2001	0.968750	0.009521	3.62
Suite_B_Correlated	128	32	0.30	B3_PolynomialDAM	2001	0.000000	0.194580	1011.31
Suite_B_Correlated	128	32	0.30	B4_ModernHopfield	2001	0.875000	0.037842	24.50
Suite_B_Correlated	128	32	0.30	Candidate_ModelC	2001	0.000000	0.194580	5386.38
Suite_B_Correlated	128	32	0.30	B0_Hebbian	2002	0.000000	0.193359	230.19
Suite_B_Correlated	128	32	0.30	B1_Pseudoinverse	2002	0.218750	0.205566	788.62
Suite_B_Correlated	128	32	0.30	B2_1NN_Oracle	2002	0.906250	0.031738	2.06
Suite_B_Correlated	128	32	0.30	B3_PolynomialDAM	2002	0.000000	0.193359	1542.91
Suite_B_Correlated	128	32	0.30	B4_ModernHopfield	2002	0.968750	0.004883	36.62
Suite_B_Correlated	128	32	0.30	Candidate_ModelC	2002	0.000000	0.193359	2967.22
Suite_B_Correlated	128	32	0.30	B0_Hebbian	2003	0.000000	0.199707	464.06
Suite_B_Correlated	128	32	0.30	B1_Pseudoinverse	2003	0.281250	0.189453	570.19
Suite_B_Correlated	128	32	0.30	B2_1NN_Oracle	2003	0.937500	0.015137	2.22
Suite_B_Correlated	128	32	0.30	B3_PolynomialDAM	2003	0.000000	0.209961	1961.97
Suite_B_Correlated	128	32	0.30	B4_ModernHopfield	2003	0.968750	0.009033	118.28
Suite_B_Correlated	128	32	0.30	Candidate_ModelC	2003	0.000000	0.199707	3466.34
Suite_B_Correlated	128	32	0.30	B0_Hebbian	2004	0.000000	0.199951	241.97
Suite_B_Correlated	128	32	0.30	B1_Pseudoinverse	2004	0.281250	0.203369	596.56
Suite_B_Correlated	128	32	0.30	B2_1NN_Oracle	2004	0.937500	0.017578	2.41
Suite_B_Correlated	128	32	0.30	B3_PolynomialDAM	2004	0.000000	0.199951	1442.41
Suite_B_Correlated	128	32	0.30	B4_ModernHopfield	2004	0.968750	0.008789	13.50
Suite_B_Correlated	128	32	0.30	Candidate_ModelC	2004	0.000000	0.199951	4469.62
Suite_B_Correlated	128	32	0.30	B0_Hebbian	2005	0.000000	0.194092	82.00
Suite_B_Correlated	128	32	0.30	B1_Pseudoinverse	2005	0.156250	0.219482	1078.38
Suite_B_Correlated	128	32	0.30	B2_1NN_Oracle	2005	0.906250	0.027100	122.81
Suite_B_Correlated	128	32	0.30	B3_PolynomialDAM	2005	0.000000	0.194092	1106.78
Suite_B_Correlated	128	32	0.30	B4_ModernHopfield	2005	0.937500	0.018066	149.78
Suite_B_Correlated	128	32	0.30	Candidate_ModelC	2005	0.000000	0.194092	3250.12
Suite_B_Correlated	128	32	0.30	B0_Hebbian	2006	0.000000	0.201904	119.34
Suite_B_Correlated	128	32	0.30	B1_Pseudoinverse	2006	0.406250	0.149170	1247.31
Suite_B_Correlated	128	32	0.30	B2_1NN_Oracle	2006	0.906250	0.025879	2.75
Suite_B_Correlated	128	32	0.30	B3_PolynomialDAM	2006	0.000000	0.201904	1127.97
Suite_B_Correlated	128	32	0.30	B4_ModernHopfield	2006	0.968750	0.009033	12.88
Suite_B_Correlated	128	32	0.30	Candidate_ModelC	2006	0.000000	0.201904	3256.41
Suite_B_Correlated	128	32	0.30	B0_Hebbian	2007	0.000000	0.201172	440.78
Suite_B_Correlated	128	32	0.30	B1_Pseudoinverse	2007	0.312500	0.166992	1190.38
Suite_B_Correlated	128	32	0.30	B2_1NN_Oracle	2007	0.906250	0.028320	4.59
Suite_B_Correlated	128	32	0.30	B3_PolynomialDAM	2007	0.000000	0.201172	1184.44
Suite_B_Correlated	128	32	0.30	B4_ModernHopfield	2007	0.906250	0.024902	65.25
Suite_B_Correlated	128	32	0.30	Candidate_ModelC	2007	0.000000	0.201172	3654.12
Suite_B_Correlated	128	32	0.30	B0_Hebbian	2008	0.000000	0.205078	371.31
Suite_B_Correlated	128	32	0.30	B1_Pseudoinverse	2008	0.312500	0.202148	1114.09
Suite_B_Correlated	128	32	0.30	B2_1NN_Oracle	2008	0.906250	0.027832	2.09
Suite_B_Correlated	128	32	0.30	B3_PolynomialDAM	2008	0.000000	0.194824	1033.50
Suite_B_Correlated	128	32	0.30	B4_ModernHopfield	2008	0.843750	0.041504	23.69
Suite_B_Correlated	128	32	0.30	Candidate_ModelC	2008	0.000000	0.194824	1723.06
Suite_B_Correlated	128	32	0.30	B0_Hebbian	2009	0.000000	0.208984	141.22
Suite_B_Correlated	128	32	0.30	B1_Pseudoinverse	2009	0.343750	0.174072	605.19
Suite_B_Correlated	128	32	0.30	B2_1NN_Oracle	2009	1.000000	0.000000	2.56
Suite_B_Correlated	128	32	0.30	B3_PolynomialDAM	2009	0.000000	0.208984	616.50
Suite_B_Correlated	128	32	0.30	B4_ModernHopfield	2009	0.937500	0.017822	14.03
Suite_B_Correlated	128	32	0.30	Candidate_ModelC	2009	0.000000	0.208984	2947.00
Suite_B_Correlated	128	32	0.30	B0_Hebbian	2010	0.000000	0.185059	493.09
Suite_B_Correlated	128	32	0.30	B1_Pseudoinverse	2010	0.343750	0.169189	748.50
Suite_B_Correlated	128	32	0.30	B2_1NN_Oracle	2010	0.906250	0.029541	2.84
Suite_B_Correlated	128	32	0.30	B3_PolynomialDAM	2010	0.000000	0.195557	1441.84
Suite_B_Correlated	128	32	0.30	B4_ModernHopfield	2010	0.906250	0.026611	22.72
Suite_B_Correlated	128	32	0.30	Candidate_ModelC	2010	0.000000	0.185059	3900.81
Suite_B_Correlated	128	32	0.30	B0_Hebbian	2011	0.000000	0.192871	77.47
Suite_B_Correlated	128	32	0.30	B1_Pseudoinverse	2011	0.250000	0.219971	896.09
Suite_B_Correlated	128	32	0.30	B2_1NN_Oracle	2011	0.906250	0.029053	2.16
Suite_B_Correlated	128	32	0.30	B3_PolynomialDAM	2011	0.000000	0.192871	1021.94
Suite_B_Correlated	128	32	0.30	B4_ModernHopfield	2011	0.968750	0.008057	27.28
Suite_B_Correlated	128	32	0.30	Candidate_ModelC	2011	0.000000	0.192871	4064.62
Suite_B_Correlated	128	32	0.30	B0_Hebbian	2012	0.000000	0.221191	245.25
Suite_B_Correlated	128	32	0.30	B1_Pseudoinverse	2012	0.281250	0.198486	659.91
Suite_B_Correlated	128	32	0.30	B2_1NN_Oracle	2012	1.000000	0.000000	2.69
Suite_B_Correlated	128	32	0.30	B3_PolynomialDAM	2012	0.000000	0.205078	1014.00
Suite_B_Correlated	128	32	0.30	B4_ModernHopfield	2012	0.906250	0.024902	15.00
Suite_B_Correlated	128	32	0.30	Candidate_ModelC	2012	0.000000	0.205078	4091.19
Suite_B_Correlated	128	32	0.30	B0_Hebbian	2013	0.000000	0.209473	682.22
Suite_B_Correlated	128	32	0.30	B1_Pseudoinverse	2013	0.250000	0.191895	1070.44
Suite_B_Correlated	128	32	0.30	B2_1NN_Oracle	2013	1.000000	0.000000	24.38
Suite_B_Correlated	128	32	0.30	B3_PolynomialDAM	2013	0.000000	0.209473	1869.09
Suite_B_Correlated	128	32	0.30	B4_ModernHopfield	2013	1.000000	0.000000	20.66
Suite_B_Correlated	128	32	0.30	Candidate_ModelC	2013	0.000000	0.209473	5522.34
Suite_B_Correlated	128	32	0.30	B0_Hebbian	2014	0.000000	0.190430	346.91
Suite_B_Correlated	128	32	0.30	B1_Pseudoinverse	2014	0.250000	0.185059	552.72
Suite_B_Correlated	128	32	0.30	B2_1NN_Oracle	2014	0.968750	0.009277	2.03
Suite_B_Correlated	128	32	0.30	B3_PolynomialDAM	2014	0.000000	0.190430	1248.53
Suite_B_Correlated	128	32	0.30	B4_ModernHopfield	2014	0.875000	0.036865	13.91
Suite_B_Correlated	128	32	0.30	Candidate_ModelC	2014	0.000000	0.190430	1679.78
Suite_B_Correlated	128	32	0.30	B0_Hebbian	2015	0.000000	0.197998	123.97
Suite_B_Correlated	128	32	0.30	B1_Pseudoinverse	2015	0.375000	0.154297	702.28
Suite_B_Correlated	128	32	0.30	B2_1NN_Oracle	2015	0.906250	0.028320	2.75
Suite_B_Correlated	128	32	0.30	B3_PolynomialDAM	2015	0.000000	0.197998	746.00
Suite_B_Correlated	128	32	0.30	B4_ModernHopfield	2015	0.875000	0.033447	23.84
Suite_B_Correlated	128	32	0.30	Candidate_ModelC	2015	0.000000	0.197998	2515.75
Suite_B_Correlated	128	32	0.30	B0_Hebbian	2016	0.000000	0.208008	467.41
Suite_B_Correlated	128	32	0.30	B1_Pseudoinverse	2016	0.187500	0.226074	1137.84
Suite_B_Correlated	128	32	0.30	B2_1NN_Oracle	2016	0.843750	0.051270	2.66
Suite_B_Correlated	128	32	0.30	B3_PolynomialDAM	2016	0.000000	0.208008	1309.97
Suite_B_Correlated	128	32	0.30	B4_ModernHopfield	2016	0.937500	0.018799	13.53
Suite_B_Correlated	128	32	0.30	Candidate_ModelC	2016	0.000000	0.208008	2601.44
Suite_B_Correlated	128	32	0.30	B0_Hebbian	2017	0.000000	0.197021	441.28
Suite_B_Correlated	128	32	0.30	B1_Pseudoinverse	2017	0.281250	0.195801	911.34
Suite_B_Correlated	128	32	0.30	B2_1NN_Oracle	2017	0.906250	0.029053	2.75
Suite_B_Correlated	128	32	0.30	B3_PolynomialDAM	2017	0.000000	0.197021	1054.97
Suite_B_Correlated	128	32	0.30	B4_ModernHopfield	2017	0.937500	0.016357	13.22
Suite_B_Correlated	128	32	0.30	Candidate_ModelC	2017	0.000000	0.197021	3282.53
Suite_B_Correlated	128	32	0.30	B0_Hebbian	2018	0.000000	0.203125	87.00
Suite_B_Correlated	128	32	0.30	B1_Pseudoinverse	2018	0.250000	0.190674	489.66
Suite_B_Correlated	128	32	0.30	B2_1NN_Oracle	2018	0.937500	0.018555	2.09
Suite_B_Correlated	128	32	0.30	B3_PolynomialDAM	2018	0.000000	0.203125	452.34
Suite_B_Correlated	128	32	0.30	B4_ModernHopfield	2018	0.937500	0.018555	168.66
Suite_B_Correlated	128	32	0.30	Candidate_ModelC	2018	0.000000	0.203125	3256.94
Suite_B_Correlated	128	32	0.30	B0_Hebbian	2019	0.000000	0.201172	220.56
Suite_B_Correlated	128	32	0.30	B1_Pseudoinverse	2019	0.218750	0.236328	589.38
Suite_B_Correlated	128	32	0.30	B2_1NN_Oracle	2019	0.875000	0.035645	2.16
Suite_B_Correlated	128	32	0.30	B3_PolynomialDAM	2019	0.000000	0.201172	829.12
Suite_B_Correlated	128	32	0.30	B4_ModernHopfield	2019	0.937500	0.017090	24.38
Suite_B_Correlated	128	32	0.30	Candidate_ModelC	2019	0.000000	0.201172	2640.03
Suite_B_Correlated	128	32	0.30	B0_Hebbian	2020	0.000000	0.200928	464.97
Suite_B_Correlated	128	32	0.30	B1_Pseudoinverse	2020	0.218750	0.237793	780.81
Suite_B_Correlated	128	32	0.30	B2_1NN_Oracle	2020	0.875000	0.039307	2.19
Suite_B_Correlated	128	32	0.30	B3_PolynomialDAM	2020	0.000000	0.200928	810.50
Suite_B_Correlated	128	32	0.30	B4_ModernHopfield	2020	0.875000	0.036377	14.00
Suite_B_Correlated	128	32	0.30	Candidate_ModelC	2020	0.000000	0.200928	1871.47
Suite_B_Correlated	128	32	0.40	B0_Hebbian	2001	0.000000	0.235596	76.81
Suite_B_Correlated	128	32	0.40	B1_Pseudoinverse	2001	0.000000	0.396973	910.66
Suite_B_Correlated	128	32	0.40	B2_1NN_Oracle	2001	0.281250	0.219971	2.50
Suite_B_Correlated	128	32	0.40	B3_PolynomialDAM	2001	0.000000	0.240479	1914.78
Suite_B_Correlated	128	32	0.40	B4_ModernHopfield	2001	0.437500	0.171631	24.16
Suite_B_Correlated	128	32	0.40	Candidate_ModelC	2001	0.000000	0.238037	4307.12
Suite_B_Correlated	128	32	0.40	B0_Hebbian	2002	0.000000	0.210449	503.56
Suite_B_Correlated	128	32	0.40	B1_Pseudoinverse	2002	0.031250	0.387207	931.19
Suite_B_Correlated	128	32	0.40	B2_1NN_Oracle	2002	0.468750	0.166260	2.97
Suite_B_Correlated	128	32	0.40	B3_PolynomialDAM	2002	0.000000	0.237549	1075.00
Suite_B_Correlated	128	32	0.40	B4_ModernHopfield	2002	0.656250	0.102539	16.47
Suite_B_Correlated	128	32	0.40	Candidate_ModelC	2002	0.000000	0.265137	3996.94
Suite_B_Correlated	128	32	0.40	B0_Hebbian	2003	0.000000	0.274414	253.72
Suite_B_Correlated	128	32	0.40	B1_Pseudoinverse	2003	0.031250	0.391602	652.53
Suite_B_Correlated	128	32	0.40	B2_1NN_Oracle	2003	0.437500	0.180664	2.28
Suite_B_Correlated	128	32	0.40	B3_PolynomialDAM	2003	0.000000	0.272705	1421.66
Suite_B_Correlated	128	32	0.40	B4_ModernHopfield	2003	0.312500	0.214600	17.69
Suite_B_Correlated	128	32	0.40	Candidate_ModelC	2003	0.000000	0.254639	3752.44
Suite_B_Correlated	128	32	0.40	B0_Hebbian	2004	0.000000	0.240967	151.34
Suite_B_Correlated	128	32	0.40	B1_Pseudoinverse	2004	0.000000	0.394775	1042.72
Suite_B_Correlated	128	32	0.40	B2_1NN_Oracle	2004	0.343750	0.201172	3.00
Suite_B_Correlated	128	32	0.40	B3_PolynomialDAM	2004	0.000000	0.279297	946.44
Suite_B_Correlated	128	32	0.40	B4_ModernHopfield	2004	0.437500	0.167725	14.34
Suite_B_Correlated	128	32	0.40	Candidate_ModelC	2004	0.000000	0.244141	3549.28
Suite_B_Correlated	128	32	0.40	B0_Hebbian	2005	0.000000	0.231201	237.69
Suite_B_Correlated	128	32	0.40	B1_Pseudoinverse	2005	0.000000	0.395508	740.12
Suite_B_Correlated	128	32	0.40	B2_1NN_Oracle	2005	0.500000	0.151367	3.03
Suite_B_Correlated	128	32	0.40	B3_PolynomialDAM	2005	0.000000	0.241455	1188.81
Suite_B_Correlated	128	32	0.40	B4_ModernHopfield	2005	0.343750	0.180908	209.12
Suite_B_Correlated	128	32	0.40	Candidate_ModelC	2005	0.000000	0.235596	4776.75
Suite_B_Correlated	128	32	0.40	B0_Hebbian	2006	0.000000	0.236572	137.94
Suite_B_Correlated	128	32	0.40	B1_Pseudoinverse	2006	0.000000	0.367920	779.41
Suite_B_Correlated	128	32	0.40	B2_1NN_Oracle	2006	0.437500	0.172119	2.66
Suite_B_Correlated	128	32	0.40	B3_PolynomialDAM	2006	0.000000	0.243896	596.03
Suite_B_Correlated	128	32	0.40	B4_ModernHopfield	2006	0.437500	0.180908	211.62
Suite_B_Correlated	128	32	0.40	Candidate_ModelC	2006	0.000000	0.258057	4340.41
Suite_B_Correlated	128	32	0.40	B0_Hebbian	2007	0.000000	0.273438	259.62
Suite_B_Correlated	128	32	0.40	B1_Pseudoinverse	2007	0.093750	0.322266	605.56
Suite_B_Correlated	128	32	0.40	B2_1NN_Oracle	2007	0.312500	0.229004	2.31
Suite_B_Correlated	128	32	0.40	B3_PolynomialDAM	2007	0.000000	0.252197	1107.91
Suite_B_Correlated	128	32	0.40	B4_ModernHopfield	2007	0.500000	0.158447	14.66
Suite_B_Correlated	128	32	0.40	Candidate_ModelC	2007	0.000000	0.233643	3431.44
Suite_B_Correlated	128	32	0.40	B0_Hebbian	2008	0.000000	0.237793	104.00
Suite_B_Correlated	128	32	0.40	B1_Pseudoinverse	2008	0.031250	0.360107	1397.50
Suite_B_Correlated	128	32	0.40	B2_1NN_Oracle	2008	0.250000	0.218750	3.25
Suite_B_Correlated	128	32	0.40	B3_PolynomialDAM	2008	0.000000	0.292725	1311.12
Suite_B_Correlated	128	32	0.40	B4_ModernHopfield	2008	0.437500	0.176025	28.03
Suite_B_Correlated	128	32	0.40	Candidate_ModelC	2008	0.000000	0.252441	4564.69
Suite_B_Correlated	128	32	0.40	B0_Hebbian	2009	0.000000	0.262207	301.19
Suite_B_Correlated	128	32	0.40	B1_Pseudoinverse	2009	0.000000	0.380859	901.88
Suite_B_Correlated	128	32	0.40	B2_1NN_Oracle	2009	0.500000	0.160889	3.09
Suite_B_Correlated	128	32	0.40	B3_PolynomialDAM	2009	0.000000	0.250977	748.72
Suite_B_Correlated	128	32	0.40	B4_ModernHopfield	2009	0.468750	0.164795	24.50
Suite_B_Correlated	128	32	0.40	Candidate_ModelC	2009	0.000000	0.239746	3282.12
Suite_B_Correlated	128	32	0.40	B0_Hebbian	2010	0.000000	0.238770	473.09
Suite_B_Correlated	128	32	0.40	B1_Pseudoinverse	2010	0.062500	0.355225	1316.78
Suite_B_Correlated	128	32	0.40	B2_1NN_Oracle	2010	0.312500	0.203857	2.34
Suite_B_Correlated	128	32	0.40	B3_PolynomialDAM	2010	0.000000	0.260986	1481.53
Suite_B_Correlated	128	32	0.40	B4_ModernHopfield	2010	0.312500	0.200439	23.06
Suite_B_Correlated	128	32	0.40	Candidate_ModelC	2010	0.000000	0.296387	5442.66
Suite_B_Correlated	128	32	0.40	B0_Hebbian	2011	0.000000	0.211914	181.31
Suite_B_Correlated	128	32	0.40	B1_Pseudoinverse	2011	0.031250	0.375732	1013.75
Suite_B_Correlated	128	32	0.40	B2_1NN_Oracle	2011	0.500000	0.156006	3.06
Suite_B_Correlated	128	32	0.40	B3_PolynomialDAM	2011	0.000000	0.241943	1183.75
Suite_B_Correlated	128	32	0.40	B4_ModernHopfield	2011	0.375000	0.192871	24.69
Suite_B_Correlated	128	32	0.40	Candidate_ModelC	2011	0.000000	0.256836	3834.16
Suite_B_Correlated	128	32	0.40	B0_Hebbian	2012	0.000000	0.221191	304.59
Suite_B_Correlated	128	32	0.40	B1_Pseudoinverse	2012	0.031250	0.362793	435.75
Suite_B_Correlated	128	32	0.40	B2_1NN_Oracle	2012	0.375000	0.197754	2.28
Suite_B_Correlated	128	32	0.40	B3_PolynomialDAM	2012	0.000000	0.267334	1255.69
Suite_B_Correlated	128	32	0.40	B4_ModernHopfield	2012	0.468750	0.172607	273.41
Suite_B_Correlated	128	32	0.40	Candidate_ModelC	2012	0.000000	0.270508	2805.12
Suite_B_Correlated	128	32	0.40	B0_Hebbian	2013	0.000000	0.301758	82.81
Suite_B_Correlated	128	32	0.40	B1_Pseudoinverse	2013	0.000000	0.379883	794.38
Suite_B_Correlated	128	32	0.40	B2_1NN_Oracle	2013	0.406250	0.193115	2.31
Suite_B_Correlated	128	32	0.40	B3_PolynomialDAM	2013	0.000000	0.243164	1899.16
Suite_B_Correlated	128	32	0.40	B4_ModernHopfield	2013	0.500000	0.166260	25.69
Suite_B_Correlated	128	32	0.40	Candidate_ModelC	2013	0.000000	0.278076	5856.91
Suite_B_Correlated	128	32	0.40	B0_Hebbian	2014	0.000000	0.260254	79.84
Suite_B_Correlated	128	32	0.40	B1_Pseudoinverse	2014	0.031250	0.341797	953.88
Suite_B_Correlated	128	32	0.40	B2_1NN_Oracle	2014	0.437500	0.164795	2.31
Suite_B_Correlated	128	32	0.40	B3_PolynomialDAM	2014	0.000000	0.244141	1352.47
Suite_B_Correlated	128	32	0.40	B4_ModernHopfield	2014	0.437500	0.157959	14.38
Suite_B_Correlated	128	32	0.40	Candidate_ModelC	2014	0.000000	0.260010	3111.56
Suite_B_Correlated	128	32	0.40	B0_Hebbian	2015	0.000000	0.239502	97.47
Suite_B_Correlated	128	32	0.40	B1_Pseudoinverse	2015	0.000000	0.367188	910.41
Suite_B_Correlated	128	32	0.40	B2_1NN_Oracle	2015	0.500000	0.152588	3.06
Suite_B_Correlated	128	32	0.40	B3_PolynomialDAM	2015	0.000000	0.279785	1189.34
Suite_B_Correlated	128	32	0.40	B4_ModernHopfield	2015	0.343750	0.197754	24.62
Suite_B_Correlated	128	32	0.40	Candidate_ModelC	2015	0.000000	0.229248	3713.75
Suite_B_Correlated	128	32	0.40	B0_Hebbian	2016	0.000000	0.208008	217.47
Suite_B_Correlated	128	32	0.40	B1_Pseudoinverse	2016	0.031250	0.378662	1108.62
Suite_B_Correlated	128	32	0.40	B2_1NN_Oracle	2016	0.437500	0.176514	130.12
Suite_B_Correlated	128	32	0.40	B3_PolynomialDAM	2016	0.000000	0.261475	838.53
Suite_B_Correlated	128	32	0.40	B4_ModernHopfield	2016	0.375000	0.194092	25.62
Suite_B_Correlated	128	32	0.40	Candidate_ModelC	2016	0.000000	0.242676	3425.78
Suite_B_Correlated	128	32	0.40	B0_Hebbian	2017	0.000000	0.305420	246.16
Suite_B_Correlated	128	32	0.40	B1_Pseudoinverse	2017	0.062500	0.348145	782.78
Suite_B_Correlated	128	32	0.40	B2_1NN_Oracle	2017	0.437500	0.166992	2.91
Suite_B_Correlated	128	32	0.40	B3_PolynomialDAM	2017	0.000000	0.227295	1172.00
Suite_B_Correlated	128	32	0.40	B4_ModernHopfield	2017	0.406250	0.176514	24.03
Suite_B_Correlated	128	32	0.40	Candidate_ModelC	2017	0.000000	0.224854	4582.28
Suite_B_Correlated	128	32	0.40	B0_Hebbian	2018	0.000000	0.279297	249.94
Suite_B_Correlated	128	32	0.40	B1_Pseudoinverse	2018	0.000000	0.381836	544.44
Suite_B_Correlated	128	32	0.40	B2_1NN_Oracle	2018	0.593750	0.125732	3.25
Suite_B_Correlated	128	32	0.40	B3_PolynomialDAM	2018	0.000000	0.255371	1422.66
Suite_B_Correlated	128	32	0.40	B4_ModernHopfield	2018	0.437500	0.181885	269.44
Suite_B_Correlated	128	32	0.40	Candidate_ModelC	2018	0.000000	0.247559	2159.75
Suite_B_Correlated	128	32	0.40	B0_Hebbian	2019	0.000000	0.217285	149.34
Suite_B_Correlated	128	32	0.40	B1_Pseudoinverse	2019	0.000000	0.410645	458.06
Suite_B_Correlated	128	32	0.40	B2_1NN_Oracle	2019	0.437500	0.166016	3.06
Suite_B_Correlated	128	32	0.40	B3_PolynomialDAM	2019	0.000000	0.249756	554.81
Suite_B_Correlated	128	32	0.40	B4_ModernHopfield	2019	0.437500	0.174561	26.62
Suite_B_Correlated	128	32	0.40	Candidate_ModelC	2019	0.000000	0.250000	4772.78
Suite_B_Correlated	128	32	0.40	B0_Hebbian	2020	0.000000	0.235596	221.09
Suite_B_Correlated	128	32	0.40	B1_Pseudoinverse	2020	0.000000	0.387695	894.97
Suite_B_Correlated	128	32	0.40	B2_1NN_Oracle	2020	0.437500	0.178223	2.31
Suite_B_Correlated	128	32	0.40	B3_PolynomialDAM	2020	0.000000	0.242676	1641.38
Suite_B_Correlated	128	32	0.40	B4_ModernHopfield	2020	0.406250	0.180664	23.22
Suite_B_Correlated	128	32	0.40	Candidate_ModelC	2020	0.000000	0.242676	3258.59
Suite_B_Correlated	128	64	0.10	B0_Hebbian	2001	0.000000	0.193726	163.47
Suite_B_Correlated	128	64	0.10	B1_Pseudoinverse	2001	0.640625	0.049805	510.19
Suite_B_Correlated	128	64	0.10	B2_1NN_Oracle	2001	1.000000	0.000000	3.31
Suite_B_Correlated	128	64	0.10	B3_PolynomialDAM	2001	0.000000	0.193726	1665.25
Suite_B_Correlated	128	64	0.10	B4_ModernHopfield	2001	1.000000	0.000000	43.58
Suite_B_Correlated	128	64	0.10	Candidate_ModelC	2001	0.000000	0.193726	2790.83
Suite_B_Correlated	128	64	0.10	B0_Hebbian	2002	0.000000	0.195435	212.09
Suite_B_Correlated	128	64	0.10	B1_Pseudoinverse	2002	0.593750	0.062622	639.75
Suite_B_Correlated	128	64	0.10	B2_1NN_Oracle	2002	1.000000	0.000000	4.02
Suite_B_Correlated	128	64	0.10	B3_PolynomialDAM	2002	0.000000	0.195435	1930.09
Suite_B_Correlated	128	64	0.10	B4_ModernHopfield	2002	1.000000	0.000000	25.62
Suite_B_Correlated	128	64	0.10	Candidate_ModelC	2002	0.000000	0.195435	2485.17
Suite_B_Correlated	128	64	0.10	B0_Hebbian	2003	0.000000	0.195923	123.39
Suite_B_Correlated	128	64	0.10	B1_Pseudoinverse	2003	0.515625	0.073120	351.19
Suite_B_Correlated	128	64	0.10	B2_1NN_Oracle	2003	1.000000	0.000000	3.48
Suite_B_Correlated	128	64	0.10	B3_PolynomialDAM	2003	0.000000	0.195923	1327.48
Suite_B_Correlated	128	64	0.10	B4_ModernHopfield	2003	1.000000	0.000000	25.22
Suite_B_Correlated	128	64	0.10	Candidate_ModelC	2003	0.000000	0.195923	3187.55
Suite_B_Correlated	128	64	0.10	B0_Hebbian	2004	0.000000	0.199585	283.75
Suite_B_Correlated	128	64	0.10	B1_Pseudoinverse	2004	0.515625	0.073730	428.52
Suite_B_Correlated	128	64	0.10	B2_1NN_Oracle	2004	1.000000	0.000000	3.62
Suite_B_Correlated	128	64	0.10	B3_PolynomialDAM	2004	0.000000	0.199585	1753.83
Suite_B_Correlated	128	64	0.10	B4_ModernHopfield	2004	1.000000	0.000000	188.78
Suite_B_Correlated	128	64	0.10	Candidate_ModelC	2004	0.000000	0.199585	3068.67
Suite_B_Correlated	128	64	0.10	B0_Hebbian	2005	0.000000	0.197754	195.34
Suite_B_Correlated	128	64	0.10	B1_Pseudoinverse	2005	0.593750	0.066650	491.72
Suite_B_Correlated	128	64	0.10	B2_1NN_Oracle	2005	1.000000	0.000000	3.33
Suite_B_Correlated	128	64	0.10	B3_PolynomialDAM	2005	0.000000	0.197754	1979.97
Suite_B_Correlated	128	64	0.10	B4_ModernHopfield	2005	1.000000	0.000000	24.25
Suite_B_Correlated	128	64	0.10	Candidate_ModelC	2005	0.000000	0.197754	3769.55
Suite_B_Correlated	128	64	0.10	B0_Hebbian	2006	0.000000	0.199219	299.19
Suite_B_Correlated	128	64	0.10	B1_Pseudoinverse	2006	0.562500	0.074341	760.38
Suite_B_Correlated	128	64	0.10	B2_1NN_Oracle	2006	1.000000	0.000000	4.23
Suite_B_Correlated	128	64	0.10	B3_PolynomialDAM	2006	0.000000	0.199219	1913.89
Suite_B_Correlated	128	64	0.10	B4_ModernHopfield	2006	1.000000	0.000000	106.11
Suite_B_Correlated	128	64	0.10	Candidate_ModelC	2006	0.000000	0.199219	5355.83
Suite_B_Correlated	128	64	0.10	B0_Hebbian	2007	0.000000	0.197876	126.00
Suite_B_Correlated	128	64	0.10	B1_Pseudoinverse	2007	0.656250	0.056030	263.97
Suite_B_Correlated	128	64	0.10	B2_1NN_Oracle	2007	1.000000	0.000000	3.31
Suite_B_Correlated	128	64	0.10	B3_PolynomialDAM	2007	0.000000	0.197876	1228.38
Suite_B_Correlated	128	64	0.10	B4_ModernHopfield	2007	1.000000	0.000000	150.05
Suite_B_Correlated	128	64	0.10	Candidate_ModelC	2007	0.000000	0.197876	2355.22
Suite_B_Correlated	128	64	0.10	B0_Hebbian	2008	0.000000	0.194336	390.34
Suite_B_Correlated	128	64	0.10	B1_Pseudoinverse	2008	0.515625	0.077637	564.23
Suite_B_Correlated	128	64	0.10	B2_1NN_Oracle	2008	1.000000	0.000000	2.33
Suite_B_Correlated	128	64	0.10	B3_PolynomialDAM	2008	0.000000	0.194336	1097.08
Suite_B_Correlated	128	64	0.10	B4_ModernHopfield	2008	1.000000	0.000000	103.98
Suite_B_Correlated	128	64	0.10	Candidate_ModelC	2008	0.000000	0.194336	4805.59
Suite_B_Correlated	128	64	0.10	B0_Hebbian	2009	0.000000	0.203491	450.77
Suite_B_Correlated	128	64	0.10	B1_Pseudoinverse	2009	0.640625	0.051025	586.58
Suite_B_Correlated	128	64	0.10	B2_1NN_Oracle	2009	1.000000	0.000000	3.78
Suite_B_Correlated	128	64	0.10	B3_PolynomialDAM	2009	0.000000	0.203491	2015.34
Suite_B_Correlated	128	64	0.10	B4_ModernHopfield	2009	1.000000	0.000000	216.88
Suite_B_Correlated	128	64	0.10	Candidate_ModelC	2009	0.000000	0.203491	3537.12
Suite_B_Correlated	128	64	0.10	B0_Hebbian	2010	0.000000	0.199219	238.31
Suite_B_Correlated	128	64	0.10	B1_Pseudoinverse	2010	0.515625	0.067505	511.27
Suite_B_Correlated	128	64	0.10	B2_1NN_Oracle	2010	1.000000	0.000000	3.31
Suite_B_Correlated	128	64	0.10	B3_PolynomialDAM	2010	0.000000	0.199219	1490.84
Suite_B_Correlated	128	64	0.10	B4_ModernHopfield	2010	1.000000	0.000000	25.47
Suite_B_Correlated	128	64	0.10	Candidate_ModelC	2010	0.000000	0.199219	2355.08
Suite_B_Correlated	128	64	0.10	B0_Hebbian	2011	0.000000	0.196899	359.70
Suite_B_Correlated	128	64	0.10	B1_Pseudoinverse	2011	0.593750	0.064941	724.34
Suite_B_Correlated	128	64	0.10	B2_1NN_Oracle	2011	1.000000	0.000000	3.41
Suite_B_Correlated	128	64	0.10	B3_PolynomialDAM	2011	0.000000	0.196899	2019.56
Suite_B_Correlated	128	64	0.10	B4_ModernHopfield	2011	1.000000	0.000000	107.81
Suite_B_Correlated	128	64	0.10	Candidate_ModelC	2011	0.000000	0.196899	2993.80
Suite_B_Correlated	128	64	0.10	B0_Hebbian	2012	0.000000	0.203613	143.78
Suite_B_Correlated	128	64	0.10	B1_Pseudoinverse	2012	0.656250	0.049316	766.23
Suite_B_Correlated	128	64	0.10	B2_1NN_Oracle	2012	1.000000	0.000000	3.28
Suite_B_Correlated	128	64	0.10	B3_PolynomialDAM	2012	0.000000	0.203613	2265.97
Suite_B_Correlated	128	64	0.10	B4_ModernHopfield	2012	1.000000	0.000000	114.58
Suite_B_Correlated	128	64	0.10	Candidate_ModelC	2012	0.000000	0.203613	3462.52
Suite_B_Correlated	128	64	0.10	B0_Hebbian	2013	0.000000	0.202148	418.14
Suite_B_Correlated	128	64	0.10	B1_Pseudoinverse	2013	0.609375	0.051270	500.36
Suite_B_Correlated	128	64	0.10	B2_1NN_Oracle	2013	1.000000	0.000000	3.47
Suite_B_Correlated	128	64	0.10	B3_PolynomialDAM	2013	0.000000	0.202148	1467.91
Suite_B_Correlated	128	64	0.10	B4_ModernHopfield	2013	1.000000	0.000000	43.81
Suite_B_Correlated	128	64	0.10	Candidate_ModelC	2013	0.000000	0.202148	3073.61
Suite_B_Correlated	128	64	0.10	B0_Hebbian	2014	0.000000	0.196777	319.12
Suite_B_Correlated	128	64	0.10	B1_Pseudoinverse	2014	0.578125	0.061890	442.27
Suite_B_Correlated	128	64	0.10	B2_1NN_Oracle	2014	1.000000	0.000000	68.52
Suite_B_Correlated	128	64	0.10	B3_PolynomialDAM	2014	0.000000	0.196777	885.80
Suite_B_Correlated	128	64	0.10	B4_ModernHopfield	2014	1.000000	0.000000	45.11
Suite_B_Correlated	128	64	0.10	Candidate_ModelC	2014	0.000000	0.196777	1964.38
Suite_B_Correlated	128	64	0.10	B0_Hebbian	2015	0.000000	0.194336	167.44
Suite_B_Correlated	128	64	0.10	B1_Pseudoinverse	2015	0.640625	0.043823	359.95
Suite_B_Correlated	128	64	0.10	B2_1NN_Oracle	2015	1.000000	0.000000	2.34
Suite_B_Correlated	128	64	0.10	B3_PolynomialDAM	2015	0.000000	0.194336	1503.78
Suite_B_Correlated	128	64	0.10	B4_ModernHopfield	2015	1.000000	0.000000	102.55
Suite_B_Correlated	128	64	0.10	Candidate_ModelC	2015	0.000000	0.194336	2882.88
Suite_B_Correlated	128	64	0.10	B0_Hebbian	2016	0.000000	0.206055	224.33
Suite_B_Correlated	128	64	0.10	B1_Pseudoinverse	2016	0.453125	0.077759	437.52
Suite_B_Correlated	128	64	0.10	B2_1NN_Oracle	2016	1.000000	0.000000	3.38
Suite_B_Correlated	128	64	0.10	B3_PolynomialDAM	2016	0.000000	0.206055	1825.59
Suite_B_Correlated	128	64	0.10	B4_ModernHopfield	2016	1.000000	0.000000	67.23
Suite_B_Correlated	128	64	0.10	Candidate_ModelC	2016	0.000000	0.206055	2987.78
Suite_B_Correlated	128	64	0.10	B0_Hebbian	2017	0.000000	0.198975	215.91
Suite_B_Correlated	128	64	0.10	B1_Pseudoinverse	2017	0.578125	0.067017	777.89
Suite_B_Correlated	128	64	0.10	B2_1NN_Oracle	2017	1.000000	0.000000	3.39
Suite_B_Correlated	128	64	0.10	B3_PolynomialDAM	2017	0.000000	0.198975	1195.80
Suite_B_Correlated	128	64	0.10	B4_ModernHopfield	2017	1.000000	0.000000	88.33
Suite_B_Correlated	128	64	0.10	Candidate_ModelC	2017	0.000000	0.198975	2887.73
Suite_B_Correlated	128	64	0.10	B0_Hebbian	2018	0.000000	0.201294	299.52
Suite_B_Correlated	128	64	0.10	B1_Pseudoinverse	2018	0.671875	0.045166	309.27
Suite_B_Correlated	128	64	0.10	B2_1NN_Oracle	2018	1.000000	0.000000	24.05
Suite_B_Correlated	128	64	0.10	B3_PolynomialDAM	2018	0.000000	0.201294	1095.23
Suite_B_Correlated	128	64	0.10	B4_ModernHopfield	2018	1.000000	0.000000	156.50
Suite_B_Correlated	128	64	0.10	Candidate_ModelC	2018	0.000000	0.201294	3854.45
Suite_B_Correlated	128	64	0.10	B0_Hebbian	2019	0.000000	0.202515	188.80
Suite_B_Correlated	128	64	0.10	B1_Pseudoinverse	2019	0.562500	0.064087	730.66
Suite_B_Correlated	128	64	0.10	B2_1NN_Oracle	2019	1.000000	0.000000	132.17
Suite_B_Correlated	128	64	0.10	B3_PolynomialDAM	2019	0.000000	0.202515	2128.72
Suite_B_Correlated	128	64	0.10	B4_ModernHopfield	2019	1.000000	0.000000	24.20
Suite_B_Correlated	128	64	0.10	Candidate_ModelC	2019	0.000000	0.202515	2613.70
Suite_B_Correlated	128	64	0.10	B0_Hebbian	2020	0.000000	0.201172	371.00
Suite_B_Correlated	128	64	0.10	B1_Pseudoinverse	2020	0.500000	0.086914	739.11
Suite_B_Correlated	128	64	0.10	B2_1NN_Oracle	2020	1.000000	0.000000	2.34
Suite_B_Correlated	128	64	0.10	B3_PolynomialDAM	2020	0.000000	0.201172	1870.06
Suite_B_Correlated	128	64	0.10	B4_ModernHopfield	2020	1.000000	0.000000	219.77
Suite_B_Correlated	128	64	0.10	Candidate_ModelC	2020	0.000000	0.201172	2483.34
Suite_B_Correlated	128	64	0.20	B0_Hebbian	2001	0.000000	0.193726	413.28
Suite_B_Correlated	128	64	0.20	B1_Pseudoinverse	2001	0.046875	0.250610	855.77
Suite_B_Correlated	128	64	0.20	B2_1NN_Oracle	2001	1.000000	0.000000	3.78
Suite_B_Correlated	128	64	0.20	B3_PolynomialDAM	2001	0.000000	0.193726	1809.19
Suite_B_Correlated	128	64	0.20	B4_ModernHopfield	2001	1.000000	0.000000	178.03
Suite_B_Correlated	128	64	0.20	Candidate_ModelC	2001	0.000000	0.193726	2072.75
Suite_B_Correlated	128	64	0.20	B0_Hebbian	2002	0.000000	0.195435	120.36
Suite_B_Correlated	128	64	0.20	B1_Pseudoinverse	2002	0.015625	0.263550	335.83
Suite_B_Correlated	128	64	0.20	B2_1NN_Oracle	2002	1.000000	0.000000	4.95
Suite_B_Correlated	128	64	0.20	B3_PolynomialDAM	2002	0.000000	0.195435	2186.59
Suite_B_Correlated	128	64	0.20	B4_ModernHopfield	2002	1.000000	0.000000	94.91
Suite_B_Correlated	128	64	0.20	Candidate_ModelC	2002	0.000000	0.195435	2166.28
Suite_B_Correlated	128	64	0.20	B0_Hebbian	2003	0.000000	0.195923	366.72
Suite_B_Correlated	128	64	0.20	B1_Pseudoinverse	2003	0.000000	0.256226	940.36
Suite_B_Correlated	128	64	0.20	B2_1NN_Oracle	2003	1.000000	0.000000	2.59
Suite_B_Correlated	128	64	0.20	B3_PolynomialDAM	2003	0.000000	0.195923	2902.75
Suite_B_Correlated	128	64	0.20	B4_ModernHopfield	2003	1.000000	0.000000	25.61
Suite_B_Correlated	128	64	0.20	Candidate_ModelC	2003	0.000000	0.195923	3773.39
Suite_B_Correlated	128	64	0.20	B0_Hebbian	2004	0.000000	0.199585	281.70
Suite_B_Correlated	128	64	0.20	B1_Pseudoinverse	2004	0.031250	0.242432	1136.75
Suite_B_Correlated	128	64	0.20	B2_1NN_Oracle	2004	1.000000	0.000000	2.59
Suite_B_Correlated	128	64	0.20	B3_PolynomialDAM	2004	0.000000	0.199585	752.69
Suite_B_Correlated	128	64	0.20	B4_ModernHopfield	2004	1.000000	0.000000	49.52
Suite_B_Correlated	128	64	0.20	Candidate_ModelC	2004	0.000000	0.199585	3899.50
Suite_B_Correlated	128	64	0.20	B0_Hebbian	2005	0.000000	0.197754	258.89
Suite_B_Correlated	128	64	0.20	B1_Pseudoinverse	2005	0.031250	0.228149	679.52
Suite_B_Correlated	128	64	0.20	B2_1NN_Oracle	2005	1.000000	0.000000	3.23
Suite_B_Correlated	128	64	0.20	B3_PolynomialDAM	2005	0.000000	0.197754	2347.81
Suite_B_Correlated	128	64	0.20	B4_ModernHopfield	2005	1.000000	0.000000	172.39
Suite_B_Correlated	128	64	0.20	Candidate_ModelC	2005	0.000000	0.197754	1819.91
Suite_B_Correlated	128	64	0.20	B0_Hebbian	2006	0.000000	0.199219	305.73
Suite_B_Correlated	128	64	0.20	B1_Pseudoinverse	2006	0.046875	0.250854	641.34
Suite_B_Correlated	128	64	0.20	B2_1NN_Oracle	2006	1.000000	0.000000	3.52
Suite_B_Correlated	128	64	0.20	B3_PolynomialDAM	2006	0.000000	0.199219	1246.05
Suite_B_Correlated	128	64	0.20	B4_ModernHopfield	2006	1.000000	0.000000	141.55
Suite_B_Correlated	128	64	0.20	Candidate_ModelC	2006	0.000000	0.199219	3103.34
Suite_B_Correlated	128	64	0.20	B0_Hebbian	2007	0.000000	0.197876	81.45
Suite_B_Correlated	128	64	0.20	B1_Pseudoinverse	2007	0.015625	0.258911	933.73
Suite_B_Correlated	128	64	0.20	B2_1NN_Oracle	2007	0.984375	0.003296	3.36
Suite_B_Correlated	128	64	0.20	B3_PolynomialDAM	2007	0.000000	0.197876	1913.95
Suite_B_Correlated	128	64	0.20	B4_ModernHopfield	2007	1.000000	0.000000	541.11
Suite_B_Correlated	128	64	0.20	Candidate_ModelC	2007	0.000000	0.197876	3582.56
Suite_B_Correlated	128	64	0.20	B0_Hebbian	2008	0.000000	0.194336	248.11
Suite_B_Correlated	128	64	0.20	B1_Pseudoinverse	2008	0.062500	0.249390	456.77
Suite_B_Correlated	128	64	0.20	B2_1NN_Oracle	2008	1.000000	0.000000	3.14
Suite_B_Correlated	128	64	0.20	B3_PolynomialDAM	2008	0.000000	0.194336	2452.27
Suite_B_Correlated	128	64	0.20	B4_ModernHopfield	2008	0.984375	0.004272	25.14
Suite_B_Correlated	128	64	0.20	Candidate_ModelC	2008	0.000000	0.194336	2967.95
Suite_B_Correlated	128	64	0.20	B0_Hebbian	2009	0.000000	0.203491	140.23
Suite_B_Correlated	128	64	0.20	B1_Pseudoinverse	2009	0.031250	0.243164	1065.39
Suite_B_Correlated	128	64	0.20	B2_1NN_Oracle	2009	1.000000	0.000000	2.59
Suite_B_Correlated	128	64	0.20	B3_PolynomialDAM	2009	0.000000	0.203491	1301.67
Suite_B_Correlated	128	64	0.20	B4_ModernHopfield	2009	0.984375	0.005127	44.19
Suite_B_Correlated	128	64	0.20	Candidate_ModelC	2009	0.000000	0.203491	4231.39
Suite_B_Correlated	128	64	0.20	B0_Hebbian	2010	0.000000	0.199219	726.28
Suite_B_Correlated	128	64	0.20	B1_Pseudoinverse	2010	0.046875	0.234863	1282.94
Suite_B_Correlated	128	64	0.20	B2_1NN_Oracle	2010	1.000000	0.000000	3.77
Suite_B_Correlated	128	64	0.20	B3_PolynomialDAM	2010	0.000000	0.199219	2744.61
Suite_B_Correlated	128	64	0.20	B4_ModernHopfield	2010	1.000000	0.000000	234.50
Suite_B_Correlated	128	64	0.20	Candidate_ModelC	2010	0.000000	0.199219	4305.80
Suite_B_Correlated	128	64	0.20	B0_Hebbian	2011	0.000000	0.196899	471.50
Suite_B_Correlated	128	64	0.20	B1_Pseudoinverse	2011	0.046875	0.259766	770.31
Suite_B_Correlated	128	64	0.20	B2_1NN_Oracle	2011	1.000000	0.000000	2.55
Suite_B_Correlated	128	64	0.20	B3_PolynomialDAM	2011	0.000000	0.196899	1650.78
Suite_B_Correlated	128	64	0.20	B4_ModernHopfield	2011	1.000000	0.000000	52.22
Suite_B_Correlated	128	64	0.20	Candidate_ModelC	2011	0.000000	0.196899	3348.91
Suite_B_Correlated	128	64	0.20	B0_Hebbian	2012	0.000000	0.203613	141.62
Suite_B_Correlated	128	64	0.20	B1_Pseudoinverse	2012	0.078125	0.227661	438.72
Suite_B_Correlated	128	64	0.20	B2_1NN_Oracle	2012	1.000000	0.000000	3.83
Suite_B_Correlated	128	64	0.20	B3_PolynomialDAM	2012	0.000000	0.203613	685.72
Suite_B_Correlated	128	64	0.20	B4_ModernHopfield	2012	1.000000	0.000000	127.53
Suite_B_Correlated	128	64	0.20	Candidate_ModelC	2012	0.000000	0.203613	3245.02
Suite_B_Correlated	128	64	0.20	B0_Hebbian	2013	0.000000	0.202148	262.31
Suite_B_Correlated	128	64	0.20	B1_Pseudoinverse	2013	0.015625	0.242065	826.33
Suite_B_Correlated	128	64	0.20	B2_1NN_Oracle	2013	1.000000	0.000000	2.58
Suite_B_Correlated	128	64	0.20	B3_PolynomialDAM	2013	0.000000	0.202148	2981.34
Suite_B_Correlated	128	64	0.20	B4_ModernHopfield	2013	1.000000	0.000000	297.50
Suite_B_Correlated	128	64	0.20	Candidate_ModelC	2013	0.000000	0.202148	2952.94
Suite_B_Correlated	128	64	0.20	B0_Hebbian	2014	0.000000	0.196777	474.64
Suite_B_Correlated	128	64	0.20	B1_Pseudoinverse	2014	0.031250	0.250366	973.86
Suite_B_Correlated	128	64	0.20	B2_1NN_Oracle	2014	1.000000	0.000000	4.02
Suite_B_Correlated	128	64	0.20	B3_PolynomialDAM	2014	0.000000	0.196777	1998.77
Suite_B_Correlated	128	64	0.20	B4_ModernHopfield	2014	1.000000	0.000000	168.81
Suite_B_Correlated	128	64	0.20	Candidate_ModelC	2014	0.000000	0.196777	5021.86
Suite_B_Correlated	128	64	0.20	B0_Hebbian	2015	0.000000	0.194336	327.67
Suite_B_Correlated	128	64	0.20	B1_Pseudoinverse	2015	0.062500	0.222900	1067.78
Suite_B_Correlated	128	64	0.20	B2_1NN_Oracle	2015	1.000000	0.000000	4.38
Suite_B_Correlated	128	64	0.20	B3_PolynomialDAM	2015	0.000000	0.194336	3360.17
Suite_B_Correlated	128	64	0.20	B4_ModernHopfield	2015	1.000000	0.000000	45.47
Suite_B_Correlated	128	64	0.20	Candidate_ModelC	2015	0.000000	0.194336	4750.69
Suite_B_Correlated	128	64	0.20	B0_Hebbian	2016	0.000000	0.206055	154.36
Suite_B_Correlated	128	64	0.20	B1_Pseudoinverse	2016	0.015625	0.264038	1055.83
Suite_B_Correlated	128	64	0.20	B2_1NN_Oracle	2016	1.000000	0.000000	4.47
Suite_B_Correlated	128	64	0.20	B3_PolynomialDAM	2016	0.000000	0.206055	1917.39
Suite_B_Correlated	128	64	0.20	B4_ModernHopfield	2016	1.000000	0.000000	189.83
Suite_B_Correlated	128	64	0.20	Candidate_ModelC	2016	0.000000	0.206055	5153.30
Suite_B_Correlated	128	64	0.20	B0_Hebbian	2017	0.000000	0.198975	337.47
Suite_B_Correlated	128	64	0.20	B1_Pseudoinverse	2017	0.031250	0.250366	1027.48
Suite_B_Correlated	128	64	0.20	B2_1NN_Oracle	2017	1.000000	0.000000	4.81
Suite_B_Correlated	128	64	0.20	B3_PolynomialDAM	2017	0.000000	0.198975	1743.73
Suite_B_Correlated	128	64	0.20	B4_ModernHopfield	2017	1.000000	0.000000	174.25
Suite_B_Correlated	128	64	0.20	Candidate_ModelC	2017	0.000000	0.198975	2758.92
Suite_B_Correlated	128	64	0.20	B0_Hebbian	2018	0.000000	0.201294	81.47
Suite_B_Correlated	128	64	0.20	B1_Pseudoinverse	2018	0.031250	0.226685	286.11
Suite_B_Correlated	128	64	0.20	B2_1NN_Oracle	2018	1.000000	0.000000	3.53
Suite_B_Correlated	128	64	0.20	B3_PolynomialDAM	2018	0.000000	0.201294	1192.89
Suite_B_Correlated	128	64	0.20	B4_ModernHopfield	2018	1.000000	0.000000	139.80
Suite_B_Correlated	128	64	0.20	Candidate_ModelC	2018	0.000000	0.201294	3816.50
Suite_B_Correlated	128	64	0.20	B0_Hebbian	2019	0.000000	0.202515	250.77
Suite_B_Correlated	128	64	0.20	B1_Pseudoinverse	2019	0.015625	0.251465	592.03
Suite_B_Correlated	128	64	0.20	B2_1NN_Oracle	2019	1.000000	0.000000	3.75
Suite_B_Correlated	128	64	0.20	B3_PolynomialDAM	2019	0.000000	0.202515	1600.66
Suite_B_Correlated	128	64	0.20	B4_ModernHopfield	2019	1.000000	0.000000	168.89
Suite_B_Correlated	128	64	0.20	Candidate_ModelC	2019	0.000000	0.202515	5107.25
Suite_B_Correlated	128	64	0.20	B0_Hebbian	2020	0.000000	0.201172	226.98
Suite_B_Correlated	128	64	0.20	B1_Pseudoinverse	2020	0.000000	0.250244	966.58
Suite_B_Correlated	128	64	0.20	B2_1NN_Oracle	2020	1.000000	0.000000	3.73
Suite_B_Correlated	128	64	0.20	B3_PolynomialDAM	2020	0.000000	0.201172	2077.91
Suite_B_Correlated	128	64	0.20	B4_ModernHopfield	2020	1.000000	0.000000	39.30
Suite_B_Correlated	128	64	0.20	Candidate_ModelC	2020	0.000000	0.201172	1837.58
Suite_B_Correlated	128	64	0.30	B0_Hebbian	2001	0.000000	0.193726	428.75
Suite_B_Correlated	128	64	0.30	B1_Pseudoinverse	2001	0.000000	0.363892	1031.81
Suite_B_Correlated	128	64	0.30	B2_1NN_Oracle	2001	0.796875	0.057251	3.86
Suite_B_Correlated	128	64	0.30	B3_PolynomialDAM	2001	0.000000	0.200195	1995.38
Suite_B_Correlated	128	64	0.30	B4_ModernHopfield	2001	0.906250	0.026367	171.73
Suite_B_Correlated	128	64	0.30	Candidate_ModelC	2001	0.000000	0.193726	4331.97
Suite_B_Correlated	128	64	0.30	B0_Hebbian	2002	0.000000	0.195435	432.55
Suite_B_Correlated	128	64	0.30	B1_Pseudoinverse	2002	0.000000	0.345581	1151.56
Suite_B_Correlated	128	64	0.30	B2_1NN_Oracle	2002	0.968750	0.009155	3.08
Suite_B_Correlated	128	64	0.30	B3_PolynomialDAM	2002	0.000000	0.195435	1905.81
Suite_B_Correlated	128	64	0.30	B4_ModernHopfield	2002	0.875000	0.036987	167.05
Suite_B_Correlated	128	64	0.30	Candidate_ModelC	2002	0.000000	0.195435	5075.94
Suite_B_Correlated	128	64	0.30	B0_Hebbian	2003	0.000000	0.195923	671.81
Suite_B_Correlated	128	64	0.30	B1_Pseudoinverse	2003	0.000000	0.359741	1473.17
Suite_B_Correlated	128	64	0.30	B2_1NN_Oracle	2003	0.937500	0.015747	3.86
Suite_B_Correlated	128	64	0.30	B3_PolynomialDAM	2003	0.000000	0.195923	3008.92
Suite_B_Correlated	128	64	0.30	B4_ModernHopfield	2003	0.890625	0.027222	45.45
Suite_B_Correlated	128	64	0.30	Candidate_ModelC	2003	0.000000	0.195923	3985.52
Suite_B_Correlated	128	64	0.30	B0_Hebbian	2004	0.000000	0.199585	296.17
Suite_B_Correlated	128	64	0.30	B1_Pseudoinverse	2004	0.000000	0.350952	469.02
Suite_B_Correlated	128	64	0.30	B2_1NN_Oracle	2004	0.937500	0.017700	3.77
Suite_B_Correlated	128	64	0.30	B3_PolynomialDAM	2004	0.000000	0.199585	1770.33
Suite_B_Correlated	128	64	0.30	B4_ModernHopfield	2004	0.859375	0.040161	25.69
Suite_B_Correlated	128	64	0.30	Candidate_ModelC	2004	0.000000	0.204346	3472.88
Suite_B_Correlated	128	64	0.30	B0_Hebbian	2005	0.000000	0.197754	803.47
Suite_B_Correlated	128	64	0.30	B1_Pseudoinverse	2005	0.000000	0.353027	1937.94
Suite_B_Correlated	128	64	0.30	B2_1NN_Oracle	2005	0.921875	0.021729	3.69
Suite_B_Correlated	128	64	0.30	B3_PolynomialDAM	2005	0.000000	0.197754	3208.59
Suite_B_Correlated	128	64	0.30	B4_ModernHopfield	2005	0.921875	0.021729	309.66
Suite_B_Correlated	128	64	0.30	Candidate_ModelC	2005	0.000000	0.197754	5667.84
Suite_B_Correlated	128	64	0.30	B0_Hebbian	2006	0.000000	0.199219	287.20
Suite_B_Correlated	128	64	0.30	B1_Pseudoinverse	2006	0.000000	0.361938	1011.16
Suite_B_Correlated	128	64	0.30	B2_1NN_Oracle	2006	0.906250	0.024902	3.83
Suite_B_Correlated	128	64	0.30	B3_PolynomialDAM	2006	0.000000	0.199219	2037.25
Suite_B_Correlated	128	64	0.30	B4_ModernHopfield	2006	0.875000	0.034424	44.42
Suite_B_Correlated	128	64	0.30	Candidate_ModelC	2006	0.000000	0.199219	2260.61
Suite_B_Correlated	128	64	0.30	B0_Hebbian	2007	0.000000	0.197876	154.06
Suite_B_Correlated	128	64	0.30	B1_Pseudoinverse	2007	0.000000	0.354858	666.62
Suite_B_Correlated	128	64	0.30	B2_1NN_Oracle	2007	0.890625	0.031250	3.77
Suite_B_Correlated	128	64	0.30	B3_PolynomialDAM	2007	0.000000	0.202515	1490.80
Suite_B_Correlated	128	64	0.30	B4_ModernHopfield	2007	0.937500	0.018188	45.34
Suite_B_Correlated	128	64	0.30	Candidate_ModelC	2007	0.000000	0.197876	1226.66
Suite_B_Correlated	128	64	0.30	B0_Hebbian	2008	0.000000	0.199463	195.70
Suite_B_Correlated	128	64	0.30	B1_Pseudoinverse	2008	0.000000	0.349365	823.62
Suite_B_Correlated	128	64	0.30	B2_1NN_Oracle	2008	0.906250	0.025513	109.25
Suite_B_Correlated	128	64	0.30	B3_PolynomialDAM	2008	0.000000	0.194336	2782.48
Suite_B_Correlated	128	64	0.30	B4_ModernHopfield	2008	0.812500	0.055542	122.00
Suite_B_Correlated	128	64	0.30	Candidate_ModelC	2008	0.000000	0.194336	5322.95
Suite_B_Correlated	128	64	0.30	B0_Hebbian	2009	0.000000	0.203491	135.61
Suite_B_Correlated	128	64	0.30	B1_Pseudoinverse	2009	0.000000	0.338257	1258.31
Suite_B_Correlated	128	64	0.30	B2_1NN_Oracle	2009	0.890625	0.034668	5.67
Suite_B_Correlated	128	64	0.30	B3_PolynomialDAM	2009	0.000000	0.208496	2310.97
Suite_B_Correlated	128	64	0.30	B4_ModernHopfield	2009	0.890625	0.033569	216.12
Suite_B_Correlated	128	64	0.30	Candidate_ModelC	2009	0.000000	0.213013	5635.77
Suite_B_Correlated	128	64	0.30	B0_Hebbian	2010	0.000000	0.207275	661.75
Suite_B_Correlated	128	64	0.30	B1_Pseudoinverse	2010	0.000000	0.346069	1686.69
Suite_B_Correlated	128	64	0.30	B2_1NN_Oracle	2010	0.921875	0.022949	4.02
Suite_B_Correlated	128	64	0.30	B3_PolynomialDAM	2010	0.000000	0.199219	2690.14
Suite_B_Correlated	128	64	0.30	B4_ModernHopfield	2010	0.921875	0.023560	151.83
Suite_B_Correlated	128	64	0.30	Candidate_ModelC	2010	0.000000	0.199219	6162.58
Suite_B_Correlated	128	64	0.30	B0_Hebbian	2011	0.000000	0.196899	369.98
Suite_B_Correlated	128	64	0.30	B1_Pseudoinverse	2011	0.000000	0.368042	1199.78
Suite_B_Correlated	128	64	0.30	B2_1NN_Oracle	2011	0.921875	0.022339	3.78
Suite_B_Correlated	128	64	0.30	B3_PolynomialDAM	2011	0.000000	0.202148	3075.12
Suite_B_Correlated	128	64	0.30	B4_ModernHopfield	2011	0.859375	0.039185	281.47
Suite_B_Correlated	128	64	0.30	Candidate_ModelC	2011	0.000000	0.196899	5534.84
Suite_B_Correlated	128	64	0.30	B0_Hebbian	2012	0.000000	0.218262	731.47
Suite_B_Correlated	128	64	0.30	B1_Pseudoinverse	2012	0.000000	0.346069	971.20
Suite_B_Correlated	128	64	0.30	B2_1NN_Oracle	2012	0.875000	0.039062	139.66
Suite_B_Correlated	128	64	0.30	B3_PolynomialDAM	2012	0.000000	0.209106	1988.38
Suite_B_Correlated	128	64	0.30	B4_ModernHopfield	2012	0.843750	0.045654	169.92
Suite_B_Correlated	128	64	0.30	Candidate_ModelC	2012	0.000000	0.203613	7716.02
Suite_B_Correlated	128	64	0.30	B0_Hebbian	2013	0.000000	0.202148	656.94
Suite_B_Correlated	128	64	0.30	B1_Pseudoinverse	2013	0.000000	0.340820	1449.27
Suite_B_Correlated	128	64	0.30	B2_1NN_Oracle	2013	0.937500	0.016357	3.91
Suite_B_Correlated	128	64	0.30	B3_PolynomialDAM	2013	0.000000	0.206543	3625.17
Suite_B_Correlated	128	64	0.30	B4_ModernHopfield	2013	0.953125	0.014038	414.81
Suite_B_Correlated	128	64	0.30	Candidate_ModelC	2013	0.000000	0.206543	7090.48
Suite_B_Correlated	128	64	0.30	B0_Hebbian	2014	0.000000	0.196777	723.84
Suite_B_Correlated	128	64	0.30	B1_Pseudoinverse	2014	0.000000	0.368652	1455.45
Suite_B_Correlated	128	64	0.30	B2_1NN_Oracle	2014	0.875000	0.036621	3.83
Suite_B_Correlated	128	64	0.30	B3_PolynomialDAM	2014	0.000000	0.196777	3254.98
Suite_B_Correlated	128	64	0.30	B4_ModernHopfield	2014	0.921875	0.021729	25.91
Suite_B_Correlated	128	64	0.30	Candidate_ModelC	2014	0.000000	0.213257	4783.70
Suite_B_Correlated	128	64	0.30	B0_Hebbian	2015	0.000000	0.194336	105.39
Suite_B_Correlated	128	64	0.30	B1_Pseudoinverse	2015	0.000000	0.351562	517.17
Suite_B_Correlated	128	64	0.30	B2_1NN_Oracle	2015	0.875000	0.033936	3.77
Suite_B_Correlated	128	64	0.30	B3_PolynomialDAM	2015	0.000000	0.194336	1701.39
Suite_B_Correlated	128	64	0.30	B4_ModernHopfield	2015	0.765625	0.066772	152.16
Suite_B_Correlated	128	64	0.30	Candidate_ModelC	2015	0.000000	0.198853	2420.88
Suite_B_Correlated	128	64	0.30	B0_Hebbian	2016	0.000000	0.206055	302.88
Suite_B_Correlated	128	64	0.30	B1_Pseudoinverse	2016	0.000000	0.351807	1403.81
Suite_B_Correlated	128	64	0.30	B2_1NN_Oracle	2016	0.921875	0.024170	3.73
Suite_B_Correlated	128	64	0.30	B3_PolynomialDAM	2016	0.000000	0.216431	2005.73
Suite_B_Correlated	128	64	0.30	B4_ModernHopfield	2016	0.859375	0.039062	25.89
Suite_B_Correlated	128	64	0.30	Candidate_ModelC	2016	0.000000	0.206055	4331.80
Suite_B_Correlated	128	64	0.30	B0_Hebbian	2017	0.000000	0.207031	690.78
Suite_B_Correlated	128	64	0.30	B1_Pseudoinverse	2017	0.000000	0.334106	1862.08
Suite_B_Correlated	128	64	0.30	B2_1NN_Oracle	2017	0.937500	0.017212	7.17
Suite_B_Correlated	128	64	0.30	B3_PolynomialDAM	2017	0.000000	0.203979	2964.42
Suite_B_Correlated	128	64	0.30	B4_ModernHopfield	2017	0.875000	0.034180	107.70
Suite_B_Correlated	128	64	0.30	Candidate_ModelC	2017	0.000000	0.205200	6879.83
Suite_B_Correlated	128	64	0.30	B0_Hebbian	2018	0.000000	0.201294	737.52
Suite_B_Correlated	128	64	0.30	B1_Pseudoinverse	2018	0.000000	0.336914	1702.58
Suite_B_Correlated	128	64	0.30	B2_1NN_Oracle	2018	0.906250	0.028442	3.81
Suite_B_Correlated	128	64	0.30	B3_PolynomialDAM	2018	0.000000	0.201294	2526.75
Suite_B_Correlated	128	64	0.30	B4_ModernHopfield	2018	0.890625	0.029785	27.73
Suite_B_Correlated	128	64	0.30	Candidate_ModelC	2018	0.000000	0.201294	1233.83
Suite_B_Correlated	128	64	0.30	B0_Hebbian	2019	0.000000	0.202515	331.28
Suite_B_Correlated	128	64	0.30	B1_Pseudoinverse	2019	0.000000	0.357788	1506.09
Suite_B_Correlated	128	64	0.30	B2_1NN_Oracle	2019	0.953125	0.013794	3.95
Suite_B_Correlated	128	64	0.30	B3_PolynomialDAM	2019	0.000000	0.202515	2481.27
Suite_B_Correlated	128	64	0.30	B4_ModernHopfield	2019	0.875000	0.033325	100.16
Suite_B_Correlated	128	64	0.30	Candidate_ModelC	2019	0.000000	0.202515	5924.59
Suite_B_Correlated	128	64	0.30	B0_Hebbian	2020	0.000000	0.201172	191.56
Suite_B_Correlated	128	64	0.30	B1_Pseudoinverse	2020	0.000000	0.363037	426.41
Suite_B_Correlated	128	64	0.30	B2_1NN_Oracle	2020	0.859375	0.040771	3.80
Suite_B_Correlated	128	64	0.30	B3_PolynomialDAM	2020	0.000000	0.206543	786.30
Suite_B_Correlated	128	64	0.30	B4_ModernHopfield	2020	0.875000	0.037598	44.58
Suite_B_Correlated	128	64	0.30	Candidate_ModelC	2020	0.000000	0.201172	1556.19
Suite_B_Correlated	128	64	0.40	B0_Hebbian	2001	0.000000	0.222290	473.22
Suite_B_Correlated	128	64	0.40	B1_Pseudoinverse	2001	0.000000	0.452271	1791.88
Suite_B_Correlated	128	64	0.40	B2_1NN_Oracle	2001	0.328125	0.202881	4.16
Suite_B_Correlated	128	64	0.40	B3_PolynomialDAM	2001	0.000000	0.256348	2856.31
Suite_B_Correlated	128	64	0.40	B4_ModernHopfield	2001	0.406250	0.176514	201.08
Suite_B_Correlated	128	64	0.40	Candidate_ModelC	2001	0.000000	0.250122	3966.86
Suite_B_Correlated	128	64	0.40	B0_Hebbian	2002	0.000000	0.249390	127.06
Suite_B_Correlated	128	64	0.40	B1_Pseudoinverse	2002	0.000000	0.437012	371.05
Suite_B_Correlated	128	64	0.40	B2_1NN_Oracle	2002	0.437500	0.174805	3.98
Suite_B_Correlated	128	64	0.40	B3_PolynomialDAM	2002	0.000000	0.270264	3157.00
Suite_B_Correlated	128	64	0.40	B4_ModernHopfield	2002	0.375000	0.188232	104.22
Suite_B_Correlated	128	64	0.40	Candidate_ModelC	2002	0.000000	0.276611	5074.30
Suite_B_Correlated	128	64	0.40	B0_Hebbian	2003	0.000000	0.281860	262.92
Suite_B_Correlated	128	64	0.40	B1_Pseudoinverse	2003	0.000000	0.442749	664.16
Suite_B_Correlated	128	64	0.40	B2_1NN_Oracle	2003	0.375000	0.192627	3.02
Suite_B_Correlated	128	64	0.40	B3_PolynomialDAM	2003	0.000000	0.286255	2996.84
Suite_B_Correlated	128	64	0.40	B4_ModernHopfield	2003	0.343750	0.187988	27.98
Suite_B_Correlated	128	64	0.40	Candidate_ModelC	2003	0.000000	0.256226	1583.78
Suite_B_Correlated	128	64	0.40	B0_Hebbian	2004	0.000000	0.228394	92.09
Suite_B_Correlated	128	64	0.40	B1_Pseudoinverse	2004	0.000000	0.426514	255.20
Suite_B_Correlated	128	64	0.40	B2_1NN_Oracle	2004	0.359375	0.201904	42.45
Suite_B_Correlated	128	64	0.40	B3_PolynomialDAM	2004	0.000000	0.285522	2531.78
Suite_B_Correlated	128	64	0.40	B4_ModernHopfield	2004	0.250000	0.221436	52.66
Suite_B_Correlated	128	64	0.40	Candidate_ModelC	2004	0.000000	0.277832	4228.16
Suite_B_Correlated	128	64	0.40	B0_Hebbian	2005	0.000000	0.223145	425.33
Suite_B_Correlated	128	64	0.40	B1_Pseudoinverse	2005	0.000000	0.434082	1586.52
Suite_B_Correlated	128	64	0.40	B2_1NN_Oracle	2005	0.359375	0.197144	3.06
Suite_B_Correlated	128	64	0.40	B3_PolynomialDAM	2005	0.000000	0.273560	4026.50
Suite_B_Correlated	128	64	0.40	B4_ModernHopfield	2005	0.343750	0.191650	153.00
Suite_B_Correlated	128	64	0.40	Candidate_ModelC	2005	0.000000	0.245483	6617.83
Suite_B_Correlated	128	64	0.40	B0_Hebbian	2006	0.000000	0.251709	522.12
Suite_B_Correlated	128	64	0.40	B1_Pseudoinverse	2006	0.000000	0.423584	1553.56
Suite_B_Correlated	128	64	0.40	B2_1NN_Oracle	2006	0.312500	0.210083	3.02
Suite_B_Correlated	128	64	0.40	B3_PolynomialDAM	2006	0.000000	0.254639	3774.27
Suite_B_Correlated	128	64	0.40	B4_ModernHopfield	2006	0.203125	0.247559	28.53
Suite_B_Correlated	128	64	0.40	Candidate_ModelC	2006	0.000000	0.256104	5681.33
Suite_B_Correlated	128	64	0.40	B0_Hebbian	2007	0.000000	0.234009	206.95
Suite_B_Correlated	128	64	0.40	B1_Pseudoinverse	2007	0.000000	0.428833	766.73
Suite_B_Correlated	128	64	0.40	B2_1NN_Oracle	2007	0.359375	0.196533	42.59
Suite_B_Correlated	128	64	0.40	B3_PolynomialDAM	2007	0.000000	0.243530	2949.59
Suite_B_Correlated	128	64	0.40	B4_ModernHopfield	2007	0.343750	0.196411	199.77
Suite_B_Correlated	128	64	0.40	Candidate_ModelC	2007	0.000000	0.274170	5748.56
Suite_B_Correlated	128	64	0.40	B0_Hebbian	2008	0.000000	0.269287	350.77
Suite_B_Correlated	128	64	0.40	B1_Pseudoinverse	2008	0.000000	0.437256	1458.00
Suite_B_Correlated	128	64	0.40	B2_1NN_Oracle	2008	0.296875	0.218872	4.56
Suite_B_Correlated	128	64	0.40	B3_PolynomialDAM	2008	0.000000	0.252808	3864.48
Suite_B_Correlated	128	64	0.40	B4_ModernHopfield	2008	0.328125	0.202881	114.62
Suite_B_Correlated	128	64	0.40	Candidate_ModelC	2008	0.000000	0.241455	5746.95
Suite_B_Correlated	128	64	0.40	B0_Hebbian	2009	0.000000	0.248657	410.89
Suite_B_Correlated	128	64	0.40	B1_Pseudoinverse	2009	0.000000	0.425537	2000.38
Suite_B_Correlated	128	64	0.40	B2_1NN_Oracle	2009	0.359375	0.201050	67.56
Suite_B_Correlated	128	64	0.40	B3_PolynomialDAM	2009	0.000000	0.286743	4759.94
Suite_B_Correlated	128	64	0.40	B4_ModernHopfield	2009	0.250000	0.231812	236.53
Suite_B_Correlated	128	64	0.40	Candidate_ModelC	2009	0.000000	0.293457	9024.98
Suite_B_Correlated	128	64	0.40	B0_Hebbian	2010	0.000000	0.250000	232.83
Suite_B_Correlated	128	64	0.40	B1_Pseudoinverse	2010	0.000000	0.430420	718.19
Suite_B_Correlated	128	64	0.40	B2_1NN_Oracle	2010	0.296875	0.216675	4.11
Suite_B_Correlated	128	64	0.40	B3_PolynomialDAM	2010	0.000000	0.257202	3164.17
Suite_B_Correlated	128	64	0.40	B4_ModernHopfield	2010	0.390625	0.188110	48.70
Suite_B_Correlated	128	64	0.40	Candidate_ModelC	2010	0.000000	0.254150	5486.00
Suite_B_Correlated	128	64	0.40	B0_Hebbian	2011	0.000000	0.225464	177.89
Suite_B_Correlated	128	64	0.40	B1_Pseudoinverse	2011	0.000000	0.441162	839.58
Suite_B_Correlated	128	64	0.40	B2_1NN_Oracle	2011	0.328125	0.212402	3.05
Suite_B_Correlated	128	64	0.40	B3_PolynomialDAM	2011	0.000000	0.282471	4168.98
Suite_B_Correlated	128	64	0.40	B4_ModernHopfield	2011	0.343750	0.198608	173.73
Suite_B_Correlated	128	64	0.40	Candidate_ModelC	2011	0.000000	0.298950	9924.36
Suite_B_Correlated	128	64	0.40	B0_Hebbian	2012	0.000000	0.253906	382.47
Suite_B_Correlated	128	64	0.40	B1_Pseudoinverse	2012	0.000000	0.420654	1702.03
Suite_B_Correlated	128	64	0.40	B2_1NN_Oracle	2012	0.375000	0.196045	5.09
Suite_B_Correlated	128	64	0.40	B3_PolynomialDAM	2012	0.000000	0.272217	4720.84
Suite_B_Correlated	128	64	0.40	B4_ModernHopfield	2012	0.187500	0.252686	187.66
Suite_B_Correlated	128	64	0.40	Candidate_ModelC	2012	0.000000	0.265503	9335.14
Suite_B_Correlated	128	64	0.40	B0_Hebbian	2013	0.000000	0.257080	310.23
Suite_B_Correlated	128	64	0.40	B1_Pseudoinverse	2013	0.000000	0.427246	636.48
Suite_B_Correlated	128	64	0.40	B2_1NN_Oracle	2013	0.375000	0.192749	3.02
Suite_B_Correlated	128	64	0.40	B3_PolynomialDAM	2013	0.000000	0.270508	4529.95
Suite_B_Correlated	128	64	0.40	B4_ModernHopfield	2013	0.328125	0.211670	36.34
Suite_B_Correlated	128	64	0.40	Candidate_ModelC	2013	0.000000	0.233643	11937.42
Suite_B_Correlated	128	64	0.40	B0_Hebbian	2014	0.000000	0.223633	119.78
Suite_B_Correlated	128	64	0.40	B1_Pseudoinverse	2014	0.000000	0.435181	361.11
Suite_B_Correlated	128	64	0.40	B2_1NN_Oracle	2014	0.296875	0.217041	4.70
Suite_B_Correlated	128	64	0.40	B3_PolynomialDAM	2014	0.000000	0.250854	1215.92
Suite_B_Correlated	128	64	0.40	B4_ModernHopfield	2014	0.296875	0.208862	28.69
Suite_B_Correlated	128	64	0.40	Candidate_ModelC	2014	0.000000	0.261841	3307.69
Suite_B_Correlated	128	64	0.40	B0_Hebbian	2015	0.000000	0.233154	283.23
Suite_B_Correlated	128	64	0.40	B1_Pseudoinverse	2015	0.000000	0.433350	956.05
Suite_B_Correlated	128	64	0.40	B2_1NN_Oracle	2015	0.250000	0.229004	3.98
Suite_B_Correlated	128	64	0.40	B3_PolynomialDAM	2015	0.000000	0.262695	2960.88
Suite_B_Correlated	128	64	0.40	B4_ModernHopfield	2015	0.281250	0.213501	111.42
Suite_B_Correlated	128	64	0.40	Candidate_ModelC	2015	0.000000	0.250122	4236.11
Suite_B_Correlated	128	64	0.40	B0_Hebbian	2016	0.000000	0.249756	288.14
Suite_B_Correlated	128	64	0.40	B1_Pseudoinverse	2016	0.000000	0.428955	1016.41
Suite_B_Correlated	128	64	0.40	B2_1NN_Oracle	2016	0.281250	0.228760	3.06
Suite_B_Correlated	128	64	0.40	B3_PolynomialDAM	2016	0.000000	0.261108	4276.55
Suite_B_Correlated	128	64	0.40	B4_ModernHopfield	2016	0.281250	0.222046	503.58
Suite_B_Correlated	128	64	0.40	Candidate_ModelC	2016	0.000000	0.265991	7656.50
Suite_B_Correlated	128	64	0.40	B0_Hebbian	2017	0.000000	0.277344	85.77
Suite_B_Correlated	128	64	0.40	B1_Pseudoinverse	2017	0.000000	0.414673	1193.36
Suite_B_Correlated	128	64	0.40	B2_1NN_Oracle	2017	0.312500	0.209473	4.52
Suite_B_Correlated	128	64	0.40	B3_PolynomialDAM	2017	0.000000	0.244141	4272.91
Suite_B_Correlated	128	64	0.40	B4_ModernHopfield	2017	0.312500	0.210938	236.64
Suite_B_Correlated	128	64	0.40	Candidate_ModelC	2017	0.000000	0.262085	7928.06
Suite_B_Correlated	128	64	0.40	B0_Hebbian	2018	0.000000	0.267212	495.95
Suite_B_Correlated	128	64	0.40	B1_Pseudoinverse	2018	0.000000	0.427124	963.48
Suite_B_Correlated	128	64	0.40	B2_1NN_Oracle	2018	0.296875	0.225952	3.73
Suite_B_Correlated	128	64	0.40	B3_PolynomialDAM	2018	0.000000	0.268799	3284.48
Suite_B_Correlated	128	64	0.40	B4_ModernHopfield	2018	0.328125	0.203003	174.38
Suite_B_Correlated	128	64	0.40	Candidate_ModelC	2018	0.000000	0.258423	1645.28
Suite_B_Correlated	128	64	0.40	B0_Hebbian	2019	0.000000	0.218628	106.80
Suite_B_Correlated	128	64	0.40	B1_Pseudoinverse	2019	0.000000	0.431885	232.94
Suite_B_Correlated	128	64	0.40	B2_1NN_Oracle	2019	0.406250	0.187012	3.31
Suite_B_Correlated	128	64	0.40	B3_PolynomialDAM	2019	0.000000	0.246948	872.78
Suite_B_Correlated	128	64	0.40	B4_ModernHopfield	2019	0.406250	0.180054	30.38
Suite_B_Correlated	128	64	0.40	Candidate_ModelC	2019	0.000000	0.261841	2365.80
Suite_B_Correlated	128	64	0.40	B0_Hebbian	2020	0.000000	0.234863	94.08
Suite_B_Correlated	128	64	0.40	B1_Pseudoinverse	2020	0.000000	0.438599	488.05
Suite_B_Correlated	128	64	0.40	B2_1NN_Oracle	2020	0.312500	0.210327	5.16
Suite_B_Correlated	128	64	0.40	B3_PolynomialDAM	2020	0.000000	0.259521	1144.89
Suite_B_Correlated	128	64	0.40	B4_ModernHopfield	2020	0.234375	0.241455	30.69
Suite_B_Correlated	128	64	0.40	Candidate_ModelC	2020	0.000000	0.275513	1828.44
Suite_B_Correlated	128	128	0.10	B0_Hebbian	2001	0.000000	0.199341	409.91
Suite_B_Correlated	128	128	0.10	B1_Pseudoinverse	2001	0.000000	0.160156	801.06
Suite_B_Correlated	128	128	0.10	B2_1NN_Oracle	2001	1.000000	0.000000	5.85
Suite_B_Correlated	128	128	0.10	B3_PolynomialDAM	2001	0.000000	0.199341	5630.70
Suite_B_Correlated	128	128	0.10	B4_ModernHopfield	2001	1.000000	0.000000	503.25
Suite_B_Correlated	128	128	0.10	Candidate_ModelC	2001	0.000000	0.199341	7526.23
Suite_B_Correlated	128	128	0.10	B0_Hebbian	2002	0.000000	0.198181	329.26
Suite_B_Correlated	128	128	0.10	B1_Pseudoinverse	2002	0.000000	0.171204	613.23
Suite_B_Correlated	128	128	0.10	B2_1NN_Oracle	2002	1.000000	0.000000	3.89
Suite_B_Correlated	128	128	0.10	B3_PolynomialDAM	2002	0.000000	0.198181	5531.82
Suite_B_Correlated	128	128	0.10	B4_ModernHopfield	2002	1.000000	0.000000	136.28
Suite_B_Correlated	128	128	0.10	Candidate_ModelC	2002	0.000000	0.198181	4694.29
Suite_B_Correlated	128	128	0.10	B0_Hebbian	2003	0.000000	0.199951	450.08
Suite_B_Correlated	128	128	0.10	B1_Pseudoinverse	2003	0.000000	0.173462	871.98
Suite_B_Correlated	128	128	0.10	B2_1NN_Oracle	2003	1.000000	0.000000	5.98
Suite_B_Correlated	128	128	0.10	B3_PolynomialDAM	2003	0.000000	0.199951	5010.85
Suite_B_Correlated	128	128	0.10	B4_ModernHopfield	2003	1.000000	0.000000	289.26
Suite_B_Correlated	128	128	0.10	Candidate_ModelC	2003	0.000000	0.199951	7110.56
Suite_B_Correlated	128	128	0.10	B0_Hebbian	2004	0.000000	0.200806	306.16
Suite_B_Correlated	128	128	0.10	B1_Pseudoinverse	2004	0.000000	0.171997	829.12
Suite_B_Correlated	128	128	0.10	B2_1NN_Oracle	2004	1.000000	0.000000	5.23
Suite_B_Correlated	128	128	0.10	B3_PolynomialDAM	2004	0.000000	0.200806	5708.43
Suite_B_Correlated	128	128	0.10	B4_ModernHopfield	2004	1.000000	0.000000	183.21
Suite_B_Correlated	128	128	0.10	Candidate_ModelC	2004	0.000000	0.200806	7491.98
Suite_B_Correlated	128	128	0.10	B0_Hebbian	2005	0.000000	0.198730	617.50
Suite_B_Correlated	128	128	0.10	B1_Pseudoinverse	2005	0.000000	0.159973	405.73
Suite_B_Correlated	128	128	0.10	B2_1NN_Oracle	2005	1.000000	0.000000	4.37
Suite_B_Correlated	128	128	0.10	B3_PolynomialDAM	2005	0.000000	0.198730	2074.67
Suite_B_Correlated	128	128	0.10	B4_ModernHopfield	2005	1.000000	0.000000	192.75
Suite_B_Correlated	128	128	0.10	Candidate_ModelC	2005	0.000000	0.198730	2132.99
Suite_B_Correlated	128	128	0.10	B0_Hebbian	2006	0.000000	0.201599	381.42
Suite_B_Correlated	128	128	0.10	B1_Pseudoinverse	2006	0.000000	0.166199	780.08
Suite_B_Correlated	128	128	0.10	B2_1NN_Oracle	2006	1.000000	0.000000	39.04
Suite_B_Correlated	128	128	0.10	B3_PolynomialDAM	2006	0.000000	0.201599	2472.25
Suite_B_Correlated	128	128	0.10	B4_ModernHopfield	2006	1.000000	0.000000	98.59
Suite_B_Correlated	128	128	0.10	Candidate_ModelC	2006	0.000000	0.201599	6617.66
Suite_B_Correlated	128	128	0.10	B0_Hebbian	2007	0.000000	0.200256	252.85
Suite_B_Correlated	128	128	0.10	B1_Pseudoinverse	2007	0.000000	0.175659	510.45
Suite_B_Correlated	128	128	0.10	B2_1NN_Oracle	2007	1.000000	0.000000	3.88
Suite_B_Correlated	128	128	0.10	B3_PolynomialDAM	2007	0.000000	0.200256	4884.23
Suite_B_Correlated	128	128	0.10	B4_ModernHopfield	2007	1.000000	0.000000	255.85
Suite_B_Correlated	128	128	0.10	Candidate_ModelC	2007	0.000000	0.200256	6639.34
Suite_B_Correlated	128	128	0.10	B0_Hebbian	2008	0.000000	0.197021	473.91
Suite_B_Correlated	128	128	0.10	B1_Pseudoinverse	2008	0.000000	0.176086	1037.26
Suite_B_Correlated	128	128	0.10	B2_1NN_Oracle	2008	1.000000	0.000000	5.58
Suite_B_Correlated	128	128	0.10	B3_PolynomialDAM	2008	0.000000	0.197021	3695.19
Suite_B_Correlated	128	128	0.10	B4_ModernHopfield	2008	1.000000	0.000000	198.14
Suite_B_Correlated	128	128	0.10	Candidate_ModelC	2008	0.000000	0.197021	4217.70
Suite_B_Correlated	128	128	0.10	B0_Hebbian	2009	0.000000	0.203125	214.04
Suite_B_Correlated	128	128	0.10	B1_Pseudoinverse	2009	0.000000	0.165283	978.82
Suite_B_Correlated	128	128	0.10	B2_1NN_Oracle	2009	1.000000	0.000000	6.13
Suite_B_Correlated	128	128	0.10	B3_PolynomialDAM	2009	0.000000	0.203125	4640.45
Suite_B_Correlated	128	128	0.10	B4_ModernHopfield	2009	1.000000	0.000000	316.89
Suite_B_Correlated	128	128	0.10	Candidate_ModelC	2009	0.000000	0.203125	5197.41
Suite_B_Correlated	128	128	0.10	B0_Hebbian	2010	0.000000	0.198975	141.52
Suite_B_Correlated	128	128	0.10	B1_Pseudoinverse	2010	0.000000	0.169250	514.40
Suite_B_Correlated	128	128	0.10	B2_1NN_Oracle	2010	1.000000	0.000000	3.84
Suite_B_Correlated	128	128	0.10	B3_PolynomialDAM	2010	0.000000	0.198975	4564.72
Suite_B_Correlated	128	128	0.10	B4_ModernHopfield	2010	1.000000	0.000000	206.18
Suite_B_Correlated	128	128	0.10	Candidate_ModelC	2010	0.000000	0.198975	6024.53
Suite_B_Correlated	128	128	0.10	B0_Hebbian	2011	0.000000	0.202148	275.62
Suite_B_Correlated	128	128	0.10	B1_Pseudoinverse	2011	0.000000	0.154541	446.60
Suite_B_Correlated	128	128	0.10	B2_1NN_Oracle	2011	1.000000	0.000000	6.66
Suite_B_Correlated	128	128	0.10	B3_PolynomialDAM	2011	0.000000	0.202148	3172.54
Suite_B_Correlated	128	128	0.10	B4_ModernHopfield	2011	1.000000	0.000000	89.63
Suite_B_Correlated	128	128	0.10	Candidate_ModelC	2011	0.000000	0.202148	2267.41
Suite_B_Correlated	128	128	0.10	B0_Hebbian	2012	0.000000	0.201477	96.62
Suite_B_Correlated	128	128	0.10	B1_Pseudoinverse	2012	0.000000	0.151917	187.42
Suite_B_Correlated	128	128	0.10	B2_1NN_Oracle	2012	1.000000	0.000000	6.44
Suite_B_Correlated	128	128	0.10	B3_PolynomialDAM	2012	0.000000	0.201477	2125.38
Suite_B_Correlated	128	128	0.10	B4_ModernHopfield	2012	1.000000	0.000000	179.13
Suite_B_Correlated	128	128	0.10	Candidate_ModelC	2012	0.000000	0.201477	6129.59
Suite_B_Correlated	128	128	0.10	B0_Hebbian	2013	0.000000	0.200195	523.48
Suite_B_Correlated	128	128	0.10	B1_Pseudoinverse	2013	0.000000	0.160095	888.50
Suite_B_Correlated	128	128	0.10	B2_1NN_Oracle	2013	1.000000	0.000000	5.56
Suite_B_Correlated	128	128	0.10	B3_PolynomialDAM	2013	0.000000	0.200195	6202.33
Suite_B_Correlated	128	128	0.10	B4_ModernHopfield	2013	1.000000	0.000000	377.10
Suite_B_Correlated	128	128	0.10	Candidate_ModelC	2013	0.000000	0.200195	6697.23
Suite_B_Correlated	128	128	0.10	B0_Hebbian	2014	0.000000	0.201172	182.99
Suite_B_Correlated	128	128	0.10	B1_Pseudoinverse	2014	0.000000	0.172974	406.19
Suite_B_Correlated	128	128	0.10	B2_1NN_Oracle	2014	1.000000	0.000000	5.92
Suite_B_Correlated	128	128	0.10	B3_PolynomialDAM	2014	0.000000	0.201172	5848.79
Suite_B_Correlated	128	128	0.10	B4_ModernHopfield	2014	1.000000	0.000000	309.75
Suite_B_Correlated	128	128	0.10	Candidate_ModelC	2014	0.000000	0.201172	7749.12
Suite_B_Correlated	128	128	0.10	B0_Hebbian	2015	0.000000	0.197327	291.55
Suite_B_Correlated	128	128	0.10	B1_Pseudoinverse	2015	0.000000	0.163635	593.67
Suite_B_Correlated	128	128	0.10	B2_1NN_Oracle	2015	1.000000	0.000000	3.86
Suite_B_Correlated	128	128	0.10	B3_PolynomialDAM	2015	0.000000	0.197327	4898.19
Suite_B_Correlated	128	128	0.10	B4_ModernHopfield	2015	1.000000	0.000000	399.48
Suite_B_Correlated	128	128	0.10	Candidate_ModelC	2015	0.000000	0.197327	6394.19
Suite_B_Correlated	128	128	0.10	B0_Hebbian	2016	0.000000	0.203552	483.72
Suite_B_Correlated	128	128	0.10	B1_Pseudoinverse	2016	0.000000	0.167908	805.87
Suite_B_Correlated	128	128	0.10	B2_1NN_Oracle	2016	1.000000	0.000000	5.66
Suite_B_Correlated	128	128	0.10	B3_PolynomialDAM	2016	0.000000	0.203552	5550.78
Suite_B_Correlated	128	128	0.10	B4_ModernHopfield	2016	1.000000	0.000000	564.68
Suite_B_Correlated	128	128	0.10	Candidate_ModelC	2016	0.000000	0.203552	5921.03
Suite_B_Correlated	128	128	0.10	B0_Hebbian	2017	0.000000	0.200439	231.54
Suite_B_Correlated	128	128	0.10	B1_Pseudoinverse	2017	0.000000	0.150513	424.32
Suite_B_Correlated	128	128	0.10	B2_1NN_Oracle	2017	1.000000	0.000000	5.52
Suite_B_Correlated	128	128	0.10	B3_PolynomialDAM	2017	0.000000	0.200439	2939.20
Suite_B_Correlated	128	128	0.10	B4_ModernHopfield	2017	1.000000	0.000000	441.95
Suite_B_Correlated	128	128	0.10	Candidate_ModelC	2017	0.000000	0.200439	6801.88
Suite_B_Correlated	128	128	0.10	B0_Hebbian	2018	0.000000	0.197693	596.80
Suite_B_Correlated	128	128	0.10	B1_Pseudoinverse	2018	0.000000	0.162292	451.09
Suite_B_Correlated	128	128	0.10	B2_1NN_Oracle	2018	1.000000	0.000000	5.26
Suite_B_Correlated	128	128	0.10	B3_PolynomialDAM	2018	0.000000	0.197693	4776.30
Suite_B_Correlated	128	128	0.10	B4_ModernHopfield	2018	1.000000	0.000000	90.41
Suite_B_Correlated	128	128	0.10	Candidate_ModelC	2018	0.000000	0.197693	3311.02
Suite_B_Correlated	128	128	0.10	B0_Hebbian	2019	0.000000	0.203369	119.70
Suite_B_Correlated	128	128	0.10	B1_Pseudoinverse	2019	0.000000	0.155212	219.51
Suite_B_Correlated	128	128	0.10	B2_1NN_Oracle	2019	1.000000	0.000000	5.60
Suite_B_Correlated	128	128	0.10	B3_PolynomialDAM	2019	0.000000	0.203369	2451.17
Suite_B_Correlated	128	128	0.10	B4_ModernHopfield	2019	1.000000	0.000000	366.34
Suite_B_Correlated	128	128	0.10	Candidate_ModelC	2019	0.000000	0.203369	6782.17
Suite_B_Correlated	128	128	0.10	B0_Hebbian	2020	0.000000	0.198547	340.28
Suite_B_Correlated	128	128	0.10	B1_Pseudoinverse	2020	0.000000	0.166138	664.27
Suite_B_Correlated	128	128	0.10	B2_1NN_Oracle	2020	1.000000	0.000000	75.22
Suite_B_Correlated	128	128	0.10	B3_PolynomialDAM	2020	0.000000	0.198547	4713.70
Suite_B_Correlated	128	128	0.10	B4_ModernHopfield	2020	1.000000	0.000000	195.55
Suite_B_Correlated	128	128	0.10	Candidate_ModelC	2020	0.000000	0.198547	7121.01
Suite_B_Correlated	128	128	0.20	B0_Hebbian	2001	0.000000	0.199341	738.30
Suite_B_Correlated	128	128	0.20	B1_Pseudoinverse	2001	0.000000	0.253479	677.42
Suite_B_Correlated	128	128	0.20	B2_1NN_Oracle	2001	1.000000	0.000000	6.08
Suite_B_Correlated	128	128	0.20	B3_PolynomialDAM	2001	0.000000	0.199341	5403.97
Suite_B_Correlated	128	128	0.20	B4_ModernHopfield	2001	1.000000	0.000000	299.45
Suite_B_Correlated	128	128	0.20	Candidate_ModelC	2001	0.000000	0.199341	7712.95
Suite_B_Correlated	128	128	0.20	B0_Hebbian	2002	0.000000	0.198181	662.54
Suite_B_Correlated	128	128	0.20	B1_Pseudoinverse	2002	0.000000	0.273743	400.88
Suite_B_Correlated	128	128	0.20	B2_1NN_Oracle	2002	1.000000	0.000000	5.80
Suite_B_Correlated	128	128	0.20	B3_PolynomialDAM	2002	0.000000	0.198181	5355.10
Suite_B_Correlated	128	128	0.20	B4_ModernHopfield	2002	0.992188	0.001953	370.08
Suite_B_Correlated	128	128	0.20	Candidate_ModelC	2002	0.000000	0.198181	9293.18
Suite_B_Correlated	128	128	0.20	B0_Hebbian	2003	0.000000	0.199951	138.60
Suite_B_Correlated	128	128	0.20	B1_Pseudoinverse	2003	0.000000	0.271423	221.59
Suite_B_Correlated	128	128	0.20	B2_1NN_Oracle	2003	1.000000	0.000000	12.04
Suite_B_Correlated	128	128	0.20	B3_PolynomialDAM	2003	0.000000	0.199951	2454.70
Suite_B_Correlated	128	128	0.20	B4_ModernHopfield	2003	1.000000	0.000000	290.83
Suite_B_Correlated	128	128	0.20	Candidate_ModelC	2003	0.000000	0.199951	6728.51
Suite_B_Correlated	128	128	0.20	B0_Hebbian	2004	0.000000	0.200806	549.80
Suite_B_Correlated	128	128	0.20	B1_Pseudoinverse	2004	0.000000	0.264648	883.03
Suite_B_Correlated	128	128	0.20	B2_1NN_Oracle	2004	1.000000	0.000000	65.97
Suite_B_Correlated	128	128	0.20	B3_PolynomialDAM	2004	0.000000	0.200806	6673.72
Suite_B_Correlated	128	128	0.20	B4_ModernHopfield	2004	1.000000	0.000000	225.24
Suite_B_Correlated	128	128	0.20	Candidate_ModelC	2004	0.000000	0.200806	10968.45
Suite_B_Correlated	128	128	0.20	B0_Hebbian	2005	0.000000	0.198730	233.30
Suite_B_Correlated	128	128	0.20	B1_Pseudoinverse	2005	0.000000	0.264526	770.02
Suite_B_Correlated	128	128	0.20	B2_1NN_Oracle	2005	1.000000	0.000000	6.63
Suite_B_Correlated	128	128	0.20	B3_PolynomialDAM	2005	0.000000	0.198730	5277.84
Suite_B_Correlated	128	128	0.20	B4_ModernHopfield	2005	1.000000	0.000000	211.48
Suite_B_Correlated	128	128	0.20	Candidate_ModelC	2005	0.000000	0.198730	7866.42
Suite_B_Correlated	128	128	0.20	B0_Hebbian	2006	0.000000	0.201599	436.52
Suite_B_Correlated	128	128	0.20	B1_Pseudoinverse	2006	0.000000	0.265503	336.56
Suite_B_Correlated	128	128	0.20	B2_1NN_Oracle	2006	1.000000	0.000000	36.17
Suite_B_Correlated	128	128	0.20	B3_PolynomialDAM	2006	0.000000	0.201599	5139.80
Suite_B_Correlated	128	128	0.20	B4_ModernHopfield	2006	1.000000	0.000000	465.48
Suite_B_Correlated	128	128	0.20	Candidate_ModelC	2006	0.000000	0.201599	6117.09
Suite_B_Correlated	128	128	0.20	B0_Hebbian	2007	0.000000	0.200256	476.95
Suite_B_Correlated	128	128	0.20	B1_Pseudoinverse	2007	0.000000	0.278442	848.30
Suite_B_Correlated	128	128	0.20	B2_1NN_Oracle	2007	1.000000	0.000000	8.19
Suite_B_Correlated	128	128	0.20	B3_PolynomialDAM	2007	0.000000	0.200256	6485.21
Suite_B_Correlated	128	128	0.20	B4_ModernHopfield	2007	1.000000	0.000000	446.31
Suite_B_Correlated	128	128	0.20	Candidate_ModelC	2007	0.000000	0.200256	8108.02
Suite_B_Correlated	128	128	0.20	B0_Hebbian	2008	0.000000	0.197021	411.95
Suite_B_Correlated	128	128	0.20	B1_Pseudoinverse	2008	0.000000	0.274231	883.85
Suite_B_Correlated	128	128	0.20	B2_1NN_Oracle	2008	1.000000	0.000000	61.26
Suite_B_Correlated	128	128	0.20	B3_PolynomialDAM	2008	0.000000	0.197021	6381.39
Suite_B_Correlated	128	128	0.20	B4_ModernHopfield	2008	1.000000	0.000000	262.19
Suite_B_Correlated	128	128	0.20	Candidate_ModelC	2008	0.000000	0.197021	7029.25
Suite_B_Correlated	128	128	0.20	B0_Hebbian	2009	0.000000	0.203125	266.87
Suite_B_Correlated	128	128	0.20	B1_Pseudoinverse	2009	0.000000	0.262207	246.24
Suite_B_Correlated	128	128	0.20	B2_1NN_Oracle	2009	0.992188	0.002563	11.50
Suite_B_Correlated	128	128	0.20	B3_PolynomialDAM	2009	0.000000	0.203125	4324.44
Suite_B_Correlated	128	128	0.20	B4_ModernHopfield	2009	1.000000	0.000000	326.80
Suite_B_Correlated	128	128	0.20	Candidate_ModelC	2009	0.000000	0.203125	5716.52
Suite_B_Correlated	128	128	0.20	B0_Hebbian	2010	0.000000	0.198975	434.71
Suite_B_Correlated	128	128	0.20	B1_Pseudoinverse	2010	0.000000	0.264038	559.29
Suite_B_Correlated	128	128	0.20	B2_1NN_Oracle	2010	1.000000	0.000000	24.48
Suite_B_Correlated	128	128	0.20	B3_PolynomialDAM	2010	0.000000	0.198975	5689.27
Suite_B_Correlated	128	128	0.20	B4_ModernHopfield	2010	1.000000	0.000000	386.54
Suite_B_Correlated	128	128	0.20	Candidate_ModelC	2010	0.000000	0.198975	7629.38
Suite_B_Correlated	128	128	0.20	B0_Hebbian	2011	0.000000	0.202148	718.48
Suite_B_Correlated	128	128	0.20	B1_Pseudoinverse	2011	0.000000	0.254578	1061.26
Suite_B_Correlated	128	128	0.20	B2_1NN_Oracle	2011	1.000000	0.000000	17.88
Suite_B_Correlated	128	128	0.20	B3_PolynomialDAM	2011	0.000000	0.202148	3503.74
Suite_B_Correlated	128	128	0.20	B4_ModernHopfield	2011	1.000000	0.000000	91.83
Suite_B_Correlated	128	128	0.20	Candidate_ModelC	2011	0.000000	0.202148	3833.74
Suite_B_Correlated	128	128	0.20	B0_Hebbian	2012	0.000000	0.201477	196.32
Suite_B_Correlated	128	128	0.20	B1_Pseudoinverse	2012	0.000000	0.248840	239.45
Suite_B_Correlated	128	128	0.20	B2_1NN_Oracle	2012	1.000000	0.000000	5.76
Suite_B_Correlated	128	128	0.20	B3_PolynomialDAM	2012	0.000000	0.201477	4936.63
Suite_B_Correlated	128	128	0.20	B4_ModernHopfield	2012	1.000000	0.000000	90.02
Suite_B_Correlated	128	128	0.20	Candidate_ModelC	2012	0.000000	0.201477	4395.42
Suite_B_Correlated	128	128	0.20	B0_Hebbian	2013	0.000000	0.200195	486.07
Suite_B_Correlated	128	128	0.20	B1_Pseudoinverse	2013	0.000000	0.255188	755.81
Suite_B_Correlated	128	128	0.20	B2_1NN_Oracle	2013	1.000000	0.000000	4.27
Suite_B_Correlated	128	128	0.20	B3_PolynomialDAM	2013	0.000000	0.200195	5917.41
Suite_B_Correlated	128	128	0.20	B4_ModernHopfield	2013	1.000000	0.000000	315.17
Suite_B_Correlated	128	128	0.20	Candidate_ModelC	2013	0.000000	0.200195	6212.18
Suite_B_Correlated	128	128	0.20	B0_Hebbian	2014	0.000000	0.201172	379.06
Suite_B_Correlated	128	128	0.20	B1_Pseudoinverse	2014	0.000000	0.258362	1016.05
Suite_B_Correlated	128	128	0.20	B2_1NN_Oracle	2014	1.000000	0.000000	5.87
Suite_B_Correlated	128	128	0.20	B3_PolynomialDAM	2014	0.000000	0.201172	3188.15
Suite_B_Correlated	128	128	0.20	B4_ModernHopfield	2014	1.000000	0.000000	548.59
Suite_B_Correlated	128	128	0.20	Candidate_ModelC	2014	0.000000	0.201172	10149.51
Suite_B_Correlated	128	128	0.20	B0_Hebbian	2015	0.000000	0.197327	91.85
Suite_B_Correlated	128	128	0.20	B1_Pseudoinverse	2015	0.000000	0.251038	552.95
Suite_B_Correlated	128	128	0.20	B2_1NN_Oracle	2015	1.000000	0.000000	4.95
Suite_B_Correlated	128	128	0.20	B3_PolynomialDAM	2015	0.000000	0.197327	3564.94
Suite_B_Correlated	128	128	0.20	B4_ModernHopfield	2015	0.992188	0.002380	538.98
Suite_B_Correlated	128	128	0.20	Candidate_ModelC	2015	0.000000	0.197327	4804.00
Suite_B_Correlated	128	128	0.20	B0_Hebbian	2016	0.000000	0.203552	656.20
Suite_B_Correlated	128	128	0.20	B1_Pseudoinverse	2016	0.000000	0.265137	1004.50
Suite_B_Correlated	128	128	0.20	B2_1NN_Oracle	2016	1.000000	0.000000	93.24
Suite_B_Correlated	128	128	0.20	B3_PolynomialDAM	2016	0.000000	0.203552	5317.06
Suite_B_Correlated	128	128	0.20	B4_ModernHopfield	2016	0.992188	0.002197	210.42
Suite_B_Correlated	128	128	0.20	Candidate_ModelC	2016	0.000000	0.203552	8713.12
Suite_B_Correlated	128	128	0.20	B0_Hebbian	2017	0.000000	0.200439	736.63
Suite_B_Correlated	128	128	0.20	B1_Pseudoinverse	2017	0.000000	0.246155	1045.36
Suite_B_Correlated	128	128	0.20	B2_1NN_Oracle	2017	1.000000	0.000000	6.94
Suite_B_Correlated	128	128	0.20	B3_PolynomialDAM	2017	0.000000	0.200439	5999.80
Suite_B_Correlated	128	128	0.20	B4_ModernHopfield	2017	1.000000	0.000000	485.84
Suite_B_Correlated	128	128	0.20	Candidate_ModelC	2017	0.000000	0.200439	7726.11
Suite_B_Correlated	128	128	0.20	B0_Hebbian	2018	0.000000	0.197693	676.21
Suite_B_Correlated	128	128	0.20	B1_Pseudoinverse	2018	0.000000	0.262573	625.09
Suite_B_Correlated	128	128	0.20	B2_1NN_Oracle	2018	1.000000	0.000000	5.38
Suite_B_Correlated	128	128	0.20	B3_PolynomialDAM	2018	0.000000	0.197693	4096.33
Suite_B_Correlated	128	128	0.20	B4_ModernHopfield	2018	1.000000	0.000000	297.83
Suite_B_Correlated	128	128	0.20	Candidate_ModelC	2018	0.000000	0.197693	8641.75
Suite_B_Correlated	128	128	0.20	B0_Hebbian	2019	0.000000	0.203369	294.26
Suite_B_Correlated	128	128	0.20	B1_Pseudoinverse	2019	0.000000	0.252747	1090.52
Suite_B_Correlated	128	128	0.20	B2_1NN_Oracle	2019	1.000000	0.000000	135.32
Suite_B_Correlated	128	128	0.20	B3_PolynomialDAM	2019	0.000000	0.203369	5028.34
Suite_B_Correlated	128	128	0.20	B4_ModernHopfield	2019	1.000000	0.000000	90.30
Suite_B_Correlated	128	128	0.20	Candidate_ModelC	2019	0.000000	0.203369	7568.46
Suite_B_Correlated	128	128	0.20	B0_Hebbian	2020	0.000000	0.198547	323.10
Suite_B_Correlated	128	128	0.20	B1_Pseudoinverse	2020	0.000000	0.269165	651.02
Suite_B_Correlated	128	128	0.20	B2_1NN_Oracle	2020	1.000000	0.000000	4.10
Suite_B_Correlated	128	128	0.20	B3_PolynomialDAM	2020	0.000000	0.198547	5700.63
Suite_B_Correlated	128	128	0.20	B4_ModernHopfield	2020	1.000000	0.000000	185.01
Suite_B_Correlated	128	128	0.20	Candidate_ModelC	2020	0.000000	0.198547	7933.69
Suite_B_Correlated	128	128	0.30	B0_Hebbian	2001	0.000000	0.199341	666.99
Suite_B_Correlated	128	128	0.30	B1_Pseudoinverse	2001	0.000000	0.335632	865.96
Suite_B_Correlated	128	128	0.30	B2_1NN_Oracle	2001	0.914062	0.025146	4.74
Suite_B_Correlated	128	128	0.30	B3_PolynomialDAM	2001	0.000000	0.199341	6037.43
Suite_B_Correlated	128	128	0.30	B4_ModernHopfield	2001	0.882812	0.033203	372.28
Suite_B_Correlated	128	128	0.30	Candidate_ModelC	2001	0.000000	0.209839	7516.26
Suite_B_Correlated	128	128	0.30	B0_Hebbian	2002	0.000000	0.198181	269.37
Suite_B_Correlated	128	128	0.30	B1_Pseudoinverse	2002	0.000000	0.351074	943.65
Suite_B_Correlated	128	128	0.30	B2_1NN_Oracle	2002	0.828125	0.049927	6.22
Suite_B_Correlated	128	128	0.30	B3_PolynomialDAM	2002	0.000000	0.203491	3762.34
Suite_B_Correlated	128	128	0.30	B4_ModernHopfield	2002	0.875000	0.037231	244.30
Suite_B_Correlated	128	128	0.30	Candidate_ModelC	2002	0.000000	0.202576	8348.47
Suite_B_Correlated	128	128	0.30	B0_Hebbian	2003	0.000000	0.199951	530.15
Suite_B_Correlated	128	128	0.30	B1_Pseudoinverse	2003	0.000000	0.354736	1105.40
Suite_B_Correlated	128	128	0.30	B2_1NN_Oracle	2003	0.843750	0.044006	257.10
Suite_B_Correlated	128	128	0.30	B3_PolynomialDAM	2003	0.000000	0.203674	6548.01
Suite_B_Correlated	128	128	0.30	B4_ModernHopfield	2003	0.804688	0.054993	352.91
Suite_B_Correlated	128	128	0.30	Candidate_ModelC	2003	0.000000	0.205627	7588.75
Suite_B_Correlated	128	128	0.30	B0_Hebbian	2004	0.000000	0.200806	315.00
Suite_B_Correlated	128	128	0.30	B1_Pseudoinverse	2004	0.000000	0.343933	822.30
Suite_B_Correlated	128	128	0.30	B2_1NN_Oracle	2004	0.812500	0.052979	6.72
Suite_B_Correlated	128	128	0.30	B3_PolynomialDAM	2004	0.000000	0.200806	4078.40
Suite_B_Correlated	128	128	0.30	B4_ModernHopfield	2004	0.835938	0.047180	287.42
Suite_B_Correlated	128	128	0.30	Candidate_ModelC	2004	0.000000	0.201416	6311.39
Suite_B_Correlated	128	128	0.30	B0_Hebbian	2005	0.000000	0.198730	393.34
Suite_B_Correlated	128	128	0.30	B1_Pseudoinverse	2005	0.000000	0.356689	552.11
Suite_B_Correlated	128	128	0.30	B2_1NN_Oracle	2005	0.843750	0.044556	5.98
Suite_B_Correlated	128	128	0.30	B3_PolynomialDAM	2005	0.000000	0.205078	4085.12
Suite_B_Correlated	128	128	0.30	B4_ModernHopfield	2005	0.859375	0.037598	189.14
Suite_B_Correlated	128	128	0.30	Candidate_ModelC	2005	0.000000	0.201843	6227.82
Suite_B_Correlated	128	128	0.30	B0_Hebbian	2006	0.000000	0.201599	520.97
Suite_B_Correlated	128	128	0.30	B1_Pseudoinverse	2006	0.000000	0.344849	1151.45
Suite_B_Correlated	128	128	0.30	B2_1NN_Oracle	2006	0.843750	0.047363	4.47
Suite_B_Correlated	128	128	0.30	B3_PolynomialDAM	2006	0.000000	0.208435	4437.88
Suite_B_Correlated	128	128	0.30	B4_ModernHopfield	2006	0.828125	0.048035	459.95
Suite_B_Correlated	128	128	0.30	Candidate_ModelC	2006	0.000000	0.205750	6284.65
Suite_B_Correlated	128	128	0.30	B0_Hebbian	2007	0.000000	0.200256	317.92
Suite_B_Correlated	128	128	0.30	B1_Pseudoinverse	2007	0.000000	0.349609	237.31
Suite_B_Correlated	128	128	0.30	B2_1NN_Oracle	2007	0.851562	0.043823	6.13
Suite_B_Correlated	128	128	0.30	B3_PolynomialDAM	2007	0.000000	0.209534	2722.03
Suite_B_Correlated	128	128	0.30	B4_ModernHopfield	2007	0.835938	0.046875	165.34
Suite_B_Correlated	128	128	0.30	Candidate_ModelC	2007	0.000000	0.204712	4885.14
Suite_B_Correlated	128	128	0.30	B0_Hebbian	2008	0.000000	0.199585	211.14
Suite_B_Correlated	128	128	0.30	B1_Pseudoinverse	2008	0.000000	0.352173	568.09
Suite_B_Correlated	128	128	0.30	B2_1NN_Oracle	2008	0.804688	0.057922	4.47
Suite_B_Correlated	128	128	0.30	B3_PolynomialDAM	2008	0.000000	0.207581	4504.00
Suite_B_Correlated	128	128	0.30	B4_ModernHopfield	2008	0.875000	0.033691	262.72
Suite_B_Correlated	128	128	0.30	Candidate_ModelC	2008	0.000000	0.203491	8273.05
Suite_B_Correlated	128	128	0.30	B0_Hebbian	2009	0.000000	0.203125	275.02
Suite_B_Correlated	128	128	0.30	B1_Pseudoinverse	2009	0.000000	0.346680	425.33
Suite_B_Correlated	128	128	0.30	B2_1NN_Oracle	2009	0.820312	0.053650	4.36
Suite_B_Correlated	128	128	0.30	B3_PolynomialDAM	2009	0.000000	0.210205	2849.64
Suite_B_Correlated	128	128	0.30	B4_ModernHopfield	2009	0.820312	0.053345	186.08
Suite_B_Correlated	128	128	0.30	Candidate_ModelC	2009	0.000000	0.212463	5878.13
Suite_B_Correlated	128	128	0.30	B0_Hebbian	2010	0.000000	0.203003	264.91
Suite_B_Correlated	128	128	0.30	B1_Pseudoinverse	2010	0.000000	0.343201	522.45
Suite_B_Correlated	128	128	0.30	B2_1NN_Oracle	2010	0.828125	0.048950	71.91
Suite_B_Correlated	128	128	0.30	B3_PolynomialDAM	2010	0.000000	0.201233	3700.49
Suite_B_Correlated	128	128	0.30	B4_ModernHopfield	2010	0.765625	0.065979	181.75
Suite_B_Correlated	128	128	0.30	Candidate_ModelC	2010	0.000000	0.199463	5234.27
Suite_B_Correlated	128	128	0.30	B0_Hebbian	2011	0.000000	0.202148	501.76
Suite_B_Correlated	128	128	0.30	B1_Pseudoinverse	2011	0.000000	0.333435	799.27
Suite_B_Correlated	128	128	0.30	B2_1NN_Oracle	2011	0.843750	0.046753	5.58
Suite_B_Correlated	128	128	0.30	B3_PolynomialDAM	2011	0.000000	0.213867	2947.13
Suite_B_Correlated	128	128	0.30	B4_ModernHopfield	2011	0.843750	0.043152	311.23
Suite_B_Correlated	128	128	0.30	Candidate_ModelC	2011	0.000000	0.206726	6548.52
Suite_B_Correlated	128	128	0.30	B0_Hebbian	2012	0.000000	0.208801	302.84
Suite_B_Correlated	128	128	0.30	B1_Pseudoinverse	2012	0.000000	0.330322	490.82
Suite_B_Correlated	128	128	0.30	B2_1NN_Oracle	2012	0.796875	0.060608	4.90
Suite_B_Correlated	128	128	0.30	B3_PolynomialDAM	2012	0.000000	0.206726	5088.09
Suite_B_Correlated	128	128	0.30	B4_ModernHopfield	2012	0.867188	0.038330	280.33
Suite_B_Correlated	128	128	0.30	Candidate_ModelC	2012	0.000000	0.206482	6546.01
Suite_B_Correlated	128	128	0.30	B0_Hebbian	2013	0.000000	0.204590	299.12
Suite_B_Correlated	128	128	0.30	B1_Pseudoinverse	2013	0.000000	0.343933	555.55
Suite_B_Correlated	128	128	0.30	B2_1NN_Oracle	2013	0.890625	0.035034	6.73
Suite_B_Correlated	128	128	0.30	B3_PolynomialDAM	2013	0.000000	0.203857	4790.55
Suite_B_Correlated	128	128	0.30	B4_ModernHopfield	2013	0.890625	0.029480	262.27
Suite_B_Correlated	128	128	0.30	Candidate_ModelC	2013	0.000000	0.202087	5679.92
Suite_B_Correlated	128	128	0.30	B0_Hebbian	2014	0.000000	0.201172	242.27
Suite_B_Correlated	128	128	0.30	B1_Pseudoinverse	2014	0.000000	0.342712	669.63
Suite_B_Correlated	128	128	0.30	B2_1NN_Oracle	2014	0.835938	0.048096	10.51
Suite_B_Correlated	128	128	0.30	B3_PolynomialDAM	2014	0.000000	0.201172	3971.97
Suite_B_Correlated	128	128	0.30	B4_ModernHopfield	2014	0.820312	0.048767	302.27
Suite_B_Correlated	128	128	0.30	Candidate_ModelC	2014	0.000000	0.205750	4756.13
Suite_B_Correlated	128	128	0.30	B0_Hebbian	2015	0.000000	0.197327	199.13
Suite_B_Correlated	128	128	0.30	B1_Pseudoinverse	2015	0.000000	0.337463	423.85
Suite_B_Correlated	128	128	0.30	B2_1NN_Oracle	2015	0.820312	0.052795	39.20
Suite_B_Correlated	128	128	0.30	B3_PolynomialDAM	2015	0.000000	0.204529	3280.12
Suite_B_Correlated	128	128	0.30	B4_ModernHopfield	2015	0.843750	0.045227	186.00
Suite_B_Correlated	128	128	0.30	Candidate_ModelC	2015	0.000000	0.201599	4310.00
Suite_B_Correlated	128	128	0.30	B0_Hebbian	2016	0.000000	0.203552	271.48
Suite_B_Correlated	128	128	0.30	B1_Pseudoinverse	2016	0.000000	0.345581	578.01
Suite_B_Correlated	128	128	0.30	B2_1NN_Oracle	2016	0.796875	0.060547	6.44
Suite_B_Correlated	128	128	0.30	B3_PolynomialDAM	2016	0.000000	0.206055	4586.16
Suite_B_Correlated	128	128	0.30	B4_ModernHopfield	2016	0.851562	0.043091	74.33
Suite_B_Correlated	128	128	0.30	Candidate_ModelC	2016	0.000000	0.213318	6152.99
Suite_B_Correlated	128	128	0.30	B0_Hebbian	2017	0.000000	0.204468	258.56
Suite_B_Correlated	128	128	0.30	B1_Pseudoinverse	2017	0.000000	0.330322	565.12
Suite_B_Correlated	128	128	0.30	B2_1NN_Oracle	2017	0.851562	0.043274	6.05
Suite_B_Correlated	128	128	0.30	B3_PolynomialDAM	2017	0.000000	0.202820	4312.39
Suite_B_Correlated	128	128	0.30	B4_ModernHopfield	2017	0.859375	0.040955	244.67
Suite_B_Correlated	128	128	0.30	Candidate_ModelC	2017	0.000000	0.200439	6162.50
Suite_B_Correlated	128	128	0.30	B0_Hebbian	2018	0.000000	0.197693	300.30
Suite_B_Correlated	128	128	0.30	B1_Pseudoinverse	2018	0.000000	0.349182	458.52
Suite_B_Correlated	128	128	0.30	B2_1NN_Oracle	2018	0.875000	0.034302	6.59
Suite_B_Correlated	128	128	0.30	B3_PolynomialDAM	2018	0.000000	0.197693	3955.41
Suite_B_Correlated	128	128	0.30	B4_ModernHopfield	2018	0.843750	0.044678	182.04
Suite_B_Correlated	128	128	0.30	Candidate_ModelC	2018	0.000000	0.198547	7145.07
Suite_B_Correlated	128	128	0.30	B0_Hebbian	2019	0.000000	0.206421	156.64
Suite_B_Correlated	128	128	0.30	B1_Pseudoinverse	2019	0.000000	0.335022	408.05
Suite_B_Correlated	128	128	0.30	B2_1NN_Oracle	2019	0.882812	0.031860	4.68
Suite_B_Correlated	128	128	0.30	B3_PolynomialDAM	2019	0.000000	0.203369	2444.41
Suite_B_Correlated	128	128	0.30	B4_ModernHopfield	2019	0.859375	0.037903	215.27
Suite_B_Correlated	128	128	0.30	Candidate_ModelC	2019	0.000000	0.208008	5121.92
Suite_B_Correlated	128	128	0.30	B0_Hebbian	2020	0.000000	0.201721	297.44
Suite_B_Correlated	128	128	0.30	B1_Pseudoinverse	2020	0.000000	0.350891	496.21
Suite_B_Correlated	128	128	0.30	B2_1NN_Oracle	2020	0.851562	0.043091	67.80
Suite_B_Correlated	128	128	0.30	B3_PolynomialDAM	2020	0.000000	0.200806	4251.76
Suite_B_Correlated	128	128	0.30	B4_ModernHopfield	2020	0.835938	0.047302	354.55
Suite_B_Correlated	128	128	0.30	Candidate_ModelC	2020	0.000000	0.201660	6825.27
Suite_B_Correlated	128	128	0.40	B0_Hebbian	2001	0.000000	0.225830	305.40
Suite_B_Correlated	128	128	0.40	B1_Pseudoinverse	2001	0.000000	0.418457	398.17
Suite_B_Correlated	128	128	0.40	B2_1NN_Oracle	2001	0.281250	0.221863	7.26
Suite_B_Correlated	128	128	0.40	B3_PolynomialDAM	2001	0.000000	0.273682	6802.48
Suite_B_Correlated	128	128	0.40	B4_ModernHopfield	2001	0.218750	0.239624	138.73
Suite_B_Correlated	128	128	0.40	Candidate_ModelC	2001	0.000000	0.287231	8895.28
Suite_B_Correlated	128	128	0.40	B0_Hebbian	2002	0.000000	0.247009	312.78
Suite_B_Correlated	128	128	0.40	B1_Pseudoinverse	2002	0.000000	0.424927	652.67
Suite_B_Correlated	128	128	0.40	B2_1NN_Oracle	2002	0.203125	0.248718	101.65
Suite_B_Correlated	128	128	0.40	B3_PolynomialDAM	2002	0.000000	0.276733	5668.79
Suite_B_Correlated	128	128	0.40	B4_ModernHopfield	2002	0.281250	0.220642	322.40
Suite_B_Correlated	128	128	0.40	Candidate_ModelC	2002	0.000000	0.292480	11161.23
Suite_B_Correlated	128	128	0.40	B0_Hebbian	2003	0.000000	0.283203	105.15
Suite_B_Correlated	128	128	0.40	B1_Pseudoinverse	2003	0.000000	0.424622	769.64
Suite_B_Correlated	128	128	0.40	B2_1NN_Oracle	2003	0.257812	0.225830	6.36
Suite_B_Correlated	128	128	0.40	B3_PolynomialDAM	2003	0.000000	0.284302	4920.61
Suite_B_Correlated	128	128	0.40	B4_ModernHopfield	2003	0.234375	0.234863	218.98
Suite_B_Correlated	128	128	0.40	Candidate_ModelC	2003	0.000000	0.271545	10081.75
Suite_B_Correlated	128	128	0.40	B0_Hebbian	2004	0.000000	0.255493	394.60
Suite_B_Correlated	128	128	0.40	B1_Pseudoinverse	2004	0.000000	0.415955	768.11
Suite_B_Correlated	128	128	0.40	B2_1NN_Oracle	2004	0.203125	0.250366	6.35
Suite_B_Correlated	128	128	0.40	B3_PolynomialDAM	2004	0.000000	0.277954	6022.12
Suite_B_Correlated	128	128	0.40	B4_ModernHopfield	2004	0.234375	0.239929	184.41
Suite_B_Correlated	128	128	0.40	Candidate_ModelC	2004	0.000000	0.289246	12690.62
Suite_B_Correlated	128	128	0.40	B0_Hebbian	2005	0.000000	0.232788	238.57
Suite_B_Correlated	128	128	0.40	B1_Pseudoinverse	2005	0.000000	0.430969	443.13
Suite_B_Correlated	128	128	0.40	B2_1NN_Oracle	2005	0.289062	0.215881	6.55
Suite_B_Correlated	128	128	0.40	B3_PolynomialDAM	2005	0.000000	0.287048	7259.54
Suite_B_Correlated	128	128	0.40	B4_ModernHopfield	2005	0.257812	0.224121	280.41
Suite_B_Correlated	128	128	0.40	Candidate_ModelC	2005	0.000000	0.295715	11632.98
Suite_B_Correlated	128	128	0.40	B0_Hebbian	2006	0.000000	0.252380	235.38
Suite_B_Correlated	128	128	0.40	B1_Pseudoinverse	2006	0.000000	0.426025	536.75
Suite_B_Correlated	128	128	0.40	B2_1NN_Oracle	2006	0.187500	0.255371	5.05
Suite_B_Correlated	128	128	0.40	B3_PolynomialDAM	2006	0.000000	0.278320	6873.85
Suite_B_Correlated	128	128	0.40	B4_ModernHopfield	2006	0.250000	0.228455	142.41
Suite_B_Correlated	128	128	0.40	Candidate_ModelC	2006	0.000000	0.260925	7770.83
Suite_B_Correlated	128	128	0.40	B0_Hebbian	2007	0.000000	0.236389	192.34
Suite_B_Correlated	128	128	0.40	B1_Pseudoinverse	2007	0.000000	0.421265	332.92
Suite_B_Correlated	128	128	0.40	B2_1NN_Oracle	2007	0.265625	0.225525	5.08
Suite_B_Correlated	128	128	0.40	B3_PolynomialDAM	2007	0.000000	0.278625	3956.92
Suite_B_Correlated	128	128	0.40	B4_ModernHopfield	2007	0.312500	0.210632	205.12
Suite_B_Correlated	128	128	0.40	Candidate_ModelC	2007	0.000000	0.275391	8016.27
Suite_B_Correlated	128	128	0.40	B0_Hebbian	2008	0.000000	0.248169	405.76
Suite_B_Correlated	128	128	0.40	B1_Pseudoinverse	2008	0.000000	0.426941	828.43
Suite_B_Correlated	128	128	0.40	B2_1NN_Oracle	2008	0.265625	0.226746	91.95
Suite_B_Correlated	128	128	0.40	B3_PolynomialDAM	2008	0.000000	0.271362	5300.07
Suite_B_Correlated	128	128	0.40	B4_ModernHopfield	2008	0.250000	0.228821	162.06
Suite_B_Correlated	128	128	0.40	Candidate_ModelC	2008	0.000000	0.285950	9348.73
Suite_B_Correlated	128	128	0.40	B0_Hebbian	2009	0.000000	0.244385	258.29
Suite_B_Correlated	128	128	0.40	B1_Pseudoinverse	2009	0.000000	0.423157	493.24
Suite_B_Correlated	128	128	0.40	B2_1NN_Oracle	2009	0.179688	0.258545	8.30
Suite_B_Correlated	128	128	0.40	B3_PolynomialDAM	2009	0.000000	0.294312	7039.73
Suite_B_Correlated	128	128	0.40	B4_ModernHopfield	2009	0.179688	0.254395	355.25
Suite_B_Correlated	128	128	0.40	Candidate_ModelC	2009	0.000000	0.269104	10645.25
Suite_B_Correlated	128	128	0.40	B0_Hebbian	2010	0.000000	0.248535	252.05
Suite_B_Correlated	128	128	0.40	B1_Pseudoinverse	2010	0.000000	0.419312	451.18
Suite_B_Correlated	128	128	0.40	B2_1NN_Oracle	2010	0.281250	0.223328	4.66
Suite_B_Correlated	128	128	0.40	B3_PolynomialDAM	2010	0.000000	0.263367	7457.54
Suite_B_Correlated	128	128	0.40	B4_ModernHopfield	2010	0.179688	0.251892	444.34
Suite_B_Correlated	128	128	0.40	Candidate_ModelC	2010	0.000000	0.284668	11606.41
Suite_B_Correlated	128	128	0.40	B0_Hebbian	2011	0.000000	0.251831	339.05
Suite_B_Correlated	128	128	0.40	B1_Pseudoinverse	2011	0.000000	0.420288	700.88
Suite_B_Correlated	128	128	0.40	B2_1NN_Oracle	2011	0.289062	0.222473	6.67
Suite_B_Correlated	128	128	0.40	B3_PolynomialDAM	2011	0.000000	0.293701	6106.02
Suite_B_Correlated	128	128	0.40	B4_ModernHopfield	2011	0.226562	0.239685	205.98
Suite_B_Correlated	128	128	0.40	Candidate_ModelC	2011	0.000000	0.315979	11645.73
Suite_B_Correlated	128	128	0.40	B0_Hebbian	2012	0.000000	0.248840	349.88
Suite_B_Correlated	128	128	0.40	B1_Pseudoinverse	2012	0.000000	0.412659	676.29
Suite_B_Correlated	128	128	0.40	B2_1NN_Oracle	2012	0.171875	0.254456	5.57
Suite_B_Correlated	128	128	0.40	B3_PolynomialDAM	2012	0.000000	0.286987	6514.56
Suite_B_Correlated	128	128	0.40	B4_ModernHopfield	2012	0.179688	0.249573	321.09
Suite_B_Correlated	128	128	0.40	Candidate_ModelC	2012	0.000000	0.308838	11384.17
Suite_B_Correlated	128	128	0.40	B0_Hebbian	2013	0.000000	0.258179	413.77
Suite_B_Correlated	128	128	0.40	B1_Pseudoinverse	2013	0.000000	0.421997	657.02
Suite_B_Correlated	128	128	0.40	B2_1NN_Oracle	2013	0.250000	0.240051	5.91
Suite_B_Correlated	128	128	0.40	B3_PolynomialDAM	2013	0.000000	0.291382	6254.88
Suite_B_Correlated	128	128	0.40	B4_ModernHopfield	2013	0.257812	0.227722	573.72
Suite_B_Correlated	128	128	0.40	Candidate_ModelC	2013	0.000000	0.270569	10586.34
Suite_B_Correlated	128	128	0.40	B0_Hebbian	2014	0.000000	0.257446	446.83
Suite_B_Correlated	128	128	0.40	B1_Pseudoinverse	2014	0.000000	0.423340	522.86
Suite_B_Correlated	128	128	0.40	B2_1NN_Oracle	2014	0.234375	0.238098	37.16
Suite_B_Correlated	128	128	0.40	B3_PolynomialDAM	2014	0.000000	0.289978	4747.09
Suite_B_Correlated	128	128	0.40	B4_ModernHopfield	2014	0.242188	0.232422	219.29
Suite_B_Correlated	128	128	0.40	Candidate_ModelC	2014	0.000000	0.273376	7589.04
Suite_B_Correlated	128	128	0.40	B0_Hebbian	2015	0.000000	0.243713	362.37
Suite_B_Correlated	128	128	0.40	B1_Pseudoinverse	2015	0.000000	0.424072	823.20
Suite_B_Correlated	128	128	0.40	B2_1NN_Oracle	2015	0.203125	0.241394	6.55
Suite_B_Correlated	128	128	0.40	B3_PolynomialDAM	2015	0.000000	0.281494	8104.89
Suite_B_Correlated	128	128	0.40	B4_ModernHopfield	2015	0.187500	0.240356	192.51
Suite_B_Correlated	128	128	0.40	Candidate_ModelC	2015	0.000000	0.281067	8019.79
Suite_B_Correlated	128	128	0.40	B0_Hebbian	2016	0.000000	0.237244	405.44
Suite_B_Correlated	128	128	0.40	B1_Pseudoinverse	2016	0.000000	0.419189	531.68
Suite_B_Correlated	128	128	0.40	B2_1NN_Oracle	2016	0.257812	0.234558	4.96
Suite_B_Correlated	128	128	0.40	B3_PolynomialDAM	2016	0.000000	0.274719	5705.72
Suite_B_Correlated	128	128	0.40	B4_ModernHopfield	2016	0.187500	0.254150	286.67
Suite_B_Correlated	128	128	0.40	Candidate_ModelC	2016	0.000000	0.269531	9134.55
Suite_B_Correlated	128	128	0.40	B0_Hebbian	2017	0.000000	0.266235	433.11
Suite_B_Correlated	128	128	0.40	B1_Pseudoinverse	2017	0.000000	0.418335	806.09
Suite_B_Correlated	128	128	0.40	B2_1NN_Oracle	2017	0.265625	0.233765	6.96
Suite_B_Correlated	128	128	0.40	B3_PolynomialDAM	2017	0.000000	0.261536	3267.92
Suite_B_Correlated	128	128	0.40	B4_ModernHopfield	2017	0.218750	0.238098	189.08
Suite_B_Correlated	128	128	0.40	Candidate_ModelC	2017	0.000000	0.273560	8400.84
Suite_B_Correlated	128	128	0.40	B0_Hebbian	2018	0.000000	0.240540	239.67
Suite_B_Correlated	128	128	0.40	B1_Pseudoinverse	2018	0.000000	0.432129	791.66
Suite_B_Correlated	128	128	0.40	B2_1NN_Oracle	2018	0.257812	0.226562	5.04
Suite_B_Correlated	128	128	0.40	B3_PolynomialDAM	2018	0.000000	0.273499	6515.16
Suite_B_Correlated	128	128	0.40	B4_ModernHopfield	2018	0.257812	0.225403	180.62
Suite_B_Correlated	128	128	0.40	Candidate_ModelC	2018	0.000000	0.275513	10361.62
Suite_B_Correlated	128	128	0.40	B0_Hebbian	2019	0.000000	0.256226	323.51
Suite_B_Correlated	128	128	0.40	B1_Pseudoinverse	2019	0.000000	0.419128	555.13
Suite_B_Correlated	128	128	0.40	B2_1NN_Oracle	2019	0.257812	0.230469	5.21
Suite_B_Correlated	128	128	0.40	B3_PolynomialDAM	2019	0.000000	0.269714	6034.33
Suite_B_Correlated	128	128	0.40	B4_ModernHopfield	2019	0.257812	0.226074	235.55
Suite_B_Correlated	128	128	0.40	Candidate_ModelC	2019	0.000000	0.278625	12322.74
Suite_B_Correlated	128	128	0.40	B0_Hebbian	2020	0.000000	0.242737	317.93
Suite_B_Correlated	128	128	0.40	B1_Pseudoinverse	2020	0.000000	0.428467	564.27
Suite_B_Correlated	128	128	0.40	B2_1NN_Oracle	2020	0.203125	0.248779	7.23
Suite_B_Correlated	128	128	0.40	B3_PolynomialDAM	2020	0.000000	0.264587	6995.85
Suite_B_Correlated	128	128	0.40	B4_ModernHopfield	2020	0.210938	0.241394	426.73
Suite_B_Correlated	128	128	0.40	Candidate_ModelC	2020	0.000000	0.272705	9078.22
Suite_C_Clustered	128	32	0.10	B0_Hebbian	2001	0.000000	0.156982	299.72
Suite_C_Clustered	128	32	0.10	B1_Pseudoinverse	2001	1.000000	0.000000	927.91
Suite_C_Clustered	128	32	0.10	B2_1NN_Oracle	2001	1.000000	0.000000	254.75
Suite_C_Clustered	128	32	0.10	B3_PolynomialDAM	2001	0.000000	0.153564	1777.50
Suite_C_Clustered	128	32	0.10	B4_ModernHopfield	2001	1.000000	0.000000	24.22
Suite_C_Clustered	128	32	0.10	Candidate_ModelC	2001	0.000000	0.153564	3462.84
Suite_C_Clustered	128	32	0.10	B0_Hebbian	2002	0.000000	0.158447	527.94
Suite_C_Clustered	128	32	0.10	B1_Pseudoinverse	2002	1.000000	0.000000	411.22
Suite_C_Clustered	128	32	0.10	B2_1NN_Oracle	2002	1.000000	0.000000	2.28
Suite_C_Clustered	128	32	0.10	B3_PolynomialDAM	2002	0.031250	0.150635	1663.97
Suite_C_Clustered	128	32	0.10	B4_ModernHopfield	2002	1.000000	0.000000	399.62
Suite_C_Clustered	128	32	0.10	Candidate_ModelC	2002	0.031250	0.150635	4379.41
Suite_C_Clustered	128	32	0.10	B0_Hebbian	2003	0.000000	0.153564	138.09
Suite_C_Clustered	128	32	0.10	B1_Pseudoinverse	2003	1.000000	0.000000	320.81
Suite_C_Clustered	128	32	0.10	B2_1NN_Oracle	2003	1.000000	0.000000	1.69
Suite_C_Clustered	128	32	0.10	B3_PolynomialDAM	2003	0.000000	0.152100	1581.09
Suite_C_Clustered	128	32	0.10	B4_ModernHopfield	2003	1.000000	0.000000	439.78
Suite_C_Clustered	128	32	0.10	Candidate_ModelC	2003	0.000000	0.152100	6111.50
Suite_C_Clustered	128	32	0.10	B0_Hebbian	2004	0.000000	0.156006	476.41
Suite_C_Clustered	128	32	0.10	B1_Pseudoinverse	2004	1.000000	0.000000	672.69
Suite_C_Clustered	128	32	0.10	B2_1NN_Oracle	2004	1.000000	0.000000	2.16
Suite_C_Clustered	128	32	0.10	B3_PolynomialDAM	2004	0.000000	0.154053	1460.91
Suite_C_Clustered	128	32	0.10	B4_ModernHopfield	2004	1.000000	0.000000	150.41
Suite_C_Clustered	128	32	0.10	Candidate_ModelC	2004	0.000000	0.154053	6146.38
Suite_C_Clustered	128	32	0.10	B0_Hebbian	2005	0.000000	0.152588	484.31
Suite_C_Clustered	128	32	0.10	B1_Pseudoinverse	2005	1.000000	0.000000	319.19
Suite_C_Clustered	128	32	0.10	B2_1NN_Oracle	2005	1.000000	0.000000	2.12
Suite_C_Clustered	128	32	0.10	B3_PolynomialDAM	2005	0.000000	0.150635	1597.22
Suite_C_Clustered	128	32	0.10	B4_ModernHopfield	2005	1.000000	0.000000	35.41
Suite_C_Clustered	128	32	0.10	Candidate_ModelC	2005	0.000000	0.150635	4790.16
Suite_C_Clustered	128	32	0.10	B0_Hebbian	2006	0.000000	0.151855	294.47
Suite_C_Clustered	128	32	0.10	B1_Pseudoinverse	2006	1.000000	0.000000	158.16
Suite_C_Clustered	128	32	0.10	B2_1NN_Oracle	2006	1.000000	0.000000	2.09
Suite_C_Clustered	128	32	0.10	B3_PolynomialDAM	2006	0.000000	0.149902	1811.66
Suite_C_Clustered	128	32	0.10	B4_ModernHopfield	2006	1.000000	0.000000	32.03
Suite_C_Clustered	128	32	0.10	Candidate_ModelC	2006	0.000000	0.150391	5947.12
Suite_C_Clustered	128	32	0.10	B0_Hebbian	2007	0.000000	0.140625	387.97
Suite_C_Clustered	128	32	0.10	B1_Pseudoinverse	2007	1.000000	0.000000	920.28
Suite_C_Clustered	128	32	0.10	B2_1NN_Oracle	2007	1.000000	0.000000	2.56
Suite_C_Clustered	128	32	0.10	B3_PolynomialDAM	2007	0.000000	0.140137	1439.12
Suite_C_Clustered	128	32	0.10	B4_ModernHopfield	2007	1.000000	0.000000	13.59
Suite_C_Clustered	128	32	0.10	Candidate_ModelC	2007	0.000000	0.140137	3324.56
Suite_C_Clustered	128	32	0.10	B0_Hebbian	2008	0.000000	0.146240	407.50
Suite_C_Clustered	128	32	0.10	B1_Pseudoinverse	2008	1.000000	0.000000	706.62
Suite_C_Clustered	128	32	0.10	B2_1NN_Oracle	2008	1.000000	0.000000	2.44
Suite_C_Clustered	128	32	0.10	B3_PolynomialDAM	2008	0.000000	0.146240	1356.91
Suite_C_Clustered	128	32	0.10	B4_ModernHopfield	2008	1.000000	0.000000	24.19
Suite_C_Clustered	128	32	0.10	Candidate_ModelC	2008	0.000000	0.146240	4788.97
Suite_C_Clustered	128	32	0.10	B0_Hebbian	2009	0.000000	0.143555	645.66
Suite_C_Clustered	128	32	0.10	B1_Pseudoinverse	2009	0.968750	0.002686	1071.88
Suite_C_Clustered	128	32	0.10	B2_1NN_Oracle	2009	1.000000	0.000000	2.25
Suite_C_Clustered	128	32	0.10	B3_PolynomialDAM	2009	0.000000	0.142578	1929.12
Suite_C_Clustered	128	32	0.10	B4_ModernHopfield	2009	1.000000	0.000000	12.94
Suite_C_Clustered	128	32	0.10	Candidate_ModelC	2009	0.000000	0.142578	6732.28
Suite_C_Clustered	128	32	0.10	B0_Hebbian	2010	0.000000	0.154541	537.28
Suite_C_Clustered	128	32	0.10	B1_Pseudoinverse	2010	1.000000	0.000000	963.41
Suite_C_Clustered	128	32	0.10	B2_1NN_Oracle	2010	1.000000	0.000000	2.53
Suite_C_Clustered	128	32	0.10	B3_PolynomialDAM	2010	0.000000	0.154541	2130.72
Suite_C_Clustered	128	32	0.10	B4_ModernHopfield	2010	1.000000	0.000000	21.97
Suite_C_Clustered	128	32	0.10	Candidate_ModelC	2010	0.000000	0.154541	3816.81
Suite_C_Clustered	128	32	0.10	B0_Hebbian	2011	0.000000	0.156982	330.69
Suite_C_Clustered	128	32	0.10	B1_Pseudoinverse	2011	1.000000	0.000000	437.53
Suite_C_Clustered	128	32	0.10	B2_1NN_Oracle	2011	1.000000	0.000000	1.62
Suite_C_Clustered	128	32	0.10	B3_PolynomialDAM	2011	0.000000	0.155029	1696.41
Suite_C_Clustered	128	32	0.10	B4_ModernHopfield	2011	1.000000	0.000000	151.59
Suite_C_Clustered	128	32	0.10	Candidate_ModelC	2011	0.000000	0.155029	4310.94
Suite_C_Clustered	128	32	0.10	B0_Hebbian	2012	0.000000	0.147705	368.94
Suite_C_Clustered	128	32	0.10	B1_Pseudoinverse	2012	1.000000	0.000000	90.56
Suite_C_Clustered	128	32	0.10	B2_1NN_Oracle	2012	1.000000	0.000000	1.59
Suite_C_Clustered	128	32	0.10	B3_PolynomialDAM	2012	0.000000	0.147217	971.12
Suite_C_Clustered	128	32	0.10	B4_ModernHopfield	2012	1.000000	0.000000	20.88
Suite_C_Clustered	128	32	0.10	Candidate_ModelC	2012	0.000000	0.147217	3942.91
Suite_C_Clustered	128	32	0.10	B0_Hebbian	2013	0.000000	0.143799	480.41
Suite_C_Clustered	128	32	0.10	B1_Pseudoinverse	2013	1.000000	0.000000	134.94
Suite_C_Clustered	128	32	0.10	B2_1NN_Oracle	2013	1.000000	0.000000	1.59
Suite_C_Clustered	128	32	0.10	B3_PolynomialDAM	2013	0.000000	0.143799	1995.75
Suite_C_Clustered	128	32	0.10	B4_ModernHopfield	2013	1.000000	0.000000	21.78
Suite_C_Clustered	128	32	0.10	Candidate_ModelC	2013	0.000000	0.143799	7190.84
Suite_C_Clustered	128	32	0.10	B0_Hebbian	2014	0.000000	0.146973	411.25
Suite_C_Clustered	128	32	0.10	B1_Pseudoinverse	2014	1.000000	0.000000	355.38
Suite_C_Clustered	128	32	0.10	B2_1NN_Oracle	2014	1.000000	0.000000	1.59
Suite_C_Clustered	128	32	0.10	B3_PolynomialDAM	2014	0.000000	0.147217	1669.59
Suite_C_Clustered	128	32	0.10	B4_ModernHopfield	2014	1.000000	0.000000	24.69
Suite_C_Clustered	128	32	0.10	Candidate_ModelC	2014	0.000000	0.147217	5053.38
Suite_C_Clustered	128	32	0.10	B0_Hebbian	2015	0.000000	0.157959	292.41
Suite_C_Clustered	128	32	0.10	B1_Pseudoinverse	2015	1.000000	0.000000	454.72
Suite_C_Clustered	128	32	0.10	B2_1NN_Oracle	2015	1.000000	0.000000	2.25
Suite_C_Clustered	128	32	0.10	B3_PolynomialDAM	2015	0.000000	0.153320	2174.12
Suite_C_Clustered	128	32	0.10	B4_ModernHopfield	2015	1.000000	0.000000	24.72
Suite_C_Clustered	128	32	0.10	Candidate_ModelC	2015	0.000000	0.153320	4636.12
Suite_C_Clustered	128	32	0.10	B0_Hebbian	2016	0.000000	0.144287	657.03
Suite_C_Clustered	128	32	0.10	B1_Pseudoinverse	2016	1.000000	0.000000	380.06
Suite_C_Clustered	128	32	0.10	B2_1NN_Oracle	2016	1.000000	0.000000	2.41
Suite_C_Clustered	128	32	0.10	B3_PolynomialDAM	2016	0.031250	0.135254	1252.00
Suite_C_Clustered	128	32	0.10	B4_ModernHopfield	2016	1.000000	0.000000	14.44
Suite_C_Clustered	128	32	0.10	Candidate_ModelC	2016	0.031250	0.135254	5555.62
Suite_C_Clustered	128	32	0.10	B0_Hebbian	2017	0.000000	0.156250	545.31
Suite_C_Clustered	128	32	0.10	B1_Pseudoinverse	2017	1.000000	0.000000	537.06
Suite_C_Clustered	128	32	0.10	B2_1NN_Oracle	2017	1.000000	0.000000	2.50
Suite_C_Clustered	128	32	0.10	B3_PolynomialDAM	2017	0.000000	0.155762	2551.41
Suite_C_Clustered	128	32	0.10	B4_ModernHopfield	2017	1.000000	0.000000	22.03
Suite_C_Clustered	128	32	0.10	Candidate_ModelC	2017	0.000000	0.155762	5550.94
Suite_C_Clustered	128	32	0.10	B0_Hebbian	2018	0.000000	0.137451	236.81
Suite_C_Clustered	128	32	0.10	B1_Pseudoinverse	2018	1.000000	0.000000	382.12
Suite_C_Clustered	128	32	0.10	B2_1NN_Oracle	2018	1.000000	0.000000	1.69
Suite_C_Clustered	128	32	0.10	B3_PolynomialDAM	2018	0.000000	0.137451	1960.09
Suite_C_Clustered	128	32	0.10	B4_ModernHopfield	2018	1.000000	0.000000	24.97
Suite_C_Clustered	128	32	0.10	Candidate_ModelC	2018	0.000000	0.137451	6012.12
Suite_C_Clustered	128	32	0.10	B0_Hebbian	2019	0.000000	0.156494	169.81
Suite_C_Clustered	128	32	0.10	B1_Pseudoinverse	2019	1.000000	0.000000	96.72
Suite_C_Clustered	128	32	0.10	B2_1NN_Oracle	2019	1.000000	0.000000	2.47
Suite_C_Clustered	128	32	0.10	B3_PolynomialDAM	2019	0.000000	0.155518	507.12
Suite_C_Clustered	128	32	0.10	B4_ModernHopfield	2019	1.000000	0.000000	16.31
Suite_C_Clustered	128	32	0.10	Candidate_ModelC	2019	0.000000	0.155518	4726.97
Suite_C_Clustered	128	32	0.10	B0_Hebbian	2020	0.000000	0.153320	205.12
Suite_C_Clustered	128	32	0.10	B1_Pseudoinverse	2020	1.000000	0.000000	421.12
Suite_C_Clustered	128	32	0.10	B2_1NN_Oracle	2020	1.000000	0.000000	2.41
Suite_C_Clustered	128	32	0.10	B3_PolynomialDAM	2020	0.000000	0.152832	1053.38
Suite_C_Clustered	128	32	0.10	B4_ModernHopfield	2020	1.000000	0.000000	21.84
Suite_C_Clustered	128	32	0.10	Candidate_ModelC	2020	0.000000	0.152832	4800.75
Suite_C_Clustered	128	32	0.20	B0_Hebbian	2001	0.000000	0.164307	376.69
Suite_C_Clustered	128	32	0.20	B1_Pseudoinverse	2001	0.875000	0.029785	619.41
Suite_C_Clustered	128	32	0.20	B2_1NN_Oracle	2001	1.000000	0.000000	1.81
Suite_C_Clustered	128	32	0.20	B3_PolynomialDAM	2001	0.000000	0.153564	1382.16
Suite_C_Clustered	128	32	0.20	B4_ModernHopfield	2001	1.000000	0.000000	531.09
Suite_C_Clustered	128	32	0.20	Candidate_ModelC	2001	0.000000	0.153564	5316.47
Suite_C_Clustered	128	32	0.20	B0_Hebbian	2002	0.000000	0.158447	921.34
Suite_C_Clustered	128	32	0.20	B1_Pseudoinverse	2002	0.781250	0.048340	511.03
Suite_C_Clustered	128	32	0.20	B2_1NN_Oracle	2002	0.968750	0.006836	3.47
Suite_C_Clustered	128	32	0.20	B3_PolynomialDAM	2002	0.031250	0.150635	1126.47
Suite_C_Clustered	128	32	0.20	B4_ModernHopfield	2002	1.000000	0.000000	166.28
Suite_C_Clustered	128	32	0.20	Candidate_ModelC	2002	0.031250	0.150635	3467.66
Suite_C_Clustered	128	32	0.20	B0_Hebbian	2003	0.000000	0.153564	439.06
Suite_C_Clustered	128	32	0.20	B1_Pseudoinverse	2003	0.875000	0.033203	356.62
Suite_C_Clustered	128	32	0.20	B2_1NN_Oracle	2003	1.000000	0.000000	2.53
Suite_C_Clustered	128	32	0.20	B3_PolynomialDAM	2003	0.000000	0.152100	1540.03
Suite_C_Clustered	128	32	0.20	B4_ModernHopfield	2003	1.000000	0.000000	24.22
Suite_C_Clustered	128	32	0.20	Candidate_ModelC	2003	0.000000	0.152100	6495.47
Suite_C_Clustered	128	32	0.20	B0_Hebbian	2004	0.000000	0.173584	535.47
Suite_C_Clustered	128	32	0.20	B1_Pseudoinverse	2004	0.906250	0.018555	236.25
Suite_C_Clustered	128	32	0.20	B2_1NN_Oracle	2004	1.000000	0.000000	2.28
Suite_C_Clustered	128	32	0.20	B3_PolynomialDAM	2004	0.000000	0.154053	637.41
Suite_C_Clustered	128	32	0.20	B4_ModernHopfield	2004	1.000000	0.000000	24.22
Suite_C_Clustered	128	32	0.20	Candidate_ModelC	2004	0.000000	0.154053	6345.03
Suite_C_Clustered	128	32	0.20	B0_Hebbian	2005	0.000000	0.156738	484.97
Suite_C_Clustered	128	32	0.20	B1_Pseudoinverse	2005	0.843750	0.029541	676.38
Suite_C_Clustered	128	32	0.20	B2_1NN_Oracle	2005	1.000000	0.000000	7.69
Suite_C_Clustered	128	32	0.20	B3_PolynomialDAM	2005	0.000000	0.150635	1250.84
Suite_C_Clustered	128	32	0.20	B4_ModernHopfield	2005	1.000000	0.000000	24.12
Suite_C_Clustered	128	32	0.20	Candidate_ModelC	2005	0.000000	0.150635	6691.19
Suite_C_Clustered	128	32	0.20	B0_Hebbian	2006	0.000000	0.153320	421.69
Suite_C_Clustered	128	32	0.20	B1_Pseudoinverse	2006	0.812500	0.038086	716.12
Suite_C_Clustered	128	32	0.20	B2_1NN_Oracle	2006	1.000000	0.000000	1.84
Suite_C_Clustered	128	32	0.20	B3_PolynomialDAM	2006	0.000000	0.149902	1774.91
Suite_C_Clustered	128	32	0.20	B4_ModernHopfield	2006	1.000000	0.000000	394.53
Suite_C_Clustered	128	32	0.20	Candidate_ModelC	2006	0.000000	0.150879	6529.41
Suite_C_Clustered	128	32	0.20	B0_Hebbian	2007	0.000000	0.140381	432.72
Suite_C_Clustered	128	32	0.20	B1_Pseudoinverse	2007	0.875000	0.023193	571.88
Suite_C_Clustered	128	32	0.20	B2_1NN_Oracle	2007	1.000000	0.000000	2.62
Suite_C_Clustered	128	32	0.20	B3_PolynomialDAM	2007	0.000000	0.140137	1857.94
Suite_C_Clustered	128	32	0.20	B4_ModernHopfield	2007	1.000000	0.000000	12.88
Suite_C_Clustered	128	32	0.20	Candidate_ModelC	2007	0.000000	0.140137	3526.62
Suite_C_Clustered	128	32	0.20	B0_Hebbian	2008	0.000000	0.146240	159.97
Suite_C_Clustered	128	32	0.20	B1_Pseudoinverse	2008	0.906250	0.013428	276.59
Suite_C_Clustered	128	32	0.20	B2_1NN_Oracle	2008	1.000000	0.000000	1.91
Suite_C_Clustered	128	32	0.20	B3_PolynomialDAM	2008	0.000000	0.146240	627.91
Suite_C_Clustered	128	32	0.20	B4_ModernHopfield	2008	1.000000	0.000000	14.31
Suite_C_Clustered	128	32	0.20	Candidate_ModelC	2008	0.000000	0.146240	2238.31
Suite_C_Clustered	128	32	0.20	B0_Hebbian	2009	0.000000	0.143555	622.38
Suite_C_Clustered	128	32	0.20	B1_Pseudoinverse	2009	0.968750	0.006836	1196.72
Suite_C_Clustered	128	32	0.20	B2_1NN_Oracle	2009	1.000000	0.000000	2.50
Suite_C_Clustered	128	32	0.20	B3_PolynomialDAM	2009	0.000000	0.142578	2375.78
Suite_C_Clustered	128	32	0.20	B4_ModernHopfield	2009	1.000000	0.000000	16.06
Suite_C_Clustered	128	32	0.20	Candidate_ModelC	2009	0.000000	0.142578	5600.09
Suite_C_Clustered	128	32	0.20	B0_Hebbian	2010	0.000000	0.158691	491.47
Suite_C_Clustered	128	32	0.20	B1_Pseudoinverse	2010	0.812500	0.026611	633.00
Suite_C_Clustered	128	32	0.20	B2_1NN_Oracle	2010	1.000000	0.000000	2.31
Suite_C_Clustered	128	32	0.20	B3_PolynomialDAM	2010	0.000000	0.154541	1686.12
Suite_C_Clustered	128	32	0.20	B4_ModernHopfield	2010	1.000000	0.000000	25.94
Suite_C_Clustered	128	32	0.20	Candidate_ModelC	2010	0.000000	0.154541	4113.25
Suite_C_Clustered	128	32	0.20	B0_Hebbian	2011	0.000000	0.156982	498.50
Suite_C_Clustered	128	32	0.20	B1_Pseudoinverse	2011	0.781250	0.052734	1422.81
Suite_C_Clustered	128	32	0.20	B2_1NN_Oracle	2011	1.000000	0.000000	2.34
Suite_C_Clustered	128	32	0.20	B3_PolynomialDAM	2011	0.000000	0.155029	2177.78
Suite_C_Clustered	128	32	0.20	B4_ModernHopfield	2011	1.000000	0.000000	24.00
Suite_C_Clustered	128	32	0.20	Candidate_ModelC	2011	0.000000	0.155029	5432.09
Suite_C_Clustered	128	32	0.20	B0_Hebbian	2012	0.000000	0.156006	423.38
Suite_C_Clustered	128	32	0.20	B1_Pseudoinverse	2012	0.843750	0.031982	988.91
Suite_C_Clustered	128	32	0.20	B2_1NN_Oracle	2012	1.000000	0.000000	2.47
Suite_C_Clustered	128	32	0.20	B3_PolynomialDAM	2012	0.000000	0.147217	2470.00
Suite_C_Clustered	128	32	0.20	B4_ModernHopfield	2012	1.000000	0.000000	16.00
Suite_C_Clustered	128	32	0.20	Candidate_ModelC	2012	0.000000	0.147217	6819.78
Suite_C_Clustered	128	32	0.20	B0_Hebbian	2013	0.000000	0.143799	375.75
Suite_C_Clustered	128	32	0.20	B1_Pseudoinverse	2013	1.000000	0.000000	730.69
Suite_C_Clustered	128	32	0.20	B2_1NN_Oracle	2013	1.000000	0.000000	2.31
Suite_C_Clustered	128	32	0.20	B3_PolynomialDAM	2013	0.000000	0.143799	1477.06
Suite_C_Clustered	128	32	0.20	B4_ModernHopfield	2013	0.968750	0.006592	18.06
Suite_C_Clustered	128	32	0.20	Candidate_ModelC	2013	0.000000	0.143799	5711.16
Suite_C_Clustered	128	32	0.20	B0_Hebbian	2014	0.000000	0.148682	552.28
Suite_C_Clustered	128	32	0.20	B1_Pseudoinverse	2014	0.812500	0.030029	1083.69
Suite_C_Clustered	128	32	0.20	B2_1NN_Oracle	2014	1.000000	0.000000	2.53
Suite_C_Clustered	128	32	0.20	B3_PolynomialDAM	2014	0.000000	0.147217	1480.72
Suite_C_Clustered	128	32	0.20	B4_ModernHopfield	2014	1.000000	0.000000	414.38
Suite_C_Clustered	128	32	0.20	Candidate_ModelC	2014	0.000000	0.147217	4937.94
Suite_C_Clustered	128	32	0.20	B0_Hebbian	2015	0.000000	0.158691	485.81
Suite_C_Clustered	128	32	0.20	B1_Pseudoinverse	2015	0.937500	0.010254	744.06
Suite_C_Clustered	128	32	0.20	B2_1NN_Oracle	2015	0.968750	0.006836	2.38
Suite_C_Clustered	128	32	0.20	B3_PolynomialDAM	2015	0.000000	0.153320	1091.31
Suite_C_Clustered	128	32	0.20	B4_ModernHopfield	2015	1.000000	0.000000	20.84
Suite_C_Clustered	128	32	0.20	Candidate_ModelC	2015	0.000000	0.153320	4420.69
Suite_C_Clustered	128	32	0.20	B0_Hebbian	2016	0.000000	0.144287	265.50
Suite_C_Clustered	128	32	0.20	B1_Pseudoinverse	2016	0.843750	0.035645	887.38
Suite_C_Clustered	128	32	0.20	B2_1NN_Oracle	2016	1.000000	0.000000	2.81
Suite_C_Clustered	128	32	0.20	B3_PolynomialDAM	2016	0.000000	0.142822	1685.38
Suite_C_Clustered	128	32	0.20	B4_ModernHopfield	2016	1.000000	0.000000	22.91
Suite_C_Clustered	128	32	0.20	Candidate_ModelC	2016	0.000000	0.142822	6443.38
Suite_C_Clustered	128	32	0.20	B0_Hebbian	2017	0.000000	0.156250	512.12
Suite_C_Clustered	128	32	0.20	B1_Pseudoinverse	2017	0.843750	0.029053	669.44
Suite_C_Clustered	128	32	0.20	B2_1NN_Oracle	2017	1.000000	0.000000	2.44
Suite_C_Clustered	128	32	0.20	B3_PolynomialDAM	2017	0.000000	0.155762	1742.38
Suite_C_Clustered	128	32	0.20	B4_ModernHopfield	2017	1.000000	0.000000	21.72
Suite_C_Clustered	128	32	0.20	Candidate_ModelC	2017	0.000000	0.155762	6150.31
Suite_C_Clustered	128	32	0.20	B0_Hebbian	2018	0.000000	0.137451	189.84
Suite_C_Clustered	128	32	0.20	B1_Pseudoinverse	2018	0.906250	0.010010	218.22
Suite_C_Clustered	128	32	0.20	B2_1NN_Oracle	2018	1.000000	0.000000	2.41
Suite_C_Clustered	128	32	0.20	B3_PolynomialDAM	2018	0.000000	0.137451	493.38
Suite_C_Clustered	128	32	0.20	B4_ModernHopfield	2018	1.000000	0.000000	13.38
Suite_C_Clustered	128	32	0.20	Candidate_ModelC	2018	0.000000	0.137451	4603.72
Suite_C_Clustered	128	32	0.20	B0_Hebbian	2019	0.000000	0.167480	623.72
Suite_C_Clustered	128	32	0.20	B1_Pseudoinverse	2019	0.843750	0.031738	357.31
Suite_C_Clustered	128	32	0.20	B2_1NN_Oracle	2019	1.000000	0.000000	2.25
Suite_C_Clustered	128	32	0.20	B3_PolynomialDAM	2019	0.000000	0.155518	1247.44
Suite_C_Clustered	128	32	0.20	B4_ModernHopfield	2019	1.000000	0.000000	23.03
Suite_C_Clustered	128	32	0.20	Candidate_ModelC	2019	0.000000	0.155518	2258.34
Suite_C_Clustered	128	32	0.20	B0_Hebbian	2020	0.000000	0.156250	240.69
Suite_C_Clustered	128	32	0.20	B1_Pseudoinverse	2020	0.906250	0.016357	968.38
Suite_C_Clustered	128	32	0.20	B2_1NN_Oracle	2020	1.000000	0.000000	1.97
Suite_C_Clustered	128	32	0.20	B3_PolynomialDAM	2020	0.000000	0.152832	1632.56
Suite_C_Clustered	128	32	0.20	B4_ModernHopfield	2020	1.000000	0.000000	25.66
Suite_C_Clustered	128	32	0.20	Candidate_ModelC	2020	0.000000	0.152832	5061.66
Suite_C_Clustered	128	32	0.30	B0_Hebbian	2001	0.000000	0.201660	526.06
Suite_C_Clustered	128	32	0.30	B1_Pseudoinverse	2001	0.343750	0.185303	1168.81
Suite_C_Clustered	128	32	0.30	B2_1NN_Oracle	2001	0.968750	0.007568	2.12
Suite_C_Clustered	128	32	0.30	B3_PolynomialDAM	2001	0.000000	0.153564	1043.50
Suite_C_Clustered	128	32	0.30	B4_ModernHopfield	2001	0.843750	0.041992	16.78
Suite_C_Clustered	128	32	0.30	Candidate_ModelC	2001	0.000000	0.169922	5214.69
Suite_C_Clustered	128	32	0.30	B0_Hebbian	2002	0.000000	0.174316	506.12
Suite_C_Clustered	128	32	0.30	B1_Pseudoinverse	2002	0.250000	0.217285	478.41
Suite_C_Clustered	128	32	0.30	B2_1NN_Oracle	2002	0.968750	0.006836	3.09
Suite_C_Clustered	128	32	0.30	B3_PolynomialDAM	2002	0.000000	0.157959	915.91
Suite_C_Clustered	128	32	0.30	B4_ModernHopfield	2002	0.968750	0.007080	25.06
Suite_C_Clustered	128	32	0.30	Candidate_ModelC	2002	0.000000	0.157959	5763.62
Suite_C_Clustered	128	32	0.30	B0_Hebbian	2003	0.000000	0.194336	519.38
Suite_C_Clustered	128	32	0.30	B1_Pseudoinverse	2003	0.343750	0.145752	1292.78
Suite_C_Clustered	128	32	0.30	B2_1NN_Oracle	2003	0.968750	0.006592	2.78
Suite_C_Clustered	128	32	0.30	B3_PolynomialDAM	2003	0.000000	0.171387	1450.75
Suite_C_Clustered	128	32	0.30	B4_ModernHopfield	2003	0.968750	0.008057	13.19
Suite_C_Clustered	128	32	0.30	Candidate_ModelC	2003	0.000000	0.152100	4634.69
Suite_C_Clustered	128	32	0.30	B0_Hebbian	2004	0.000000	0.187012	543.03
Suite_C_Clustered	128	32	0.30	B1_Pseudoinverse	2004	0.312500	0.173828	1176.69
Suite_C_Clustered	128	32	0.30	B2_1NN_Oracle	2004	1.000000	0.000000	2.78
Suite_C_Clustered	128	32	0.30	B3_PolynomialDAM	2004	0.000000	0.154053	2299.78
Suite_C_Clustered	128	32	0.30	B4_ModernHopfield	2004	1.000000	0.000000	23.53
Suite_C_Clustered	128	32	0.30	Candidate_ModelC	2004	0.000000	0.154053	6714.31
Suite_C_Clustered	128	32	0.30	B0_Hebbian	2005	0.000000	0.182373	709.81
Suite_C_Clustered	128	32	0.30	B1_Pseudoinverse	2005	0.250000	0.218994	731.62
Suite_C_Clustered	128	32	0.30	B2_1NN_Oracle	2005	0.937500	0.017578	2.69
Suite_C_Clustered	128	32	0.30	B3_PolynomialDAM	2005	0.000000	0.150635	1720.62
Suite_C_Clustered	128	32	0.30	B4_ModernHopfield	2005	0.812500	0.046387	25.22
Suite_C_Clustered	128	32	0.30	Candidate_ModelC	2005	0.000000	0.159180	4573.19
Suite_C_Clustered	128	32	0.30	B0_Hebbian	2006	0.000000	0.180908	465.94
Suite_C_Clustered	128	32	0.30	B1_Pseudoinverse	2006	0.250000	0.196045	1391.19
Suite_C_Clustered	128	32	0.30	B2_1NN_Oracle	2006	0.937500	0.016113	4.06
Suite_C_Clustered	128	32	0.30	B3_PolynomialDAM	2006	0.000000	0.157959	1047.41
Suite_C_Clustered	128	32	0.30	B4_ModernHopfield	2006	0.937500	0.014648	24.50
Suite_C_Clustered	128	32	0.30	Candidate_ModelC	2006	0.000000	0.150879	3173.56
Suite_C_Clustered	128	32	0.30	B0_Hebbian	2007	0.000000	0.157227	425.03
Suite_C_Clustered	128	32	0.30	B1_Pseudoinverse	2007	0.343750	0.175537	1423.88
Suite_C_Clustered	128	32	0.30	B2_1NN_Oracle	2007	0.968750	0.008301	2.75
Suite_C_Clustered	128	32	0.30	B3_PolynomialDAM	2007	0.000000	0.140137	1879.53
Suite_C_Clustered	128	32	0.30	B4_ModernHopfield	2007	0.937500	0.011230	22.31
Suite_C_Clustered	128	32	0.30	Candidate_ModelC	2007	0.000000	0.140137	6012.91
Suite_C_Clustered	128	32	0.30	B0_Hebbian	2008	0.000000	0.164307	572.12
Suite_C_Clustered	128	32	0.30	B1_Pseudoinverse	2008	0.250000	0.210205	1087.50
Suite_C_Clustered	128	32	0.30	B2_1NN_Oracle	2008	0.937500	0.015381	2.75
Suite_C_Clustered	128	32	0.30	B3_PolynomialDAM	2008	0.000000	0.146240	1687.47
Suite_C_Clustered	128	32	0.30	B4_ModernHopfield	2008	0.968750	0.006836	25.00
Suite_C_Clustered	128	32	0.30	Candidate_ModelC	2008	0.000000	0.146240	3584.12
Suite_C_Clustered	128	32	0.30	B0_Hebbian	2009	0.000000	0.162598	591.22
Suite_C_Clustered	128	32	0.30	B1_Pseudoinverse	2009	0.437500	0.165527	753.66
Suite_C_Clustered	128	32	0.30	B2_1NN_Oracle	2009	0.937500	0.012939	2.59
Suite_C_Clustered	128	32	0.30	B3_PolynomialDAM	2009	0.000000	0.142578	1115.66
Suite_C_Clustered	128	32	0.30	B4_ModernHopfield	2009	0.906250	0.020996	14.78
Suite_C_Clustered	128	32	0.30	Candidate_ModelC	2009	0.000000	0.142578	4975.31
Suite_C_Clustered	128	32	0.30	B0_Hebbian	2010	0.000000	0.209717	784.09
Suite_C_Clustered	128	32	0.30	B1_Pseudoinverse	2010	0.312500	0.205078	797.00
Suite_C_Clustered	128	32	0.30	B2_1NN_Oracle	2010	0.968750	0.016113	2.09
Suite_C_Clustered	128	32	0.30	B3_PolynomialDAM	2010	0.000000	0.163086	1349.31
Suite_C_Clustered	128	32	0.30	B4_ModernHopfield	2010	0.906250	0.021729	25.56
Suite_C_Clustered	128	32	0.30	Candidate_ModelC	2010	0.000000	0.154541	5466.44
Suite_C_Clustered	128	32	0.30	B0_Hebbian	2011	0.000000	0.193848	375.47
Suite_C_Clustered	128	32	0.30	B1_Pseudoinverse	2011	0.343750	0.181152	770.50
Suite_C_Clustered	128	32	0.30	B2_1NN_Oracle	2011	0.968750	0.005859	2.78
Suite_C_Clustered	128	32	0.30	B3_PolynomialDAM	2011	0.000000	0.165527	2694.81
Suite_C_Clustered	128	32	0.30	B4_ModernHopfield	2011	0.968750	0.008545	24.91
Suite_C_Clustered	128	32	0.30	Candidate_ModelC	2011	0.000000	0.183350	6441.16
Suite_C_Clustered	128	32	0.30	B0_Hebbian	2012	0.000000	0.179443	662.16
Suite_C_Clustered	128	32	0.30	B1_Pseudoinverse	2012	0.343750	0.186523	1628.34
Suite_C_Clustered	128	32	0.30	B2_1NN_Oracle	2012	1.000000	0.000000	2.12
Suite_C_Clustered	128	32	0.30	B3_PolynomialDAM	2012	0.000000	0.166016	2069.19
Suite_C_Clustered	128	32	0.30	B4_ModernHopfield	2012	0.968750	0.007568	257.81
Suite_C_Clustered	128	32	0.30	Candidate_ModelC	2012	0.000000	0.147217	4400.44
Suite_C_Clustered	128	32	0.30	B0_Hebbian	2013	0.000000	0.172119	704.28
Suite_C_Clustered	128	32	0.30	B1_Pseudoinverse	2013	0.250000	0.188477	946.72
Suite_C_Clustered	128	32	0.30	B2_1NN_Oracle	2013	0.937500	0.015625	2.16
Suite_C_Clustered	128	32	0.30	B3_PolynomialDAM	2013	0.000000	0.143799	1252.31
Suite_C_Clustered	128	32	0.30	B4_ModernHopfield	2013	0.906250	0.016113	22.94
Suite_C_Clustered	128	32	0.30	Candidate_ModelC	2013	0.000000	0.154541	6431.94
Suite_C_Clustered	128	32	0.30	B0_Hebbian	2014	0.000000	0.189941	179.91
Suite_C_Clustered	128	32	0.30	B1_Pseudoinverse	2014	0.218750	0.195068	233.78
Suite_C_Clustered	128	32	0.30	B2_1NN_Oracle	2014	0.937500	0.013428	2.12
Suite_C_Clustered	128	32	0.30	B3_PolynomialDAM	2014	0.000000	0.157959	394.06
Suite_C_Clustered	128	32	0.30	B4_ModernHopfield	2014	0.968750	0.008057	14.06
Suite_C_Clustered	128	32	0.30	Candidate_ModelC	2014	0.000000	0.165039	4399.06
Suite_C_Clustered	128	32	0.30	B0_Hebbian	2015	0.000000	0.164062	524.47
Suite_C_Clustered	128	32	0.30	B1_Pseudoinverse	2015	0.312500	0.181885	1383.28
Suite_C_Clustered	128	32	0.30	B2_1NN_Oracle	2015	0.937500	0.015381	2.84
Suite_C_Clustered	128	32	0.30	B3_PolynomialDAM	2015	0.000000	0.169434	1370.03
Suite_C_Clustered	128	32	0.30	B4_ModernHopfield	2015	0.937500	0.016113	31.81
Suite_C_Clustered	128	32	0.30	Candidate_ModelC	2015	0.000000	0.153320	3639.66
Suite_C_Clustered	128	32	0.30	B0_Hebbian	2016	0.000000	0.175781	200.50
Suite_C_Clustered	128	32	0.30	B1_Pseudoinverse	2016	0.218750	0.220215	801.66
Suite_C_Clustered	128	32	0.30	B2_1NN_Oracle	2016	0.968750	0.006592	2.12
Suite_C_Clustered	128	32	0.30	B3_PolynomialDAM	2016	0.000000	0.142822	1336.75
Suite_C_Clustered	128	32	0.30	B4_ModernHopfield	2016	0.906250	0.018799	19.59
Suite_C_Clustered	128	32	0.30	Candidate_ModelC	2016	0.000000	0.142822	5752.47
Suite_C_Clustered	128	32	0.30	B0_Hebbian	2017	0.000000	0.156250	556.81
Suite_C_Clustered	128	32	0.30	B1_Pseudoinverse	2017	0.312500	0.190918	630.81
Suite_C_Clustered	128	32	0.30	B2_1NN_Oracle	2017	0.968750	0.008301	2.25
Suite_C_Clustered	128	32	0.30	B3_PolynomialDAM	2017	0.000000	0.155762	1292.41
Suite_C_Clustered	128	32	0.30	B4_ModernHopfield	2017	1.000000	0.000000	22.12
Suite_C_Clustered	128	32	0.30	Candidate_ModelC	2017	0.000000	0.155762	5250.31
Suite_C_Clustered	128	32	0.30	B0_Hebbian	2018	0.000000	0.170166	518.72
Suite_C_Clustered	128	32	0.30	B1_Pseudoinverse	2018	0.437500	0.145996	1371.00
Suite_C_Clustered	128	32	0.30	B2_1NN_Oracle	2018	0.968750	0.004883	2.78
Suite_C_Clustered	128	32	0.30	B3_PolynomialDAM	2018	0.000000	0.149414	1368.75
Suite_C_Clustered	128	32	0.30	B4_ModernHopfield	2018	0.906250	0.021729	143.69
Suite_C_Clustered	128	32	0.30	Candidate_ModelC	2018	0.000000	0.147949	4501.97
Suite_C_Clustered	128	32	0.30	B0_Hebbian	2019	0.000000	0.200439	538.34
Suite_C_Clustered	128	32	0.30	B1_Pseudoinverse	2019	0.312500	0.206055	1177.53
Suite_C_Clustered	128	32	0.30	B2_1NN_Oracle	2019	0.968750	0.008057	2.72
Suite_C_Clustered	128	32	0.30	B3_PolynomialDAM	2019	0.000000	0.165771	1883.19
Suite_C_Clustered	128	32	0.30	B4_ModernHopfield	2019	0.968750	0.006104	24.25
Suite_C_Clustered	128	32	0.30	Candidate_ModelC	2019	0.000000	0.169189	6071.94
Suite_C_Clustered	128	32	0.30	B0_Hebbian	2020	0.000000	0.181152	945.88
Suite_C_Clustered	128	32	0.30	B1_Pseudoinverse	2020	0.250000	0.203369	813.53
Suite_C_Clustered	128	32	0.30	B2_1NN_Oracle	2020	0.968750	0.013184	2.16
Suite_C_Clustered	128	32	0.30	B3_PolynomialDAM	2020	0.000000	0.164795	1430.50
Suite_C_Clustered	128	32	0.30	B4_ModernHopfield	2020	0.968750	0.007568	22.56
Suite_C_Clustered	128	32	0.30	Candidate_ModelC	2020	0.000000	0.152832	5373.81
Suite_C_Clustered	128	32	0.40	B0_Hebbian	2001	0.000000	0.354248	175.19
Suite_C_Clustered	128	32	0.40	B1_Pseudoinverse	2001	0.000000	0.386963	2600.12
Suite_C_Clustered	128	32	0.40	B2_1NN_Oracle	2001	0.312500	0.247559	2.94
Suite_C_Clustered	128	32	0.40	B3_PolynomialDAM	2001	0.000000	0.310303	1949.06
Suite_C_Clustered	128	32	0.40	B4_ModernHopfield	2001	0.312500	0.250732	39.69
Suite_C_Clustered	128	32	0.40	Candidate_ModelC	2001	0.000000	0.220947	5669.12
Suite_C_Clustered	128	32	0.40	B0_Hebbian	2002	0.000000	0.277588	428.44
Suite_C_Clustered	128	32	0.40	B1_Pseudoinverse	2002	0.031250	0.385742	422.03
Suite_C_Clustered	128	32	0.40	B2_1NN_Oracle	2002	0.500000	0.177734	6.69
Suite_C_Clustered	128	32	0.40	B3_PolynomialDAM	2002	0.000000	0.234131	1867.31
Suite_C_Clustered	128	32	0.40	B4_ModernHopfield	2002	0.593750	0.123291	34.38
Suite_C_Clustered	128	32	0.40	Candidate_ModelC	2002	0.000000	0.242676	5760.47
Suite_C_Clustered	128	32	0.40	B0_Hebbian	2003	0.000000	0.340088	441.97
Suite_C_Clustered	128	32	0.40	B1_Pseudoinverse	2003	0.062500	0.321533	931.00
Suite_C_Clustered	128	32	0.40	B2_1NN_Oracle	2003	0.406250	0.230713	2.28
Suite_C_Clustered	128	32	0.40	B3_PolynomialDAM	2003	0.000000	0.264648	1668.75
Suite_C_Clustered	128	32	0.40	B4_ModernHopfield	2003	0.437500	0.225830	79.66
Suite_C_Clustered	128	32	0.40	Candidate_ModelC	2003	0.000000	0.241211	6102.81
Suite_C_Clustered	128	32	0.40	B0_Hebbian	2004	0.000000	0.294678	1155.41
Suite_C_Clustered	128	32	0.40	B1_Pseudoinverse	2004	0.000000	0.350342	1801.72
Suite_C_Clustered	128	32	0.40	B2_1NN_Oracle	2004	0.437500	0.245117	2.72
Suite_C_Clustered	128	32	0.40	B3_PolynomialDAM	2004	0.000000	0.323975	2906.56
Suite_C_Clustered	128	32	0.40	B4_ModernHopfield	2004	0.500000	0.161621	24.22
Suite_C_Clustered	128	32	0.40	Candidate_ModelC	2004	0.000000	0.288086	9838.28
Suite_C_Clustered	128	32	0.40	B0_Hebbian	2005	0.000000	0.303223	968.03
Suite_C_Clustered	128	32	0.40	B1_Pseudoinverse	2005	0.000000	0.398438	2273.78
Suite_C_Clustered	128	32	0.40	B2_1NN_Oracle	2005	0.625000	0.108887	2.53
Suite_C_Clustered	128	32	0.40	B3_PolynomialDAM	2005	0.000000	0.285156	1893.75
Suite_C_Clustered	128	32	0.40	B4_ModernHopfield	2005	0.531250	0.143555	240.25
Suite_C_Clustered	128	32	0.40	Candidate_ModelC	2005	0.000000	0.289551	4924.50
Suite_C_Clustered	128	32	0.40	B0_Hebbian	2006	0.000000	0.333252	174.97
Suite_C_Clustered	128	32	0.40	B1_Pseudoinverse	2006	0.031250	0.365723	2332.31
Suite_C_Clustered	128	32	0.40	B2_1NN_Oracle	2006	0.343750	0.236328	2.91
Suite_C_Clustered	128	32	0.40	B3_PolynomialDAM	2006	0.000000	0.244141	2461.44
Suite_C_Clustered	128	32	0.40	B4_ModernHopfield	2006	0.437500	0.213623	147.72
Suite_C_Clustered	128	32	0.40	Candidate_ModelC	2006	0.000000	0.252930	6919.59
Suite_C_Clustered	128	32	0.40	B0_Hebbian	2007	0.000000	0.324219	525.03
Suite_C_Clustered	128	32	0.40	B1_Pseudoinverse	2007	0.031250	0.341553	753.62
Suite_C_Clustered	128	32	0.40	B2_1NN_Oracle	2007	0.406250	0.220215	3.38
Suite_C_Clustered	128	32	0.40	B3_PolynomialDAM	2007	0.000000	0.288086	1688.50
Suite_C_Clustered	128	32	0.40	B4_ModernHopfield	2007	0.406250	0.181396	297.81
Suite_C_Clustered	128	32	0.40	Candidate_ModelC	2007	0.000000	0.231201	4956.66
Suite_C_Clustered	128	32	0.40	B0_Hebbian	2008	0.000000	0.306641	523.22
Suite_C_Clustered	128	32	0.40	B1_Pseudoinverse	2008	0.000000	0.371338	1054.03
Suite_C_Clustered	128	32	0.40	B2_1NN_Oracle	2008	0.343750	0.204102	322.53
Suite_C_Clustered	128	32	0.40	B3_PolynomialDAM	2008	0.000000	0.256592	1543.19
Suite_C_Clustered	128	32	0.40	B4_ModernHopfield	2008	0.531250	0.158936	285.66
Suite_C_Clustered	128	32	0.40	Candidate_ModelC	2008	0.000000	0.264160	5632.94
Suite_C_Clustered	128	32	0.40	B0_Hebbian	2009	0.000000	0.368164	979.88
Suite_C_Clustered	128	32	0.40	B1_Pseudoinverse	2009	0.062500	0.341064	1113.44
Suite_C_Clustered	128	32	0.40	B2_1NN_Oracle	2009	0.500000	0.202881	2.50
Suite_C_Clustered	128	32	0.40	B3_PolynomialDAM	2009	0.000000	0.243896	1250.19
Suite_C_Clustered	128	32	0.40	B4_ModernHopfield	2009	0.531250	0.153076	22.16
Suite_C_Clustered	128	32	0.40	Candidate_ModelC	2009	0.000000	0.233643	5631.16
Suite_C_Clustered	128	32	0.40	B0_Hebbian	2010	0.000000	0.337646	846.03
Suite_C_Clustered	128	32	0.40	B1_Pseudoinverse	2010	0.000000	0.390869	1205.81
Suite_C_Clustered	128	32	0.40	B2_1NN_Oracle	2010	0.500000	0.148926	2.38
Suite_C_Clustered	128	32	0.40	B3_PolynomialDAM	2010	0.000000	0.206055	1803.34
Suite_C_Clustered	128	32	0.40	B4_ModernHopfield	2010	0.437500	0.206543	26.38
Suite_C_Clustered	128	32	0.40	Candidate_ModelC	2010	0.000000	0.288818	4864.03
Suite_C_Clustered	128	32	0.40	B0_Hebbian	2011	0.000000	0.257080	1376.50
Suite_C_Clustered	128	32	0.40	B1_Pseudoinverse	2011	0.031250	0.394531	2892.38
Suite_C_Clustered	128	32	0.40	B2_1NN_Oracle	2011	0.406250	0.208252	2.94
Suite_C_Clustered	128	32	0.40	B3_PolynomialDAM	2011	0.000000	0.281982	2204.44
Suite_C_Clustered	128	32	0.40	B4_ModernHopfield	2011	0.437500	0.178223	26.16
Suite_C_Clustered	128	32	0.40	Candidate_ModelC	2011	0.000000	0.259033	5956.97
Suite_C_Clustered	128	32	0.40	B0_Hebbian	2012	0.000000	0.289795	355.53
Suite_C_Clustered	128	32	0.40	B1_Pseudoinverse	2012	0.062500	0.345947	1604.28
Suite_C_Clustered	128	32	0.40	B2_1NN_Oracle	2012	0.593750	0.130127	2.94
Suite_C_Clustered	128	32	0.40	B3_PolynomialDAM	2012	0.000000	0.241699	2084.78
Suite_C_Clustered	128	32	0.40	B4_ModernHopfield	2012	0.562500	0.158691	26.31
Suite_C_Clustered	128	32	0.40	Candidate_ModelC	2012	0.000000	0.271484	8145.34
Suite_C_Clustered	128	32	0.40	B0_Hebbian	2013	0.000000	0.374023	764.38
Suite_C_Clustered	128	32	0.40	B1_Pseudoinverse	2013	0.000000	0.393555	1198.22
Suite_C_Clustered	128	32	0.40	B2_1NN_Oracle	2013	0.375000	0.203125	2.97
Suite_C_Clustered	128	32	0.40	B3_PolynomialDAM	2013	0.000000	0.198975	1965.69
Suite_C_Clustered	128	32	0.40	B4_ModernHopfield	2013	0.468750	0.154541	23.16
Suite_C_Clustered	128	32	0.40	Candidate_ModelC	2013	0.000000	0.299072	9128.66
Suite_C_Clustered	128	32	0.40	B0_Hebbian	2014	0.000000	0.376465	663.22
Suite_C_Clustered	128	32	0.40	B1_Pseudoinverse	2014	0.031250	0.398193	1261.31
Suite_C_Clustered	128	32	0.40	B2_1NN_Oracle	2014	0.468750	0.186523	2.72
Suite_C_Clustered	128	32	0.40	B3_PolynomialDAM	2014	0.000000	0.312012	2005.22
Suite_C_Clustered	128	32	0.40	B4_ModernHopfield	2014	0.531250	0.172119	28.12
Suite_C_Clustered	128	32	0.40	Candidate_ModelC	2014	0.000000	0.282715	5170.38
Suite_C_Clustered	128	32	0.40	B0_Hebbian	2015	0.000000	0.313965	1386.62
Suite_C_Clustered	128	32	0.40	B1_Pseudoinverse	2015	0.000000	0.384521	1066.28
Suite_C_Clustered	128	32	0.40	B2_1NN_Oracle	2015	0.625000	0.129150	2.28
Suite_C_Clustered	128	32	0.40	B3_PolynomialDAM	2015	0.000000	0.276123	2548.59
Suite_C_Clustered	128	32	0.40	B4_ModernHopfield	2015	0.531250	0.159424	21.31
Suite_C_Clustered	128	32	0.40	Candidate_ModelC	2015	0.000000	0.215332	5040.31
Suite_C_Clustered	128	32	0.40	B0_Hebbian	2016	0.000000	0.305176	305.47
Suite_C_Clustered	128	32	0.40	B1_Pseudoinverse	2016	0.062500	0.375000	403.72
Suite_C_Clustered	128	32	0.40	B2_1NN_Oracle	2016	0.437500	0.213623	2.28
Suite_C_Clustered	128	32	0.40	B3_PolynomialDAM	2016	0.000000	0.267090	893.69
Suite_C_Clustered	128	32	0.40	B4_ModernHopfield	2016	0.562500	0.131592	25.41
Suite_C_Clustered	128	32	0.40	Candidate_ModelC	2016	0.000000	0.219971	3927.53
Suite_C_Clustered	128	32	0.40	B0_Hebbian	2017	0.000000	0.325928	233.88
Suite_C_Clustered	128	32	0.40	B1_Pseudoinverse	2017	0.031250	0.400146	760.16
Suite_C_Clustered	128	32	0.40	B2_1NN_Oracle	2017	0.531250	0.148682	3.16
Suite_C_Clustered	128	32	0.40	B3_PolynomialDAM	2017	0.000000	0.223633	664.84
Suite_C_Clustered	128	32	0.40	B4_ModernHopfield	2017	0.406250	0.200684	14.09
Suite_C_Clustered	128	32	0.40	Candidate_ModelC	2017	0.000000	0.253418	2312.50
Suite_C_Clustered	128	32	0.40	B0_Hebbian	2018	0.000000	0.279541	519.22
Suite_C_Clustered	128	32	0.40	B1_Pseudoinverse	2018	0.000000	0.353271	695.00
Suite_C_Clustered	128	32	0.40	B2_1NN_Oracle	2018	0.562500	0.135986	2.34
Suite_C_Clustered	128	32	0.40	B3_PolynomialDAM	2018	0.000000	0.229248	1564.78
Suite_C_Clustered	128	32	0.40	B4_ModernHopfield	2018	0.500000	0.141602	23.09
Suite_C_Clustered	128	32	0.40	Candidate_ModelC	2018	0.000000	0.244385	6488.75
Suite_C_Clustered	128	32	0.40	B0_Hebbian	2019	0.000000	0.293701	1170.16
Suite_C_Clustered	128	32	0.40	B1_Pseudoinverse	2019	0.000000	0.405518	1509.78
Suite_C_Clustered	128	32	0.40	B2_1NN_Oracle	2019	0.437500	0.220215	3.41
Suite_C_Clustered	128	32	0.40	B3_PolynomialDAM	2019	0.000000	0.276611	2649.12
Suite_C_Clustered	128	32	0.40	B4_ModernHopfield	2019	0.437500	0.207520	22.94
Suite_C_Clustered	128	32	0.40	Candidate_ModelC	2019	0.000000	0.237549	6551.09
Suite_C_Clustered	128	32	0.40	B0_Hebbian	2020	0.000000	0.262451	1480.81
Suite_C_Clustered	128	32	0.40	B1_Pseudoinverse	2020	0.000000	0.386230	1674.25
Suite_C_Clustered	128	32	0.40	B2_1NN_Oracle	2020	0.406250	0.213135	3.69
Suite_C_Clustered	128	32	0.40	B3_PolynomialDAM	2020	0.000000	0.230713	1513.44
Suite_C_Clustered	128	32	0.40	B4_ModernHopfield	2020	0.437500	0.199463	28.44
Suite_C_Clustered	128	32	0.40	Candidate_ModelC	2020	0.000000	0.318115	10669.16
Suite_C_Clustered	128	64	0.10	B0_Hebbian	2001	0.000000	0.154541	667.83
Suite_C_Clustered	128	64	0.10	B1_Pseudoinverse	2001	0.718750	0.048218	908.89
Suite_C_Clustered	128	64	0.10	B2_1NN_Oracle	2001	1.000000	0.000000	2.42
Suite_C_Clustered	128	64	0.10	B3_PolynomialDAM	2001	0.000000	0.154297	2082.77
Suite_C_Clustered	128	64	0.10	B4_ModernHopfield	2001	1.000000	0.000000	229.66
Suite_C_Clustered	128	64	0.10	Candidate_ModelC	2001	0.000000	0.154297	5287.89
Suite_C_Clustered	128	64	0.10	B0_Hebbian	2002	0.000000	0.151611	332.44
Suite_C_Clustered	128	64	0.10	B1_Pseudoinverse	2002	0.500000	0.070068	958.00
Suite_C_Clustered	128	64	0.10	B2_1NN_Oracle	2002	1.000000	0.000000	2.45
Suite_C_Clustered	128	64	0.10	B3_PolynomialDAM	2002	0.000000	0.151367	2381.78
Suite_C_Clustered	128	64	0.10	B4_ModernHopfield	2002	1.000000	0.000000	60.69
Suite_C_Clustered	128	64	0.10	Candidate_ModelC	2002	0.000000	0.151367	4665.59
Suite_C_Clustered	128	64	0.10	B0_Hebbian	2003	0.000000	0.145874	269.95
Suite_C_Clustered	128	64	0.10	B1_Pseudoinverse	2003	0.531250	0.072144	869.84
Suite_C_Clustered	128	64	0.10	B2_1NN_Oracle	2003	1.000000	0.000000	3.08
Suite_C_Clustered	128	64	0.10	B3_PolynomialDAM	2003	0.000000	0.145874	1675.84
Suite_C_Clustered	128	64	0.10	B4_ModernHopfield	2003	1.000000	0.000000	391.78
Suite_C_Clustered	128	64	0.10	Candidate_ModelC	2003	0.000000	0.145874	6296.31
Suite_C_Clustered	128	64	0.10	B0_Hebbian	2004	0.000000	0.153809	160.56
Suite_C_Clustered	128	64	0.10	B1_Pseudoinverse	2004	0.593750	0.055176	973.25
Suite_C_Clustered	128	64	0.10	B2_1NN_Oracle	2004	1.000000	0.000000	3.55
Suite_C_Clustered	128	64	0.10	B3_PolynomialDAM	2004	0.000000	0.151489	3384.02
Suite_C_Clustered	128	64	0.10	B4_ModernHopfield	2004	1.000000	0.000000	30.69
Suite_C_Clustered	128	64	0.10	Candidate_ModelC	2004	0.000000	0.151489	6230.91
Suite_C_Clustered	128	64	0.10	B0_Hebbian	2005	0.000000	0.150879	558.44
Suite_C_Clustered	128	64	0.10	B1_Pseudoinverse	2005	0.593750	0.061279	1070.97
Suite_C_Clustered	128	64	0.10	B2_1NN_Oracle	2005	1.000000	0.000000	3.45
Suite_C_Clustered	128	64	0.10	B3_PolynomialDAM	2005	0.000000	0.150879	2652.27
Suite_C_Clustered	128	64	0.10	B4_ModernHopfield	2005	1.000000	0.000000	299.12
Suite_C_Clustered	128	64	0.10	Candidate_ModelC	2005	0.000000	0.150879	6687.38
Suite_C_Clustered	128	64	0.10	B0_Hebbian	2006	0.000000	0.150879	417.88
Suite_C_Clustered	128	64	0.10	B1_Pseudoinverse	2006	0.609375	0.059204	955.80
Suite_C_Clustered	128	64	0.10	B2_1NN_Oracle	2006	1.000000	0.000000	3.11
Suite_C_Clustered	128	64	0.10	B3_PolynomialDAM	2006	0.000000	0.150879	1924.27
Suite_C_Clustered	128	64	0.10	B4_ModernHopfield	2006	1.000000	0.000000	163.03
Suite_C_Clustered	128	64	0.10	Candidate_ModelC	2006	0.000000	0.150879	5248.98
Suite_C_Clustered	128	64	0.10	B0_Hebbian	2007	0.000000	0.146973	290.91
Suite_C_Clustered	128	64	0.10	B1_Pseudoinverse	2007	0.640625	0.054077	849.50
Suite_C_Clustered	128	64	0.10	B2_1NN_Oracle	2007	1.000000	0.000000	3.14
Suite_C_Clustered	128	64	0.10	B3_PolynomialDAM	2007	0.000000	0.146973	2824.97
Suite_C_Clustered	128	64	0.10	B4_ModernHopfield	2007	1.000000	0.000000	138.33
Suite_C_Clustered	128	64	0.10	Candidate_ModelC	2007	0.000000	0.146973	5430.59
Suite_C_Clustered	128	64	0.10	B0_Hebbian	2008	0.000000	0.150024	348.17
Suite_C_Clustered	128	64	0.10	B1_Pseudoinverse	2008	0.640625	0.057983	774.59
Suite_C_Clustered	128	64	0.10	B2_1NN_Oracle	2008	1.000000	0.000000	3.16
Suite_C_Clustered	128	64	0.10	B3_PolynomialDAM	2008	0.000000	0.150024	3251.08
Suite_C_Clustered	128	64	0.10	B4_ModernHopfield	2008	1.000000	0.000000	25.55
Suite_C_Clustered	128	64	0.10	Candidate_ModelC	2008	0.000000	0.150024	4645.98
Suite_C_Clustered	128	64	0.10	B0_Hebbian	2009	0.000000	0.149414	507.56
Suite_C_Clustered	128	64	0.10	B1_Pseudoinverse	2009	0.593750	0.056885	744.30
Suite_C_Clustered	128	64	0.10	B2_1NN_Oracle	2009	1.000000	0.000000	2.39
Suite_C_Clustered	128	64	0.10	B3_PolynomialDAM	2009	0.000000	0.148682	2643.50
Suite_C_Clustered	128	64	0.10	B4_ModernHopfield	2009	1.000000	0.000000	253.12
Suite_C_Clustered	128	64	0.10	Candidate_ModelC	2009	0.000000	0.148682	6161.70
Suite_C_Clustered	128	64	0.10	B0_Hebbian	2010	0.000000	0.146362	469.56
Suite_C_Clustered	128	64	0.10	B1_Pseudoinverse	2010	0.609375	0.059937	862.25
Suite_C_Clustered	128	64	0.10	B2_1NN_Oracle	2010	1.000000	0.000000	2.47
Suite_C_Clustered	128	64	0.10	B3_PolynomialDAM	2010	0.000000	0.146362	2360.86
Suite_C_Clustered	128	64	0.10	B4_ModernHopfield	2010	1.000000	0.000000	40.86
Suite_C_Clustered	128	64	0.10	Candidate_ModelC	2010	0.000000	0.146362	6649.50
Suite_C_Clustered	128	64	0.10	B0_Hebbian	2011	0.000000	0.152710	250.17
Suite_C_Clustered	128	64	0.10	B1_Pseudoinverse	2011	0.562500	0.070190	941.97
Suite_C_Clustered	128	64	0.10	B2_1NN_Oracle	2011	1.000000	0.000000	3.12
Suite_C_Clustered	128	64	0.10	B3_PolynomialDAM	2011	0.000000	0.152710	1861.31
Suite_C_Clustered	128	64	0.10	B4_ModernHopfield	2011	1.000000	0.000000	129.62
Suite_C_Clustered	128	64	0.10	Candidate_ModelC	2011	0.000000	0.152710	4763.73
Suite_C_Clustered	128	64	0.10	B0_Hebbian	2012	0.000000	0.154175	520.19
Suite_C_Clustered	128	64	0.10	B1_Pseudoinverse	2012	0.625000	0.052734	536.23
Suite_C_Clustered	128	64	0.10	B2_1NN_Oracle	2012	1.000000	0.000000	2.44
Suite_C_Clustered	128	64	0.10	B3_PolynomialDAM	2012	0.000000	0.154419	2157.80
Suite_C_Clustered	128	64	0.10	B4_ModernHopfield	2012	1.000000	0.000000	289.34
Suite_C_Clustered	128	64	0.10	Candidate_ModelC	2012	0.000000	0.154419	4525.25
Suite_C_Clustered	128	64	0.10	B0_Hebbian	2013	0.000000	0.146851	451.88
Suite_C_Clustered	128	64	0.10	B1_Pseudoinverse	2013	0.640625	0.039795	1008.67
Suite_C_Clustered	128	64	0.10	B2_1NN_Oracle	2013	1.000000	0.000000	3.44
Suite_C_Clustered	128	64	0.10	B3_PolynomialDAM	2013	0.000000	0.146851	2258.89
Suite_C_Clustered	128	64	0.10	B4_ModernHopfield	2013	1.000000	0.000000	103.03
Suite_C_Clustered	128	64	0.10	Candidate_ModelC	2013	0.000000	0.146851	5678.73
Suite_C_Clustered	128	64	0.10	B0_Hebbian	2014	0.000000	0.149170	821.94
Suite_C_Clustered	128	64	0.10	B1_Pseudoinverse	2014	0.593750	0.060669	940.77
Suite_C_Clustered	128	64	0.10	B2_1NN_Oracle	2014	1.000000	0.000000	3.62
Suite_C_Clustered	128	64	0.10	B3_PolynomialDAM	2014	0.000000	0.148926	2576.06
Suite_C_Clustered	128	64	0.10	B4_ModernHopfield	2014	1.000000	0.000000	61.06
Suite_C_Clustered	128	64	0.10	Candidate_ModelC	2014	0.000000	0.148926	5827.78
Suite_C_Clustered	128	64	0.10	B0_Hebbian	2015	0.000000	0.154541	655.48
Suite_C_Clustered	128	64	0.10	B1_Pseudoinverse	2015	0.640625	0.052246	936.62
Suite_C_Clustered	128	64	0.10	B2_1NN_Oracle	2015	1.000000	0.000000	2.69
Suite_C_Clustered	128	64	0.10	B3_PolynomialDAM	2015	0.000000	0.154297	3646.52
Suite_C_Clustered	128	64	0.10	B4_ModernHopfield	2015	1.000000	0.000000	46.08
Suite_C_Clustered	128	64	0.10	Candidate_ModelC	2015	0.000000	0.154297	7907.19
Suite_C_Clustered	128	64	0.10	B0_Hebbian	2016	0.000000	0.147095	435.39
Suite_C_Clustered	128	64	0.10	B1_Pseudoinverse	2016	0.515625	0.076904	1170.16
Suite_C_Clustered	128	64	0.10	B2_1NN_Oracle	2016	1.000000	0.000000	3.38
Suite_C_Clustered	128	64	0.10	B3_PolynomialDAM	2016	0.000000	0.147095	1964.17
Suite_C_Clustered	128	64	0.10	B4_ModernHopfield	2016	1.000000	0.000000	90.00
Suite_C_Clustered	128	64	0.10	Candidate_ModelC	2016	0.000000	0.147095	4193.45
Suite_C_Clustered	128	64	0.10	B0_Hebbian	2017	0.000000	0.149780	450.56
Suite_C_Clustered	128	64	0.10	B1_Pseudoinverse	2017	0.609375	0.064575	813.73
Suite_C_Clustered	128	64	0.10	B2_1NN_Oracle	2017	1.000000	0.000000	3.30
Suite_C_Clustered	128	64	0.10	B3_PolynomialDAM	2017	0.000000	0.149780	2702.75
Suite_C_Clustered	128	64	0.10	B4_ModernHopfield	2017	1.000000	0.000000	184.48
Suite_C_Clustered	128	64	0.10	Candidate_ModelC	2017	0.000000	0.149780	5227.67
Suite_C_Clustered	128	64	0.10	B0_Hebbian	2018	0.000000	0.147217	498.97
Suite_C_Clustered	128	64	0.10	B1_Pseudoinverse	2018	0.593750	0.062988	835.41
Suite_C_Clustered	128	64	0.10	B2_1NN_Oracle	2018	1.000000	0.000000	3.66
Suite_C_Clustered	128	64	0.10	B3_PolynomialDAM	2018	0.000000	0.147217	1869.27
Suite_C_Clustered	128	64	0.10	B4_ModernHopfield	2018	1.000000	0.000000	49.88
Suite_C_Clustered	128	64	0.10	Candidate_ModelC	2018	0.000000	0.147217	4879.80
Suite_C_Clustered	128	64	0.10	B0_Hebbian	2019	0.000000	0.152222	265.28
Suite_C_Clustered	128	64	0.10	B1_Pseudoinverse	2019	0.656250	0.047852	1054.08
Suite_C_Clustered	128	64	0.10	B2_1NN_Oracle	2019	1.000000	0.000000	3.36
Suite_C_Clustered	128	64	0.10	B3_PolynomialDAM	2019	0.000000	0.152222	2605.64
Suite_C_Clustered	128	64	0.10	B4_ModernHopfield	2019	1.000000	0.000000	174.53
Suite_C_Clustered	128	64	0.10	Candidate_ModelC	2019	0.000000	0.152222	6148.33
Suite_C_Clustered	128	64	0.10	B0_Hebbian	2020	0.000000	0.153442	472.83
Suite_C_Clustered	128	64	0.10	B1_Pseudoinverse	2020	0.500000	0.073486	1070.48
Suite_C_Clustered	128	64	0.10	B2_1NN_Oracle	2020	1.000000	0.000000	3.95
Suite_C_Clustered	128	64	0.10	B3_PolynomialDAM	2020	0.000000	0.152344	2711.02
Suite_C_Clustered	128	64	0.10	B4_ModernHopfield	2020	1.000000	0.000000	90.73
Suite_C_Clustered	128	64	0.10	Candidate_ModelC	2020	0.000000	0.152344	6711.39
Suite_C_Clustered	128	64	0.20	B0_Hebbian	2001	0.000000	0.160645	353.66
Suite_C_Clustered	128	64	0.20	B1_Pseudoinverse	2001	0.046875	0.248535	951.69
Suite_C_Clustered	128	64	0.20	B2_1NN_Oracle	2001	1.000000	0.000000	3.61
Suite_C_Clustered	128	64	0.20	B3_PolynomialDAM	2001	0.000000	0.154297	1628.56
Suite_C_Clustered	128	64	0.20	B4_ModernHopfield	2001	1.000000	0.000000	25.23
Suite_C_Clustered	128	64	0.20	Candidate_ModelC	2001	0.000000	0.154297	3449.28
Suite_C_Clustered	128	64	0.20	B0_Hebbian	2002	0.000000	0.151611	339.94
Suite_C_Clustered	128	64	0.20	B1_Pseudoinverse	2002	0.015625	0.248779	551.78
Suite_C_Clustered	128	64	0.20	B2_1NN_Oracle	2002	1.000000	0.000000	2.56
Suite_C_Clustered	128	64	0.20	B3_PolynomialDAM	2002	0.000000	0.151367	2032.00
Suite_C_Clustered	128	64	0.20	B4_ModernHopfield	2002	1.000000	0.000000	25.91
Suite_C_Clustered	128	64	0.20	Candidate_ModelC	2002	0.000000	0.151367	1719.23
Suite_C_Clustered	128	64	0.20	B0_Hebbian	2003	0.000000	0.145874	143.45
Suite_C_Clustered	128	64	0.20	B1_Pseudoinverse	2003	0.046875	0.252930	896.69
Suite_C_Clustered	128	64	0.20	B2_1NN_Oracle	2003	1.000000	0.000000	3.59
Suite_C_Clustered	128	64	0.20	B3_PolynomialDAM	2003	0.000000	0.145874	1860.45
Suite_C_Clustered	128	64	0.20	B4_ModernHopfield	2003	1.000000	0.000000	98.36
Suite_C_Clustered	128	64	0.20	Candidate_ModelC	2003	0.000000	0.145874	4257.52
Suite_C_Clustered	128	64	0.20	B0_Hebbian	2004	0.000000	0.164795	277.12
Suite_C_Clustered	128	64	0.20	B1_Pseudoinverse	2004	0.046875	0.249023	858.53
Suite_C_Clustered	128	64	0.20	B2_1NN_Oracle	2004	1.000000	0.000000	3.77
Suite_C_Clustered	128	64	0.20	B3_PolynomialDAM	2004	0.000000	0.151489	1680.00
Suite_C_Clustered	128	64	0.20	B4_ModernHopfield	2004	1.000000	0.000000	50.72
Suite_C_Clustered	128	64	0.20	Candidate_ModelC	2004	0.000000	0.151489	2883.50
Suite_C_Clustered	128	64	0.20	B0_Hebbian	2005	0.000000	0.164551	207.92
Suite_C_Clustered	128	64	0.20	B1_Pseudoinverse	2005	0.031250	0.234375	359.58
Suite_C_Clustered	128	64	0.20	B2_1NN_Oracle	2005	1.000000	0.000000	2.66
Suite_C_Clustered	128	64	0.20	B3_PolynomialDAM	2005	0.000000	0.150879	1375.11
Suite_C_Clustered	128	64	0.20	B4_ModernHopfield	2005	1.000000	0.000000	39.00
Suite_C_Clustered	128	64	0.20	Candidate_ModelC	2005	0.000000	0.150879	3317.05
Suite_C_Clustered	128	64	0.20	B0_Hebbian	2006	0.000000	0.152466	155.23
Suite_C_Clustered	128	64	0.20	B1_Pseudoinverse	2006	0.031250	0.243774	1575.98
Suite_C_Clustered	128	64	0.20	B2_1NN_Oracle	2006	1.000000	0.000000	3.77
Suite_C_Clustered	128	64	0.20	B3_PolynomialDAM	2006	0.000000	0.150879	3536.92
Suite_C_Clustered	128	64	0.20	B4_ModernHopfield	2006	1.000000	0.000000	349.72
Suite_C_Clustered	128	64	0.20	Candidate_ModelC	2006	0.000000	0.150879	4946.88
Suite_C_Clustered	128	64	0.20	B0_Hebbian	2007	0.000000	0.146973	328.45
Suite_C_Clustered	128	64	0.20	B1_Pseudoinverse	2007	0.031250	0.241211	820.45
Suite_C_Clustered	128	64	0.20	B2_1NN_Oracle	2007	1.000000	0.000000	3.52
Suite_C_Clustered	128	64	0.20	B3_PolynomialDAM	2007	0.000000	0.146973	2138.19
Suite_C_Clustered	128	64	0.20	B4_ModernHopfield	2007	1.000000	0.000000	58.78
Suite_C_Clustered	128	64	0.20	Candidate_ModelC	2007	0.000000	0.146973	3111.11
Suite_C_Clustered	128	64	0.20	B0_Hebbian	2008	0.000000	0.150024	162.42
Suite_C_Clustered	128	64	0.20	B1_Pseudoinverse	2008	0.000000	0.263184	588.92
Suite_C_Clustered	128	64	0.20	B2_1NN_Oracle	2008	1.000000	0.000000	3.20
Suite_C_Clustered	128	64	0.20	B3_PolynomialDAM	2008	0.000000	0.150024	752.20
Suite_C_Clustered	128	64	0.20	B4_ModernHopfield	2008	0.984375	0.003540	49.52
Suite_C_Clustered	128	64	0.20	Candidate_ModelC	2008	0.000000	0.150024	3500.58
Suite_C_Clustered	128	64	0.20	B0_Hebbian	2009	0.000000	0.149414	183.56
Suite_C_Clustered	128	64	0.20	B1_Pseudoinverse	2009	0.031250	0.238892	760.16
Suite_C_Clustered	128	64	0.20	B2_1NN_Oracle	2009	1.000000	0.000000	3.58
Suite_C_Clustered	128	64	0.20	B3_PolynomialDAM	2009	0.000000	0.148682	2182.23
Suite_C_Clustered	128	64	0.20	B4_ModernHopfield	2009	1.000000	0.000000	113.34
Suite_C_Clustered	128	64	0.20	Candidate_ModelC	2009	0.000000	0.148682	3284.03
Suite_C_Clustered	128	64	0.20	B0_Hebbian	2010	0.000000	0.149292	292.66
Suite_C_Clustered	128	64	0.20	B1_Pseudoinverse	2010	0.046875	0.232544	631.47
Suite_C_Clustered	128	64	0.20	B2_1NN_Oracle	2010	0.984375	0.003540	2.69
Suite_C_Clustered	128	64	0.20	B3_PolynomialDAM	2010	0.000000	0.146362	1200.56
Suite_C_Clustered	128	64	0.20	B4_ModernHopfield	2010	0.984375	0.003906	25.80
Suite_C_Clustered	128	64	0.20	Candidate_ModelC	2010	0.000000	0.146362	2971.38
Suite_C_Clustered	128	64	0.20	B0_Hebbian	2011	0.000000	0.159058	365.14
Suite_C_Clustered	128	64	0.20	B1_Pseudoinverse	2011	0.015625	0.263672	1417.25
Suite_C_Clustered	128	64	0.20	B2_1NN_Oracle	2011	1.000000	0.000000	3.77
Suite_C_Clustered	128	64	0.20	B3_PolynomialDAM	2011	0.000000	0.152710	3197.50
Suite_C_Clustered	128	64	0.20	B4_ModernHopfield	2011	0.984375	0.003418	180.31
Suite_C_Clustered	128	64	0.20	Candidate_ModelC	2011	0.000000	0.156616	4775.89
Suite_C_Clustered	128	64	0.20	B0_Hebbian	2012	0.000000	0.160034	658.88
Suite_C_Clustered	128	64	0.20	B1_Pseudoinverse	2012	0.000000	0.261353	1244.72
Suite_C_Clustered	128	64	0.20	B2_1NN_Oracle	2012	1.000000	0.000000	2.67
Suite_C_Clustered	128	64	0.20	B3_PolynomialDAM	2012	0.000000	0.154419	2459.98
Suite_C_Clustered	128	64	0.20	B4_ModernHopfield	2012	1.000000	0.000000	219.95
Suite_C_Clustered	128	64	0.20	Candidate_ModelC	2012	0.000000	0.154419	4106.02
Suite_C_Clustered	128	64	0.20	B0_Hebbian	2013	0.000000	0.149902	387.58
Suite_C_Clustered	128	64	0.20	B1_Pseudoinverse	2013	0.015625	0.245239	1055.80
Suite_C_Clustered	128	64	0.20	B2_1NN_Oracle	2013	0.984375	0.003296	3.39
Suite_C_Clustered	128	64	0.20	B3_PolynomialDAM	2013	0.000000	0.146851	2496.77
Suite_C_Clustered	128	64	0.20	B4_ModernHopfield	2013	1.000000	0.000000	225.97
Suite_C_Clustered	128	64	0.20	Candidate_ModelC	2013	0.000000	0.146851	4071.16
Suite_C_Clustered	128	64	0.20	B0_Hebbian	2014	0.000000	0.149170	321.05
Suite_C_Clustered	128	64	0.20	B1_Pseudoinverse	2014	0.031250	0.242432	863.45
Suite_C_Clustered	128	64	0.20	B2_1NN_Oracle	2014	1.000000	0.000000	3.44
Suite_C_Clustered	128	64	0.20	B3_PolynomialDAM	2014	0.000000	0.148926	2304.52
Suite_C_Clustered	128	64	0.20	B4_ModernHopfield	2014	0.984375	0.002686	44.03
Suite_C_Clustered	128	64	0.20	Candidate_ModelC	2014	0.000000	0.148926	4707.23
Suite_C_Clustered	128	64	0.20	B0_Hebbian	2015	0.000000	0.167236	354.36
Suite_C_Clustered	128	64	0.20	B1_Pseudoinverse	2015	0.031250	0.234009	692.69
Suite_C_Clustered	128	64	0.20	B2_1NN_Oracle	2015	1.000000	0.000000	3.73
Suite_C_Clustered	128	64	0.20	B3_PolynomialDAM	2015	0.000000	0.154297	1219.77
Suite_C_Clustered	128	64	0.20	B4_ModernHopfield	2015	0.984375	0.003540	53.09
Suite_C_Clustered	128	64	0.20	Candidate_ModelC	2015	0.000000	0.154297	1746.84
Suite_C_Clustered	128	64	0.20	B0_Hebbian	2016	0.000000	0.152954	691.14
Suite_C_Clustered	128	64	0.20	B1_Pseudoinverse	2016	0.031250	0.263062	1075.70
Suite_C_Clustered	128	64	0.20	B2_1NN_Oracle	2016	1.000000	0.000000	3.27
Suite_C_Clustered	128	64	0.20	B3_PolynomialDAM	2016	0.000000	0.147095	4054.95
Suite_C_Clustered	128	64	0.20	B4_ModernHopfield	2016	1.000000	0.000000	44.30
Suite_C_Clustered	128	64	0.20	Candidate_ModelC	2016	0.000000	0.150391	4717.97
Suite_C_Clustered	128	64	0.20	B0_Hebbian	2017	0.000000	0.149780	510.33
Suite_C_Clustered	128	64	0.20	B1_Pseudoinverse	2017	0.078125	0.229004	1215.67
Suite_C_Clustered	128	64	0.20	B2_1NN_Oracle	2017	1.000000	0.000000	2.80
Suite_C_Clustered	128	64	0.20	B3_PolynomialDAM	2017	0.000000	0.149780	2156.84
Suite_C_Clustered	128	64	0.20	B4_ModernHopfield	2017	0.984375	0.003540	163.58
Suite_C_Clustered	128	64	0.20	Candidate_ModelC	2017	0.000000	0.149780	3629.62
Suite_C_Clustered	128	64	0.20	B0_Hebbian	2018	0.000000	0.147217	400.25
Suite_C_Clustered	128	64	0.20	B1_Pseudoinverse	2018	0.078125	0.219238	944.08
Suite_C_Clustered	128	64	0.20	B2_1NN_Oracle	2018	1.000000	0.000000	6.61
Suite_C_Clustered	128	64	0.20	B3_PolynomialDAM	2018	0.000000	0.147217	2493.59
Suite_C_Clustered	128	64	0.20	B4_ModernHopfield	2018	1.000000	0.000000	168.62
Suite_C_Clustered	128	64	0.20	Candidate_ModelC	2018	0.000000	0.147217	4895.06
Suite_C_Clustered	128	64	0.20	B0_Hebbian	2019	0.000000	0.156982	512.73
Suite_C_Clustered	128	64	0.20	B1_Pseudoinverse	2019	0.015625	0.256348	723.56
Suite_C_Clustered	128	64	0.20	B2_1NN_Oracle	2019	1.000000	0.000000	2.73
Suite_C_Clustered	128	64	0.20	B3_PolynomialDAM	2019	0.000000	0.152222	2025.36
Suite_C_Clustered	128	64	0.20	B4_ModernHopfield	2019	1.000000	0.000000	25.22
Suite_C_Clustered	128	64	0.20	Candidate_ModelC	2019	0.000000	0.152222	4286.98
Suite_C_Clustered	128	64	0.20	B0_Hebbian	2020	0.000000	0.154907	328.70
Suite_C_Clustered	128	64	0.20	B1_Pseudoinverse	2020	0.031250	0.253052	857.91
Suite_C_Clustered	128	64	0.20	B2_1NN_Oracle	2020	1.000000	0.000000	3.66
Suite_C_Clustered	128	64	0.20	B3_PolynomialDAM	2020	0.000000	0.152344	2427.77
Suite_C_Clustered	128	64	0.20	B4_ModernHopfield	2020	1.000000	0.000000	130.61
Suite_C_Clustered	128	64	0.20	Candidate_ModelC	2020	0.000000	0.152344	4424.36
Suite_C_Clustered	128	64	0.30	B0_Hebbian	2001	0.000000	0.188965	977.12
Suite_C_Clustered	128	64	0.30	B1_Pseudoinverse	2001	0.000000	0.349609	1398.61
Suite_C_Clustered	128	64	0.30	B2_1NN_Oracle	2001	0.875000	0.033447	5.78
Suite_C_Clustered	128	64	0.30	B3_PolynomialDAM	2001	0.000000	0.158813	2810.58
Suite_C_Clustered	128	64	0.30	B4_ModernHopfield	2001	0.953125	0.012329	184.86
Suite_C_Clustered	128	64	0.30	Candidate_ModelC	2001	0.000000	0.165527	3824.72
Suite_C_Clustered	128	64	0.30	B0_Hebbian	2002	0.000000	0.184326	223.45
Suite_C_Clustered	128	64	0.30	B1_Pseudoinverse	2002	0.000000	0.359253	1274.78
Suite_C_Clustered	128	64	0.30	B2_1NN_Oracle	2002	0.890625	0.035767	89.48
Suite_C_Clustered	128	64	0.30	B3_PolynomialDAM	2002	0.000000	0.162476	2231.67
Suite_C_Clustered	128	64	0.30	B4_ModernHopfield	2002	0.906250	0.030151	156.80
Suite_C_Clustered	128	64	0.30	Candidate_ModelC	2002	0.000000	0.156494	4424.09
Suite_C_Clustered	128	64	0.30	B0_Hebbian	2003	0.000000	0.166992	161.03
Suite_C_Clustered	128	64	0.30	B1_Pseudoinverse	2003	0.000000	0.366089	309.28
Suite_C_Clustered	128	64	0.30	B2_1NN_Oracle	2003	0.906250	0.021606	4.11
Suite_C_Clustered	128	64	0.30	B3_PolynomialDAM	2003	0.000000	0.145874	1331.19
Suite_C_Clustered	128	64	0.30	B4_ModernHopfield	2003	0.937500	0.012817	52.06
Suite_C_Clustered	128	64	0.30	Candidate_ModelC	2003	0.000000	0.156006	5962.81
Suite_C_Clustered	128	64	0.30	B0_Hebbian	2004	0.000000	0.213257	805.56
Suite_C_Clustered	128	64	0.30	B1_Pseudoinverse	2004	0.000000	0.348389	1405.36
Suite_C_Clustered	128	64	0.30	B2_1NN_Oracle	2004	0.984375	0.004028	4.48
Suite_C_Clustered	128	64	0.30	B3_PolynomialDAM	2004	0.000000	0.168579	2275.69
Suite_C_Clustered	128	64	0.30	B4_ModernHopfield	2004	0.953125	0.011963	170.42
Suite_C_Clustered	128	64	0.30	Candidate_ModelC	2004	0.000000	0.156006	5507.28
Suite_C_Clustered	128	64	0.30	B0_Hebbian	2005	0.000000	0.199951	862.45
Suite_C_Clustered	128	64	0.30	B1_Pseudoinverse	2005	0.000000	0.344727	1717.83
Suite_C_Clustered	128	64	0.30	B2_1NN_Oracle	2005	0.890625	0.026001	3.94
Suite_C_Clustered	128	64	0.30	B3_PolynomialDAM	2005	0.000000	0.167480	2507.66
Suite_C_Clustered	128	64	0.30	B4_ModernHopfield	2005	0.906250	0.024170	187.59
Suite_C_Clustered	128	64	0.30	Candidate_ModelC	2005	0.000000	0.172607	5379.48
Suite_C_Clustered	128	64	0.30	B0_Hebbian	2006	0.000000	0.176392	257.81
Suite_C_Clustered	128	64	0.30	B1_Pseudoinverse	2006	0.000000	0.352905	1117.33
Suite_C_Clustered	128	64	0.30	B2_1NN_Oracle	2006	0.937500	0.014160	3.08
Suite_C_Clustered	128	64	0.30	B3_PolynomialDAM	2006	0.000000	0.156372	1083.97
Suite_C_Clustered	128	64	0.30	B4_ModernHopfield	2006	0.843750	0.040283	138.20
Suite_C_Clustered	128	64	0.30	Candidate_ModelC	2006	0.000000	0.154663	4570.81
Suite_C_Clustered	128	64	0.30	B0_Hebbian	2007	0.000000	0.165161	263.61
Suite_C_Clustered	128	64	0.30	B1_Pseudoinverse	2007	0.000000	0.360107	489.77
Suite_C_Clustered	128	64	0.30	B2_1NN_Oracle	2007	0.937500	0.013550	66.08
Suite_C_Clustered	128	64	0.30	B3_PolynomialDAM	2007	0.000000	0.165894	2084.84
Suite_C_Clustered	128	64	0.30	B4_ModernHopfield	2007	0.968750	0.005493	53.28
Suite_C_Clustered	128	64	0.30	Candidate_ModelC	2007	0.000000	0.158203	3854.70
Suite_C_Clustered	128	64	0.30	B0_Hebbian	2008	0.000000	0.174316	390.92
Suite_C_Clustered	128	64	0.30	B1_Pseudoinverse	2008	0.000000	0.354370	1068.50
Suite_C_Clustered	128	64	0.30	B2_1NN_Oracle	2008	0.937500	0.013794	191.16
Suite_C_Clustered	128	64	0.30	B3_PolynomialDAM	2008	0.000000	0.160522	2238.39
Suite_C_Clustered	128	64	0.30	B4_ModernHopfield	2008	0.843750	0.037720	48.78
Suite_C_Clustered	128	64	0.30	Candidate_ModelC	2008	0.000000	0.155640	4108.03
Suite_C_Clustered	128	64	0.30	B0_Hebbian	2009	0.000000	0.180664	512.36
Suite_C_Clustered	128	64	0.30	B1_Pseudoinverse	2009	0.000000	0.343628	1108.09
Suite_C_Clustered	128	64	0.30	B2_1NN_Oracle	2009	0.875000	0.033691	4.58
Suite_C_Clustered	128	64	0.30	B3_PolynomialDAM	2009	0.000000	0.148682	2341.80
Suite_C_Clustered	128	64	0.30	B4_ModernHopfield	2009	0.953125	0.010864	215.75
Suite_C_Clustered	128	64	0.30	Candidate_ModelC	2009	0.000000	0.157715	4949.97
Suite_C_Clustered	128	64	0.30	B0_Hebbian	2010	0.000000	0.177856	480.23
Suite_C_Clustered	128	64	0.30	B1_Pseudoinverse	2010	0.000000	0.350220	562.27
Suite_C_Clustered	128	64	0.30	B2_1NN_Oracle	2010	0.875000	0.029663	3.55
Suite_C_Clustered	128	64	0.30	B3_PolynomialDAM	2010	0.000000	0.146362	2694.59
Suite_C_Clustered	128	64	0.30	B4_ModernHopfield	2010	0.937500	0.017456	72.36
Suite_C_Clustered	128	64	0.30	Candidate_ModelC	2010	0.000000	0.146362	4225.62
Suite_C_Clustered	128	64	0.30	B0_Hebbian	2011	0.000000	0.171875	679.11
Suite_C_Clustered	128	64	0.30	B1_Pseudoinverse	2011	0.000000	0.363892	1232.28
Suite_C_Clustered	128	64	0.30	B2_1NN_Oracle	2011	0.937500	0.022339	3.80
Suite_C_Clustered	128	64	0.30	B3_PolynomialDAM	2011	0.000000	0.158081	2593.19
Suite_C_Clustered	128	64	0.30	B4_ModernHopfield	2011	0.921875	0.018677	46.70
Suite_C_Clustered	128	64	0.30	Candidate_ModelC	2011	0.000000	0.172852	5936.06
Suite_C_Clustered	128	64	0.30	B0_Hebbian	2012	0.000000	0.200806	476.61
Suite_C_Clustered	128	64	0.30	B1_Pseudoinverse	2012	0.000000	0.344116	1084.98
Suite_C_Clustered	128	64	0.30	B2_1NN_Oracle	2012	0.906250	0.022827	3.11
Suite_C_Clustered	128	64	0.30	B3_PolynomialDAM	2012	0.000000	0.164551	2313.09
Suite_C_Clustered	128	64	0.30	B4_ModernHopfield	2012	0.906250	0.020508	44.03
Suite_C_Clustered	128	64	0.30	Candidate_ModelC	2012	0.000000	0.176514	6039.64
Suite_C_Clustered	128	64	0.30	B0_Hebbian	2013	0.000000	0.177490	385.70
Suite_C_Clustered	128	64	0.30	B1_Pseudoinverse	2013	0.000000	0.341797	1240.23
Suite_C_Clustered	128	64	0.30	B2_1NN_Oracle	2013	0.859375	0.029419	104.19
Suite_C_Clustered	128	64	0.30	B3_PolynomialDAM	2013	0.000000	0.152710	1332.88
Suite_C_Clustered	128	64	0.30	B4_ModernHopfield	2013	0.968750	0.006104	51.45
Suite_C_Clustered	128	64	0.30	Candidate_ModelC	2013	0.000000	0.151489	1742.81
Suite_C_Clustered	128	64	0.30	B0_Hebbian	2014	0.000000	0.184570	244.84
Suite_C_Clustered	128	64	0.30	B1_Pseudoinverse	2014	0.000000	0.361084	689.80
Suite_C_Clustered	128	64	0.30	B2_1NN_Oracle	2014	0.875000	0.028809	2.92
Suite_C_Clustered	128	64	0.30	B3_PolynomialDAM	2014	0.000000	0.152954	3028.94
Suite_C_Clustered	128	64	0.30	B4_ModernHopfield	2014	0.906250	0.021973	234.06
Suite_C_Clustered	128	64	0.30	Candidate_ModelC	2014	0.000000	0.164062	6121.53
Suite_C_Clustered	128	64	0.30	B0_Hebbian	2015	0.000000	0.195557	653.00
Suite_C_Clustered	128	64	0.30	B1_Pseudoinverse	2015	0.000000	0.335083	1028.97
Suite_C_Clustered	128	64	0.30	B2_1NN_Oracle	2015	0.921875	0.023682	4.05
Suite_C_Clustered	128	64	0.30	B3_PolynomialDAM	2015	0.000000	0.154297	1981.86
Suite_C_Clustered	128	64	0.30	B4_ModernHopfield	2015	0.921875	0.022339	94.31
Suite_C_Clustered	128	64	0.30	Candidate_ModelC	2015	0.000000	0.158691	4688.80
Suite_C_Clustered	128	64	0.30	B0_Hebbian	2016	0.000000	0.178711	572.62
Suite_C_Clustered	128	64	0.30	B1_Pseudoinverse	2016	0.000000	0.368408	482.80
Suite_C_Clustered	128	64	0.30	B2_1NN_Oracle	2016	0.843750	0.032471	2.89
Suite_C_Clustered	128	64	0.30	B3_PolynomialDAM	2016	0.000000	0.156006	1930.14
Suite_C_Clustered	128	64	0.30	B4_ModernHopfield	2016	0.937500	0.015503	153.86
Suite_C_Clustered	128	64	0.30	Candidate_ModelC	2016	0.000000	0.159302	3852.12
Suite_C_Clustered	128	64	0.30	B0_Hebbian	2017	0.000000	0.176880	704.69
Suite_C_Clustered	128	64	0.30	B1_Pseudoinverse	2017	0.000000	0.360596	1505.73
Suite_C_Clustered	128	64	0.30	B2_1NN_Oracle	2017	0.968750	0.007202	3.88
Suite_C_Clustered	128	64	0.30	B3_PolynomialDAM	2017	0.000000	0.160767	2261.47
Suite_C_Clustered	128	64	0.30	B4_ModernHopfield	2017	0.843750	0.036133	130.42
Suite_C_Clustered	128	64	0.30	Candidate_ModelC	2017	0.000000	0.155518	2647.45
Suite_C_Clustered	128	64	0.30	B0_Hebbian	2018	0.000000	0.186646	403.81
Suite_C_Clustered	128	64	0.30	B1_Pseudoinverse	2018	0.000000	0.357910	449.52
Suite_C_Clustered	128	64	0.30	B2_1NN_Oracle	2018	0.906250	0.024048	2.83
Suite_C_Clustered	128	64	0.30	B3_PolynomialDAM	2018	0.000000	0.147217	1937.14
Suite_C_Clustered	128	64	0.30	B4_ModernHopfield	2018	0.906250	0.019653	141.88
Suite_C_Clustered	128	64	0.30	Candidate_ModelC	2018	0.000000	0.147217	3417.59
Suite_C_Clustered	128	64	0.30	B0_Hebbian	2019	0.000000	0.186401	599.56
Suite_C_Clustered	128	64	0.30	B1_Pseudoinverse	2019	0.000000	0.359863	970.14
Suite_C_Clustered	128	64	0.30	B2_1NN_Oracle	2019	0.937500	0.014648	3.98
Suite_C_Clustered	128	64	0.30	B3_PolynomialDAM	2019	0.000000	0.162354	1811.28
Suite_C_Clustered	128	64	0.30	B4_ModernHopfield	2019	0.875000	0.027954	109.89
Suite_C_Clustered	128	64	0.30	Candidate_ModelC	2019	0.000000	0.152222	3534.23
Suite_C_Clustered	128	64	0.30	B0_Hebbian	2020	0.000000	0.179810	670.81
Suite_C_Clustered	128	64	0.30	B1_Pseudoinverse	2020	0.000000	0.358032	998.44
Suite_C_Clustered	128	64	0.30	B2_1NN_Oracle	2020	0.906250	0.023926	4.08
Suite_C_Clustered	128	64	0.30	B3_PolynomialDAM	2020	0.000000	0.184448	1832.11
Suite_C_Clustered	128	64	0.30	B4_ModernHopfield	2020	0.921875	0.020874	80.94
Suite_C_Clustered	128	64	0.30	Candidate_ModelC	2020	0.000000	0.161377	3360.30
Suite_C_Clustered	128	64	0.40	B0_Hebbian	2001	0.000000	0.317749	614.14
Suite_C_Clustered	128	64	0.40	B1_Pseudoinverse	2001	0.000000	0.439941	989.59
Suite_C_Clustered	128	64	0.40	B2_1NN_Oracle	2001	0.343750	0.239380	5.30
Suite_C_Clustered	128	64	0.40	B3_PolynomialDAM	2001	0.000000	0.283325	3572.62
Suite_C_Clustered	128	64	0.40	B4_ModernHopfield	2001	0.515625	0.172729	31.23
Suite_C_Clustered	128	64	0.40	Candidate_ModelC	2001	0.000000	0.235229	3585.12
Suite_C_Clustered	128	64	0.40	B0_Hebbian	2002	0.000000	0.279419	379.23
Suite_C_Clustered	128	64	0.40	B1_Pseudoinverse	2002	0.000000	0.429932	1136.56
Suite_C_Clustered	128	64	0.40	B2_1NN_Oracle	2002	0.390625	0.188599	3.03
Suite_C_Clustered	128	64	0.40	B3_PolynomialDAM	2002	0.000000	0.265015	2968.39
Suite_C_Clustered	128	64	0.40	B4_ModernHopfield	2002	0.281250	0.243408	102.67
Suite_C_Clustered	128	64	0.40	Candidate_ModelC	2002	0.000000	0.252808	5287.48
Suite_C_Clustered	128	64	0.40	B0_Hebbian	2003	0.000000	0.285767	533.14
Suite_C_Clustered	128	64	0.40	B1_Pseudoinverse	2003	0.000000	0.433594	715.81
Suite_C_Clustered	128	64	0.40	B2_1NN_Oracle	2003	0.359375	0.223022	130.06
Suite_C_Clustered	128	64	0.40	B3_PolynomialDAM	2003	0.000000	0.243530	2097.06
Suite_C_Clustered	128	64	0.40	B4_ModernHopfield	2003	0.437500	0.204346	117.66
Suite_C_Clustered	128	64	0.40	Candidate_ModelC	2003	0.000000	0.242065	4801.53
Suite_C_Clustered	128	64	0.40	B0_Hebbian	2004	0.000000	0.318237	707.50
Suite_C_Clustered	128	64	0.40	B1_Pseudoinverse	2004	0.000000	0.425049	270.97
Suite_C_Clustered	128	64	0.40	B2_1NN_Oracle	2004	0.453125	0.208496	4.50
Suite_C_Clustered	128	64	0.40	B3_PolynomialDAM	2004	0.000000	0.255005	807.58
Suite_C_Clustered	128	64	0.40	B4_ModernHopfield	2004	0.296875	0.240601	101.27
Suite_C_Clustered	128	64	0.40	Candidate_ModelC	2004	0.000000	0.239502	2938.36
Suite_C_Clustered	128	64	0.40	B0_Hebbian	2005	0.000000	0.296265	264.86
Suite_C_Clustered	128	64	0.40	B1_Pseudoinverse	2005	0.000000	0.421509	910.91
Suite_C_Clustered	128	64	0.40	B2_1NN_Oracle	2005	0.375000	0.220459	3.81
Suite_C_Clustered	128	64	0.40	B3_PolynomialDAM	2005	0.000000	0.234375	2654.75
Suite_C_Clustered	128	64	0.40	B4_ModernHopfield	2005	0.375000	0.206787	165.39
Suite_C_Clustered	128	64	0.40	Candidate_ModelC	2005	0.000000	0.282471	5354.48
Suite_C_Clustered	128	64	0.40	B0_Hebbian	2006	0.000000	0.319092	592.77
Suite_C_Clustered	128	64	0.40	B1_Pseudoinverse	2006	0.000000	0.424316	1230.23
Suite_C_Clustered	128	64	0.40	B2_1NN_Oracle	2006	0.343750	0.237915	3.27
Suite_C_Clustered	128	64	0.40	B3_PolynomialDAM	2006	0.000000	0.271240	1578.20
Suite_C_Clustered	128	64	0.40	B4_ModernHopfield	2006	0.359375	0.198608	246.44
Suite_C_Clustered	128	64	0.40	Candidate_ModelC	2006	0.000000	0.281616	4207.56
Suite_C_Clustered	128	64	0.40	B0_Hebbian	2007	0.000000	0.291504	296.75
Suite_C_Clustered	128	64	0.40	B1_Pseudoinverse	2007	0.000000	0.423218	774.44
Suite_C_Clustered	128	64	0.40	B2_1NN_Oracle	2007	0.406250	0.204834	5.89
Suite_C_Clustered	128	64	0.40	B3_PolynomialDAM	2007	0.000000	0.234131	2067.19
Suite_C_Clustered	128	64	0.40	B4_ModernHopfield	2007	0.406250	0.201782	110.39
Suite_C_Clustered	128	64	0.40	Candidate_ModelC	2007	0.000000	0.307129	4738.03
Suite_C_Clustered	128	64	0.40	B0_Hebbian	2008	0.000000	0.320312	725.89
Suite_C_Clustered	128	64	0.40	B1_Pseudoinverse	2008	0.000000	0.426270	1457.84
Suite_C_Clustered	128	64	0.40	B2_1NN_Oracle	2008	0.390625	0.206543	3.80
Suite_C_Clustered	128	64	0.40	B3_PolynomialDAM	2008	0.000000	0.229614	3325.52
Suite_C_Clustered	128	64	0.40	B4_ModernHopfield	2008	0.343750	0.231567	306.66
Suite_C_Clustered	128	64	0.40	Candidate_ModelC	2008	0.000000	0.232666	6291.77
Suite_C_Clustered	128	64	0.40	B0_Hebbian	2009	0.000000	0.315063	204.52
Suite_C_Clustered	128	64	0.40	B1_Pseudoinverse	2009	0.000000	0.420166	281.36
Suite_C_Clustered	128	64	0.40	B2_1NN_Oracle	2009	0.390625	0.209595	3.16
Suite_C_Clustered	128	64	0.40	B3_PolynomialDAM	2009	0.000000	0.281860	1042.84
Suite_C_Clustered	128	64	0.40	B4_ModernHopfield	2009	0.343750	0.255981	185.53
Suite_C_Clustered	128	64	0.40	Candidate_ModelC	2009	0.000000	0.304565	4933.98
Suite_C_Clustered	128	64	0.40	B0_Hebbian	2010	0.000000	0.289917	365.25
Suite_C_Clustered	128	64	0.40	B1_Pseudoinverse	2010	0.000000	0.412231	1495.33
Suite_C_Clustered	128	64	0.40	B2_1NN_Oracle	2010	0.312500	0.252563	4.28
Suite_C_Clustered	128	64	0.40	B3_PolynomialDAM	2010	0.000000	0.289795	2160.22
Suite_C_Clustered	128	64	0.40	B4_ModernHopfield	2010	0.406250	0.202393	30.17
Suite_C_Clustered	128	64	0.40	Candidate_ModelC	2010	0.000000	0.279541	5050.53
Suite_C_Clustered	128	64	0.40	B0_Hebbian	2011	0.000000	0.267334	443.50
Suite_C_Clustered	128	64	0.40	B1_Pseudoinverse	2011	0.000000	0.448364	1078.92
Suite_C_Clustered	128	64	0.40	B2_1NN_Oracle	2011	0.343750	0.227661	3.06
Suite_C_Clustered	128	64	0.40	B3_PolynomialDAM	2011	0.000000	0.249634	3659.94
Suite_C_Clustered	128	64	0.40	B4_ModernHopfield	2011	0.343750	0.226685	49.27
Suite_C_Clustered	128	64	0.40	Candidate_ModelC	2011	0.000000	0.235352	3492.75
Suite_C_Clustered	128	64	0.40	B0_Hebbian	2012	0.000000	0.293823	389.47
Suite_C_Clustered	128	64	0.40	B1_Pseudoinverse	2012	0.000000	0.432007	846.88
Suite_C_Clustered	128	64	0.40	B2_1NN_Oracle	2012	0.375000	0.227173	4.02
Suite_C_Clustered	128	64	0.40	B3_PolynomialDAM	2012	0.000000	0.240601	2950.72
Suite_C_Clustered	128	64	0.40	B4_ModernHopfield	2012	0.265625	0.290649	173.56
Suite_C_Clustered	128	64	0.40	Candidate_ModelC	2012	0.000000	0.289185	4469.92
Suite_C_Clustered	128	64	0.40	B0_Hebbian	2013	0.000000	0.320068	847.09
Suite_C_Clustered	128	64	0.40	B1_Pseudoinverse	2013	0.000000	0.433716	521.58
Suite_C_Clustered	128	64	0.40	B2_1NN_Oracle	2013	0.375000	0.187988	39.33
Suite_C_Clustered	128	64	0.40	B3_PolynomialDAM	2013	0.000000	0.250977	2264.97
Suite_C_Clustered	128	64	0.40	B4_ModernHopfield	2013	0.453125	0.190063	176.17
Suite_C_Clustered	128	64	0.40	Candidate_ModelC	2013	0.000000	0.260376	4955.77
Suite_C_Clustered	128	64	0.40	B0_Hebbian	2014	0.000000	0.302979	416.98
Suite_C_Clustered	128	64	0.40	B1_Pseudoinverse	2014	0.000000	0.424316	753.59
Suite_C_Clustered	128	64	0.40	B2_1NN_Oracle	2014	0.312500	0.227173	4.22
Suite_C_Clustered	128	64	0.40	B3_PolynomialDAM	2014	0.000000	0.281372	2043.06
Suite_C_Clustered	128	64	0.40	B4_ModernHopfield	2014	0.437500	0.176025	48.83
Suite_C_Clustered	128	64	0.40	Candidate_ModelC	2014	0.000000	0.279785	5540.48
Suite_C_Clustered	128	64	0.40	B0_Hebbian	2015	0.000000	0.320557	551.14
Suite_C_Clustered	128	64	0.40	B1_Pseudoinverse	2015	0.000000	0.416748	853.23
Suite_C_Clustered	128	64	0.40	B2_1NN_Oracle	2015	0.437500	0.190674	3.06
Suite_C_Clustered	128	64	0.40	B3_PolynomialDAM	2015	0.000000	0.276001	2670.89
Suite_C_Clustered	128	64	0.40	B4_ModernHopfield	2015	0.375000	0.224609	112.39
Suite_C_Clustered	128	64	0.40	Candidate_ModelC	2015	0.000000	0.266724	6866.27
Suite_C_Clustered	128	64	0.40	B0_Hebbian	2016	0.000000	0.317627	338.19
Suite_C_Clustered	128	64	0.40	B1_Pseudoinverse	2016	0.000000	0.457520	749.56
Suite_C_Clustered	128	64	0.40	B2_1NN_Oracle	2016	0.437500	0.175049	3.23
Suite_C_Clustered	128	64	0.40	B3_PolynomialDAM	2016	0.000000	0.279297	2417.31
Suite_C_Clustered	128	64	0.40	B4_ModernHopfield	2016	0.312500	0.237305	94.72
Suite_C_Clustered	128	64	0.40	Candidate_ModelC	2016	0.000000	0.244385	5191.11
Suite_C_Clustered	128	64	0.40	B0_Hebbian	2017	0.000000	0.312622	367.94
Suite_C_Clustered	128	64	0.40	B1_Pseudoinverse	2017	0.000000	0.424194	693.73
Suite_C_Clustered	128	64	0.40	B2_1NN_Oracle	2017	0.312500	0.239014	4.88
Suite_C_Clustered	128	64	0.40	B3_PolynomialDAM	2017	0.000000	0.282959	2204.52
Suite_C_Clustered	128	64	0.40	B4_ModernHopfield	2017	0.390625	0.223999	28.83
Suite_C_Clustered	128	64	0.40	Candidate_ModelC	2017	0.000000	0.260742	5858.50
Suite_C_Clustered	128	64	0.40	B0_Hebbian	2018	0.000000	0.295166	295.06
Suite_C_Clustered	128	64	0.40	B1_Pseudoinverse	2018	0.000000	0.443604	491.89
Suite_C_Clustered	128	64	0.40	B2_1NN_Oracle	2018	0.453125	0.178833	3.08
Suite_C_Clustered	128	64	0.40	B3_PolynomialDAM	2018	0.000000	0.301880	2620.69
Suite_C_Clustered	128	64	0.40	B4_ModernHopfield	2018	0.328125	0.216309	29.69
Suite_C_Clustered	128	64	0.40	Candidate_ModelC	2018	0.000000	0.260620	5393.78
Suite_C_Clustered	128	64	0.40	B0_Hebbian	2019	0.000000	0.303345	388.14
Suite_C_Clustered	128	64	0.40	B1_Pseudoinverse	2019	0.000000	0.447388	666.66
Suite_C_Clustered	128	64	0.40	B2_1NN_Oracle	2019	0.421875	0.201782	3.16
Suite_C_Clustered	128	64	0.40	B3_PolynomialDAM	2019	0.000000	0.277344	2068.97
Suite_C_Clustered	128	64	0.40	B4_ModernHopfield	2019	0.343750	0.223267	91.28
Suite_C_Clustered	128	64	0.40	Candidate_ModelC	2019	0.000000	0.257446	4015.59
Suite_C_Clustered	128	64	0.40	B0_Hebbian	2020	0.000000	0.255127	386.97
Suite_C_Clustered	128	64	0.40	B1_Pseudoinverse	2020	0.000000	0.433472	701.64
Suite_C_Clustered	128	64	0.40	B2_1NN_Oracle	2020	0.375000	0.206055	3.73
Suite_C_Clustered	128	64	0.40	B3_PolynomialDAM	2020	0.000000	0.292236	1930.19
Suite_C_Clustered	128	64	0.40	B4_ModernHopfield	2020	0.453125	0.184570	30.44
Suite_C_Clustered	128	64	0.40	Candidate_ModelC	2020	0.000000	0.265137	6922.72
Suite_C_Clustered	128	128	0.10	B0_Hebbian	2001	0.000000	0.152649	620.09
Suite_C_Clustered	128	128	0.10	B1_Pseudoinverse	2001	0.000000	0.182617	969.81
Suite_C_Clustered	128	128	0.10	B2_1NN_Oracle	2001	1.000000	0.000000	3.95
Suite_C_Clustered	128	128	0.10	B3_PolynomialDAM	2001	0.000000	0.150879	3282.36
Suite_C_Clustered	128	128	0.10	B4_ModernHopfield	2001	1.000000	0.000000	279.54
Suite_C_Clustered	128	128	0.10	Candidate_ModelC	2001	0.000000	0.150879	5707.66
Suite_C_Clustered	128	128	0.10	B0_Hebbian	2002	0.000000	0.150330	228.81
Suite_C_Clustered	128	128	0.10	B1_Pseudoinverse	2002	0.000000	0.157593	402.48
Suite_C_Clustered	128	128	0.10	B2_1NN_Oracle	2002	1.000000	0.000000	5.92
Suite_C_Clustered	128	128	0.10	B3_PolynomialDAM	2002	0.000000	0.150330	3438.39
Suite_C_Clustered	128	128	0.10	B4_ModernHopfield	2002	1.000000	0.000000	376.14
Suite_C_Clustered	128	128	0.10	Candidate_ModelC	2002	0.000000	0.150330	5103.55
Suite_C_Clustered	128	128	0.10	B0_Hebbian	2003	0.000000	0.148926	487.47
Suite_C_Clustered	128	128	0.10	B1_Pseudoinverse	2003	0.000000	0.172302	1027.47
Suite_C_Clustered	128	128	0.10	B2_1NN_Oracle	2003	1.000000	0.000000	132.83
Suite_C_Clustered	128	128	0.10	B3_PolynomialDAM	2003	0.000000	0.148926	3715.27
Suite_C_Clustered	128	128	0.10	B4_ModernHopfield	2003	1.000000	0.000000	183.48
Suite_C_Clustered	128	128	0.10	Candidate_ModelC	2003	0.000000	0.148926	4419.00
Suite_C_Clustered	128	128	0.10	B0_Hebbian	2004	0.000000	0.147705	263.20
Suite_C_Clustered	128	128	0.10	B1_Pseudoinverse	2004	0.000000	0.161987	294.50
Suite_C_Clustered	128	128	0.10	B2_1NN_Oracle	2004	1.000000	0.000000	6.15
Suite_C_Clustered	128	128	0.10	B3_PolynomialDAM	2004	0.000000	0.147705	3267.78
Suite_C_Clustered	128	128	0.10	B4_ModernHopfield	2004	1.000000	0.000000	85.89
Suite_C_Clustered	128	128	0.10	Candidate_ModelC	2004	0.000000	0.147705	4969.82
Suite_C_Clustered	128	128	0.10	B0_Hebbian	2005	0.000000	0.149963	359.75
Suite_C_Clustered	128	128	0.10	B1_Pseudoinverse	2005	0.000000	0.183167	565.29
Suite_C_Clustered	128	128	0.10	B2_1NN_Oracle	2005	1.000000	0.000000	6.41
Suite_C_Clustered	128	128	0.10	B3_PolynomialDAM	2005	0.000000	0.149963	3204.91
Suite_C_Clustered	128	128	0.10	B4_ModernHopfield	2005	1.000000	0.000000	119.18
Suite_C_Clustered	128	128	0.10	Candidate_ModelC	2005	0.000000	0.149963	4528.04
Suite_C_Clustered	128	128	0.10	B0_Hebbian	2006	0.000000	0.149170	499.48
Suite_C_Clustered	128	128	0.10	B1_Pseudoinverse	2006	0.000000	0.181091	1003.26
Suite_C_Clustered	128	128	0.10	B2_1NN_Oracle	2006	1.000000	0.000000	12.70
Suite_C_Clustered	128	128	0.10	B3_PolynomialDAM	2006	0.000000	0.149170	3272.93
Suite_C_Clustered	128	128	0.10	B4_ModernHopfield	2006	1.000000	0.000000	231.87
Suite_C_Clustered	128	128	0.10	Candidate_ModelC	2006	0.000000	0.149170	4611.38
Suite_C_Clustered	128	128	0.10	B0_Hebbian	2007	0.000000	0.146973	272.36
Suite_C_Clustered	128	128	0.10	B1_Pseudoinverse	2007	0.000000	0.163025	595.46
Suite_C_Clustered	128	128	0.10	B2_1NN_Oracle	2007	1.000000	0.000000	5.95
Suite_C_Clustered	128	128	0.10	B3_PolynomialDAM	2007	0.000000	0.146973	3031.49
Suite_C_Clustered	128	128	0.10	B4_ModernHopfield	2007	1.000000	0.000000	211.92
Suite_C_Clustered	128	128	0.10	Candidate_ModelC	2007	0.000000	0.146973	5665.45
Suite_C_Clustered	128	128	0.10	B0_Hebbian	2008	0.000000	0.145630	348.88
Suite_C_Clustered	128	128	0.10	B1_Pseudoinverse	2008	0.000000	0.169434	615.44
Suite_C_Clustered	128	128	0.10	B2_1NN_Oracle	2008	1.000000	0.000000	6.18
Suite_C_Clustered	128	128	0.10	B3_PolynomialDAM	2008	0.000000	0.145630	3341.94
Suite_C_Clustered	128	128	0.10	B4_ModernHopfield	2008	1.000000	0.000000	307.69
Suite_C_Clustered	128	128	0.10	Candidate_ModelC	2008	0.000000	0.145630	4997.45
Suite_C_Clustered	128	128	0.10	B0_Hebbian	2009	0.000000	0.148010	219.13
Suite_C_Clustered	128	128	0.10	B1_Pseudoinverse	2009	0.000000	0.172241	458.86
Suite_C_Clustered	128	128	0.10	B2_1NN_Oracle	2009	1.000000	0.000000	4.34
Suite_C_Clustered	128	128	0.10	B3_PolynomialDAM	2009	0.000000	0.148010	2696.80
Suite_C_Clustered	128	128	0.10	B4_ModernHopfield	2009	1.000000	0.000000	232.05
Suite_C_Clustered	128	128	0.10	Candidate_ModelC	2009	0.000000	0.148010	3829.88
Suite_C_Clustered	128	128	0.10	B0_Hebbian	2010	0.000000	0.145874	393.19
Suite_C_Clustered	128	128	0.10	B1_Pseudoinverse	2010	0.000000	0.169800	599.99
Suite_C_Clustered	128	128	0.10	B2_1NN_Oracle	2010	1.000000	0.000000	6.02
Suite_C_Clustered	128	128	0.10	B3_PolynomialDAM	2010	0.000000	0.145874	2898.77
Suite_C_Clustered	128	128	0.10	B4_ModernHopfield	2010	1.000000	0.000000	96.91
Suite_C_Clustered	128	128	0.10	Candidate_ModelC	2010	0.000000	0.145874	5408.52
Suite_C_Clustered	128	128	0.10	B0_Hebbian	2011	0.000000	0.149780	493.60
Suite_C_Clustered	128	128	0.10	B1_Pseudoinverse	2011	0.000000	0.173889	1212.48
Suite_C_Clustered	128	128	0.10	B2_1NN_Oracle	2011	1.000000	0.000000	4.43
Suite_C_Clustered	128	128	0.10	B3_PolynomialDAM	2011	0.000000	0.149780	2731.16
Suite_C_Clustered	128	128	0.10	B4_ModernHopfield	2011	1.000000	0.000000	60.10
Suite_C_Clustered	128	128	0.10	Candidate_ModelC	2011	0.000000	0.149780	4368.72
Suite_C_Clustered	128	128	0.10	B0_Hebbian	2012	0.000000	0.150635	245.59
Suite_C_Clustered	128	128	0.10	B1_Pseudoinverse	2012	0.000000	0.167419	473.55
Suite_C_Clustered	128	128	0.10	B2_1NN_Oracle	2012	1.000000	0.000000	6.57
Suite_C_Clustered	128	128	0.10	B3_PolynomialDAM	2012	0.000000	0.150635	3854.60
Suite_C_Clustered	128	128	0.10	B4_ModernHopfield	2012	1.000000	0.000000	152.37
Suite_C_Clustered	128	128	0.10	Candidate_ModelC	2012	0.000000	0.150635	5127.92
Suite_C_Clustered	128	128	0.10	B0_Hebbian	2013	0.000000	0.148010	129.51
Suite_C_Clustered	128	128	0.10	B1_Pseudoinverse	2013	0.000000	0.150330	294.33
Suite_C_Clustered	128	128	0.10	B2_1NN_Oracle	2013	1.000000	0.000000	5.95
Suite_C_Clustered	128	128	0.10	B3_PolynomialDAM	2013	0.000000	0.148010	2750.70
Suite_C_Clustered	128	128	0.10	B4_ModernHopfield	2013	1.000000	0.000000	105.06
Suite_C_Clustered	128	128	0.10	Candidate_ModelC	2013	0.000000	0.148010	2932.72
Suite_C_Clustered	128	128	0.10	B0_Hebbian	2014	0.000000	0.151245	138.03
Suite_C_Clustered	128	128	0.10	B1_Pseudoinverse	2014	0.000000	0.161865	446.02
Suite_C_Clustered	128	128	0.10	B2_1NN_Oracle	2014	1.000000	0.000000	5.57
Suite_C_Clustered	128	128	0.10	B3_PolynomialDAM	2014	0.000000	0.151245	3340.60
Suite_C_Clustered	128	128	0.10	B4_ModernHopfield	2014	1.000000	0.000000	152.62
Suite_C_Clustered	128	128	0.10	Candidate_ModelC	2014	0.000000	0.151245	4299.18
Suite_C_Clustered	128	128	0.10	B0_Hebbian	2015	0.000000	0.150024	211.21
Suite_C_Clustered	128	128	0.10	B1_Pseudoinverse	2015	0.000000	0.147949	464.02
Suite_C_Clustered	128	128	0.10	B2_1NN_Oracle	2015	1.000000	0.000000	3.92
Suite_C_Clustered	128	128	0.10	B3_PolynomialDAM	2015	0.000000	0.150024	2766.41
Suite_C_Clustered	128	128	0.10	B4_ModernHopfield	2015	1.000000	0.000000	144.10
Suite_C_Clustered	128	128	0.10	Candidate_ModelC	2015	0.000000	0.150024	4004.41
Suite_C_Clustered	128	128	0.10	B0_Hebbian	2016	0.000000	0.148804	88.13
Suite_C_Clustered	128	128	0.10	B1_Pseudoinverse	2016	0.000000	0.165405	243.63
Suite_C_Clustered	128	128	0.10	B2_1NN_Oracle	2016	1.000000	0.000000	4.67
Suite_C_Clustered	128	128	0.10	B3_PolynomialDAM	2016	0.000000	0.148804	2569.66
Suite_C_Clustered	128	128	0.10	B4_ModernHopfield	2016	1.000000	0.000000	246.81
Suite_C_Clustered	128	128	0.10	Candidate_ModelC	2016	0.000000	0.148804	6067.67
Suite_C_Clustered	128	128	0.10	B0_Hebbian	2017	0.000000	0.149780	172.92
Suite_C_Clustered	128	128	0.10	B1_Pseudoinverse	2017	0.000000	0.194824	662.92
Suite_C_Clustered	128	128	0.10	B2_1NN_Oracle	2017	1.000000	0.000000	6.04
Suite_C_Clustered	128	128	0.10	B3_PolynomialDAM	2017	0.000000	0.149780	3512.62
Suite_C_Clustered	128	128	0.10	B4_ModernHopfield	2017	1.000000	0.000000	251.59
Suite_C_Clustered	128	128	0.10	Candidate_ModelC	2017	0.000000	0.149780	4975.63
Suite_C_Clustered	128	128	0.10	B0_Hebbian	2018	0.000000	0.151733	303.12
Suite_C_Clustered	128	128	0.10	B1_Pseudoinverse	2018	0.000000	0.151123	374.73
Suite_C_Clustered	128	128	0.10	B2_1NN_Oracle	2018	1.000000	0.000000	3.82
Suite_C_Clustered	128	128	0.10	B3_PolynomialDAM	2018	0.000000	0.151733	2422.68
Suite_C_Clustered	128	128	0.10	B4_ModernHopfield	2018	1.000000	0.000000	80.09
Suite_C_Clustered	128	128	0.10	Candidate_ModelC	2018	0.000000	0.151733	3860.98
Suite_C_Clustered	128	128	0.10	B0_Hebbian	2019	0.000000	0.150208	198.35
Suite_C_Clustered	128	128	0.10	B1_Pseudoinverse	2019	0.000000	0.167725	720.19
Suite_C_Clustered	128	128	0.10	B2_1NN_Oracle	2019	1.000000	0.000000	3.91
Suite_C_Clustered	128	128	0.10	B3_PolynomialDAM	2019	0.000000	0.149963	3035.67
Suite_C_Clustered	128	128	0.10	B4_ModernHopfield	2019	1.000000	0.000000	98.41
Suite_C_Clustered	128	128	0.10	Candidate_ModelC	2019	0.000000	0.149963	4177.52
Suite_C_Clustered	128	128	0.10	B0_Hebbian	2020	0.000000	0.154602	208.35
Suite_C_Clustered	128	128	0.10	B1_Pseudoinverse	2020	0.000000	0.164734	227.63
Suite_C_Clustered	128	128	0.10	B2_1NN_Oracle	2020	1.000000	0.000000	4.11
Suite_C_Clustered	128	128	0.10	B3_PolynomialDAM	2020	0.000000	0.154602	2755.91
Suite_C_Clustered	128	128	0.10	B4_ModernHopfield	2020	1.000000	0.000000	195.96
Suite_C_Clustered	128	128	0.10	Candidate_ModelC	2020	0.000000	0.154602	3345.48
Suite_C_Clustered	128	128	0.20	B0_Hebbian	2001	0.000000	0.156860	675.91
Suite_C_Clustered	128	128	0.20	B1_Pseudoinverse	2001	0.000000	0.280579	844.26
Suite_C_Clustered	128	128	0.20	B2_1NN_Oracle	2001	1.000000	0.000000	5.76
Suite_C_Clustered	128	128	0.20	B3_PolynomialDAM	2001	0.000000	0.150879	3957.53
Suite_C_Clustered	128	128	0.20	B4_ModernHopfield	2001	0.984375	0.003418	216.87
Suite_C_Clustered	128	128	0.20	Candidate_ModelC	2001	0.000000	0.152527	6180.65
Suite_C_Clustered	128	128	0.20	B0_Hebbian	2002	0.000000	0.151917	411.93
Suite_C_Clustered	128	128	0.20	B1_Pseudoinverse	2002	0.000000	0.254028	400.38
Suite_C_Clustered	128	128	0.20	B2_1NN_Oracle	2002	1.000000	0.000000	5.06
Suite_C_Clustered	128	128	0.20	B3_PolynomialDAM	2002	0.000000	0.150330	3916.66
Suite_C_Clustered	128	128	0.20	B4_ModernHopfield	2002	1.000000	0.000000	246.75
Suite_C_Clustered	128	128	0.20	Candidate_ModelC	2002	0.000000	0.150330	5823.63
Suite_C_Clustered	128	128	0.20	B0_Hebbian	2003	0.000000	0.150208	172.13
Suite_C_Clustered	128	128	0.20	B1_Pseudoinverse	2003	0.000000	0.267517	758.97
Suite_C_Clustered	128	128	0.20	B2_1NN_Oracle	2003	0.992188	0.001526	100.47
Suite_C_Clustered	128	128	0.20	B3_PolynomialDAM	2003	0.000000	0.148926	3438.29
Suite_C_Clustered	128	128	0.20	B4_ModernHopfield	2003	0.984375	0.003662	276.73
Suite_C_Clustered	128	128	0.20	Candidate_ModelC	2003	0.000000	0.148926	4753.42
Suite_C_Clustered	128	128	0.20	B0_Hebbian	2004	0.000000	0.149841	279.42
Suite_C_Clustered	128	128	0.20	B1_Pseudoinverse	2004	0.000000	0.250793	453.46
Suite_C_Clustered	128	128	0.20	B2_1NN_Oracle	2004	0.992188	0.001648	5.91
Suite_C_Clustered	128	128	0.20	B3_PolynomialDAM	2004	0.000000	0.147705	3749.07
Suite_C_Clustered	128	128	0.20	B4_ModernHopfield	2004	1.000000	0.000000	242.12
Suite_C_Clustered	128	128	0.20	Candidate_ModelC	2004	0.000000	0.147705	4527.66
Suite_C_Clustered	128	128	0.20	B0_Hebbian	2005	0.000000	0.157593	404.69
Suite_C_Clustered	128	128	0.20	B1_Pseudoinverse	2005	0.000000	0.278931	352.66
Suite_C_Clustered	128	128	0.20	B2_1NN_Oracle	2005	0.992188	0.002014	10.67
Suite_C_Clustered	128	128	0.20	B3_PolynomialDAM	2005	0.000000	0.149963	4252.77
Suite_C_Clustered	128	128	0.20	B4_ModernHopfield	2005	1.000000	0.000000	115.95
Suite_C_Clustered	128	128	0.20	Candidate_ModelC	2005	0.000000	0.149963	3957.13
Suite_C_Clustered	128	128	0.20	B0_Hebbian	2006	0.000000	0.149170	561.75
Suite_C_Clustered	128	128	0.20	B1_Pseudoinverse	2006	0.000000	0.285278	732.51
Suite_C_Clustered	128	128	0.20	B2_1NN_Oracle	2006	1.000000	0.000000	12.41
Suite_C_Clustered	128	128	0.20	B3_PolynomialDAM	2006	0.000000	0.149170	4041.73
Suite_C_Clustered	128	128	0.20	B4_ModernHopfield	2006	1.000000	0.000000	138.39
Suite_C_Clustered	128	128	0.20	Candidate_ModelC	2006	0.000000	0.149170	3949.16
Suite_C_Clustered	128	128	0.20	B0_Hebbian	2007	0.000000	0.153320	302.89
Suite_C_Clustered	128	128	0.20	B1_Pseudoinverse	2007	0.000000	0.265564	247.89
Suite_C_Clustered	128	128	0.20	B2_1NN_Oracle	2007	1.000000	0.000000	6.52
Suite_C_Clustered	128	128	0.20	B3_PolynomialDAM	2007	0.000000	0.148804	3531.55
Suite_C_Clustered	128	128	0.20	B4_ModernHopfield	2007	1.000000	0.000000	306.23
Suite_C_Clustered	128	128	0.20	Candidate_ModelC	2007	0.000000	0.146973	4864.30
Suite_C_Clustered	128	128	0.20	B0_Hebbian	2008	0.000000	0.145630	641.45
Suite_C_Clustered	128	128	0.20	B1_Pseudoinverse	2008	0.000000	0.269348	681.60
Suite_C_Clustered	128	128	0.20	B2_1NN_Oracle	2008	0.984375	0.003601	6.22
Suite_C_Clustered	128	128	0.20	B3_PolynomialDAM	2008	0.000000	0.145630	3767.07
Suite_C_Clustered	128	128	0.20	B4_ModernHopfield	2008	0.984375	0.002441	253.61
Suite_C_Clustered	128	128	0.20	Candidate_ModelC	2008	0.000000	0.145630	6074.20
Suite_C_Clustered	128	128	0.20	B0_Hebbian	2009	0.000000	0.149170	301.19
Suite_C_Clustered	128	128	0.20	B1_Pseudoinverse	2009	0.000000	0.273743	327.44
Suite_C_Clustered	128	128	0.20	B2_1NN_Oracle	2009	1.000000	0.000000	4.57
Suite_C_Clustered	128	128	0.20	B3_PolynomialDAM	2009	0.000000	0.148010	4081.14
Suite_C_Clustered	128	128	0.20	B4_ModernHopfield	2009	0.992188	0.001892	410.59
Suite_C_Clustered	128	128	0.20	Candidate_ModelC	2009	0.000000	0.150085	5791.38
Suite_C_Clustered	128	128	0.20	B0_Hebbian	2010	0.000000	0.148926	262.83
Suite_C_Clustered	128	128	0.20	B1_Pseudoinverse	2010	0.000000	0.263000	594.21
Suite_C_Clustered	128	128	0.20	B2_1NN_Oracle	2010	1.000000	0.000000	5.79
Suite_C_Clustered	128	128	0.20	B3_PolynomialDAM	2010	0.000000	0.145874	3285.30
Suite_C_Clustered	128	128	0.20	B4_ModernHopfield	2010	0.984375	0.002869	278.59
Suite_C_Clustered	128	128	0.20	Candidate_ModelC	2010	0.000000	0.145874	5135.24
Suite_C_Clustered	128	128	0.20	B0_Hebbian	2011	0.000000	0.153015	531.18
Suite_C_Clustered	128	128	0.20	B1_Pseudoinverse	2011	0.000000	0.278809	158.88
Suite_C_Clustered	128	128	0.20	B2_1NN_Oracle	2011	0.984375	0.003296	4.36
Suite_C_Clustered	128	128	0.20	B3_PolynomialDAM	2011	0.000000	0.149780	3144.11
Suite_C_Clustered	128	128	0.20	B4_ModernHopfield	2011	0.992188	0.001831	110.79
Suite_C_Clustered	128	128	0.20	Candidate_ModelC	2011	0.000000	0.149780	5658.84
Suite_C_Clustered	128	128	0.20	B0_Hebbian	2012	0.000000	0.155823	701.27
Suite_C_Clustered	128	128	0.20	B1_Pseudoinverse	2012	0.000000	0.262207	661.43
Suite_C_Clustered	128	128	0.20	B2_1NN_Oracle	2012	1.000000	0.000000	7.38
Suite_C_Clustered	128	128	0.20	B3_PolynomialDAM	2012	0.000000	0.150635	3291.86
Suite_C_Clustered	128	128	0.20	B4_ModernHopfield	2012	1.000000	0.000000	317.78
Suite_C_Clustered	128	128	0.20	Candidate_ModelC	2012	0.000000	0.150635	6687.23
Suite_C_Clustered	128	128	0.20	B0_Hebbian	2013	0.000000	0.148010	255.76
Suite_C_Clustered	128	128	0.20	B1_Pseudoinverse	2013	0.000000	0.254333	318.53
Suite_C_Clustered	128	128	0.20	B2_1NN_Oracle	2013	1.000000	0.000000	5.38
Suite_C_Clustered	128	128	0.20	B3_PolynomialDAM	2013	0.000000	0.148010	3357.70
Suite_C_Clustered	128	128	0.20	B4_ModernHopfield	2013	1.000000	0.000000	197.50
Suite_C_Clustered	128	128	0.20	Candidate_ModelC	2013	0.000000	0.148010	4211.47
Suite_C_Clustered	128	128	0.20	B0_Hebbian	2014	0.000000	0.153198	462.55
Suite_C_Clustered	128	128	0.20	B1_Pseudoinverse	2014	0.000000	0.255920	175.01
Suite_C_Clustered	128	128	0.20	B2_1NN_Oracle	2014	0.984375	0.003357	5.95
Suite_C_Clustered	128	128	0.20	B3_PolynomialDAM	2014	0.000000	0.151245	3232.41
Suite_C_Clustered	128	128	0.20	B4_ModernHopfield	2014	1.000000	0.000000	182.76
Suite_C_Clustered	128	128	0.20	Candidate_ModelC	2014	0.000000	0.151245	4471.18
Suite_C_Clustered	128	128	0.20	B0_Hebbian	2015	0.000000	0.159180	235.14
Suite_C_Clustered	128	128	0.20	B1_Pseudoinverse	2015	0.000000	0.241760	476.10
Suite_C_Clustered	128	128	0.20	B2_1NN_Oracle	2015	0.984375	0.002991	6.27
Suite_C_Clustered	128	128	0.20	B3_PolynomialDAM	2015	0.000000	0.150024	3562.97
Suite_C_Clustered	128	128	0.20	B4_ModernHopfield	2015	0.992188	0.001404	182.30
Suite_C_Clustered	128	128	0.20	Candidate_ModelC	2015	0.000000	0.150024	4444.00
Suite_C_Clustered	128	128	0.20	B0_Hebbian	2016	0.000000	0.150696	264.53
Suite_C_Clustered	128	128	0.20	B1_Pseudoinverse	2016	0.000000	0.266785	398.78
Suite_C_Clustered	128	128	0.20	B2_1NN_Oracle	2016	1.000000	0.000000	4.05
Suite_C_Clustered	128	128	0.20	B3_PolynomialDAM	2016	0.000000	0.148804	3498.45
Suite_C_Clustered	128	128	0.20	B4_ModernHopfield	2016	1.000000	0.000000	155.16
Suite_C_Clustered	128	128	0.20	Candidate_ModelC	2016	0.000000	0.148804	3560.27
Suite_C_Clustered	128	128	0.20	B0_Hebbian	2017	0.000000	0.149780	337.44
Suite_C_Clustered	128	128	0.20	B1_Pseudoinverse	2017	0.000000	0.288513	607.55
Suite_C_Clustered	128	128	0.20	B2_1NN_Oracle	2017	0.984375	0.003967	5.75
Suite_C_Clustered	128	128	0.20	B3_PolynomialDAM	2017	0.000000	0.149780	4178.21
Suite_C_Clustered	128	128	0.20	B4_ModernHopfield	2017	0.992188	0.001770	212.79
Suite_C_Clustered	128	128	0.20	Candidate_ModelC	2017	0.000000	0.149780	3962.20
Suite_C_Clustered	128	128	0.20	B0_Hebbian	2018	0.000000	0.151733	236.31
Suite_C_Clustered	128	128	0.20	B1_Pseudoinverse	2018	0.000000	0.249207	599.88
Suite_C_Clustered	128	128	0.20	B2_1NN_Oracle	2018	1.000000	0.000000	68.07
Suite_C_Clustered	128	128	0.20	B3_PolynomialDAM	2018	0.000000	0.151733	3321.79
Suite_C_Clustered	128	128	0.20	B4_ModernHopfield	2018	1.000000	0.000000	208.85
Suite_C_Clustered	128	128	0.20	Candidate_ModelC	2018	0.000000	0.151733	4811.24
Suite_C_Clustered	128	128	0.20	B0_Hebbian	2019	0.000000	0.155029	185.26
Suite_C_Clustered	128	128	0.20	B1_Pseudoinverse	2019	0.000000	0.267029	473.34
Suite_C_Clustered	128	128	0.20	B2_1NN_Oracle	2019	1.000000	0.000000	6.25
Suite_C_Clustered	128	128	0.20	B3_PolynomialDAM	2019	0.000000	0.149963	2835.18
Suite_C_Clustered	128	128	0.20	B4_ModernHopfield	2019	1.000000	0.000000	203.12
Suite_C_Clustered	128	128	0.20	Candidate_ModelC	2019	0.000000	0.149963	6338.20
Suite_C_Clustered	128	128	0.20	B0_Hebbian	2020	0.000000	0.154602	345.63
Suite_C_Clustered	128	128	0.20	B1_Pseudoinverse	2020	0.000000	0.255188	500.38
Suite_C_Clustered	128	128	0.20	B2_1NN_Oracle	2020	0.992188	0.001770	5.95
Suite_C_Clustered	128	128	0.20	B3_PolynomialDAM	2020	0.000000	0.154602	3707.16
Suite_C_Clustered	128	128	0.20	B4_ModernHopfield	2020	1.000000	0.000000	123.70
Suite_C_Clustered	128	128	0.20	Candidate_ModelC	2020	0.000000	0.154602	4849.13
Suite_C_Clustered	128	128	0.30	B0_Hebbian	2001	0.000000	0.191345	572.19
Suite_C_Clustered	128	128	0.30	B1_Pseudoinverse	2001	0.000000	0.358032	730.11
Suite_C_Clustered	128	128	0.30	B2_1NN_Oracle	2001	0.906250	0.022888	6.48
Suite_C_Clustered	128	128	0.30	B3_PolynomialDAM	2001	0.000000	0.157227	4178.81
Suite_C_Clustered	128	128	0.30	B4_ModernHopfield	2001	0.859375	0.035339	273.84
Suite_C_Clustered	128	128	0.30	Candidate_ModelC	2001	0.000000	0.161987	5564.81
Suite_C_Clustered	128	128	0.30	B0_Hebbian	2002	0.000000	0.176941	226.67
Suite_C_Clustered	128	128	0.30	B1_Pseudoinverse	2002	0.000000	0.342163	600.04
Suite_C_Clustered	128	128	0.30	B2_1NN_Oracle	2002	0.914062	0.024109	6.39
Suite_C_Clustered	128	128	0.30	B3_PolynomialDAM	2002	0.000000	0.163757	4085.16
Suite_C_Clustered	128	128	0.30	B4_ModernHopfield	2002	0.851562	0.036438	209.24
Suite_C_Clustered	128	128	0.30	Candidate_ModelC	2002	0.000000	0.155762	5901.00
Suite_C_Clustered	128	128	0.30	B0_Hebbian	2003	0.000000	0.187927	294.53
Suite_C_Clustered	128	128	0.30	B1_Pseudoinverse	2003	0.000000	0.350952	434.70
Suite_C_Clustered	128	128	0.30	B2_1NN_Oracle	2003	0.875000	0.027893	39.07
Suite_C_Clustered	128	128	0.30	B3_PolynomialDAM	2003	0.000000	0.158386	2698.91
Suite_C_Clustered	128	128	0.30	B4_ModernHopfield	2003	0.843750	0.037170	207.16
Suite_C_Clustered	128	128	0.30	Candidate_ModelC	2003	0.000000	0.151611	5864.97
Suite_C_Clustered	128	128	0.30	B0_Hebbian	2004	0.000000	0.168152	308.78
Suite_C_Clustered	128	128	0.30	B1_Pseudoinverse	2004	0.000000	0.333923	453.40
Suite_C_Clustered	128	128	0.30	B2_1NN_Oracle	2004	0.882812	0.026672	6.31
Suite_C_Clustered	128	128	0.30	B3_PolynomialDAM	2004	0.000000	0.150024	4991.30
Suite_C_Clustered	128	128	0.30	B4_ModernHopfield	2004	0.875000	0.030212	506.01
Suite_C_Clustered	128	128	0.30	Candidate_ModelC	2004	0.000000	0.155762	7968.16
Suite_C_Clustered	128	128	0.30	B0_Hebbian	2005	0.000000	0.184021	497.19
Suite_C_Clustered	128	128	0.30	B1_Pseudoinverse	2005	0.000000	0.357361	633.45
Suite_C_Clustered	128	128	0.30	B2_1NN_Oracle	2005	0.804688	0.050110	6.91
Suite_C_Clustered	128	128	0.30	B3_PolynomialDAM	2005	0.000000	0.160767	5536.63
Suite_C_Clustered	128	128	0.30	B4_ModernHopfield	2005	0.882812	0.028320	303.35
Suite_C_Clustered	128	128	0.30	Candidate_ModelC	2005	0.000000	0.162048	7232.95
Suite_C_Clustered	128	128	0.30	B0_Hebbian	2006	0.000000	0.185608	242.30
Suite_C_Clustered	128	128	0.30	B1_Pseudoinverse	2006	0.000000	0.356995	497.69
Suite_C_Clustered	128	128	0.30	B2_1NN_Oracle	2006	0.742188	0.064880	18.21
Suite_C_Clustered	128	128	0.30	B3_PolynomialDAM	2006	0.000000	0.154358	3446.80
Suite_C_Clustered	128	128	0.30	B4_ModernHopfield	2006	0.828125	0.043945	247.84
Suite_C_Clustered	128	128	0.30	Candidate_ModelC	2006	0.000000	0.163940	4343.05
Suite_C_Clustered	128	128	0.30	B0_Hebbian	2007	0.000000	0.173096	568.28
Suite_C_Clustered	128	128	0.30	B1_Pseudoinverse	2007	0.000000	0.342529	567.09
Suite_C_Clustered	128	128	0.30	B2_1NN_Oracle	2007	0.867188	0.029907	6.58
Suite_C_Clustered	128	128	0.30	B3_PolynomialDAM	2007	0.000000	0.156738	2836.61
Suite_C_Clustered	128	128	0.30	B4_ModernHopfield	2007	0.890625	0.026428	355.64
Suite_C_Clustered	128	128	0.30	Candidate_ModelC	2007	0.000000	0.153809	7709.60
Suite_C_Clustered	128	128	0.30	B0_Hebbian	2008	0.000000	0.166931	677.31
Suite_C_Clustered	128	128	0.30	B1_Pseudoinverse	2008	0.000000	0.347412	444.34
Suite_C_Clustered	128	128	0.30	B2_1NN_Oracle	2008	0.851562	0.034241	6.30
Suite_C_Clustered	128	128	0.30	B3_PolynomialDAM	2008	0.000000	0.149902	3728.91
Suite_C_Clustered	128	128	0.30	B4_ModernHopfield	2008	0.781250	0.048340	231.62
Suite_C_Clustered	128	128	0.30	Candidate_ModelC	2008	0.000000	0.159363	7533.23
Suite_C_Clustered	128	128	0.30	B0_Hebbian	2009	0.000000	0.172241	196.66
Suite_C_Clustered	128	128	0.30	B1_Pseudoinverse	2009	0.000000	0.354675	249.24
Suite_C_Clustered	128	128	0.30	B2_1NN_Oracle	2009	0.828125	0.046509	18.79
Suite_C_Clustered	128	128	0.30	B3_PolynomialDAM	2009	0.000000	0.155090	3322.45
Suite_C_Clustered	128	128	0.30	B4_ModernHopfield	2009	0.820312	0.043701	171.16
Suite_C_Clustered	128	128	0.30	Candidate_ModelC	2009	0.000000	0.159058	5127.58
Suite_C_Clustered	128	128	0.30	B0_Hebbian	2010	0.000000	0.183350	400.01
Suite_C_Clustered	128	128	0.30	B1_Pseudoinverse	2010	0.000000	0.347900	894.07
Suite_C_Clustered	128	128	0.30	B2_1NN_Oracle	2010	0.867188	0.033630	7.00
Suite_C_Clustered	128	128	0.30	B3_PolynomialDAM	2010	0.000000	0.151367	4897.32
Suite_C_Clustered	128	128	0.30	B4_ModernHopfield	2010	0.812500	0.052917	284.70
Suite_C_Clustered	128	128	0.30	Candidate_ModelC	2010	0.000000	0.156433	5729.97
Suite_C_Clustered	128	128	0.30	B0_Hebbian	2011	0.000000	0.183594	445.50
Suite_C_Clustered	128	128	0.30	B1_Pseudoinverse	2011	0.000000	0.350464	829.84
Suite_C_Clustered	128	128	0.30	B2_1NN_Oracle	2011	0.875000	0.028625	6.08
Suite_C_Clustered	128	128	0.30	B3_PolynomialDAM	2011	0.000000	0.160645	4354.95
Suite_C_Clustered	128	128	0.30	B4_ModernHopfield	2011	0.882812	0.028809	197.09
Suite_C_Clustered	128	128	0.30	Candidate_ModelC	2011	0.000000	0.154236	5254.69
Suite_C_Clustered	128	128	0.30	B0_Hebbian	2012	0.000000	0.173950	192.49
Suite_C_Clustered	128	128	0.30	B1_Pseudoinverse	2012	0.000000	0.347229	406.05
Suite_C_Clustered	128	128	0.30	B2_1NN_Oracle	2012	0.835938	0.040710	4.81
Suite_C_Clustered	128	128	0.30	B3_PolynomialDAM	2012	0.000000	0.162048	2429.27
Suite_C_Clustered	128	128	0.30	B4_ModernHopfield	2012	0.875000	0.032776	144.65
Suite_C_Clustered	128	128	0.30	Candidate_ModelC	2012	0.000000	0.163818	5700.77
Suite_C_Clustered	128	128	0.30	B0_Hebbian	2013	0.000000	0.174011	462.66
Suite_C_Clustered	128	128	0.30	B1_Pseudoinverse	2013	0.000000	0.338379	507.79
Suite_C_Clustered	128	128	0.30	B2_1NN_Oracle	2013	0.867188	0.031921	73.48
Suite_C_Clustered	128	128	0.30	B3_PolynomialDAM	2013	0.000000	0.159302	4037.04
Suite_C_Clustered	128	128	0.30	B4_ModernHopfield	2013	0.859375	0.030518	234.79
Suite_C_Clustered	128	128	0.30	Candidate_ModelC	2013	0.000000	0.152832	5317.31
Suite_C_Clustered	128	128	0.30	B0_Hebbian	2014	0.000000	0.180298	205.68
Suite_C_Clustered	128	128	0.30	B1_Pseudoinverse	2014	0.000000	0.342590	503.73
Suite_C_Clustered	128	128	0.30	B2_1NN_Oracle	2014	0.843750	0.037903	4.43
Suite_C_Clustered	128	128	0.30	B3_PolynomialDAM	2014	0.000000	0.158264	3287.34
Suite_C_Clustered	128	128	0.30	B4_ModernHopfield	2014	0.914062	0.021179	105.27
Suite_C_Clustered	128	128	0.30	Candidate_ModelC	2014	0.000000	0.165283	5340.19
Suite_C_Clustered	128	128	0.30	B0_Hebbian	2015	0.000000	0.182495	260.87
Suite_C_Clustered	128	128	0.30	B1_Pseudoinverse	2015	0.000000	0.333130	219.15
Suite_C_Clustered	128	128	0.30	B2_1NN_Oracle	2015	0.835938	0.039429	7.14
Suite_C_Clustered	128	128	0.30	B3_PolynomialDAM	2015	0.000000	0.169373	3776.02
Suite_C_Clustered	128	128	0.30	B4_ModernHopfield	2015	0.882812	0.028564	258.20
Suite_C_Clustered	128	128	0.30	Candidate_ModelC	2015	0.000000	0.165100	5864.16
Suite_C_Clustered	128	128	0.30	B0_Hebbian	2016	0.000000	0.195618	533.70
Suite_C_Clustered	128	128	0.30	B1_Pseudoinverse	2016	0.000000	0.349670	734.27
Suite_C_Clustered	128	128	0.30	B2_1NN_Oracle	2016	0.851562	0.035828	6.59
Suite_C_Clustered	128	128	0.30	B3_PolynomialDAM	2016	0.000000	0.150452	3686.37
Suite_C_Clustered	128	128	0.30	B4_ModernHopfield	2016	0.851562	0.034607	188.41
Suite_C_Clustered	128	128	0.30	Candidate_ModelC	2016	0.000000	0.159485	6190.73
Suite_C_Clustered	128	128	0.30	B0_Hebbian	2017	0.000000	0.164856	253.09
Suite_C_Clustered	128	128	0.30	B1_Pseudoinverse	2017	0.000000	0.359436	570.55
Suite_C_Clustered	128	128	0.30	B2_1NN_Oracle	2017	0.820312	0.045288	6.74
Suite_C_Clustered	128	128	0.30	B3_PolynomialDAM	2017	0.000000	0.157837	4167.62
Suite_C_Clustered	128	128	0.30	B4_ModernHopfield	2017	0.828125	0.040833	231.87
Suite_C_Clustered	128	128	0.30	Candidate_ModelC	2017	0.000000	0.158691	5444.80
Suite_C_Clustered	128	128	0.30	B0_Hebbian	2018	0.000000	0.178711	438.56
Suite_C_Clustered	128	128	0.30	B1_Pseudoinverse	2018	0.000000	0.337280	470.27
Suite_C_Clustered	128	128	0.30	B2_1NN_Oracle	2018	0.859375	0.036987	5.45
Suite_C_Clustered	128	128	0.30	B3_PolynomialDAM	2018	0.000000	0.161926	2190.45
Suite_C_Clustered	128	128	0.30	B4_ModernHopfield	2018	0.882812	0.034058	159.46
Suite_C_Clustered	128	128	0.30	Candidate_ModelC	2018	0.000000	0.161499	6103.43
Suite_C_Clustered	128	128	0.30	B0_Hebbian	2019	0.000000	0.201599	283.26
Suite_C_Clustered	128	128	0.30	B1_Pseudoinverse	2019	0.000000	0.346497	247.59
Suite_C_Clustered	128	128	0.30	B2_1NN_Oracle	2019	0.843750	0.036743	6.27
Suite_C_Clustered	128	128	0.30	B3_PolynomialDAM	2019	0.000000	0.158081	4372.77
Suite_C_Clustered	128	128	0.30	B4_ModernHopfield	2019	0.882812	0.024841	226.52
Suite_C_Clustered	128	128	0.30	Candidate_ModelC	2019	0.000000	0.160706	10418.78
Suite_C_Clustered	128	128	0.30	B0_Hebbian	2020	0.000000	0.178833	365.73
Suite_C_Clustered	128	128	0.30	B1_Pseudoinverse	2020	0.000000	0.340515	568.41
Suite_C_Clustered	128	128	0.30	B2_1NN_Oracle	2020	0.867188	0.035522	4.60
Suite_C_Clustered	128	128	0.30	B3_PolynomialDAM	2020	0.000000	0.154602	4513.27
Suite_C_Clustered	128	128	0.30	B4_ModernHopfield	2020	0.882812	0.031128	202.48
Suite_C_Clustered	128	128	0.30	Candidate_ModelC	2020	0.000000	0.156189	6126.24
Suite_C_Clustered	128	128	0.40	B0_Hebbian	2001	0.000000	0.306641	580.21
Suite_C_Clustered	128	128	0.40	B1_Pseudoinverse	2001	0.000000	0.432434	994.45
Suite_C_Clustered	128	128	0.40	B2_1NN_Oracle	2001	0.343750	0.224609	123.74
Suite_C_Clustered	128	128	0.40	B3_PolynomialDAM	2001	0.000000	0.291565	5408.26
Suite_C_Clustered	128	128	0.40	B4_ModernHopfield	2001	0.195312	0.274902	149.33
Suite_C_Clustered	128	128	0.40	Candidate_ModelC	2001	0.000000	0.267944	6822.83
Suite_C_Clustered	128	128	0.40	B0_Hebbian	2002	0.000000	0.308472	179.09
Suite_C_Clustered	128	128	0.40	B1_Pseudoinverse	2002	0.000000	0.420288	255.13
Suite_C_Clustered	128	128	0.40	B2_1NN_Oracle	2002	0.218750	0.259094	36.72
Suite_C_Clustered	128	128	0.40	B3_PolynomialDAM	2002	0.000000	0.245178	5491.38
Suite_C_Clustered	128	128	0.40	B4_ModernHopfield	2002	0.289062	0.227234	232.29
Suite_C_Clustered	128	128	0.40	Candidate_ModelC	2002	0.000000	0.285278	9144.21
Suite_C_Clustered	128	128	0.40	B0_Hebbian	2003	0.000000	0.317932	454.84
Suite_C_Clustered	128	128	0.40	B1_Pseudoinverse	2003	0.000000	0.429626	489.88
Suite_C_Clustered	128	128	0.40	B2_1NN_Oracle	2003	0.312500	0.241699	6.80
Suite_C_Clustered	128	128	0.40	B3_PolynomialDAM	2003	0.000000	0.262451	5576.50
Suite_C_Clustered	128	128	0.40	B4_ModernHopfield	2003	0.296875	0.239258	354.86
Suite_C_Clustered	128	128	0.40	Candidate_ModelC	2003	0.000000	0.243225	7890.16
Suite_C_Clustered	128	128	0.40	B0_Hebbian	2004	0.000000	0.316223	482.47
Suite_C_Clustered	128	128	0.40	B1_Pseudoinverse	2004	0.000000	0.412415	595.69
Suite_C_Clustered	128	128	0.40	B2_1NN_Oracle	2004	0.226562	0.258911	6.08
Suite_C_Clustered	128	128	0.40	B3_PolynomialDAM	2004	0.000000	0.270386	6808.22
Suite_C_Clustered	128	128	0.40	B4_ModernHopfield	2004	0.226562	0.255615	414.13
Suite_C_Clustered	128	128	0.40	Candidate_ModelC	2004	0.000000	0.270569	10031.00
Suite_C_Clustered	128	128	0.40	B0_Hebbian	2005	0.000000	0.310059	606.49
Suite_C_Clustered	128	128	0.40	B1_Pseudoinverse	2005	0.000000	0.433350	811.77
Suite_C_Clustered	128	128	0.40	B2_1NN_Oracle	2005	0.250000	0.246277	18.42
Suite_C_Clustered	128	128	0.40	B3_PolynomialDAM	2005	0.000000	0.277100	6605.86
Suite_C_Clustered	128	128	0.40	B4_ModernHopfield	2005	0.281250	0.238403	355.02
Suite_C_Clustered	128	128	0.40	Candidate_ModelC	2005	0.000000	0.277771	10109.82
Suite_C_Clustered	128	128	0.40	B0_Hebbian	2006	0.000000	0.308167	386.59
Suite_C_Clustered	128	128	0.40	B1_Pseudoinverse	2006	0.000000	0.429321	586.76
Suite_C_Clustered	128	128	0.40	B2_1NN_Oracle	2006	0.265625	0.232117	39.12
Suite_C_Clustered	128	128	0.40	B3_PolynomialDAM	2006	0.000000	0.257629	5088.42
Suite_C_Clustered	128	128	0.40	B4_ModernHopfield	2006	0.234375	0.256409	215.74
Suite_C_Clustered	128	128	0.40	Candidate_ModelC	2006	0.000000	0.285339	9084.63
Suite_C_Clustered	128	128	0.40	B0_Hebbian	2007	0.000000	0.299133	628.11
Suite_C_Clustered	128	128	0.40	B1_Pseudoinverse	2007	0.000000	0.417175	576.54
Suite_C_Clustered	128	128	0.40	B2_1NN_Oracle	2007	0.289062	0.234314	7.06
Suite_C_Clustered	128	128	0.40	B3_PolynomialDAM	2007	0.000000	0.254761	5130.16
Suite_C_Clustered	128	128	0.40	B4_ModernHopfield	2007	0.312500	0.224609	465.77
Suite_C_Clustered	128	128	0.40	Candidate_ModelC	2007	0.000000	0.257690	8802.52
Suite_C_Clustered	128	128	0.40	B0_Hebbian	2008	0.000000	0.319397	517.55
Suite_C_Clustered	128	128	0.40	B1_Pseudoinverse	2008	0.000000	0.424500	537.91
Suite_C_Clustered	128	128	0.40	B2_1NN_Oracle	2008	0.250000	0.248535	10.27
Suite_C_Clustered	128	128	0.40	B3_PolynomialDAM	2008	0.000000	0.262817	5520.74
Suite_C_Clustered	128	128	0.40	B4_ModernHopfield	2008	0.281250	0.230469	253.59
Suite_C_Clustered	128	128	0.40	Candidate_ModelC	2008	0.000000	0.296570	7027.80
Suite_C_Clustered	128	128	0.40	B0_Hebbian	2009	0.000000	0.283264	533.15
Suite_C_Clustered	128	128	0.40	B1_Pseudoinverse	2009	0.000000	0.430420	679.51
Suite_C_Clustered	128	128	0.40	B2_1NN_Oracle	2009	0.250000	0.253235	7.07
Suite_C_Clustered	128	128	0.40	B3_PolynomialDAM	2009	0.000000	0.273499	7361.73
Suite_C_Clustered	128	128	0.40	B4_ModernHopfield	2009	0.226562	0.246765	287.30
Suite_C_Clustered	128	128	0.40	Candidate_ModelC	2009	0.000000	0.297180	6048.20
Suite_C_Clustered	128	128	0.40	B0_Hebbian	2010	0.000000	0.301392	307.91
Suite_C_Clustered	128	128	0.40	B1_Pseudoinverse	2010	0.000000	0.425293	871.79
Suite_C_Clustered	128	128	0.40	B2_1NN_Oracle	2010	0.265625	0.246460	7.53
Suite_C_Clustered	128	128	0.40	B3_PolynomialDAM	2010	0.000000	0.252686	3575.27
Suite_C_Clustered	128	128	0.40	B4_ModernHopfield	2010	0.296875	0.231201	104.23
Suite_C_Clustered	128	128	0.40	Candidate_ModelC	2010	0.000000	0.296143	10155.73
Suite_C_Clustered	128	128	0.40	B0_Hebbian	2011	0.000000	0.297974	480.19
Suite_C_Clustered	128	128	0.40	B1_Pseudoinverse	2011	0.000000	0.434265	1008.42
Suite_C_Clustered	128	128	0.40	B2_1NN_Oracle	2011	0.242188	0.255859	6.52
Suite_C_Clustered	128	128	0.40	B3_PolynomialDAM	2011	0.000000	0.288025	5783.38
Suite_C_Clustered	128	128	0.40	B4_ModernHopfield	2011	0.335938	0.218994	224.00
Suite_C_Clustered	128	128	0.40	Candidate_ModelC	2011	0.000000	0.296875	7950.55
Suite_C_Clustered	128	128	0.40	B0_Hebbian	2012	0.000000	0.274353	416.57
Suite_C_Clustered	128	128	0.40	B1_Pseudoinverse	2012	0.000000	0.425476	529.51
Suite_C_Clustered	128	128	0.40	B2_1NN_Oracle	2012	0.195312	0.296753	4.59
Suite_C_Clustered	128	128	0.40	B3_PolynomialDAM	2012	0.000000	0.259338	5794.76
Suite_C_Clustered	128	128	0.40	B4_ModernHopfield	2012	0.226562	0.274353	170.73
Suite_C_Clustered	128	128	0.40	Candidate_ModelC	2012	0.000000	0.266174	7009.16
Suite_C_Clustered	128	128	0.40	B0_Hebbian	2013	0.000000	0.290039	624.33
Suite_C_Clustered	128	128	0.40	B1_Pseudoinverse	2013	0.000000	0.421021	573.95
Suite_C_Clustered	128	128	0.40	B2_1NN_Oracle	2013	0.296875	0.247009	4.70
Suite_C_Clustered	128	128	0.40	B3_PolynomialDAM	2013	0.000000	0.273926	6268.48
Suite_C_Clustered	128	128	0.40	B4_ModernHopfield	2013	0.304688	0.255310	246.34
Suite_C_Clustered	128	128	0.40	Candidate_ModelC	2013	0.000000	0.241516	6069.24
Suite_C_Clustered	128	128	0.40	B0_Hebbian	2014	0.000000	0.332153	543.69
Suite_C_Clustered	128	128	0.40	B1_Pseudoinverse	2014	0.000000	0.418823	689.34
Suite_C_Clustered	128	128	0.40	B2_1NN_Oracle	2014	0.328125	0.217896	6.81
Suite_C_Clustered	128	128	0.40	B3_PolynomialDAM	2014	0.000000	0.310242	4597.52
Suite_C_Clustered	128	128	0.40	B4_ModernHopfield	2014	0.281250	0.254761	222.15
Suite_C_Clustered	128	128	0.40	Candidate_ModelC	2014	0.000000	0.258850	8484.72
Suite_C_Clustered	128	128	0.40	B0_Hebbian	2015	0.000000	0.309143	375.79
Suite_C_Clustered	128	128	0.40	B1_Pseudoinverse	2015	0.000000	0.415039	479.56
Suite_C_Clustered	128	128	0.40	B2_1NN_Oracle	2015	0.257812	0.239929	4.93
Suite_C_Clustered	128	128	0.40	B3_PolynomialDAM	2015	0.000000	0.255310	6698.89
Suite_C_Clustered	128	128	0.40	B4_ModernHopfield	2015	0.273438	0.219666	372.10
Suite_C_Clustered	128	128	0.40	Candidate_ModelC	2015	0.000000	0.283142	8993.41
Suite_C_Clustered	128	128	0.40	B0_Hebbian	2016	0.000000	0.324646	600.54
Suite_C_Clustered	128	128	0.40	B1_Pseudoinverse	2016	0.000000	0.427063	851.38
Suite_C_Clustered	128	128	0.40	B2_1NN_Oracle	2016	0.289062	0.239807	4.82
Suite_C_Clustered	128	128	0.40	B3_PolynomialDAM	2016	0.000000	0.260437	6397.70
Suite_C_Clustered	128	128	0.40	B4_ModernHopfield	2016	0.250000	0.248962	291.35
Suite_C_Clustered	128	128	0.40	Candidate_ModelC	2016	0.000000	0.269409	10403.61
Suite_C_Clustered	128	128	0.40	B0_Hebbian	2017	0.000000	0.283997	484.23
Suite_C_Clustered	128	128	0.40	B1_Pseudoinverse	2017	0.000000	0.428650	505.41
Suite_C_Clustered	128	128	0.40	B2_1NN_Oracle	2017	0.250000	0.245483	6.77
Suite_C_Clustered	128	128	0.40	B3_PolynomialDAM	2017	0.000000	0.273376	6139.30
Suite_C_Clustered	128	128	0.40	B4_ModernHopfield	2017	0.226562	0.268616	287.45
Suite_C_Clustered	128	128	0.40	Candidate_ModelC	2017	0.000000	0.269836	7892.94
Suite_C_Clustered	128	128	0.40	B0_Hebbian	2018	0.000000	0.290344	549.92
Suite_C_Clustered	128	128	0.40	B1_Pseudoinverse	2018	0.000000	0.422913	702.51
Suite_C_Clustered	128	128	0.40	B2_1NN_Oracle	2018	0.304688	0.229492	4.66
Suite_C_Clustered	128	128	0.40	B3_PolynomialDAM	2018	0.000000	0.289673	5103.71
Suite_C_Clustered	128	128	0.40	B4_ModernHopfield	2018	0.281250	0.240112	281.04
Suite_C_Clustered	128	128	0.40	Candidate_ModelC	2018	0.000000	0.244873	7074.94
Suite_C_Clustered	128	128	0.40	B0_Hebbian	2019	0.000000	0.300598	411.45
Suite_C_Clustered	128	128	0.40	B1_Pseudoinverse	2019	0.000000	0.420471	622.35
Suite_C_Clustered	128	128	0.40	B2_1NN_Oracle	2019	0.257812	0.259705	5.45
Suite_C_Clustered	128	128	0.40	B3_PolynomialDAM	2019	0.000000	0.290771	6227.37
Suite_C_Clustered	128	128	0.40	B4_ModernHopfield	2019	0.250000	0.238647	191.95
Suite_C_Clustered	128	128	0.40	Candidate_ModelC	2019	0.000000	0.251465	5238.78
Suite_C_Clustered	128	128	0.40	B0_Hebbian	2020	0.000000	0.290649	249.18
Suite_C_Clustered	128	128	0.40	B1_Pseudoinverse	2020	0.000000	0.419434	312.59
Suite_C_Clustered	128	128	0.40	B2_1NN_Oracle	2020	0.320312	0.233826	6.33
Suite_C_Clustered	128	128	0.40	B3_PolynomialDAM	2020	0.000000	0.263306	4397.25
Suite_C_Clustered	128	128	0.40	B4_ModernHopfield	2020	0.226562	0.256592	103.20
Suite_C_Clustered	128	128	0.40	Candidate_ModelC	2020	0.000000	0.250122	7918.62
Suite_D_LowRank	128	32	0.10	B0_Hebbian	2001	0.000000	0.272217	1542.84
Suite_D_LowRank	128	32	0.10	B1_Pseudoinverse	2001	0.968750	0.003906	473.19
Suite_D_LowRank	128	32	0.10	B2_1NN_Oracle	2001	1.000000	0.000000	1.59
Suite_D_LowRank	128	32	0.10	B3_PolynomialDAM	2001	0.062500	0.205811	2613.62
Suite_D_LowRank	128	32	0.10	B4_ModernHopfield	2001	1.000000	0.000000	22.94
Suite_D_LowRank	128	32	0.10	Candidate_ModelC	2001	0.062500	0.201172	6857.81
Suite_D_LowRank	128	32	0.10	B0_Hebbian	2002	0.000000	0.205566	488.91
Suite_D_LowRank	128	32	0.10	B1_Pseudoinverse	2002	1.000000	0.000000	268.34
Suite_D_LowRank	128	32	0.10	B2_1NN_Oracle	2002	1.000000	0.000000	2.16
Suite_D_LowRank	128	32	0.10	B3_PolynomialDAM	2002	0.062500	0.146729	1426.84
Suite_D_LowRank	128	32	0.10	B4_ModernHopfield	2002	1.000000	0.000000	23.31
Suite_D_LowRank	128	32	0.10	Candidate_ModelC	2002	0.062500	0.145508	5538.53
Suite_D_LowRank	128	32	0.10	B0_Hebbian	2003	0.000000	0.206787	627.88
Suite_D_LowRank	128	32	0.10	B1_Pseudoinverse	2003	1.000000	0.000000	398.91
Suite_D_LowRank	128	32	0.10	B2_1NN_Oracle	2003	1.000000	0.000000	2.38
Suite_D_LowRank	128	32	0.10	B3_PolynomialDAM	2003	0.218750	0.156006	1565.06
Suite_D_LowRank	128	32	0.10	B4_ModernHopfield	2003	1.000000	0.000000	22.34
Suite_D_LowRank	128	32	0.10	Candidate_ModelC	2003	0.218750	0.160156	5423.97
Suite_D_LowRank	128	32	0.10	B0_Hebbian	2004	0.000000	0.246338	441.84
Suite_D_LowRank	128	32	0.10	B1_Pseudoinverse	2004	0.968750	0.000977	478.47
Suite_D_LowRank	128	32	0.10	B2_1NN_Oracle	2004	1.000000	0.000000	1.62
Suite_D_LowRank	128	32	0.10	B3_PolynomialDAM	2004	0.218750	0.098633	1315.19
Suite_D_LowRank	128	32	0.10	B4_ModernHopfield	2004	1.000000	0.000000	88.78
Suite_D_LowRank	128	32	0.10	Candidate_ModelC	2004	0.187500	0.087646	5212.56
Suite_D_LowRank	128	32	0.10	B0_Hebbian	2005	0.000000	0.268555	521.72
Suite_D_LowRank	128	32	0.10	B1_Pseudoinverse	2005	1.000000	0.000000	111.50
Suite_D_LowRank	128	32	0.10	B2_1NN_Oracle	2005	1.000000	0.000000	1.75
Suite_D_LowRank	128	32	0.10	B3_PolynomialDAM	2005	0.156250	0.126953	2444.81
Suite_D_LowRank	128	32	0.10	B4_ModernHopfield	2005	1.000000	0.000000	12.66
Suite_D_LowRank	128	32	0.10	Candidate_ModelC	2005	0.156250	0.114258	4600.44
Suite_D_LowRank	128	32	0.10	B0_Hebbian	2006	0.000000	0.270752	344.59
Suite_D_LowRank	128	32	0.10	B1_Pseudoinverse	2006	1.000000	0.000000	215.25
Suite_D_LowRank	128	32	0.10	B2_1NN_Oracle	2006	0.968750	0.001465	2.19
Suite_D_LowRank	128	32	0.10	B3_PolynomialDAM	2006	0.062500	0.129639	844.25
Suite_D_LowRank	128	32	0.10	B4_ModernHopfield	2006	1.000000	0.000000	22.88
Suite_D_LowRank	128	32	0.10	Candidate_ModelC	2006	0.062500	0.158936	5526.88
Suite_D_LowRank	128	32	0.10	B0_Hebbian	2007	0.000000	0.260742	394.03
Suite_D_LowRank	128	32	0.10	B1_Pseudoinverse	2007	1.000000	0.000000	363.69
Suite_D_LowRank	128	32	0.10	B2_1NN_Oracle	2007	1.000000	0.000000	1.59
Suite_D_LowRank	128	32	0.10	B3_PolynomialDAM	2007	0.218750	0.127441	1408.75
Suite_D_LowRank	128	32	0.10	B4_ModernHopfield	2007	1.000000	0.000000	119.91
Suite_D_LowRank	128	32	0.10	Candidate_ModelC	2007	0.250000	0.125488	6602.62
Suite_D_LowRank	128	32	0.10	B0_Hebbian	2008	0.000000	0.246826	444.03
Suite_D_LowRank	128	32	0.10	B1_Pseudoinverse	2008	1.000000	0.000000	341.22
Suite_D_LowRank	128	32	0.10	B2_1NN_Oracle	2008	1.000000	0.000000	2.41
Suite_D_LowRank	128	32	0.10	B3_PolynomialDAM	2008	0.156250	0.135010	1476.94
Suite_D_LowRank	128	32	0.10	B4_ModernHopfield	2008	1.000000	0.000000	80.44
Suite_D_LowRank	128	32	0.10	Candidate_ModelC	2008	0.156250	0.133545	5406.06
Suite_D_LowRank	128	32	0.10	B0_Hebbian	2009	0.000000	0.210693	659.09
Suite_D_LowRank	128	32	0.10	B1_Pseudoinverse	2009	1.000000	0.000000	497.28
Suite_D_LowRank	128	32	0.10	B2_1NN_Oracle	2009	1.000000	0.000000	2.25
Suite_D_LowRank	128	32	0.10	B3_PolynomialDAM	2009	0.156250	0.132080	2183.56
Suite_D_LowRank	128	32	0.10	B4_ModernHopfield	2009	1.000000	0.000000	12.66
Suite_D_LowRank	128	32	0.10	Candidate_ModelC	2009	0.093750	0.144043	4933.09
Suite_D_LowRank	128	32	0.10	B0_Hebbian	2010	0.000000	0.199951	502.38
Suite_D_LowRank	128	32	0.10	B1_Pseudoinverse	2010	1.000000	0.000000	801.19
Suite_D_LowRank	128	32	0.10	B2_1NN_Oracle	2010	1.000000	0.000000	3.53
Suite_D_LowRank	128	32	0.10	B3_PolynomialDAM	2010	0.125000	0.160400	2428.31
Suite_D_LowRank	128	32	0.10	B4_ModernHopfield	2010	1.000000	0.000000	22.56
Suite_D_LowRank	128	32	0.10	Candidate_ModelC	2010	0.125000	0.160156	5797.34
Suite_D_LowRank	128	32	0.10	B0_Hebbian	2011	0.000000	0.206055	187.47
Suite_D_LowRank	128	32	0.10	B1_Pseudoinverse	2011	1.000000	0.000000	266.19
Suite_D_LowRank	128	32	0.10	B2_1NN_Oracle	2011	1.000000	0.000000	1.69
Suite_D_LowRank	128	32	0.10	B3_PolynomialDAM	2011	0.156250	0.142090	945.06
Suite_D_LowRank	128	32	0.10	B4_ModernHopfield	2011	1.000000	0.000000	269.19
Suite_D_LowRank	128	32	0.10	Candidate_ModelC	2011	0.156250	0.131348	4854.78
Suite_D_LowRank	128	32	0.10	B0_Hebbian	2012	0.000000	0.246094	642.47
Suite_D_LowRank	128	32	0.10	B1_Pseudoinverse	2012	1.000000	0.000000	920.91
Suite_D_LowRank	128	32	0.10	B2_1NN_Oracle	2012	1.000000	0.000000	2.38
Suite_D_LowRank	128	32	0.10	B3_PolynomialDAM	2012	0.093750	0.172363	2834.69
Suite_D_LowRank	128	32	0.10	B4_ModernHopfield	2012	1.000000	0.000000	24.59
Suite_D_LowRank	128	32	0.10	Candidate_ModelC	2012	0.125000	0.158447	4023.62
Suite_D_LowRank	128	32	0.10	B0_Hebbian	2013	0.000000	0.271973	558.84
Suite_D_LowRank	128	32	0.10	B1_Pseudoinverse	2013	1.000000	0.000000	597.69
Suite_D_LowRank	128	32	0.10	B2_1NN_Oracle	2013	1.000000	0.000000	2.31
Suite_D_LowRank	128	32	0.10	B3_PolynomialDAM	2013	0.062500	0.157227	3049.38
Suite_D_LowRank	128	32	0.10	B4_ModernHopfield	2013	1.000000	0.000000	12.75
Suite_D_LowRank	128	32	0.10	Candidate_ModelC	2013	0.093750	0.148193	6039.84
Suite_D_LowRank	128	32	0.10	B0_Hebbian	2014	0.000000	0.286621	820.81
Suite_D_LowRank	128	32	0.10	B1_Pseudoinverse	2014	1.000000	0.000000	453.91
Suite_D_LowRank	128	32	0.10	B2_1NN_Oracle	2014	1.000000	0.000000	1.69
Suite_D_LowRank	128	32	0.10	B3_PolynomialDAM	2014	0.031250	0.150391	1666.62
Suite_D_LowRank	128	32	0.10	B4_ModernHopfield	2014	1.000000	0.000000	22.00
Suite_D_LowRank	128	32	0.10	Candidate_ModelC	2014	0.031250	0.131592	4879.72
Suite_D_LowRank	128	32	0.10	B0_Hebbian	2015	0.000000	0.306885	564.69
Suite_D_LowRank	128	32	0.10	B1_Pseudoinverse	2015	1.000000	0.000000	656.53
Suite_D_LowRank	128	32	0.10	B2_1NN_Oracle	2015	1.000000	0.000000	1.66
Suite_D_LowRank	128	32	0.10	B3_PolynomialDAM	2015	0.125000	0.111572	1181.84
Suite_D_LowRank	128	32	0.10	B4_ModernHopfield	2015	1.000000	0.000000	13.84
Suite_D_LowRank	128	32	0.10	Candidate_ModelC	2015	0.125000	0.118896	5132.91
Suite_D_LowRank	128	32	0.10	B0_Hebbian	2016	0.000000	0.274170	1217.44
Suite_D_LowRank	128	32	0.10	B1_Pseudoinverse	2016	1.000000	0.000000	520.47
Suite_D_LowRank	128	32	0.10	B2_1NN_Oracle	2016	1.000000	0.000000	1.66
Suite_D_LowRank	128	32	0.10	B3_PolynomialDAM	2016	0.031250	0.194092	2623.34
Suite_D_LowRank	128	32	0.10	B4_ModernHopfield	2016	1.000000	0.000000	22.44
Suite_D_LowRank	128	32	0.10	Candidate_ModelC	2016	0.031250	0.182617	4790.66
Suite_D_LowRank	128	32	0.10	B0_Hebbian	2017	0.000000	0.186279	803.31
Suite_D_LowRank	128	32	0.10	B1_Pseudoinverse	2017	1.000000	0.000000	361.00
Suite_D_LowRank	128	32	0.10	B2_1NN_Oracle	2017	1.000000	0.000000	1.62
Suite_D_LowRank	128	32	0.10	B3_PolynomialDAM	2017	0.093750	0.158936	1057.66
Suite_D_LowRank	128	32	0.10	B4_ModernHopfield	2017	1.000000	0.000000	179.47
Suite_D_LowRank	128	32	0.10	Candidate_ModelC	2017	0.093750	0.151367	6396.19
Suite_D_LowRank	128	32	0.10	B0_Hebbian	2018	0.000000	0.308838	898.94
Suite_D_LowRank	128	32	0.10	B1_Pseudoinverse	2018	1.000000	0.000000	421.53
Suite_D_LowRank	128	32	0.10	B2_1NN_Oracle	2018	1.000000	0.000000	2.28
Suite_D_LowRank	128	32	0.10	B3_PolynomialDAM	2018	0.031250	0.110596	1263.59
Suite_D_LowRank	128	32	0.10	B4_ModernHopfield	2018	1.000000	0.000000	24.97
Suite_D_LowRank	128	32	0.10	Candidate_ModelC	2018	0.062500	0.111816	5640.16
Suite_D_LowRank	128	32	0.10	B0_Hebbian	2019	0.000000	0.260498	668.19
Suite_D_LowRank	128	32	0.10	B1_Pseudoinverse	2019	0.968750	0.002197	506.66
Suite_D_LowRank	128	32	0.10	B2_1NN_Oracle	2019	1.000000	0.000000	2.47
Suite_D_LowRank	128	32	0.10	B3_PolynomialDAM	2019	0.187500	0.163086	2368.12
Suite_D_LowRank	128	32	0.10	B4_ModernHopfield	2019	1.000000	0.000000	23.66
Suite_D_LowRank	128	32	0.10	Candidate_ModelC	2019	0.187500	0.173340	7525.59
Suite_D_LowRank	128	32	0.10	B0_Hebbian	2020	0.000000	0.295410	1137.59
Suite_D_LowRank	128	32	0.10	B1_Pseudoinverse	2020	1.000000	0.000000	680.69
Suite_D_LowRank	128	32	0.10	B2_1NN_Oracle	2020	1.000000	0.000000	2.38
Suite_D_LowRank	128	32	0.10	B3_PolynomialDAM	2020	0.125000	0.106934	2165.75
Suite_D_LowRank	128	32	0.10	B4_ModernHopfield	2020	1.000000	0.000000	200.03
Suite_D_LowRank	128	32	0.10	Candidate_ModelC	2020	0.125000	0.113770	5380.50
Suite_D_LowRank	128	32	0.20	B0_Hebbian	2001	0.000000	0.284668	584.97
Suite_D_LowRank	128	32	0.20	B1_Pseudoinverse	2001	0.750000	0.045410	702.47
Suite_D_LowRank	128	32	0.20	B2_1NN_Oracle	2001	1.000000	0.000000	2.44
Suite_D_LowRank	128	32	0.20	B3_PolynomialDAM	2001	0.031250	0.218750	1822.97
Suite_D_LowRank	128	32	0.20	B4_ModernHopfield	2001	1.000000	0.000000	23.47
Suite_D_LowRank	128	32	0.20	Candidate_ModelC	2001	0.031250	0.221436	8279.62
Suite_D_LowRank	128	32	0.20	B0_Hebbian	2002	0.000000	0.222412	400.59
Suite_D_LowRank	128	32	0.20	B1_Pseudoinverse	2002	0.687500	0.063721	1150.78
Suite_D_LowRank	128	32	0.20	B2_1NN_Oracle	2002	1.000000	0.000000	2.41
Suite_D_LowRank	128	32	0.20	B3_PolynomialDAM	2002	0.062500	0.148926	3637.94
Suite_D_LowRank	128	32	0.20	B4_ModernHopfield	2002	1.000000	0.000000	24.31
Suite_D_LowRank	128	32	0.20	Candidate_ModelC	2002	0.062500	0.149658	7550.44
Suite_D_LowRank	128	32	0.20	B0_Hebbian	2003	0.000000	0.207275	561.69
Suite_D_LowRank	128	32	0.20	B1_Pseudoinverse	2003	0.812500	0.030762	609.22
Suite_D_LowRank	128	32	0.20	B2_1NN_Oracle	2003	0.968750	0.006836	2.50
Suite_D_LowRank	128	32	0.20	B3_PolynomialDAM	2003	0.218750	0.172363	3177.28
Suite_D_LowRank	128	32	0.20	B4_ModernHopfield	2003	1.000000	0.000000	12.78
Suite_D_LowRank	128	32	0.20	Candidate_ModelC	2003	0.218750	0.174072	7743.88
Suite_D_LowRank	128	32	0.20	B0_Hebbian	2004	0.000000	0.253906	1313.78
Suite_D_LowRank	128	32	0.20	B1_Pseudoinverse	2004	0.906250	0.012695	323.69
Suite_D_LowRank	128	32	0.20	B2_1NN_Oracle	2004	1.000000	0.000000	189.03
Suite_D_LowRank	128	32	0.20	B3_PolynomialDAM	2004	0.187500	0.117188	1751.81
Suite_D_LowRank	128	32	0.20	B4_ModernHopfield	2004	1.000000	0.000000	115.53
Suite_D_LowRank	128	32	0.20	Candidate_ModelC	2004	0.218750	0.100342	1845.25
Suite_D_LowRank	128	32	0.20	B0_Hebbian	2005	0.000000	0.283203	483.25
Suite_D_LowRank	128	32	0.20	B1_Pseudoinverse	2005	0.718750	0.057129	221.28
Suite_D_LowRank	128	32	0.20	B2_1NN_Oracle	2005	1.000000	0.000000	1.88
Suite_D_LowRank	128	32	0.20	B3_PolynomialDAM	2005	0.156250	0.113037	591.34
Suite_D_LowRank	128	32	0.20	B4_ModernHopfield	2005	1.000000	0.000000	15.81
Suite_D_LowRank	128	32	0.20	Candidate_ModelC	2005	0.156250	0.113281	2436.31
Suite_D_LowRank	128	32	0.20	B0_Hebbian	2006	0.000000	0.286377	832.81
Suite_D_LowRank	128	32	0.20	B1_Pseudoinverse	2006	0.781250	0.033447	1462.31
Suite_D_LowRank	128	32	0.20	B2_1NN_Oracle	2006	0.968750	0.001465	3.56
Suite_D_LowRank	128	32	0.20	B3_PolynomialDAM	2006	0.062500	0.140381	1574.06
Suite_D_LowRank	128	32	0.20	B4_ModernHopfield	2006	1.000000	0.000000	21.44
Suite_D_LowRank	128	32	0.20	Candidate_ModelC	2006	0.062500	0.152100	7886.12
Suite_D_LowRank	128	32	0.20	B0_Hebbian	2007	0.000000	0.288086	590.19
Suite_D_LowRank	128	32	0.20	B1_Pseudoinverse	2007	0.875000	0.019775	392.62
Suite_D_LowRank	128	32	0.20	B2_1NN_Oracle	2007	1.000000	0.000000	1.88
Suite_D_LowRank	128	32	0.20	B3_PolynomialDAM	2007	0.218750	0.140869	2164.19
Suite_D_LowRank	128	32	0.20	B4_ModernHopfield	2007	1.000000	0.000000	21.66
Suite_D_LowRank	128	32	0.20	Candidate_ModelC	2007	0.250000	0.134277	5502.03
Suite_D_LowRank	128	32	0.20	B0_Hebbian	2008	0.000000	0.241699	538.81
Suite_D_LowRank	128	32	0.20	B1_Pseudoinverse	2008	0.750000	0.052490	511.09
Suite_D_LowRank	128	32	0.20	B2_1NN_Oracle	2008	1.000000	0.000000	2.25
Suite_D_LowRank	128	32	0.20	B3_PolynomialDAM	2008	0.125000	0.156006	2815.31
Suite_D_LowRank	128	32	0.20	B4_ModernHopfield	2008	1.000000	0.000000	22.03
Suite_D_LowRank	128	32	0.20	Candidate_ModelC	2008	0.156250	0.140137	7433.41
Suite_D_LowRank	128	32	0.20	B0_Hebbian	2009	0.000000	0.224365	934.69
Suite_D_LowRank	128	32	0.20	B1_Pseudoinverse	2009	0.906250	0.013916	530.28
Suite_D_LowRank	128	32	0.20	B2_1NN_Oracle	2009	1.000000	0.000000	1.81
Suite_D_LowRank	128	32	0.20	B3_PolynomialDAM	2009	0.125000	0.153320	1708.88
Suite_D_LowRank	128	32	0.20	B4_ModernHopfield	2009	1.000000	0.000000	23.47
Suite_D_LowRank	128	32	0.20	Candidate_ModelC	2009	0.156250	0.139893	6537.66
Suite_D_LowRank	128	32	0.20	B0_Hebbian	2010	0.000000	0.203613	612.72
Suite_D_LowRank	128	32	0.20	B1_Pseudoinverse	2010	0.750000	0.049316	289.12
Suite_D_LowRank	128	32	0.20	B2_1NN_Oracle	2010	1.000000	0.000000	1.84
Suite_D_LowRank	128	32	0.20	B3_PolynomialDAM	2010	0.125000	0.159424	1243.28
Suite_D_LowRank	128	32	0.20	B4_ModernHopfield	2010	1.000000	0.000000	16.66
Suite_D_LowRank	128	32	0.20	Candidate_ModelC	2010	0.062500	0.182617	6032.78
Suite_D_LowRank	128	32	0.20	B0_Hebbian	2011	0.000000	0.233154	454.56
Suite_D_LowRank	128	32	0.20	B1_Pseudoinverse	2011	0.843750	0.026123	439.31
Suite_D_LowRank	128	32	0.20	B2_1NN_Oracle	2011	1.000000	0.000000	2.47
Suite_D_LowRank	128	32	0.20	B3_PolynomialDAM	2011	0.125000	0.161865	1564.97
Suite_D_LowRank	128	32	0.20	B4_ModernHopfield	2011	1.000000	0.000000	23.16
Suite_D_LowRank	128	32	0.20	Candidate_ModelC	2011	0.156250	0.146484	5236.09
Suite_D_LowRank	128	32	0.20	B0_Hebbian	2012	0.000000	0.247559	661.19
Suite_D_LowRank	128	32	0.20	B1_Pseudoinverse	2012	0.781250	0.051758	416.47
Suite_D_LowRank	128	32	0.20	B2_1NN_Oracle	2012	1.000000	0.000000	2.53
Suite_D_LowRank	128	32	0.20	B3_PolynomialDAM	2012	0.125000	0.173096	2330.97
Suite_D_LowRank	128	32	0.20	B4_ModernHopfield	2012	0.968750	0.003906	13.03
Suite_D_LowRank	128	32	0.20	Candidate_ModelC	2012	0.062500	0.180176	8815.03
Suite_D_LowRank	128	32	0.20	B0_Hebbian	2013	0.000000	0.268555	691.69
Suite_D_LowRank	128	32	0.20	B1_Pseudoinverse	2013	0.875000	0.018799	388.03
Suite_D_LowRank	128	32	0.20	B2_1NN_Oracle	2013	1.000000	0.000000	1.84
Suite_D_LowRank	128	32	0.20	B3_PolynomialDAM	2013	0.031250	0.189453	2036.59
Suite_D_LowRank	128	32	0.20	B4_ModernHopfield	2013	1.000000	0.000000	150.16
Suite_D_LowRank	128	32	0.20	Candidate_ModelC	2013	0.093750	0.157959	5336.41
Suite_D_LowRank	128	32	0.20	B0_Hebbian	2014	0.000000	0.293457	565.94
Suite_D_LowRank	128	32	0.20	B1_Pseudoinverse	2014	0.781250	0.037598	253.22
Suite_D_LowRank	128	32	0.20	B2_1NN_Oracle	2014	1.000000	0.000000	2.41
Suite_D_LowRank	128	32	0.20	B3_PolynomialDAM	2014	0.031250	0.149170	757.09
Suite_D_LowRank	128	32	0.20	B4_ModernHopfield	2014	1.000000	0.000000	151.91
Suite_D_LowRank	128	32	0.20	Candidate_ModelC	2014	0.031250	0.154541	6190.66
Suite_D_LowRank	128	32	0.20	B0_Hebbian	2015	0.000000	0.302979	255.00
Suite_D_LowRank	128	32	0.20	B1_Pseudoinverse	2015	0.812500	0.033447	242.25
Suite_D_LowRank	128	32	0.20	B2_1NN_Oracle	2015	1.000000	0.000000	2.72
Suite_D_LowRank	128	32	0.20	B3_PolynomialDAM	2015	0.125000	0.137451	774.34
Suite_D_LowRank	128	32	0.20	B4_ModernHopfield	2015	1.000000	0.000000	20.41
Suite_D_LowRank	128	32	0.20	Candidate_ModelC	2015	0.125000	0.122803	4814.00
Suite_D_LowRank	128	32	0.20	B0_Hebbian	2016	0.000000	0.290527	326.28
Suite_D_LowRank	128	32	0.20	B1_Pseudoinverse	2016	0.656250	0.053467	631.94
Suite_D_LowRank	128	32	0.20	B2_1NN_Oracle	2016	1.000000	0.000000	2.28
Suite_D_LowRank	128	32	0.20	B3_PolynomialDAM	2016	0.031250	0.201172	1837.22
Suite_D_LowRank	128	32	0.20	B4_ModernHopfield	2016	1.000000	0.000000	24.75
Suite_D_LowRank	128	32	0.20	Candidate_ModelC	2016	0.031250	0.191162	4255.38
Suite_D_LowRank	128	32	0.20	B0_Hebbian	2017	0.000000	0.203857	634.06
Suite_D_LowRank	128	32	0.20	B1_Pseudoinverse	2017	0.875000	0.030762	273.66
Suite_D_LowRank	128	32	0.20	B2_1NN_Oracle	2017	1.000000	0.000000	1.84
Suite_D_LowRank	128	32	0.20	B3_PolynomialDAM	2017	0.093750	0.168701	1424.88
Suite_D_LowRank	128	32	0.20	B4_ModernHopfield	2017	1.000000	0.000000	12.81
Suite_D_LowRank	128	32	0.20	Candidate_ModelC	2017	0.093750	0.164795	5118.19
Suite_D_LowRank	128	32	0.20	B0_Hebbian	2018	0.000000	0.309082	772.84
Suite_D_LowRank	128	32	0.20	B1_Pseudoinverse	2018	0.812500	0.032959	507.94
Suite_D_LowRank	128	32	0.20	B2_1NN_Oracle	2018	1.000000	0.000000	2.50
Suite_D_LowRank	128	32	0.20	B3_PolynomialDAM	2018	0.031250	0.116943	1605.00
Suite_D_LowRank	128	32	0.20	B4_ModernHopfield	2018	0.968750	0.003174	22.50
Suite_D_LowRank	128	32	0.20	Candidate_ModelC	2018	0.062500	0.111572	6091.69
Suite_D_LowRank	128	32	0.20	B0_Hebbian	2019	0.000000	0.267822	497.56
Suite_D_LowRank	128	32	0.20	B1_Pseudoinverse	2019	0.687500	0.040771	721.28
Suite_D_LowRank	128	32	0.20	B2_1NN_Oracle	2019	1.000000	0.000000	2.50
Suite_D_LowRank	128	32	0.20	B3_PolynomialDAM	2019	0.187500	0.178467	2368.62
Suite_D_LowRank	128	32	0.20	B4_ModernHopfield	2019	1.000000	0.000000	27.53
Suite_D_LowRank	128	32	0.20	Candidate_ModelC	2019	0.187500	0.179199	8088.31
Suite_D_LowRank	128	32	0.20	B0_Hebbian	2020	0.000000	0.298584	1037.12
Suite_D_LowRank	128	32	0.20	B1_Pseudoinverse	2020	0.718750	0.057373	912.94
Suite_D_LowRank	128	32	0.20	B2_1NN_Oracle	2020	1.000000	0.000000	2.50
Suite_D_LowRank	128	32	0.20	B3_PolynomialDAM	2020	0.125000	0.114258	2331.53
Suite_D_LowRank	128	32	0.20	B4_ModernHopfield	2020	1.000000	0.000000	352.44
Suite_D_LowRank	128	32	0.20	Candidate_ModelC	2020	0.125000	0.115479	2854.22
Suite_D_LowRank	128	32	0.30	B0_Hebbian	2001	0.000000	0.291504	1852.78
Suite_D_LowRank	128	32	0.30	B1_Pseudoinverse	2001	0.156250	0.233887	954.81
Suite_D_LowRank	128	32	0.30	B2_1NN_Oracle	2001	0.968750	0.005615	2.84
Suite_D_LowRank	128	32	0.30	B3_PolynomialDAM	2001	0.062500	0.220703	3042.53
Suite_D_LowRank	128	32	0.30	B4_ModernHopfield	2001	0.968750	0.013428	13.44
Suite_D_LowRank	128	32	0.30	Candidate_ModelC	2001	0.031250	0.217529	6574.25
Suite_D_LowRank	128	32	0.30	B0_Hebbian	2002	0.000000	0.229980	538.50
Suite_D_LowRank	128	32	0.30	B1_Pseudoinverse	2002	0.218750	0.226807	1082.53
Suite_D_LowRank	128	32	0.30	B2_1NN_Oracle	2002	0.906250	0.019775	2.34
Suite_D_LowRank	128	32	0.30	B3_PolynomialDAM	2002	0.062500	0.169189	1336.03
Suite_D_LowRank	128	32	0.30	B4_ModernHopfield	2002	0.937500	0.012451	121.31
Suite_D_LowRank	128	32	0.30	Candidate_ModelC	2002	0.000000	0.206787	5881.28
Suite_D_LowRank	128	32	0.30	B0_Hebbian	2003	0.000000	0.243164	900.78
Suite_D_LowRank	128	32	0.30	B1_Pseudoinverse	2003	0.343750	0.189453	1037.12
Suite_D_LowRank	128	32	0.30	B2_1NN_Oracle	2003	0.937500	0.017822	2.84
Suite_D_LowRank	128	32	0.30	B3_PolynomialDAM	2003	0.125000	0.206299	3059.34
Suite_D_LowRank	128	32	0.30	B4_ModernHopfield	2003	0.937500	0.014893	24.12
Suite_D_LowRank	128	32	0.30	Candidate_ModelC	2003	0.156250	0.205811	7672.91
Suite_D_LowRank	128	32	0.30	B0_Hebbian	2004	0.000000	0.284912	1246.19
Suite_D_LowRank	128	32	0.30	B1_Pseudoinverse	2004	0.187500	0.197510	1858.06
Suite_D_LowRank	128	32	0.30	B2_1NN_Oracle	2004	0.968750	0.013428	2.59
Suite_D_LowRank	128	32	0.30	B3_PolynomialDAM	2004	0.187500	0.137939	3157.75
Suite_D_LowRank	128	32	0.30	B4_ModernHopfield	2004	0.968750	0.009521	22.38
Suite_D_LowRank	128	32	0.30	Candidate_ModelC	2004	0.218750	0.132080	5502.88
Suite_D_LowRank	128	32	0.30	B0_Hebbian	2005	0.000000	0.299805	268.16
Suite_D_LowRank	128	32	0.30	B1_Pseudoinverse	2005	0.218750	0.229492	245.69
Suite_D_LowRank	128	32	0.30	B2_1NN_Oracle	2005	1.000000	0.000000	2.16
Suite_D_LowRank	128	32	0.30	B3_PolynomialDAM	2005	0.093750	0.145264	1378.69
Suite_D_LowRank	128	32	0.30	B4_ModernHopfield	2005	0.843750	0.054688	120.88
Suite_D_LowRank	128	32	0.30	Candidate_ModelC	2005	0.156250	0.132080	5376.19
Suite_D_LowRank	128	32	0.30	B0_Hebbian	2006	0.000000	0.294678	1434.06
Suite_D_LowRank	128	32	0.30	B1_Pseudoinverse	2006	0.406250	0.160889	810.47
Suite_D_LowRank	128	32	0.30	B2_1NN_Oracle	2006	0.906250	0.013428	3.72
Suite_D_LowRank	128	32	0.30	B3_PolynomialDAM	2006	0.031250	0.143799	2133.16
Suite_D_LowRank	128	32	0.30	B4_ModernHopfield	2006	0.968750	0.010498	140.50
Suite_D_LowRank	128	32	0.30	Candidate_ModelC	2006	0.062500	0.167480	3694.69
Suite_D_LowRank	128	32	0.30	B0_Hebbian	2007	0.000000	0.295898	1030.38
Suite_D_LowRank	128	32	0.30	B1_Pseudoinverse	2007	0.218750	0.203613	920.59
Suite_D_LowRank	128	32	0.30	B2_1NN_Oracle	2007	0.937500	0.019775	2.53
Suite_D_LowRank	128	32	0.30	B3_PolynomialDAM	2007	0.187500	0.176025	2393.03
Suite_D_LowRank	128	32	0.30	B4_ModernHopfield	2007	0.968750	0.006104	901.69
Suite_D_LowRank	128	32	0.30	Candidate_ModelC	2007	0.218750	0.139648	7950.22
Suite_D_LowRank	128	32	0.30	B0_Hebbian	2008	0.000000	0.268555	949.72
Suite_D_LowRank	128	32	0.30	B1_Pseudoinverse	2008	0.312500	0.170410	918.16
Suite_D_LowRank	128	32	0.30	B2_1NN_Oracle	2008	0.968750	0.015869	2.19
Suite_D_LowRank	128	32	0.30	B3_PolynomialDAM	2008	0.125000	0.160889	1978.75
Suite_D_LowRank	128	32	0.30	B4_ModernHopfield	2008	1.000000	0.000000	27.25
Suite_D_LowRank	128	32	0.30	Candidate_ModelC	2008	0.125000	0.156738	8087.19
Suite_D_LowRank	128	32	0.30	B0_Hebbian	2009	0.000000	0.275391	672.72
Suite_D_LowRank	128	32	0.30	B1_Pseudoinverse	2009	0.375000	0.195557	1295.69
Suite_D_LowRank	128	32	0.30	B2_1NN_Oracle	2009	1.000000	0.000000	3.31
Suite_D_LowRank	128	32	0.30	B3_PolynomialDAM	2009	0.156250	0.174561	1755.34
Suite_D_LowRank	128	32	0.30	B4_ModernHopfield	2009	0.968750	0.004150	14.03
Suite_D_LowRank	128	32	0.30	Candidate_ModelC	2009	0.125000	0.159668	7131.22
Suite_D_LowRank	128	32	0.30	B0_Hebbian	2010	0.000000	0.212158	674.09
Suite_D_LowRank	128	32	0.30	B1_Pseudoinverse	2010	0.218750	0.205078	672.12
Suite_D_LowRank	128	32	0.30	B2_1NN_Oracle	2010	0.937500	0.010986	2.72
Suite_D_LowRank	128	32	0.30	B3_PolynomialDAM	2010	0.093750	0.210938	1666.91
Suite_D_LowRank	128	32	0.30	B4_ModernHopfield	2010	1.000000	0.000000	23.59
Suite_D_LowRank	128	32	0.30	Candidate_ModelC	2010	0.062500	0.193359	8857.56
Suite_D_LowRank	128	32	0.30	B0_Hebbian	2011	0.000000	0.247803	488.31
Suite_D_LowRank	128	32	0.30	B1_Pseudoinverse	2011	0.156250	0.223145	953.66
Suite_D_LowRank	128	32	0.30	B2_1NN_Oracle	2011	0.937500	0.020996	2.16
Suite_D_LowRank	128	32	0.30	B3_PolynomialDAM	2011	0.125000	0.176514	2361.22
Suite_D_LowRank	128	32	0.30	B4_ModernHopfield	2011	0.906250	0.020020	48.44
Suite_D_LowRank	128	32	0.30	Candidate_ModelC	2011	0.156250	0.167725	7660.59
Suite_D_LowRank	128	32	0.30	B0_Hebbian	2012	0.000000	0.277344	881.78
Suite_D_LowRank	128	32	0.30	B1_Pseudoinverse	2012	0.250000	0.202637	659.03
Suite_D_LowRank	128	32	0.30	B2_1NN_Oracle	2012	0.968750	0.002930	3.31
Suite_D_LowRank	128	32	0.30	B3_PolynomialDAM	2012	0.093750	0.208008	2935.31
Suite_D_LowRank	128	32	0.30	B4_ModernHopfield	2012	0.906250	0.019043	23.56
Suite_D_LowRank	128	32	0.30	Candidate_ModelC	2012	0.062500	0.201904	7668.03
Suite_D_LowRank	128	32	0.30	B0_Hebbian	2013	0.000000	0.289062	1044.94
Suite_D_LowRank	128	32	0.30	B1_Pseudoinverse	2013	0.250000	0.190186	1294.06
Suite_D_LowRank	128	32	0.30	B2_1NN_Oracle	2013	0.937500	0.014160	3.12
Suite_D_LowRank	128	32	0.30	B3_PolynomialDAM	2013	0.031250	0.181641	1945.50
Suite_D_LowRank	128	32	0.30	B4_ModernHopfield	2013	1.000000	0.000000	14.28
Suite_D_LowRank	128	32	0.30	Candidate_ModelC	2013	0.062500	0.184082	2593.88
Suite_D_LowRank	128	32	0.30	B0_Hebbian	2014	0.000000	0.297852	606.03
Suite_D_LowRank	128	32	0.30	B1_Pseudoinverse	2014	0.156250	0.223633	348.84
Suite_D_LowRank	128	32	0.30	B2_1NN_Oracle	2014	0.937500	0.005859	3.03
Suite_D_LowRank	128	32	0.30	B3_PolynomialDAM	2014	0.031250	0.159180	2250.84
Suite_D_LowRank	128	32	0.30	B4_ModernHopfield	2014	0.906250	0.029297	14.06
Suite_D_LowRank	128	32	0.30	Candidate_ModelC	2014	0.031250	0.154297	5467.28
Suite_D_LowRank	128	32	0.30	B0_Hebbian	2015	0.000000	0.304932	533.91
Suite_D_LowRank	128	32	0.30	B1_Pseudoinverse	2015	0.187500	0.211426	862.12
Suite_D_LowRank	128	32	0.30	B2_1NN_Oracle	2015	1.000000	0.000000	2.03
Suite_D_LowRank	128	32	0.30	B3_PolynomialDAM	2015	0.093750	0.178467	2109.88
Suite_D_LowRank	128	32	0.30	B4_ModernHopfield	2015	0.968750	0.005371	27.19
Suite_D_LowRank	128	32	0.30	Candidate_ModelC	2015	0.125000	0.132324	6269.47
Suite_D_LowRank	128	32	0.30	B0_Hebbian	2016	0.000000	0.306152	294.44
Suite_D_LowRank	128	32	0.30	B1_Pseudoinverse	2016	0.281250	0.190186	346.56
Suite_D_LowRank	128	32	0.30	B2_1NN_Oracle	2016	0.875000	0.031494	2.88
Suite_D_LowRank	128	32	0.30	B3_PolynomialDAM	2016	0.062500	0.212891	1442.06
Suite_D_LowRank	128	32	0.30	B4_ModernHopfield	2016	0.968750	0.006592	15.25
Suite_D_LowRank	128	32	0.30	Candidate_ModelC	2016	0.031250	0.212891	8400.38
Suite_D_LowRank	128	32	0.30	B0_Hebbian	2017	0.000000	0.211182	685.47
Suite_D_LowRank	128	32	0.30	B1_Pseudoinverse	2017	0.125000	0.247559	743.12
Suite_D_LowRank	128	32	0.30	B2_1NN_Oracle	2017	0.937500	0.014893	2.69
Suite_D_LowRank	128	32	0.30	B3_PolynomialDAM	2017	0.093750	0.185059	1648.84
Suite_D_LowRank	128	32	0.30	B4_ModernHopfield	2017	1.000000	0.000000	13.62
Suite_D_LowRank	128	32	0.30	Candidate_ModelC	2017	0.062500	0.189209	4913.97
Suite_D_LowRank	128	32	0.30	B0_Hebbian	2018	0.000000	0.331787	578.78
Suite_D_LowRank	128	32	0.30	B1_Pseudoinverse	2018	0.312500	0.186768	842.19
Suite_D_LowRank	128	32	0.30	B2_1NN_Oracle	2018	0.968750	0.004395	2.78
Suite_D_LowRank	128	32	0.30	B3_PolynomialDAM	2018	0.031250	0.145264	2237.56
Suite_D_LowRank	128	32	0.30	B4_ModernHopfield	2018	0.937500	0.015381	23.84
Suite_D_LowRank	128	32	0.30	Candidate_ModelC	2018	0.062500	0.146240	5009.59
Suite_D_LowRank	128	32	0.30	B0_Hebbian	2019	0.000000	0.271240	702.97
Suite_D_LowRank	128	32	0.30	B1_Pseudoinverse	2019	0.156250	0.206055	823.12
Suite_D_LowRank	128	32	0.30	B2_1NN_Oracle	2019	0.875000	0.032715	2.41
Suite_D_LowRank	128	32	0.30	B3_PolynomialDAM	2019	0.125000	0.207031	1562.31
Suite_D_LowRank	128	32	0.30	B4_ModernHopfield	2019	0.906250	0.012207	16.66
Suite_D_LowRank	128	32	0.30	Candidate_ModelC	2019	0.187500	0.197998	3797.22
Suite_D_LowRank	128	32	0.30	B0_Hebbian	2020	0.000000	0.301025	690.44
Suite_D_LowRank	128	32	0.30	B1_Pseudoinverse	2020	0.187500	0.221680	1007.84
Suite_D_LowRank	128	32	0.30	B2_1NN_Oracle	2020	0.937500	0.025879	2.75
Suite_D_LowRank	128	32	0.30	B3_PolynomialDAM	2020	0.125000	0.120850	2226.50
Suite_D_LowRank	128	32	0.30	B4_ModernHopfield	2020	0.968750	0.011475	23.72
Suite_D_LowRank	128	32	0.30	Candidate_ModelC	2020	0.125000	0.129395	4700.94
Suite_D_LowRank	128	32	0.40	B0_Hebbian	2001	0.000000	0.360596	639.16
Suite_D_LowRank	128	32	0.40	B1_Pseudoinverse	2001	0.000000	0.411133	1052.06
Suite_D_LowRank	128	32	0.40	B2_1NN_Oracle	2001	0.531250	0.189941	3.06
Suite_D_LowRank	128	32	0.40	B3_PolynomialDAM	2001	0.031250	0.305176	3226.56
Suite_D_LowRank	128	32	0.40	B4_ModernHopfield	2001	0.500000	0.177490	24.44
Suite_D_LowRank	128	32	0.40	Candidate_ModelC	2001	0.031250	0.262451	8043.97
Suite_D_LowRank	128	32	0.40	B0_Hebbian	2002	0.000000	0.317139	703.31
Suite_D_LowRank	128	32	0.40	B1_Pseudoinverse	2002	0.000000	0.401855	1423.91
Suite_D_LowRank	128	32	0.40	B2_1NN_Oracle	2002	0.500000	0.185547	2.88
Suite_D_LowRank	128	32	0.40	B3_PolynomialDAM	2002	0.000000	0.243896	2139.94
Suite_D_LowRank	128	32	0.40	B4_ModernHopfield	2002	0.687500	0.079590	24.19
Suite_D_LowRank	128	32	0.40	Candidate_ModelC	2002	0.000000	0.300781	8091.78
Suite_D_LowRank	128	32	0.40	B0_Hebbian	2003	0.000000	0.331299	1297.59
Suite_D_LowRank	128	32	0.40	B1_Pseudoinverse	2003	0.000000	0.371094	1454.94
Suite_D_LowRank	128	32	0.40	B2_1NN_Oracle	2003	0.437500	0.233887	2.25
Suite_D_LowRank	128	32	0.40	B3_PolynomialDAM	2003	0.031250	0.329102	2572.94
Suite_D_LowRank	128	32	0.40	B4_ModernHopfield	2003	0.343750	0.258545	291.66
Suite_D_LowRank	128	32	0.40	Candidate_ModelC	2003	0.125000	0.288086	5906.31
Suite_D_LowRank	128	32	0.40	B0_Hebbian	2004	0.000000	0.338379	385.91
Suite_D_LowRank	128	32	0.40	B1_Pseudoinverse	2004	0.031250	0.381104	859.72
Suite_D_LowRank	128	32	0.40	B2_1NN_Oracle	2004	0.562500	0.184814	2.38
Suite_D_LowRank	128	32	0.40	B3_PolynomialDAM	2004	0.156250	0.240479	2030.09
Suite_D_LowRank	128	32	0.40	B4_ModernHopfield	2004	0.625000	0.156006	26.97
Suite_D_LowRank	128	32	0.40	Candidate_ModelC	2004	0.093750	0.194092	6805.06
Suite_D_LowRank	128	32	0.40	B0_Hebbian	2005	0.000000	0.342773	485.91
Suite_D_LowRank	128	32	0.40	B1_Pseudoinverse	2005	0.000000	0.386963	1091.88
Suite_D_LowRank	128	32	0.40	B2_1NN_Oracle	2005	0.593750	0.139404	4.66
Suite_D_LowRank	128	32	0.40	B3_PolynomialDAM	2005	0.062500	0.260010	1043.41
Suite_D_LowRank	128	32	0.40	B4_ModernHopfield	2005	0.531250	0.163818	28.06
Suite_D_LowRank	128	32	0.40	Candidate_ModelC	2005	0.093750	0.322754	3782.03
Suite_D_LowRank	128	32	0.40	B0_Hebbian	2006	0.000000	0.391846	798.88
Suite_D_LowRank	128	32	0.40	B1_Pseudoinverse	2006	0.000000	0.389648	593.09
Suite_D_LowRank	128	32	0.40	B2_1NN_Oracle	2006	0.343750	0.252197	2.94
Suite_D_LowRank	128	32	0.40	B3_PolynomialDAM	2006	0.031250	0.247803	1779.19
Suite_D_LowRank	128	32	0.40	B4_ModernHopfield	2006	0.500000	0.238525	23.34
Suite_D_LowRank	128	32	0.40	Candidate_ModelC	2006	0.000000	0.290283	3268.84
Suite_D_LowRank	128	32	0.40	B0_Hebbian	2007	0.000000	0.332275	465.19
Suite_D_LowRank	128	32	0.40	B1_Pseudoinverse	2007	0.031250	0.346436	772.50
Suite_D_LowRank	128	32	0.40	B2_1NN_Oracle	2007	0.375000	0.239746	2.91
Suite_D_LowRank	128	32	0.40	B3_PolynomialDAM	2007	0.125000	0.235107	1770.53
Suite_D_LowRank	128	32	0.40	B4_ModernHopfield	2007	0.437500	0.227539	155.00
Suite_D_LowRank	128	32	0.40	Candidate_ModelC	2007	0.125000	0.199219	4662.59
Suite_D_LowRank	128	32	0.40	B0_Hebbian	2008	0.000000	0.382568	556.03
Suite_D_LowRank	128	32	0.40	B1_Pseudoinverse	2008	0.000000	0.387939	818.22
Suite_D_LowRank	128	32	0.40	B2_1NN_Oracle	2008	0.531250	0.176514	3.06
Suite_D_LowRank	128	32	0.40	B3_PolynomialDAM	2008	0.062500	0.250000	2798.78
Suite_D_LowRank	128	32	0.40	B4_ModernHopfield	2008	0.531250	0.168701	22.97
Suite_D_LowRank	128	32	0.40	Candidate_ModelC	2008	0.062500	0.268066	6980.19
Suite_D_LowRank	128	32	0.40	B0_Hebbian	2009	0.000000	0.352051	630.81
Suite_D_LowRank	128	32	0.40	B1_Pseudoinverse	2009	0.031250	0.369873	964.69
Suite_D_LowRank	128	32	0.40	B2_1NN_Oracle	2009	0.625000	0.144043	3.12
Suite_D_LowRank	128	32	0.40	B3_PolynomialDAM	2009	0.093750	0.300293	2282.38
Suite_D_LowRank	128	32	0.40	B4_ModernHopfield	2009	0.531250	0.200439	15.12
Suite_D_LowRank	128	32	0.40	Candidate_ModelC	2009	0.031250	0.277588	7585.59
Suite_D_LowRank	128	32	0.40	B0_Hebbian	2010	0.000000	0.266602	733.22
Suite_D_LowRank	128	32	0.40	B1_Pseudoinverse	2010	0.000000	0.367920	1088.38
Suite_D_LowRank	128	32	0.40	B2_1NN_Oracle	2010	0.531250	0.183105	3.16
Suite_D_LowRank	128	32	0.40	B3_PolynomialDAM	2010	0.031250	0.287109	2480.88
Suite_D_LowRank	128	32	0.40	B4_ModernHopfield	2010	0.500000	0.162109	24.28
Suite_D_LowRank	128	32	0.40	Candidate_ModelC	2010	0.031250	0.288818	7144.78
Suite_D_LowRank	128	32	0.40	B0_Hebbian	2011	0.000000	0.339355	474.28
Suite_D_LowRank	128	32	0.40	B1_Pseudoinverse	2011	0.031250	0.395508	956.56
Suite_D_LowRank	128	32	0.40	B2_1NN_Oracle	2011	0.468750	0.209717	2.56
Suite_D_LowRank	128	32	0.40	B3_PolynomialDAM	2011	0.031250	0.329590	1607.59
Suite_D_LowRank	128	32	0.40	B4_ModernHopfield	2011	0.531250	0.163086	23.53
Suite_D_LowRank	128	32	0.40	Candidate_ModelC	2011	0.062500	0.272705	7439.12
Suite_D_LowRank	128	32	0.40	B0_Hebbian	2012	0.000000	0.298096	168.09
Suite_D_LowRank	128	32	0.40	B1_Pseudoinverse	2012	0.000000	0.387451	309.34
Suite_D_LowRank	128	32	0.40	B2_1NN_Oracle	2012	0.687500	0.113525	2.34
Suite_D_LowRank	128	32	0.40	B3_PolynomialDAM	2012	0.031250	0.308105	1613.16
Suite_D_LowRank	128	32	0.40	B4_ModernHopfield	2012	0.531250	0.158936	15.31
Suite_D_LowRank	128	32	0.40	Candidate_ModelC	2012	0.000000	0.289795	2489.09
Suite_D_LowRank	128	32	0.40	B0_Hebbian	2013	0.000000	0.322754	856.19
Suite_D_LowRank	128	32	0.40	B1_Pseudoinverse	2013	0.000000	0.381592	428.44
Suite_D_LowRank	128	32	0.40	B2_1NN_Oracle	2013	0.500000	0.168945	2.88
Suite_D_LowRank	128	32	0.40	B3_PolynomialDAM	2013	0.031250	0.301025	790.62
Suite_D_LowRank	128	32	0.40	B4_ModernHopfield	2013	0.593750	0.160645	31.94
Suite_D_LowRank	128	32	0.40	Candidate_ModelC	2013	0.062500	0.260254	2846.31
Suite_D_LowRank	128	32	0.40	B0_Hebbian	2014	0.000000	0.364502	1070.47
Suite_D_LowRank	128	32	0.40	B1_Pseudoinverse	2014	0.000000	0.366943	1475.53
Suite_D_LowRank	128	32	0.40	B2_1NN_Oracle	2014	0.500000	0.169678	2.31
Suite_D_LowRank	128	32	0.40	B3_PolynomialDAM	2014	0.000000	0.325195	1780.69
Suite_D_LowRank	128	32	0.40	B4_ModernHopfield	2014	0.500000	0.186523	25.56
Suite_D_LowRank	128	32	0.40	Candidate_ModelC	2014	0.000000	0.269775	5322.22
Suite_D_LowRank	128	32	0.40	B0_Hebbian	2015	0.000000	0.326904	401.22
Suite_D_LowRank	128	32	0.40	B1_Pseudoinverse	2015	0.031250	0.380371	786.34
Suite_D_LowRank	128	32	0.40	B2_1NN_Oracle	2015	0.625000	0.134766	4.34
Suite_D_LowRank	128	32	0.40	B3_PolynomialDAM	2015	0.000000	0.299072	2007.69
Suite_D_LowRank	128	32	0.40	B4_ModernHopfield	2015	0.531250	0.178955	22.94
Suite_D_LowRank	128	32	0.40	Candidate_ModelC	2015	0.031250	0.272461	5141.50
Suite_D_LowRank	128	32	0.40	B0_Hebbian	2016	0.000000	0.337891	410.00
Suite_D_LowRank	128	32	0.40	B1_Pseudoinverse	2016	0.031250	0.362061	1077.62
Suite_D_LowRank	128	32	0.40	B2_1NN_Oracle	2016	0.375000	0.226074	10.62
Suite_D_LowRank	128	32	0.40	B3_PolynomialDAM	2016	0.000000	0.300537	1742.75
Suite_D_LowRank	128	32	0.40	B4_ModernHopfield	2016	0.562500	0.139404	22.38
Suite_D_LowRank	128	32	0.40	Candidate_ModelC	2016	0.031250	0.295654	5102.81
Suite_D_LowRank	128	32	0.40	B0_Hebbian	2017	0.000000	0.318848	488.09
Suite_D_LowRank	128	32	0.40	B1_Pseudoinverse	2017	0.031250	0.397461	1043.78
Suite_D_LowRank	128	32	0.40	B2_1NN_Oracle	2017	0.468750	0.173584	2.25
Suite_D_LowRank	128	32	0.40	B3_PolynomialDAM	2017	0.031250	0.294189	1445.62
Suite_D_LowRank	128	32	0.40	B4_ModernHopfield	2017	0.500000	0.197266	93.22
Suite_D_LowRank	128	32	0.40	Candidate_ModelC	2017	0.062500	0.293701	7014.31
Suite_D_LowRank	128	32	0.40	B0_Hebbian	2018	0.000000	0.350098	506.56
Suite_D_LowRank	128	32	0.40	B1_Pseudoinverse	2018	0.000000	0.391357	730.66
Suite_D_LowRank	128	32	0.40	B2_1NN_Oracle	2018	0.593750	0.147705	3.06
Suite_D_LowRank	128	32	0.40	B3_PolynomialDAM	2018	0.031250	0.236816	1377.44
Suite_D_LowRank	128	32	0.40	B4_ModernHopfield	2018	0.531250	0.183594	13.97
Suite_D_LowRank	128	32	0.40	Candidate_ModelC	2018	0.000000	0.292725	6783.75
Suite_D_LowRank	128	32	0.40	B0_Hebbian	2019	0.000000	0.318115	879.38
Suite_D_LowRank	128	32	0.40	B1_Pseudoinverse	2019	0.000000	0.380127	1158.88
Suite_D_LowRank	128	32	0.40	B2_1NN_Oracle	2019	0.437500	0.192383	2.28
Suite_D_LowRank	128	32	0.40	B3_PolynomialDAM	2019	0.031250	0.332520	2398.62
Suite_D_LowRank	128	32	0.40	B4_ModernHopfield	2019	0.562500	0.194580	179.62
Suite_D_LowRank	128	32	0.40	Candidate_ModelC	2019	0.031250	0.295654	6559.91
Suite_D_LowRank	128	32	0.40	B0_Hebbian	2020	0.000000	0.360840	903.00
Suite_D_LowRank	128	32	0.40	B1_Pseudoinverse	2020	0.000000	0.392822	928.41
Suite_D_LowRank	128	32	0.40	B2_1NN_Oracle	2020	0.500000	0.205566	2.31
Suite_D_LowRank	128	32	0.40	B3_PolynomialDAM	2020	0.093750	0.239746	1919.09
Suite_D_LowRank	128	32	0.40	B4_ModernHopfield	2020	0.468750	0.194824	24.25
Suite_D_LowRank	128	32	0.40	Candidate_ModelC	2020	0.031250	0.309082	4935.41
Suite_D_LowRank	128	64	0.10	B0_Hebbian	2001	0.000000	0.256714	319.03
Suite_D_LowRank	128	64	0.10	B1_Pseudoinverse	2001	0.468750	0.070068	698.39
Suite_D_LowRank	128	64	0.10	B2_1NN_Oracle	2001	1.000000	0.000000	3.39
Suite_D_LowRank	128	64	0.10	B3_PolynomialDAM	2001	0.015625	0.248413	2322.22
Suite_D_LowRank	128	64	0.10	B4_ModernHopfield	2001	1.000000	0.000000	25.27
Suite_D_LowRank	128	64	0.10	Candidate_ModelC	2001	0.015625	0.247681	9444.48
Suite_D_LowRank	128	64	0.10	B0_Hebbian	2002	0.000000	0.344482	1075.86
Suite_D_LowRank	128	64	0.10	B1_Pseudoinverse	2002	0.578125	0.060425	570.39
Suite_D_LowRank	128	64	0.10	B2_1NN_Oracle	2002	1.000000	0.000000	3.30
Suite_D_LowRank	128	64	0.10	B3_PolynomialDAM	2002	0.031250	0.262329	4323.02
Suite_D_LowRank	128	64	0.10	B4_ModernHopfield	2002	1.000000	0.000000	324.66
Suite_D_LowRank	128	64	0.10	Candidate_ModelC	2002	0.031250	0.266357	11214.86
Suite_D_LowRank	128	64	0.10	B0_Hebbian	2003	0.000000	0.211792	900.92
Suite_D_LowRank	128	64	0.10	B1_Pseudoinverse	2003	0.515625	0.071167	690.16
Suite_D_LowRank	128	64	0.10	B2_1NN_Oracle	2003	1.000000	0.000000	2.47
Suite_D_LowRank	128	64	0.10	B3_PolynomialDAM	2003	0.015625	0.249512	6031.11
Suite_D_LowRank	128	64	0.10	B4_ModernHopfield	2003	1.000000	0.000000	51.00
Suite_D_LowRank	128	64	0.10	Candidate_ModelC	2003	0.015625	0.237183	6271.64
Suite_D_LowRank	128	64	0.10	B0_Hebbian	2004	0.000000	0.328735	281.95
Suite_D_LowRank	128	64	0.10	B1_Pseudoinverse	2004	0.546875	0.057861	271.20
Suite_D_LowRank	128	64	0.10	B2_1NN_Oracle	2004	1.000000	0.000000	2.33
Suite_D_LowRank	128	64	0.10	B3_PolynomialDAM	2004	0.015625	0.234009	1540.27
Suite_D_LowRank	128	64	0.10	B4_ModernHopfield	2004	1.000000	0.000000	36.19
Suite_D_LowRank	128	64	0.10	Candidate_ModelC	2004	0.015625	0.234863	10620.89
Suite_D_LowRank	128	64	0.10	B0_Hebbian	2005	0.000000	0.268555	749.91
Suite_D_LowRank	128	64	0.10	B1_Pseudoinverse	2005	0.484375	0.062378	848.55
Suite_D_LowRank	128	64	0.10	B2_1NN_Oracle	2005	1.000000	0.000000	3.39
Suite_D_LowRank	128	64	0.10	B3_PolynomialDAM	2005	0.000000	0.252563	4213.12
Suite_D_LowRank	128	64	0.10	B4_ModernHopfield	2005	1.000000	0.000000	188.06
Suite_D_LowRank	128	64	0.10	Candidate_ModelC	2005	0.000000	0.255005	10238.98
Suite_D_LowRank	128	64	0.10	B0_Hebbian	2006	0.000000	0.327271	1186.42
Suite_D_LowRank	128	64	0.10	B1_Pseudoinverse	2006	0.531250	0.064575	701.03
Suite_D_LowRank	128	64	0.10	B2_1NN_Oracle	2006	1.000000	0.000000	3.20
Suite_D_LowRank	128	64	0.10	B3_PolynomialDAM	2006	0.000000	0.197388	3256.08
Suite_D_LowRank	128	64	0.10	B4_ModernHopfield	2006	1.000000	0.000000	107.47
Suite_D_LowRank	128	64	0.10	Candidate_ModelC	2006	0.000000	0.201294	7900.55
Suite_D_LowRank	128	64	0.10	B0_Hebbian	2007	0.000000	0.306030	697.61
Suite_D_LowRank	128	64	0.10	B1_Pseudoinverse	2007	0.562500	0.061768	680.28
Suite_D_LowRank	128	64	0.10	B2_1NN_Oracle	2007	1.000000	0.000000	3.38
Suite_D_LowRank	128	64	0.10	B3_PolynomialDAM	2007	0.000000	0.234863	5123.39
Suite_D_LowRank	128	64	0.10	B4_ModernHopfield	2007	1.000000	0.000000	43.17
Suite_D_LowRank	128	64	0.10	Candidate_ModelC	2007	0.000000	0.242432	9534.08
Suite_D_LowRank	128	64	0.10	B0_Hebbian	2008	0.000000	0.200439	1241.69
Suite_D_LowRank	128	64	0.10	B1_Pseudoinverse	2008	0.500000	0.077271	634.95
Suite_D_LowRank	128	64	0.10	B2_1NN_Oracle	2008	1.000000	0.000000	3.20
Suite_D_LowRank	128	64	0.10	B3_PolynomialDAM	2008	0.015625	0.219482	4487.77
Suite_D_LowRank	128	64	0.10	B4_ModernHopfield	2008	1.000000	0.000000	180.00
Suite_D_LowRank	128	64	0.10	Candidate_ModelC	2008	0.015625	0.229614	10919.97
Suite_D_LowRank	128	64	0.10	B0_Hebbian	2009	0.000000	0.306519	1296.88
Suite_D_LowRank	128	64	0.10	B1_Pseudoinverse	2009	0.531250	0.069336	1002.67
Suite_D_LowRank	128	64	0.10	B2_1NN_Oracle	2009	1.000000	0.000000	3.41
Suite_D_LowRank	128	64	0.10	B3_PolynomialDAM	2009	0.031250	0.213867	3830.38
Suite_D_LowRank	128	64	0.10	B4_ModernHopfield	2009	1.000000	0.000000	44.27
Suite_D_LowRank	128	64	0.10	Candidate_ModelC	2009	0.031250	0.207886	8129.66
Suite_D_LowRank	128	64	0.10	B0_Hebbian	2010	0.000000	0.229004	359.94
Suite_D_LowRank	128	64	0.10	B1_Pseudoinverse	2010	0.593750	0.059570	284.11
Suite_D_LowRank	128	64	0.10	B2_1NN_Oracle	2010	1.000000	0.000000	4.97
Suite_D_LowRank	128	64	0.10	B3_PolynomialDAM	2010	0.015625	0.284912	2179.53
Suite_D_LowRank	128	64	0.10	B4_ModernHopfield	2010	1.000000	0.000000	45.23
Suite_D_LowRank	128	64	0.10	Candidate_ModelC	2010	0.015625	0.266724	5923.89
Suite_D_LowRank	128	64	0.10	B0_Hebbian	2011	0.000000	0.247437	556.50
Suite_D_LowRank	128	64	0.10	B1_Pseudoinverse	2011	0.609375	0.063843	428.81
Suite_D_LowRank	128	64	0.10	B2_1NN_Oracle	2011	1.000000	0.000000	3.00
Suite_D_LowRank	128	64	0.10	B3_PolynomialDAM	2011	0.000000	0.239624	5135.11
Suite_D_LowRank	128	64	0.10	B4_ModernHopfield	2011	1.000000	0.000000	168.70
Suite_D_LowRank	128	64	0.10	Candidate_ModelC	2011	0.000000	0.244995	12139.33
Suite_D_LowRank	128	64	0.10	B0_Hebbian	2012	0.000000	0.243774	802.53
Suite_D_LowRank	128	64	0.10	B1_Pseudoinverse	2012	0.531250	0.059448	876.95
Suite_D_LowRank	128	64	0.10	B2_1NN_Oracle	2012	1.000000	0.000000	2.97
Suite_D_LowRank	128	64	0.10	B3_PolynomialDAM	2012	0.015625	0.241699	3843.38
Suite_D_LowRank	128	64	0.10	B4_ModernHopfield	2012	1.000000	0.000000	381.09
Suite_D_LowRank	128	64	0.10	Candidate_ModelC	2012	0.015625	0.246826	9673.39
Suite_D_LowRank	128	64	0.10	B0_Hebbian	2013	0.000000	0.276245	525.30
Suite_D_LowRank	128	64	0.10	B1_Pseudoinverse	2013	0.546875	0.059570	1291.42
Suite_D_LowRank	128	64	0.10	B2_1NN_Oracle	2013	1.000000	0.000000	3.84
Suite_D_LowRank	128	64	0.10	B3_PolynomialDAM	2013	0.015625	0.246826	4370.19
Suite_D_LowRank	128	64	0.10	B4_ModernHopfield	2013	1.000000	0.000000	233.44
Suite_D_LowRank	128	64	0.10	Candidate_ModelC	2013	0.015625	0.233521	9421.33
Suite_D_LowRank	128	64	0.10	B0_Hebbian	2014	0.000000	0.275391	654.25
Suite_D_LowRank	128	64	0.10	B1_Pseudoinverse	2014	0.453125	0.080444	527.45
Suite_D_LowRank	128	64	0.10	B2_1NN_Oracle	2014	1.000000	0.000000	3.58
Suite_D_LowRank	128	64	0.10	B3_PolynomialDAM	2014	0.000000	0.252686	4499.70
Suite_D_LowRank	128	64	0.10	B4_ModernHopfield	2014	1.000000	0.000000	40.42
Suite_D_LowRank	128	64	0.10	Candidate_ModelC	2014	0.000000	0.250610	7163.77
Suite_D_LowRank	128	64	0.10	B0_Hebbian	2015	0.015625	0.227051	228.70
Suite_D_LowRank	128	64	0.10	B1_Pseudoinverse	2015	0.546875	0.065918	224.89
Suite_D_LowRank	128	64	0.10	B2_1NN_Oracle	2015	1.000000	0.000000	3.38
Suite_D_LowRank	128	64	0.10	B3_PolynomialDAM	2015	0.015625	0.217163	3852.52
Suite_D_LowRank	128	64	0.10	B4_ModernHopfield	2015	1.000000	0.000000	25.39
Suite_D_LowRank	128	64	0.10	Candidate_ModelC	2015	0.015625	0.219604	10005.86
Suite_D_LowRank	128	64	0.10	B0_Hebbian	2016	0.000000	0.264771	887.75
Suite_D_LowRank	128	64	0.10	B1_Pseudoinverse	2016	0.421875	0.081787	707.52
Suite_D_LowRank	128	64	0.10	B2_1NN_Oracle	2016	1.000000	0.000000	3.48
Suite_D_LowRank	128	64	0.10	B3_PolynomialDAM	2016	0.000000	0.200928	3805.59
Suite_D_LowRank	128	64	0.10	B4_ModernHopfield	2016	1.000000	0.000000	153.69
Suite_D_LowRank	128	64	0.10	Candidate_ModelC	2016	0.000000	0.199707	8504.16
Suite_D_LowRank	128	64	0.10	B0_Hebbian	2017	0.000000	0.303345	548.31
Suite_D_LowRank	128	64	0.10	B1_Pseudoinverse	2017	0.578125	0.066162	503.25
Suite_D_LowRank	128	64	0.10	B2_1NN_Oracle	2017	1.000000	0.000000	2.53
Suite_D_LowRank	128	64	0.10	B3_PolynomialDAM	2017	0.000000	0.202148	4454.09
Suite_D_LowRank	128	64	0.10	B4_ModernHopfield	2017	1.000000	0.000000	45.88
Suite_D_LowRank	128	64	0.10	Candidate_ModelC	2017	0.000000	0.207031	6014.31
Suite_D_LowRank	128	64	0.10	B0_Hebbian	2018	0.000000	0.229858	673.33
Suite_D_LowRank	128	64	0.10	B1_Pseudoinverse	2018	0.546875	0.068237	928.77
Suite_D_LowRank	128	64	0.10	B2_1NN_Oracle	2018	1.000000	0.000000	3.55
Suite_D_LowRank	128	64	0.10	B3_PolynomialDAM	2018	0.015625	0.207153	4324.50
Suite_D_LowRank	128	64	0.10	B4_ModernHopfield	2018	1.000000	0.000000	155.45
Suite_D_LowRank	128	64	0.10	Candidate_ModelC	2018	0.015625	0.201660	9506.14
Suite_D_LowRank	128	64	0.10	B0_Hebbian	2019	0.000000	0.276978	752.23
Suite_D_LowRank	128	64	0.10	B1_Pseudoinverse	2019	0.546875	0.062134	590.00
Suite_D_LowRank	128	64	0.10	B2_1NN_Oracle	2019	1.000000	0.000000	3.31
Suite_D_LowRank	128	64	0.10	B3_PolynomialDAM	2019	0.000000	0.250977	4354.52
Suite_D_LowRank	128	64	0.10	B4_ModernHopfield	2019	1.000000	0.000000	343.62
Suite_D_LowRank	128	64	0.10	Candidate_ModelC	2019	0.000000	0.251587	4867.11
Suite_D_LowRank	128	64	0.10	B0_Hebbian	2020	0.000000	0.238159	1192.56
Suite_D_LowRank	128	64	0.10	B1_Pseudoinverse	2020	0.453125	0.087280	842.00
Suite_D_LowRank	128	64	0.10	B2_1NN_Oracle	2020	1.000000	0.000000	4.94
Suite_D_LowRank	128	64	0.10	B3_PolynomialDAM	2020	0.015625	0.200562	4584.47
Suite_D_LowRank	128	64	0.10	B4_ModernHopfield	2020	1.000000	0.000000	43.64
Suite_D_LowRank	128	64	0.10	Candidate_ModelC	2020	0.015625	0.201660	5762.28
Suite_D_LowRank	128	64	0.20	B0_Hebbian	2001	0.000000	0.265137	1225.20
Suite_D_LowRank	128	64	0.20	B1_Pseudoinverse	2001	0.015625	0.254395	1146.98
Suite_D_LowRank	128	64	0.20	B2_1NN_Oracle	2001	1.000000	0.000000	3.59
Suite_D_LowRank	128	64	0.20	B3_PolynomialDAM	2001	0.015625	0.243286	3492.00
Suite_D_LowRank	128	64	0.20	B4_ModernHopfield	2001	1.000000	0.000000	27.17
Suite_D_LowRank	128	64	0.20	Candidate_ModelC	2001	0.015625	0.257812	5499.45
Suite_D_LowRank	128	64	0.20	B0_Hebbian	2002	0.000000	0.347900	573.83
Suite_D_LowRank	128	64	0.20	B1_Pseudoinverse	2002	0.078125	0.241455	813.98
Suite_D_LowRank	128	64	0.20	B2_1NN_Oracle	2002	1.000000	0.000000	3.86
Suite_D_LowRank	128	64	0.20	B3_PolynomialDAM	2002	0.000000	0.271973	4139.62
Suite_D_LowRank	128	64	0.20	B4_ModernHopfield	2002	1.000000	0.000000	42.53
Suite_D_LowRank	128	64	0.20	Candidate_ModelC	2002	0.031250	0.275879	7116.12
Suite_D_LowRank	128	64	0.20	B0_Hebbian	2003	0.000000	0.223267	474.94
Suite_D_LowRank	128	64	0.20	B1_Pseudoinverse	2003	0.046875	0.251465	732.53
Suite_D_LowRank	128	64	0.20	B2_1NN_Oracle	2003	1.000000	0.000000	2.64
Suite_D_LowRank	128	64	0.20	B3_PolynomialDAM	2003	0.015625	0.253784	3512.89
Suite_D_LowRank	128	64	0.20	B4_ModernHopfield	2003	1.000000	0.000000	57.42
Suite_D_LowRank	128	64	0.20	Candidate_ModelC	2003	0.015625	0.257568	7311.50
Suite_D_LowRank	128	64	0.20	B0_Hebbian	2004	0.000000	0.327271	209.75
Suite_D_LowRank	128	64	0.20	B1_Pseudoinverse	2004	0.015625	0.258789	220.20
Suite_D_LowRank	128	64	0.20	B2_1NN_Oracle	2004	1.000000	0.000000	3.23
Suite_D_LowRank	128	64	0.20	B3_PolynomialDAM	2004	0.015625	0.237061	2494.27
Suite_D_LowRank	128	64	0.20	B4_ModernHopfield	2004	1.000000	0.000000	44.52
Suite_D_LowRank	128	64	0.20	Candidate_ModelC	2004	0.015625	0.227539	6377.14
Suite_D_LowRank	128	64	0.20	B0_Hebbian	2005	0.000000	0.281982	570.53
Suite_D_LowRank	128	64	0.20	B1_Pseudoinverse	2005	0.000000	0.251953	591.06
Suite_D_LowRank	128	64	0.20	B2_1NN_Oracle	2005	1.000000	0.000000	3.55
Suite_D_LowRank	128	64	0.20	B3_PolynomialDAM	2005	0.000000	0.253296	3754.36
Suite_D_LowRank	128	64	0.20	B4_ModernHopfield	2005	1.000000	0.000000	172.05
Suite_D_LowRank	128	64	0.20	Candidate_ModelC	2005	0.000000	0.246826	4900.89
Suite_D_LowRank	128	64	0.20	B0_Hebbian	2006	0.000000	0.331421	824.03
Suite_D_LowRank	128	64	0.20	B1_Pseudoinverse	2006	0.031250	0.241577	488.02
Suite_D_LowRank	128	64	0.20	B2_1NN_Oracle	2006	1.000000	0.000000	66.84
Suite_D_LowRank	128	64	0.20	B3_PolynomialDAM	2006	0.000000	0.205688	3713.98
Suite_D_LowRank	128	64	0.20	B4_ModernHopfield	2006	1.000000	0.000000	112.86
Suite_D_LowRank	128	64	0.20	Candidate_ModelC	2006	0.000000	0.209595	5687.98
Suite_D_LowRank	128	64	0.20	B0_Hebbian	2007	0.000000	0.309204	386.41
Suite_D_LowRank	128	64	0.20	B1_Pseudoinverse	2007	0.015625	0.246094	429.73
Suite_D_LowRank	128	64	0.20	B2_1NN_Oracle	2007	1.000000	0.000000	3.64
Suite_D_LowRank	128	64	0.20	B3_PolynomialDAM	2007	0.000000	0.237549	3264.39
Suite_D_LowRank	128	64	0.20	B4_ModernHopfield	2007	0.984375	0.000488	47.58
Suite_D_LowRank	128	64	0.20	Candidate_ModelC	2007	0.000000	0.242554	5641.77
Suite_D_LowRank	128	64	0.20	B0_Hebbian	2008	0.000000	0.223145	570.45
Suite_D_LowRank	128	64	0.20	B1_Pseudoinverse	2008	0.015625	0.254761	685.39
Suite_D_LowRank	128	64	0.20	B2_1NN_Oracle	2008	1.000000	0.000000	3.58
Suite_D_LowRank	128	64	0.20	B3_PolynomialDAM	2008	0.015625	0.236206	4337.56
Suite_D_LowRank	128	64	0.20	B4_ModernHopfield	2008	1.000000	0.000000	86.53
Suite_D_LowRank	128	64	0.20	Candidate_ModelC	2008	0.015625	0.222656	7115.72
Suite_D_LowRank	128	64	0.20	B0_Hebbian	2009	0.000000	0.308105	813.55
Suite_D_LowRank	128	64	0.20	B1_Pseudoinverse	2009	0.062500	0.233032	576.64
Suite_D_LowRank	128	64	0.20	B2_1NN_Oracle	2009	0.984375	0.002197	2.56
Suite_D_LowRank	128	64	0.20	B3_PolynomialDAM	2009	0.015625	0.233521	3071.88
Suite_D_LowRank	128	64	0.20	B4_ModernHopfield	2009	0.984375	0.001221	25.78
Suite_D_LowRank	128	64	0.20	Candidate_ModelC	2009	0.031250	0.213623	6183.81
Suite_D_LowRank	128	64	0.20	B0_Hebbian	2010	0.000000	0.237549	681.23
Suite_D_LowRank	128	64	0.20	B1_Pseudoinverse	2010	0.031250	0.249634	545.56
Suite_D_LowRank	128	64	0.20	B2_1NN_Oracle	2010	1.000000	0.000000	67.41
Suite_D_LowRank	128	64	0.20	B3_PolynomialDAM	2010	0.015625	0.292480	3403.83
Suite_D_LowRank	128	64	0.20	B4_ModernHopfield	2010	1.000000	0.000000	88.22
Suite_D_LowRank	128	64	0.20	Candidate_ModelC	2010	0.015625	0.278198	4526.77
Suite_D_LowRank	128	64	0.20	B0_Hebbian	2011	0.000000	0.242310	1042.92
Suite_D_LowRank	128	64	0.20	B1_Pseudoinverse	2011	0.015625	0.254517	911.30
Suite_D_LowRank	128	64	0.20	B2_1NN_Oracle	2011	1.000000	0.000000	3.73
Suite_D_LowRank	128	64	0.20	B3_PolynomialDAM	2011	0.000000	0.241699	4893.39
Suite_D_LowRank	128	64	0.20	B4_ModernHopfield	2011	1.000000	0.000000	43.94
Suite_D_LowRank	128	64	0.20	Candidate_ModelC	2011	0.000000	0.255371	10038.62
Suite_D_LowRank	128	64	0.20	B0_Hebbian	2012	0.000000	0.256836	734.41
Suite_D_LowRank	128	64	0.20	B1_Pseudoinverse	2012	0.015625	0.234619	353.88
Suite_D_LowRank	128	64	0.20	B2_1NN_Oracle	2012	1.000000	0.000000	3.67
Suite_D_LowRank	128	64	0.20	B3_PolynomialDAM	2012	0.015625	0.242065	2248.45
Suite_D_LowRank	128	64	0.20	B4_ModernHopfield	2012	1.000000	0.000000	45.38
Suite_D_LowRank	128	64	0.20	Candidate_ModelC	2012	0.000000	0.250122	4942.06
Suite_D_LowRank	128	64	0.20	B0_Hebbian	2013	0.000000	0.279175	297.45
Suite_D_LowRank	128	64	0.20	B1_Pseudoinverse	2013	0.031250	0.233276	542.12
Suite_D_LowRank	128	64	0.20	B2_1NN_Oracle	2013	0.984375	0.002197	2.69
Suite_D_LowRank	128	64	0.20	B3_PolynomialDAM	2013	0.015625	0.273560	3081.72
Suite_D_LowRank	128	64	0.20	B4_ModernHopfield	2013	1.000000	0.000000	25.05
Suite_D_LowRank	128	64	0.20	Candidate_ModelC	2013	0.015625	0.252197	1921.00
Suite_D_LowRank	128	64	0.20	B0_Hebbian	2014	0.000000	0.288452	918.52
Suite_D_LowRank	128	64	0.20	B1_Pseudoinverse	2014	0.000000	0.257812	942.42
Suite_D_LowRank	128	64	0.20	B2_1NN_Oracle	2014	1.000000	0.000000	3.17
Suite_D_LowRank	128	64	0.20	B3_PolynomialDAM	2014	0.000000	0.257568	3620.34
Suite_D_LowRank	128	64	0.20	B4_ModernHopfield	2014	1.000000	0.000000	88.55
Suite_D_LowRank	128	64	0.20	Candidate_ModelC	2014	0.000000	0.261230	7887.52
Suite_D_LowRank	128	64	0.20	B0_Hebbian	2015	0.000000	0.232910	427.89
Suite_D_LowRank	128	64	0.20	B1_Pseudoinverse	2015	0.062500	0.221924	1165.91
Suite_D_LowRank	128	64	0.20	B2_1NN_Oracle	2015	1.000000	0.000000	3.73
Suite_D_LowRank	128	64	0.20	B3_PolynomialDAM	2015	0.015625	0.226929	2727.95
Suite_D_LowRank	128	64	0.20	B4_ModernHopfield	2015	1.000000	0.000000	71.09
Suite_D_LowRank	128	64	0.20	Candidate_ModelC	2015	0.015625	0.227905	5002.59
Suite_D_LowRank	128	64	0.20	B0_Hebbian	2016	0.000000	0.279663	1027.34
Suite_D_LowRank	128	64	0.20	B1_Pseudoinverse	2016	0.000000	0.259521	1439.42
Suite_D_LowRank	128	64	0.20	B2_1NN_Oracle	2016	1.000000	0.000000	3.25
Suite_D_LowRank	128	64	0.20	B3_PolynomialDAM	2016	0.000000	0.201538	2837.66
Suite_D_LowRank	128	64	0.20	B4_ModernHopfield	2016	0.984375	0.002319	24.53
Suite_D_LowRank	128	64	0.20	Candidate_ModelC	2016	0.000000	0.200195	8132.91
Suite_D_LowRank	128	64	0.20	B0_Hebbian	2017	0.000000	0.308960	668.83
Suite_D_LowRank	128	64	0.20	B1_Pseudoinverse	2017	0.062500	0.229004	1204.06
Suite_D_LowRank	128	64	0.20	B2_1NN_Oracle	2017	1.000000	0.000000	3.36
Suite_D_LowRank	128	64	0.20	B3_PolynomialDAM	2017	0.000000	0.210449	3842.00
Suite_D_LowRank	128	64	0.20	B4_ModernHopfield	2017	0.984375	0.002075	162.19
Suite_D_LowRank	128	64	0.20	Candidate_ModelC	2017	0.000000	0.223511	9313.39
Suite_D_LowRank	128	64	0.20	B0_Hebbian	2018	0.000000	0.244141	859.61
Suite_D_LowRank	128	64	0.20	B1_Pseudoinverse	2018	0.046875	0.248169	755.28
Suite_D_LowRank	128	64	0.20	B2_1NN_Oracle	2018	0.984375	0.001587	3.64
Suite_D_LowRank	128	64	0.20	B3_PolynomialDAM	2018	0.015625	0.209839	4477.58
Suite_D_LowRank	128	64	0.20	B4_ModernHopfield	2018	1.000000	0.000000	46.12
Suite_D_LowRank	128	64	0.20	Candidate_ModelC	2018	0.015625	0.218750	7058.91
Suite_D_LowRank	128	64	0.20	B0_Hebbian	2019	0.000000	0.287231	665.05
Suite_D_LowRank	128	64	0.20	B1_Pseudoinverse	2019	0.015625	0.257446	1338.16
Suite_D_LowRank	128	64	0.20	B2_1NN_Oracle	2019	1.000000	0.000000	3.70
Suite_D_LowRank	128	64	0.20	B3_PolynomialDAM	2019	0.000000	0.260742	3839.12
Suite_D_LowRank	128	64	0.20	B4_ModernHopfield	2019	1.000000	0.000000	161.95
Suite_D_LowRank	128	64	0.20	Candidate_ModelC	2019	0.000000	0.270264	7298.38
Suite_D_LowRank	128	64	0.20	B0_Hebbian	2020	0.000000	0.247070	936.12
Suite_D_LowRank	128	64	0.20	B1_Pseudoinverse	2020	0.015625	0.252686	1092.28
Suite_D_LowRank	128	64	0.20	B2_1NN_Oracle	2020	1.000000	0.000000	4.28
Suite_D_LowRank	128	64	0.20	B3_PolynomialDAM	2020	0.000000	0.206665	3955.66
Suite_D_LowRank	128	64	0.20	B4_ModernHopfield	2020	1.000000	0.000000	106.27
Suite_D_LowRank	128	64	0.20	Candidate_ModelC	2020	0.015625	0.206421	7186.42
Suite_D_LowRank	128	64	0.30	B0_Hebbian	2001	0.000000	0.304932	837.03
Suite_D_LowRank	128	64	0.30	B1_Pseudoinverse	2001	0.000000	0.352051	756.80
Suite_D_LowRank	128	64	0.30	B2_1NN_Oracle	2001	0.937500	0.018677	4.56
Suite_D_LowRank	128	64	0.30	B3_PolynomialDAM	2001	0.015625	0.258423	3484.66
Suite_D_LowRank	128	64	0.30	B4_ModernHopfield	2001	0.984375	0.006104	106.36
Suite_D_LowRank	128	64	0.30	Candidate_ModelC	2001	0.015625	0.296387	6593.31
Suite_D_LowRank	128	64	0.30	B0_Hebbian	2002	0.000000	0.354492	568.31
Suite_D_LowRank	128	64	0.30	B1_Pseudoinverse	2002	0.000000	0.354492	607.77
Suite_D_LowRank	128	64	0.30	B2_1NN_Oracle	2002	0.890625	0.028320	5.55
Suite_D_LowRank	128	64	0.30	B3_PolynomialDAM	2002	0.000000	0.300049	4358.62
Suite_D_LowRank	128	64	0.30	B4_ModernHopfield	2002	0.859375	0.030518	45.11
Suite_D_LowRank	128	64	0.30	Candidate_ModelC	2002	0.031250	0.289185	9605.39
Suite_D_LowRank	128	64	0.30	B0_Hebbian	2003	0.000000	0.252197	942.92
Suite_D_LowRank	128	64	0.30	B1_Pseudoinverse	2003	0.000000	0.359741	771.52
Suite_D_LowRank	128	64	0.30	B2_1NN_Oracle	2003	0.968750	0.007935	43.47
Suite_D_LowRank	128	64	0.30	B3_PolynomialDAM	2003	0.000000	0.261719	4016.66
Suite_D_LowRank	128	64	0.30	B4_ModernHopfield	2003	0.937500	0.018066	107.67
Suite_D_LowRank	128	64	0.30	Candidate_ModelC	2003	0.000000	0.260254	6264.14
Suite_D_LowRank	128	64	0.30	B0_Hebbian	2004	0.000000	0.339966	806.08
Suite_D_LowRank	128	64	0.30	B1_Pseudoinverse	2004	0.000000	0.351318	539.69
Suite_D_LowRank	128	64	0.30	B2_1NN_Oracle	2004	0.921875	0.018799	3.78
Suite_D_LowRank	128	64	0.30	B3_PolynomialDAM	2004	0.015625	0.264648	4305.94
Suite_D_LowRank	128	64	0.30	B4_ModernHopfield	2004	0.921875	0.017090	107.19
Suite_D_LowRank	128	64	0.30	Candidate_ModelC	2004	0.015625	0.253296	6695.09
Suite_D_LowRank	128	64	0.30	B0_Hebbian	2005	0.000000	0.306763	263.31
Suite_D_LowRank	128	64	0.30	B1_Pseudoinverse	2005	0.000000	0.350220	317.62
Suite_D_LowRank	128	64	0.30	B2_1NN_Oracle	2005	0.828125	0.044189	2.81
Suite_D_LowRank	128	64	0.30	B3_PolynomialDAM	2005	0.000000	0.267456	3096.02
Suite_D_LowRank	128	64	0.30	B4_ModernHopfield	2005	0.937500	0.013794	24.48
Suite_D_LowRank	128	64	0.30	Candidate_ModelC	2005	0.000000	0.272827	4970.67
Suite_D_LowRank	128	64	0.30	B0_Hebbian	2006	0.000000	0.332520	996.25
Suite_D_LowRank	128	64	0.30	B1_Pseudoinverse	2006	0.000000	0.347656	865.44
Suite_D_LowRank	128	64	0.30	B2_1NN_Oracle	2006	0.890625	0.022583	2.80
Suite_D_LowRank	128	64	0.30	B3_PolynomialDAM	2006	0.000000	0.208618	2891.62
Suite_D_LowRank	128	64	0.30	B4_ModernHopfield	2006	0.937500	0.011353	76.08
Suite_D_LowRank	128	64	0.30	Candidate_ModelC	2006	0.000000	0.225586	6924.19
Suite_D_LowRank	128	64	0.30	B0_Hebbian	2007	0.000000	0.316895	660.11
Suite_D_LowRank	128	64	0.30	B1_Pseudoinverse	2007	0.000000	0.360596	505.94
Suite_D_LowRank	128	64	0.30	B2_1NN_Oracle	2007	0.921875	0.015137	2.78
Suite_D_LowRank	128	64	0.30	B3_PolynomialDAM	2007	0.000000	0.262939	3887.03
Suite_D_LowRank	128	64	0.30	B4_ModernHopfield	2007	0.890625	0.017456	45.00
Suite_D_LowRank	128	64	0.30	Candidate_ModelC	2007	0.000000	0.263062	4772.30
Suite_D_LowRank	128	64	0.30	B0_Hebbian	2008	0.000000	0.252686	631.03
Suite_D_LowRank	128	64	0.30	B1_Pseudoinverse	2008	0.000000	0.351196	483.28
Suite_D_LowRank	128	64	0.30	B2_1NN_Oracle	2008	0.968750	0.005249	3.17
Suite_D_LowRank	128	64	0.30	B3_PolynomialDAM	2008	0.015625	0.239258	3484.66
Suite_D_LowRank	128	64	0.30	B4_ModernHopfield	2008	0.906250	0.024414	171.80
Suite_D_LowRank	128	64	0.30	Candidate_ModelC	2008	0.015625	0.255249	10608.05
Suite_D_LowRank	128	64	0.30	B0_Hebbian	2009	0.000000	0.331055	808.94
Suite_D_LowRank	128	64	0.30	B1_Pseudoinverse	2009	0.000000	0.351318	1118.84
Suite_D_LowRank	128	64	0.30	B2_1NN_Oracle	2009	0.890625	0.028076	3.86
Suite_D_LowRank	128	64	0.30	B3_PolynomialDAM	2009	0.015625	0.248779	4691.05
Suite_D_LowRank	128	64	0.30	B4_ModernHopfield	2009	0.906250	0.024658	171.08
Suite_D_LowRank	128	64	0.30	Candidate_ModelC	2009	0.031250	0.242798	8298.05
Suite_D_LowRank	128	64	0.30	B0_Hebbian	2010	0.000000	0.238037	400.41
Suite_D_LowRank	128	64	0.30	B1_Pseudoinverse	2010	0.000000	0.344971	362.45
Suite_D_LowRank	128	64	0.30	B2_1NN_Oracle	2010	0.953125	0.009888	3.77
Suite_D_LowRank	128	64	0.30	B3_PolynomialDAM	2010	0.015625	0.296021	2572.61
Suite_D_LowRank	128	64	0.30	B4_ModernHopfield	2010	0.937500	0.016113	44.86
Suite_D_LowRank	128	64	0.30	Candidate_ModelC	2010	0.015625	0.289185	8420.86
Suite_D_LowRank	128	64	0.30	B0_Hebbian	2011	0.000000	0.264771	1007.86
Suite_D_LowRank	128	64	0.30	B1_Pseudoinverse	2011	0.000000	0.370728	986.67
Suite_D_LowRank	128	64	0.30	B2_1NN_Oracle	2011	0.937500	0.014893	2.83
Suite_D_LowRank	128	64	0.30	B3_PolynomialDAM	2011	0.000000	0.281128	3657.62
Suite_D_LowRank	128	64	0.30	B4_ModernHopfield	2011	0.921875	0.020020	25.00
Suite_D_LowRank	128	64	0.30	Candidate_ModelC	2011	0.000000	0.259399	8602.44
Suite_D_LowRank	128	64	0.30	B0_Hebbian	2012	0.000000	0.268799	966.91
Suite_D_LowRank	128	64	0.30	B1_Pseudoinverse	2012	0.000000	0.344727	1237.91
Suite_D_LowRank	128	64	0.30	B2_1NN_Oracle	2012	0.921875	0.018799	3.80
Suite_D_LowRank	128	64	0.30	B3_PolynomialDAM	2012	0.000000	0.251343	4744.98
Suite_D_LowRank	128	64	0.30	B4_ModernHopfield	2012	0.937500	0.011841	43.31
Suite_D_LowRank	128	64	0.30	Candidate_ModelC	2012	0.000000	0.277954	10369.56
Suite_D_LowRank	128	64	0.30	B0_Hebbian	2013	0.000000	0.291504	1576.67
Suite_D_LowRank	128	64	0.30	B1_Pseudoinverse	2013	0.000000	0.344116	1259.06
Suite_D_LowRank	128	64	0.30	B2_1NN_Oracle	2013	0.921875	0.017090	4.77
Suite_D_LowRank	128	64	0.30	B3_PolynomialDAM	2013	0.000000	0.274292	3980.14
Suite_D_LowRank	128	64	0.30	B4_ModernHopfield	2013	0.984375	0.001831	163.78
Suite_D_LowRank	128	64	0.30	Candidate_ModelC	2013	0.015625	0.255127	6441.16
Suite_D_LowRank	128	64	0.30	B0_Hebbian	2014	0.000000	0.295044	722.69
Suite_D_LowRank	128	64	0.30	B1_Pseudoinverse	2014	0.000000	0.363647	624.39
Suite_D_LowRank	128	64	0.30	B2_1NN_Oracle	2014	0.921875	0.024414	2.80
Suite_D_LowRank	128	64	0.30	B3_PolynomialDAM	2014	0.000000	0.261719	3696.64
Suite_D_LowRank	128	64	0.30	B4_ModernHopfield	2014	0.984375	0.004883	46.38
Suite_D_LowRank	128	64	0.30	Candidate_ModelC	2014	0.000000	0.283569	8728.45
Suite_D_LowRank	128	64	0.30	B0_Hebbian	2015	0.015625	0.253662	866.30
Suite_D_LowRank	128	64	0.30	B1_Pseudoinverse	2015	0.000000	0.339478	1413.23
Suite_D_LowRank	128	64	0.30	B2_1NN_Oracle	2015	0.921875	0.018433	5.69
Suite_D_LowRank	128	64	0.30	B3_PolynomialDAM	2015	0.015625	0.248047	4040.48
Suite_D_LowRank	128	64	0.30	B4_ModernHopfield	2015	0.906250	0.032104	221.19
Suite_D_LowRank	128	64	0.30	Candidate_ModelC	2015	0.000000	0.255127	4660.41
Suite_D_LowRank	128	64	0.30	B0_Hebbian	2016	0.000000	0.286377	878.47
Suite_D_LowRank	128	64	0.30	B1_Pseudoinverse	2016	0.000000	0.363159	1291.75
Suite_D_LowRank	128	64	0.30	B2_1NN_Oracle	2016	0.968750	0.009766	3.09
Suite_D_LowRank	128	64	0.30	B3_PolynomialDAM	2016	0.000000	0.221436	3987.55
Suite_D_LowRank	128	64	0.30	B4_ModernHopfield	2016	0.859375	0.027344	465.61
Suite_D_LowRank	128	64	0.30	Candidate_ModelC	2016	0.000000	0.211426	7338.53
Suite_D_LowRank	128	64	0.30	B0_Hebbian	2017	0.000000	0.322754	325.05
Suite_D_LowRank	128	64	0.30	B1_Pseudoinverse	2017	0.000000	0.346436	457.77
Suite_D_LowRank	128	64	0.30	B2_1NN_Oracle	2017	0.890625	0.023560	3.91
Suite_D_LowRank	128	64	0.30	B3_PolynomialDAM	2017	0.000000	0.228394	1483.44
Suite_D_LowRank	128	64	0.30	B4_ModernHopfield	2017	0.937500	0.014160	126.09
Suite_D_LowRank	128	64	0.30	Candidate_ModelC	2017	0.000000	0.232544	5314.81
Suite_D_LowRank	128	64	0.30	B0_Hebbian	2018	0.000000	0.264282	294.66
Suite_D_LowRank	128	64	0.30	B1_Pseudoinverse	2018	0.000000	0.342773	896.80
Suite_D_LowRank	128	64	0.30	B2_1NN_Oracle	2018	0.875000	0.032593	3.55
Suite_D_LowRank	128	64	0.30	B3_PolynomialDAM	2018	0.015625	0.248413	3175.94
Suite_D_LowRank	128	64	0.30	B4_ModernHopfield	2018	0.921875	0.027466	121.53
Suite_D_LowRank	128	64	0.30	Candidate_ModelC	2018	0.015625	0.232910	5876.34
Suite_D_LowRank	128	64	0.30	B0_Hebbian	2019	0.000000	0.303223	333.36
Suite_D_LowRank	128	64	0.30	B1_Pseudoinverse	2019	0.000000	0.356323	448.30
Suite_D_LowRank	128	64	0.30	B2_1NN_Oracle	2019	0.875000	0.023438	3.80
Suite_D_LowRank	128	64	0.30	B3_PolynomialDAM	2019	0.000000	0.281250	1561.66
Suite_D_LowRank	128	64	0.30	B4_ModernHopfield	2019	0.875000	0.031738	26.39
Suite_D_LowRank	128	64	0.30	Candidate_ModelC	2019	0.000000	0.281128	4280.88
Suite_D_LowRank	128	64	0.30	B0_Hebbian	2020	0.000000	0.274292	487.55
Suite_D_LowRank	128	64	0.30	B1_Pseudoinverse	2020	0.000000	0.338623	449.73
Suite_D_LowRank	128	64	0.30	B2_1NN_Oracle	2020	0.937500	0.012939	3.31
Suite_D_LowRank	128	64	0.30	B3_PolynomialDAM	2020	0.000000	0.236816	5776.38
Suite_D_LowRank	128	64	0.30	B4_ModernHopfield	2020	0.875000	0.031738	25.50
Suite_D_LowRank	128	64	0.30	Candidate_ModelC	2020	0.000000	0.231812	4571.31
Suite_D_LowRank	128	64	0.40	B0_Hebbian	2001	0.000000	0.375732	1100.50
Suite_D_LowRank	128	64	0.40	B1_Pseudoinverse	2001	0.000000	0.438965	1221.77
Suite_D_LowRank	128	64	0.40	B2_1NN_Oracle	2001	0.406250	0.221680	4.20
Suite_D_LowRank	128	64	0.40	B3_PolynomialDAM	2001	0.000000	0.329956	4793.23
Suite_D_LowRank	128	64	0.40	B4_ModernHopfield	2001	0.546875	0.150757	109.25
Suite_D_LowRank	128	64	0.40	Candidate_ModelC	2001	0.000000	0.346558	8880.95
Suite_D_LowRank	128	64	0.40	B0_Hebbian	2002	0.000000	0.420898	612.53
Suite_D_LowRank	128	64	0.40	B1_Pseudoinverse	2002	0.000000	0.435547	762.27
Suite_D_LowRank	128	64	0.40	B2_1NN_Oracle	2002	0.515625	0.144775	3.03
Suite_D_LowRank	128	64	0.40	B3_PolynomialDAM	2002	0.000000	0.369141	4127.69
Suite_D_LowRank	128	64	0.40	B4_ModernHopfield	2002	0.328125	0.241333	90.34
Suite_D_LowRank	128	64	0.40	Candidate_ModelC	2002	0.015625	0.349487	9348.92
Suite_D_LowRank	128	64	0.40	B0_Hebbian	2003	0.000000	0.325806	543.56
Suite_D_LowRank	128	64	0.40	B1_Pseudoinverse	2003	0.000000	0.437134	798.53
Suite_D_LowRank	128	64	0.40	B2_1NN_Oracle	2003	0.390625	0.216797	4.28
Suite_D_LowRank	128	64	0.40	B3_PolynomialDAM	2003	0.000000	0.355225	4158.69
Suite_D_LowRank	128	64	0.40	B4_ModernHopfield	2003	0.453125	0.200073	172.30
Suite_D_LowRank	128	64	0.40	Candidate_ModelC	2003	0.000000	0.327026	7035.19
Suite_D_LowRank	128	64	0.40	B0_Hebbian	2004	0.000000	0.407104	653.39
Suite_D_LowRank	128	64	0.40	B1_Pseudoinverse	2004	0.000000	0.433228	781.84
Suite_D_LowRank	128	64	0.40	B2_1NN_Oracle	2004	0.437500	0.203735	3.77
Suite_D_LowRank	128	64	0.40	B3_PolynomialDAM	2004	0.015625	0.316528	4282.05
Suite_D_LowRank	128	64	0.40	B4_ModernHopfield	2004	0.484375	0.188599	176.02
Suite_D_LowRank	128	64	0.40	Candidate_ModelC	2004	0.015625	0.340698	6511.09
Suite_D_LowRank	128	64	0.40	B0_Hebbian	2005	0.000000	0.397095	942.94
Suite_D_LowRank	128	64	0.40	B1_Pseudoinverse	2005	0.000000	0.421265	1207.06
Suite_D_LowRank	128	64	0.40	B2_1NN_Oracle	2005	0.421875	0.198486	4.03
Suite_D_LowRank	128	64	0.40	B3_PolynomialDAM	2005	0.000000	0.371094	3128.09
Suite_D_LowRank	128	64	0.40	B4_ModernHopfield	2005	0.484375	0.164551	46.72
Suite_D_LowRank	128	64	0.40	Candidate_ModelC	2005	0.000000	0.326904	5258.31
Suite_D_LowRank	128	64	0.40	B0_Hebbian	2006	0.000000	0.389648	956.28
Suite_D_LowRank	128	64	0.40	B1_Pseudoinverse	2006	0.000000	0.443115	1092.64
Suite_D_LowRank	128	64	0.40	B2_1NN_Oracle	2006	0.343750	0.244629	4.89
Suite_D_LowRank	128	64	0.40	B3_PolynomialDAM	2006	0.000000	0.312744	4575.86
Suite_D_LowRank	128	64	0.40	B4_ModernHopfield	2006	0.328125	0.234985	174.70
Suite_D_LowRank	128	64	0.40	Candidate_ModelC	2006	0.000000	0.340820	7213.38
Suite_D_LowRank	128	64	0.40	B0_Hebbian	2007	0.000000	0.352173	369.88
Suite_D_LowRank	128	64	0.40	B1_Pseudoinverse	2007	0.000000	0.427368	488.52
Suite_D_LowRank	128	64	0.40	B2_1NN_Oracle	2007	0.437500	0.200073	4.02
Suite_D_LowRank	128	64	0.40	B3_PolynomialDAM	2007	0.000000	0.314453	4163.45
Suite_D_LowRank	128	64	0.40	B4_ModernHopfield	2007	0.343750	0.217773	174.59
Suite_D_LowRank	128	64	0.40	Candidate_ModelC	2007	0.000000	0.338379	8044.09
Suite_D_LowRank	128	64	0.40	B0_Hebbian	2008	0.000000	0.329834	347.41
Suite_D_LowRank	128	64	0.40	B1_Pseudoinverse	2008	0.000000	0.434570	341.22
Suite_D_LowRank	128	64	0.40	B2_1NN_Oracle	2008	0.343750	0.238037	4.03
Suite_D_LowRank	128	64	0.40	B3_PolynomialDAM	2008	0.015625	0.338501	1940.75
Suite_D_LowRank	128	64	0.40	B4_ModernHopfield	2008	0.421875	0.207642	33.88
Suite_D_LowRank	128	64	0.40	Candidate_ModelC	2008	0.000000	0.318726	6174.11
Suite_D_LowRank	128	64	0.40	B0_Hebbian	2009	0.000000	0.370361	363.81
Suite_D_LowRank	128	64	0.40	B1_Pseudoinverse	2009	0.000000	0.420532	301.50
Suite_D_LowRank	128	64	0.40	B2_1NN_Oracle	2009	0.421875	0.218750	3.53
Suite_D_LowRank	128	64	0.40	B3_PolynomialDAM	2009	0.000000	0.334961	2463.16
Suite_D_LowRank	128	64	0.40	B4_ModernHopfield	2009	0.390625	0.209961	32.98
Suite_D_LowRank	128	64	0.40	Candidate_ModelC	2009	0.000000	0.333374	3375.06
Suite_D_LowRank	128	64	0.40	B0_Hebbian	2010	0.000000	0.315308	350.56
Suite_D_LowRank	128	64	0.40	B1_Pseudoinverse	2010	0.000000	0.435791	386.38
Suite_D_LowRank	128	64	0.40	B2_1NN_Oracle	2010	0.359375	0.218018	7.39
Suite_D_LowRank	128	64	0.40	B3_PolynomialDAM	2010	0.000000	0.354004	4821.12
Suite_D_LowRank	128	64	0.40	B4_ModernHopfield	2010	0.484375	0.185913	172.02
Suite_D_LowRank	128	64	0.40	Candidate_ModelC	2010	0.015625	0.338867	8187.08
Suite_D_LowRank	128	64	0.40	B0_Hebbian	2011	0.000000	0.356079	1271.95
Suite_D_LowRank	128	64	0.40	B1_Pseudoinverse	2011	0.000000	0.439331	1123.02
Suite_D_LowRank	128	64	0.40	B2_1NN_Oracle	2011	0.359375	0.233154	130.80
Suite_D_LowRank	128	64	0.40	B3_PolynomialDAM	2011	0.000000	0.356689	5015.00
Suite_D_LowRank	128	64	0.40	B4_ModernHopfield	2011	0.375000	0.226807	63.00
Suite_D_LowRank	128	64	0.40	Candidate_ModelC	2011	0.000000	0.337646	10183.53
Suite_D_LowRank	128	64	0.40	B0_Hebbian	2012	0.000000	0.315796	474.67
Suite_D_LowRank	128	64	0.40	B1_Pseudoinverse	2012	0.000000	0.430786	483.64
Suite_D_LowRank	128	64	0.40	B2_1NN_Oracle	2012	0.375000	0.220703	4.11
Suite_D_LowRank	128	64	0.40	B3_PolynomialDAM	2012	0.000000	0.349365	2634.48
Suite_D_LowRank	128	64	0.40	B4_ModernHopfield	2012	0.343750	0.234985	154.19
Suite_D_LowRank	128	64	0.40	Candidate_ModelC	2012	0.000000	0.328613	10501.05
Suite_D_LowRank	128	64	0.40	B0_Hebbian	2013	0.000000	0.369141	718.78
Suite_D_LowRank	128	64	0.40	B1_Pseudoinverse	2013	0.000000	0.422119	604.03
Suite_D_LowRank	128	64	0.40	B2_1NN_Oracle	2013	0.484375	0.169800	4.08
Suite_D_LowRank	128	64	0.40	B3_PolynomialDAM	2013	0.000000	0.359863	4090.25
Suite_D_LowRank	128	64	0.40	B4_ModernHopfield	2013	0.468750	0.211548	176.67
Suite_D_LowRank	128	64	0.40	Candidate_ModelC	2013	0.015625	0.314209	7778.33
Suite_D_LowRank	128	64	0.40	B0_Hebbian	2014	0.000000	0.345337	843.64
Suite_D_LowRank	128	64	0.40	B1_Pseudoinverse	2014	0.000000	0.439453	866.30
Suite_D_LowRank	128	64	0.40	B2_1NN_Oracle	2014	0.406250	0.211182	4.06
Suite_D_LowRank	128	64	0.40	B3_PolynomialDAM	2014	0.000000	0.324341	4288.12
Suite_D_LowRank	128	64	0.40	B4_ModernHopfield	2014	0.531250	0.162476	48.62
Suite_D_LowRank	128	64	0.40	Candidate_ModelC	2014	0.000000	0.342773	8237.44
Suite_D_LowRank	128	64	0.40	B0_Hebbian	2015	0.000000	0.318848	644.80
Suite_D_LowRank	128	64	0.40	B1_Pseudoinverse	2015	0.000000	0.407837	356.91
Suite_D_LowRank	128	64	0.40	B2_1NN_Oracle	2015	0.421875	0.200562	4.83
Suite_D_LowRank	128	64	0.40	B3_PolynomialDAM	2015	0.000000	0.294556	2068.83
Suite_D_LowRank	128	64	0.40	B4_ModernHopfield	2015	0.328125	0.229858	172.48
Suite_D_LowRank	128	64	0.40	Candidate_ModelC	2015	0.000000	0.359131	3351.47
Suite_D_LowRank	128	64	0.40	B0_Hebbian	2016	0.000000	0.338257	776.11
Suite_D_LowRank	128	64	0.40	B1_Pseudoinverse	2016	0.000000	0.442261	1115.53
Suite_D_LowRank	128	64	0.40	B2_1NN_Oracle	2016	0.453125	0.188477	4.53
Suite_D_LowRank	128	64	0.40	B3_PolynomialDAM	2016	0.000000	0.328735	4186.19
Suite_D_LowRank	128	64	0.40	B4_ModernHopfield	2016	0.421875	0.204590	152.36
Suite_D_LowRank	128	64	0.40	Candidate_ModelC	2016	0.000000	0.302246	6712.80
Suite_D_LowRank	128	64	0.40	B0_Hebbian	2017	0.000000	0.392212	881.30
Suite_D_LowRank	128	64	0.40	B1_Pseudoinverse	2017	0.000000	0.421265	391.67
Suite_D_LowRank	128	64	0.40	B2_1NN_Oracle	2017	0.375000	0.210327	3.02
Suite_D_LowRank	128	64	0.40	B3_PolynomialDAM	2017	0.000000	0.344360	3432.70
Suite_D_LowRank	128	64	0.40	B4_ModernHopfield	2017	0.375000	0.217041	154.89
Suite_D_LowRank	128	64	0.40	Candidate_ModelC	2017	0.000000	0.321167	5275.33
Suite_D_LowRank	128	64	0.40	B0_Hebbian	2018	0.000000	0.361938	755.83
Suite_D_LowRank	128	64	0.40	B1_Pseudoinverse	2018	0.000000	0.420532	667.69
Suite_D_LowRank	128	64	0.40	B2_1NN_Oracle	2018	0.531250	0.180054	3.03
Suite_D_LowRank	128	64	0.40	B3_PolynomialDAM	2018	0.015625	0.364624	3812.44
Suite_D_LowRank	128	64	0.40	B4_ModernHopfield	2018	0.390625	0.234863	152.97
Suite_D_LowRank	128	64	0.40	Candidate_ModelC	2018	0.015625	0.328613	6403.67
Suite_D_LowRank	128	64	0.40	B0_Hebbian	2019	0.000000	0.371948	571.75
Suite_D_LowRank	128	64	0.40	B1_Pseudoinverse	2019	0.000000	0.435059	394.05
Suite_D_LowRank	128	64	0.40	B2_1NN_Oracle	2019	0.437500	0.207520	4.12
Suite_D_LowRank	128	64	0.40	B3_PolynomialDAM	2019	0.000000	0.357056	4088.89
Suite_D_LowRank	128	64	0.40	B4_ModernHopfield	2019	0.453125	0.183838	48.44
Suite_D_LowRank	128	64	0.40	Candidate_ModelC	2019	0.000000	0.353394	5646.88
Suite_D_LowRank	128	64	0.40	B0_Hebbian	2020	0.000000	0.340454	512.94
Suite_D_LowRank	128	64	0.40	B1_Pseudoinverse	2020	0.000000	0.437134	816.89
Suite_D_LowRank	128	64	0.40	B2_1NN_Oracle	2020	0.328125	0.261597	37.91
Suite_D_LowRank	128	64	0.40	B3_PolynomialDAM	2020	0.000000	0.350830	4420.23
Suite_D_LowRank	128	64	0.40	B4_ModernHopfield	2020	0.375000	0.234863	26.09
Suite_D_LowRank	128	64	0.40	Candidate_ModelC	2020	0.000000	0.343628	7085.52
Suite_D_LowRank	128	128	0.10	B0_Hebbian	2001	0.000000	0.255371	940.23
Suite_D_LowRank	128	128	0.10	B1_Pseudoinverse	2001	0.000000	0.172546	288.27
Suite_D_LowRank	128	128	0.10	B2_1NN_Oracle	2001	1.000000	0.000000	4.02
Suite_D_LowRank	128	128	0.10	B3_PolynomialDAM	2001	0.000000	0.275513	9561.54
Suite_D_LowRank	128	128	0.10	B4_ModernHopfield	2001	1.000000	0.000000	191.70
Suite_D_LowRank	128	128	0.10	Candidate_ModelC	2001	0.000000	0.278625	15399.16
Suite_D_LowRank	128	128	0.10	B0_Hebbian	2002	0.000000	0.297668	645.64
Suite_D_LowRank	128	128	0.10	B1_Pseudoinverse	2002	0.000000	0.163513	226.14
Suite_D_LowRank	128	128	0.10	B2_1NN_Oracle	2002	1.000000	0.000000	6.23
Suite_D_LowRank	128	128	0.10	B3_PolynomialDAM	2002	0.000000	0.240723	6454.37
Suite_D_LowRank	128	128	0.10	B4_ModernHopfield	2002	1.000000	0.000000	183.88
Suite_D_LowRank	128	128	0.10	Candidate_ModelC	2002	0.000000	0.241272	11114.29
Suite_D_LowRank	128	128	0.10	B0_Hebbian	2003	0.000000	0.306763	993.66
Suite_D_LowRank	128	128	0.10	B1_Pseudoinverse	2003	0.000000	0.176636	440.76
Suite_D_LowRank	128	128	0.10	B2_1NN_Oracle	2003	1.000000	0.000000	5.34
Suite_D_LowRank	128	128	0.10	B3_PolynomialDAM	2003	0.007812	0.239319	8414.26
Suite_D_LowRank	128	128	0.10	B4_ModernHopfield	2003	1.000000	0.000000	241.77
Suite_D_LowRank	128	128	0.10	Candidate_ModelC	2003	0.007812	0.240906	11820.07
Suite_D_LowRank	128	128	0.10	B0_Hebbian	2004	0.000000	0.291687	559.99
Suite_D_LowRank	128	128	0.10	B1_Pseudoinverse	2004	0.000000	0.173523	312.86
Suite_D_LowRank	128	128	0.10	B2_1NN_Oracle	2004	1.000000	0.000000	3.80
Suite_D_LowRank	128	128	0.10	B3_PolynomialDAM	2004	0.000000	0.286682	7824.67
Suite_D_LowRank	128	128	0.10	B4_ModernHopfield	2004	1.000000	0.000000	202.88
Suite_D_LowRank	128	128	0.10	Candidate_ModelC	2004	0.000000	0.280823	10471.90
Suite_D_LowRank	128	128	0.10	B0_Hebbian	2005	0.000000	0.275879	647.61
Suite_D_LowRank	128	128	0.10	B1_Pseudoinverse	2005	0.000000	0.164978	782.20
Suite_D_LowRank	128	128	0.10	B2_1NN_Oracle	2005	1.000000	0.000000	69.07
Suite_D_LowRank	128	128	0.10	B3_PolynomialDAM	2005	0.000000	0.225464	6766.52
Suite_D_LowRank	128	128	0.10	B4_ModernHopfield	2005	1.000000	0.000000	133.70
Suite_D_LowRank	128	128	0.10	Candidate_ModelC	2005	0.000000	0.221313	10988.64
Suite_D_LowRank	128	128	0.10	B0_Hebbian	2006	0.000000	0.309692	1064.31
Suite_D_LowRank	128	128	0.10	B1_Pseudoinverse	2006	0.000000	0.161560	581.16
Suite_D_LowRank	128	128	0.10	B2_1NN_Oracle	2006	1.000000	0.000000	5.76
Suite_D_LowRank	128	128	0.10	B3_PolynomialDAM	2006	0.000000	0.265381	7266.39
Suite_D_LowRank	128	128	0.10	B4_ModernHopfield	2006	1.000000	0.000000	201.39
Suite_D_LowRank	128	128	0.10	Candidate_ModelC	2006	0.000000	0.275574	13923.20
Suite_D_LowRank	128	128	0.10	B0_Hebbian	2007	0.000000	0.266113	603.88
Suite_D_LowRank	128	128	0.10	B1_Pseudoinverse	2007	0.000000	0.160278	625.42
Suite_D_LowRank	128	128	0.10	B2_1NN_Oracle	2007	1.000000	0.000000	5.96
Suite_D_LowRank	128	128	0.10	B3_PolynomialDAM	2007	0.000000	0.284119	7928.36
Suite_D_LowRank	128	128	0.10	B4_ModernHopfield	2007	1.000000	0.000000	160.16
Suite_D_LowRank	128	128	0.10	Candidate_ModelC	2007	0.000000	0.287537	12802.59
Suite_D_LowRank	128	128	0.10	B0_Hebbian	2008	0.000000	0.298523	820.03
Suite_D_LowRank	128	128	0.10	B1_Pseudoinverse	2008	0.000000	0.182556	335.70
Suite_D_LowRank	128	128	0.10	B2_1NN_Oracle	2008	1.000000	0.000000	6.80
Suite_D_LowRank	128	128	0.10	B3_PolynomialDAM	2008	0.000000	0.271240	5241.12
Suite_D_LowRank	128	128	0.10	B4_ModernHopfield	2008	1.000000	0.000000	91.29
Suite_D_LowRank	128	128	0.10	Candidate_ModelC	2008	0.000000	0.281799	11011.07
Suite_D_LowRank	128	128	0.10	B0_Hebbian	2009	0.000000	0.256897	508.29
Suite_D_LowRank	128	128	0.10	B1_Pseudoinverse	2009	0.000000	0.168762	376.64
Suite_D_LowRank	128	128	0.10	B2_1NN_Oracle	2009	1.000000	0.000000	5.84
Suite_D_LowRank	128	128	0.10	B3_PolynomialDAM	2009	0.000000	0.298523	7981.96
Suite_D_LowRank	128	128	0.10	B4_ModernHopfield	2009	1.000000	0.000000	160.40
Suite_D_LowRank	128	128	0.10	Candidate_ModelC	2009	0.000000	0.289490	11196.06
Suite_D_LowRank	128	128	0.10	B0_Hebbian	2010	0.000000	0.292480	868.45
Suite_D_LowRank	128	128	0.10	B1_Pseudoinverse	2010	0.000000	0.176147	609.34
Suite_D_LowRank	128	128	0.10	B2_1NN_Oracle	2010	1.000000	0.000000	6.55
Suite_D_LowRank	128	128	0.10	B3_PolynomialDAM	2010	0.000000	0.305664	7510.18
Suite_D_LowRank	128	128	0.10	B4_ModernHopfield	2010	1.000000	0.000000	184.64
Suite_D_LowRank	128	128	0.10	Candidate_ModelC	2010	0.000000	0.303162	15232.52
Suite_D_LowRank	128	128	0.10	B0_Hebbian	2011	0.000000	0.201782	592.37
Suite_D_LowRank	128	128	0.10	B1_Pseudoinverse	2011	0.000000	0.165649	424.10
Suite_D_LowRank	128	128	0.10	B2_1NN_Oracle	2011	1.000000	0.000000	25.23
Suite_D_LowRank	128	128	0.10	B3_PolynomialDAM	2011	0.000000	0.239990	8076.41
Suite_D_LowRank	128	128	0.10	B4_ModernHopfield	2011	1.000000	0.000000	236.71
Suite_D_LowRank	128	128	0.10	Candidate_ModelC	2011	0.000000	0.244690	11828.70
Suite_D_LowRank	128	128	0.10	B0_Hebbian	2012	0.000000	0.254272	445.37
Suite_D_LowRank	128	128	0.10	B1_Pseudoinverse	2012	0.000000	0.160828	335.96
Suite_D_LowRank	128	128	0.10	B2_1NN_Oracle	2012	1.000000	0.000000	3.87
Suite_D_LowRank	128	128	0.10	B3_PolynomialDAM	2012	0.000000	0.283142	8829.70
Suite_D_LowRank	128	128	0.10	B4_ModernHopfield	2012	1.000000	0.000000	270.52
Suite_D_LowRank	128	128	0.10	Candidate_ModelC	2012	0.000000	0.289856	15222.71
Suite_D_LowRank	128	128	0.10	B0_Hebbian	2013	0.000000	0.340332	700.91
Suite_D_LowRank	128	128	0.10	B1_Pseudoinverse	2013	0.000000	0.172302	529.43
Suite_D_LowRank	128	128	0.10	B2_1NN_Oracle	2013	1.000000	0.000000	60.25
Suite_D_LowRank	128	128	0.10	B3_PolynomialDAM	2013	0.000000	0.267456	7389.56
Suite_D_LowRank	128	128	0.10	B4_ModernHopfield	2013	1.000000	0.000000	208.30
Suite_D_LowRank	128	128	0.10	Candidate_ModelC	2013	0.000000	0.279724	9398.86
Suite_D_LowRank	128	128	0.10	B0_Hebbian	2014	0.000000	0.273254	570.80
Suite_D_LowRank	128	128	0.10	B1_Pseudoinverse	2014	0.000000	0.169312	439.24
Suite_D_LowRank	128	128	0.10	B2_1NN_Oracle	2014	1.000000	0.000000	6.18
Suite_D_LowRank	128	128	0.10	B3_PolynomialDAM	2014	0.000000	0.275574	9815.62
Suite_D_LowRank	128	128	0.10	B4_ModernHopfield	2014	1.000000	0.000000	288.50
Suite_D_LowRank	128	128	0.10	Candidate_ModelC	2014	0.000000	0.275330	11876.25
Suite_D_LowRank	128	128	0.10	B0_Hebbian	2015	0.000000	0.208435	513.54
Suite_D_LowRank	128	128	0.10	B1_Pseudoinverse	2015	0.000000	0.170532	477.28
Suite_D_LowRank	128	128	0.10	B2_1NN_Oracle	2015	1.000000	0.000000	5.48
Suite_D_LowRank	128	128	0.10	B3_PolynomialDAM	2015	0.000000	0.224976	7911.91
Suite_D_LowRank	128	128	0.10	B4_ModernHopfield	2015	1.000000	0.000000	276.77
Suite_D_LowRank	128	128	0.10	Candidate_ModelC	2015	0.000000	0.235474	11273.32
Suite_D_LowRank	128	128	0.10	B0_Hebbian	2016	0.000000	0.296814	718.13
Suite_D_LowRank	128	128	0.10	B1_Pseudoinverse	2016	0.000000	0.167603	426.15
Suite_D_LowRank	128	128	0.10	B2_1NN_Oracle	2016	1.000000	0.000000	6.45
Suite_D_LowRank	128	128	0.10	B3_PolynomialDAM	2016	0.000000	0.275208	5875.91
Suite_D_LowRank	128	128	0.10	B4_ModernHopfield	2016	1.000000	0.000000	52.70
Suite_D_LowRank	128	128	0.10	Candidate_ModelC	2016	0.000000	0.277344	8361.41
Suite_D_LowRank	128	128	0.10	B0_Hebbian	2017	0.000000	0.216919	856.52
Suite_D_LowRank	128	128	0.10	B1_Pseudoinverse	2017	0.000000	0.181885	221.06
Suite_D_LowRank	128	128	0.10	B2_1NN_Oracle	2017	1.000000	0.000000	5.65
Suite_D_LowRank	128	128	0.10	B3_PolynomialDAM	2017	0.000000	0.279419	5411.32
Suite_D_LowRank	128	128	0.10	B4_ModernHopfield	2017	1.000000	0.000000	51.88
Suite_D_LowRank	128	128	0.10	Candidate_ModelC	2017	0.000000	0.284241	12191.97
Suite_D_LowRank	128	128	0.10	B0_Hebbian	2018	0.000000	0.224426	617.86
Suite_D_LowRank	128	128	0.10	B1_Pseudoinverse	2018	0.000000	0.166687	283.61
Suite_D_LowRank	128	128	0.10	B2_1NN_Oracle	2018	1.000000	0.000000	67.70
Suite_D_LowRank	128	128	0.10	B3_PolynomialDAM	2018	0.000000	0.235291	7997.61
Suite_D_LowRank	128	128	0.10	B4_ModernHopfield	2018	1.000000	0.000000	306.59
Suite_D_LowRank	128	128	0.10	Candidate_ModelC	2018	0.000000	0.247620	11602.36
Suite_D_LowRank	128	128	0.10	B0_Hebbian	2019	0.000000	0.242737	632.34
Suite_D_LowRank	128	128	0.10	B1_Pseudoinverse	2019	0.000000	0.173340	556.41
Suite_D_LowRank	128	128	0.10	B2_1NN_Oracle	2019	1.000000	0.000000	5.64
Suite_D_LowRank	128	128	0.10	B3_PolynomialDAM	2019	0.000000	0.282959	7776.91
Suite_D_LowRank	128	128	0.10	B4_ModernHopfield	2019	1.000000	0.000000	183.16
Suite_D_LowRank	128	128	0.10	Candidate_ModelC	2019	0.000000	0.284668	9677.77
Suite_D_LowRank	128	128	0.10	B0_Hebbian	2020	0.000000	0.276367	1046.81
Suite_D_LowRank	128	128	0.10	B1_Pseudoinverse	2020	0.000000	0.155273	441.86
Suite_D_LowRank	128	128	0.10	B2_1NN_Oracle	2020	1.000000	0.000000	7.58
Suite_D_LowRank	128	128	0.10	B3_PolynomialDAM	2020	0.000000	0.264404	8958.54
Suite_D_LowRank	128	128	0.10	B4_ModernHopfield	2020	1.000000	0.000000	183.57
Suite_D_LowRank	128	128	0.10	Candidate_ModelC	2020	0.000000	0.273132	12164.32
Suite_D_LowRank	128	128	0.20	B0_Hebbian	2001	0.000000	0.260559	638.82
Suite_D_LowRank	128	128	0.20	B1_Pseudoinverse	2001	0.000000	0.265259	512.29
Suite_D_LowRank	128	128	0.20	B2_1NN_Oracle	2001	0.992188	0.002014	4.45
Suite_D_LowRank	128	128	0.20	B3_PolynomialDAM	2001	0.000000	0.289368	12296.80
Suite_D_LowRank	128	128	0.20	B4_ModernHopfield	2001	0.984375	0.002319	182.74
Suite_D_LowRank	128	128	0.20	Candidate_ModelC	2001	0.000000	0.289001	15090.62
Suite_D_LowRank	128	128	0.20	B0_Hebbian	2002	0.000000	0.304077	720.87
Suite_D_LowRank	128	128	0.20	B1_Pseudoinverse	2002	0.000000	0.257202	607.19
Suite_D_LowRank	128	128	0.20	B2_1NN_Oracle	2002	1.000000	0.000000	5.29
Suite_D_LowRank	128	128	0.20	B3_PolynomialDAM	2002	0.000000	0.253418	8598.77
Suite_D_LowRank	128	128	0.20	B4_ModernHopfield	2002	0.992188	0.000977	405.20
Suite_D_LowRank	128	128	0.20	Candidate_ModelC	2002	0.000000	0.246887	14506.41
Suite_D_LowRank	128	128	0.20	B0_Hebbian	2003	0.000000	0.314148	561.88
Suite_D_LowRank	128	128	0.20	B1_Pseudoinverse	2003	0.000000	0.273071	574.98
Suite_D_LowRank	128	128	0.20	B2_1NN_Oracle	2003	0.992188	0.000854	4.70
Suite_D_LowRank	128	128	0.20	B3_PolynomialDAM	2003	0.007812	0.254211	10515.37
Suite_D_LowRank	128	128	0.20	B4_ModernHopfield	2003	0.992188	0.001526	193.88
Suite_D_LowRank	128	128	0.20	Candidate_ModelC	2003	0.007812	0.245605	11254.80
Suite_D_LowRank	128	128	0.20	B0_Hebbian	2004	0.000000	0.302429	1025.02
Suite_D_LowRank	128	128	0.20	B1_Pseudoinverse	2004	0.000000	0.264648	236.84
Suite_D_LowRank	128	128	0.20	B2_1NN_Oracle	2004	1.000000	0.000000	6.53
Suite_D_LowRank	128	128	0.20	B3_PolynomialDAM	2004	0.000000	0.297180	7885.72
Suite_D_LowRank	128	128	0.20	B4_ModernHopfield	2004	1.000000	0.000000	94.88
Suite_D_LowRank	128	128	0.20	Candidate_ModelC	2004	0.000000	0.294861	13642.69
Suite_D_LowRank	128	128	0.20	B0_Hebbian	2005	0.000000	0.288818	529.59
Suite_D_LowRank	128	128	0.20	B1_Pseudoinverse	2005	0.000000	0.268616	220.65
Suite_D_LowRank	128	128	0.20	B2_1NN_Oracle	2005	1.000000	0.000000	6.57
Suite_D_LowRank	128	128	0.20	B3_PolynomialDAM	2005	0.000000	0.227417	7013.95
Suite_D_LowRank	128	128	0.20	B4_ModernHopfield	2005	0.992188	0.001282	65.89
Suite_D_LowRank	128	128	0.20	Candidate_ModelC	2005	0.000000	0.233032	5817.02
Suite_D_LowRank	128	128	0.20	B0_Hebbian	2006	0.000000	0.309937	900.73
Suite_D_LowRank	128	128	0.20	B1_Pseudoinverse	2006	0.000000	0.260986	437.86
Suite_D_LowRank	128	128	0.20	B2_1NN_Oracle	2006	1.000000	0.000000	6.04
Suite_D_LowRank	128	128	0.20	B3_PolynomialDAM	2006	0.000000	0.277466	5294.66
Suite_D_LowRank	128	128	0.20	B4_ModernHopfield	2006	1.000000	0.000000	118.10
Suite_D_LowRank	128	128	0.20	Candidate_ModelC	2006	0.000000	0.274536	10125.30
Suite_D_LowRank	128	128	0.20	B0_Hebbian	2007	0.000000	0.267273	777.26
Suite_D_LowRank	128	128	0.20	B1_Pseudoinverse	2007	0.000000	0.259521	539.68
Suite_D_LowRank	128	128	0.20	B2_1NN_Oracle	2007	0.992188	0.000244	6.23
Suite_D_LowRank	128	128	0.20	B3_PolynomialDAM	2007	0.000000	0.287964	8734.87
Suite_D_LowRank	128	128	0.20	B4_ModernHopfield	2007	1.000000	0.000000	122.38
Suite_D_LowRank	128	128	0.20	Candidate_ModelC	2007	0.000000	0.291565	11201.77
Suite_D_LowRank	128	128	0.20	B0_Hebbian	2008	0.000000	0.308899	622.70
Suite_D_LowRank	128	128	0.20	B1_Pseudoinverse	2008	0.000000	0.279907	387.29
Suite_D_LowRank	128	128	0.20	B2_1NN_Oracle	2008	0.992188	0.000610	4.10
Suite_D_LowRank	128	128	0.20	B3_PolynomialDAM	2008	0.000000	0.278503	8909.21
Suite_D_LowRank	128	128	0.20	B4_ModernHopfield	2008	0.992188	0.000244	187.38
Suite_D_LowRank	128	128	0.20	Candidate_ModelC	2008	0.000000	0.282288	14127.41
Suite_D_LowRank	128	128	0.20	B0_Hebbian	2009	0.000000	0.264648	856.98
Suite_D_LowRank	128	128	0.20	B1_Pseudoinverse	2009	0.000000	0.259155	737.07
Suite_D_LowRank	128	128	0.20	B2_1NN_Oracle	2009	1.000000	0.000000	6.46
Suite_D_LowRank	128	128	0.20	B3_PolynomialDAM	2009	0.000000	0.305847	7662.89
Suite_D_LowRank	128	128	0.20	B4_ModernHopfield	2009	1.000000	0.000000	99.09
Suite_D_LowRank	128	128	0.20	Candidate_ModelC	2009	0.000000	0.314026	9510.64
Suite_D_LowRank	128	128	0.20	B0_Hebbian	2010	0.000000	0.291382	596.32
Suite_D_LowRank	128	128	0.20	B1_Pseudoinverse	2010	0.000000	0.271362	723.61
Suite_D_LowRank	128	128	0.20	B2_1NN_Oracle	2010	0.992188	0.000305	26.98
Suite_D_LowRank	128	128	0.20	B3_PolynomialDAM	2010	0.000000	0.306946	8351.21
Suite_D_LowRank	128	128	0.20	B4_ModernHopfield	2010	0.992188	0.000916	217.68
Suite_D_LowRank	128	128	0.20	Candidate_ModelC	2010	0.000000	0.301941	13029.23
Suite_D_LowRank	128	128	0.20	B0_Hebbian	2011	0.000000	0.226746	779.16
Suite_D_LowRank	128	128	0.20	B1_Pseudoinverse	2011	0.000000	0.262085	665.32
Suite_D_LowRank	128	128	0.20	B2_1NN_Oracle	2011	0.992188	0.000610	17.35
Suite_D_LowRank	128	128	0.20	B3_PolynomialDAM	2011	0.000000	0.254944	9810.20
Suite_D_LowRank	128	128	0.20	B4_ModernHopfield	2011	1.000000	0.000000	180.23
Suite_D_LowRank	128	128	0.20	Candidate_ModelC	2011	0.000000	0.243591	9440.19
Suite_D_LowRank	128	128	0.20	B0_Hebbian	2012	0.000000	0.266296	680.95
Suite_D_LowRank	128	128	0.20	B1_Pseudoinverse	2012	0.000000	0.253052	588.62
Suite_D_LowRank	128	128	0.20	B2_1NN_Oracle	2012	0.992188	0.000610	4.72
Suite_D_LowRank	128	128	0.20	B3_PolynomialDAM	2012	0.000000	0.299500	9511.66
Suite_D_LowRank	128	128	0.20	B4_ModernHopfield	2012	0.992188	0.001099	133.34
Suite_D_LowRank	128	128	0.20	Candidate_ModelC	2012	0.000000	0.290100	14175.15
Suite_D_LowRank	128	128	0.20	B0_Hebbian	2013	0.000000	0.338684	758.16
Suite_D_LowRank	128	128	0.20	B1_Pseudoinverse	2013	0.000000	0.273926	385.84
Suite_D_LowRank	128	128	0.20	B2_1NN_Oracle	2013	1.000000	0.000000	4.30
Suite_D_LowRank	128	128	0.20	B3_PolynomialDAM	2013	0.000000	0.270630	7253.52
Suite_D_LowRank	128	128	0.20	B4_ModernHopfield	2013	1.000000	0.000000	282.59
Suite_D_LowRank	128	128	0.20	Candidate_ModelC	2013	0.000000	0.282837	12331.44
Suite_D_LowRank	128	128	0.20	B0_Hebbian	2014	0.000000	0.282837	498.12
Suite_D_LowRank	128	128	0.20	B1_Pseudoinverse	2014	0.000000	0.267151	562.77
Suite_D_LowRank	128	128	0.20	B2_1NN_Oracle	2014	1.000000	0.000000	6.42
Suite_D_LowRank	128	128	0.20	B3_PolynomialDAM	2014	0.000000	0.276550	9652.23
Suite_D_LowRank	128	128	0.20	B4_ModernHopfield	2014	0.992188	0.001160	162.73
Suite_D_LowRank	128	128	0.20	Candidate_ModelC	2014	0.000000	0.278503	16112.65
Suite_D_LowRank	128	128	0.20	B0_Hebbian	2015	0.000000	0.226135	744.06
Suite_D_LowRank	128	128	0.20	B1_Pseudoinverse	2015	0.000000	0.266724	736.55
Suite_D_LowRank	128	128	0.20	B2_1NN_Oracle	2015	0.992188	0.000854	38.00
Suite_D_LowRank	128	128	0.20	B3_PolynomialDAM	2015	0.000000	0.232605	7016.45
Suite_D_LowRank	128	128	0.20	B4_ModernHopfield	2015	1.000000	0.000000	208.68
Suite_D_LowRank	128	128	0.20	Candidate_ModelC	2015	0.000000	0.238403	8392.41
Suite_D_LowRank	128	128	0.20	B0_Hebbian	2016	0.000000	0.302368	769.80
Suite_D_LowRank	128	128	0.20	B1_Pseudoinverse	2016	0.000000	0.270569	404.20
Suite_D_LowRank	128	128	0.20	B2_1NN_Oracle	2016	0.992188	0.001160	4.21
Suite_D_LowRank	128	128	0.20	B3_PolynomialDAM	2016	0.000000	0.280945	8177.90
Suite_D_LowRank	128	128	0.20	B4_ModernHopfield	2016	0.992188	0.001038	125.80
Suite_D_LowRank	128	128	0.20	Candidate_ModelC	2016	0.000000	0.279419	9476.63
Suite_D_LowRank	128	128	0.20	B0_Hebbian	2017	0.000000	0.237366	205.62
Suite_D_LowRank	128	128	0.20	B1_Pseudoinverse	2017	0.000000	0.273193	461.16
Suite_D_LowRank	128	128	0.20	B2_1NN_Oracle	2017	0.992188	0.001038	5.77
Suite_D_LowRank	128	128	0.20	B3_PolynomialDAM	2017	0.000000	0.279480	7867.02
Suite_D_LowRank	128	128	0.20	B4_ModernHopfield	2017	0.984375	0.001221	167.73
Suite_D_LowRank	128	128	0.20	Candidate_ModelC	2017	0.000000	0.288452	11603.56
Suite_D_LowRank	128	128	0.20	B0_Hebbian	2018	0.000000	0.245483	312.24
Suite_D_LowRank	128	128	0.20	B1_Pseudoinverse	2018	0.000000	0.267456	187.39
Suite_D_LowRank	128	128	0.20	B2_1NN_Oracle	2018	1.000000	0.000000	4.23
Suite_D_LowRank	128	128	0.20	B3_PolynomialDAM	2018	0.000000	0.249878	4186.62
Suite_D_LowRank	128	128	0.20	B4_ModernHopfield	2018	0.992188	0.001038	54.04
Suite_D_LowRank	128	128	0.20	Candidate_ModelC	2018	0.000000	0.249878	12116.91
Suite_D_LowRank	128	128	0.20	B0_Hebbian	2019	0.000000	0.253418	1061.20
Suite_D_LowRank	128	128	0.20	B1_Pseudoinverse	2019	0.000000	0.266907	705.35
Suite_D_LowRank	128	128	0.20	B2_1NN_Oracle	2019	1.000000	0.000000	4.12
Suite_D_LowRank	128	128	0.20	B3_PolynomialDAM	2019	0.000000	0.294617	7288.48
Suite_D_LowRank	128	128	0.20	B4_ModernHopfield	2019	1.000000	0.000000	187.82
Suite_D_LowRank	128	128	0.20	Candidate_ModelC	2019	0.000000	0.285522	9855.59
Suite_D_LowRank	128	128	0.20	B0_Hebbian	2020	0.000000	0.288147	1509.24
Suite_D_LowRank	128	128	0.20	B1_Pseudoinverse	2020	0.000000	0.250977	151.80
Suite_D_LowRank	128	128	0.20	B2_1NN_Oracle	2020	0.984375	0.001892	6.00
Suite_D_LowRank	128	128	0.20	B3_PolynomialDAM	2020	0.000000	0.268677	8235.33
Suite_D_LowRank	128	128	0.20	B4_ModernHopfield	2020	0.984375	0.001709	88.66
Suite_D_LowRank	128	128	0.20	Candidate_ModelC	2020	0.000000	0.277771	8513.80
Suite_D_LowRank	128	128	0.30	B0_Hebbian	2001	0.000000	0.286987	714.76
Suite_D_LowRank	128	128	0.30	B1_Pseudoinverse	2001	0.000000	0.348816	410.15
Suite_D_LowRank	128	128	0.30	B2_1NN_Oracle	2001	0.945312	0.013184	6.48
Suite_D_LowRank	128	128	0.30	B3_PolynomialDAM	2001	0.000000	0.297913	8576.17
Suite_D_LowRank	128	128	0.30	B4_ModernHopfield	2001	0.906250	0.020386	275.20
Suite_D_LowRank	128	128	0.30	Candidate_ModelC	2001	0.000000	0.300964	19624.71
Suite_D_LowRank	128	128	0.30	B0_Hebbian	2002	0.000000	0.329773	738.91
Suite_D_LowRank	128	128	0.30	B1_Pseudoinverse	2002	0.000000	0.347534	781.28
Suite_D_LowRank	128	128	0.30	B2_1NN_Oracle	2002	0.843750	0.037048	106.67
Suite_D_LowRank	128	128	0.30	B3_PolynomialDAM	2002	0.000000	0.269531	10101.98
Suite_D_LowRank	128	128	0.30	B4_ModernHopfield	2002	0.828125	0.034607	221.51
Suite_D_LowRank	128	128	0.30	Candidate_ModelC	2002	0.000000	0.265381	10982.48
Suite_D_LowRank	128	128	0.30	B0_Hebbian	2003	0.000000	0.327637	778.19
Suite_D_LowRank	128	128	0.30	B1_Pseudoinverse	2003	0.000000	0.359375	456.02
Suite_D_LowRank	128	128	0.30	B2_1NN_Oracle	2003	0.875000	0.022400	4.66
Suite_D_LowRank	128	128	0.30	B3_PolynomialDAM	2003	0.007812	0.271301	7427.48
Suite_D_LowRank	128	128	0.30	B4_ModernHopfield	2003	0.851562	0.032776	64.98
Suite_D_LowRank	128	128	0.30	Candidate_ModelC	2003	0.007812	0.263855	9634.62
Suite_D_LowRank	128	128	0.30	B0_Hebbian	2004	0.000000	0.303345	479.03
Suite_D_LowRank	128	128	0.30	B1_Pseudoinverse	2004	0.000000	0.341431	446.83
Suite_D_LowRank	128	128	0.30	B2_1NN_Oracle	2004	0.906250	0.021118	148.84
Suite_D_LowRank	128	128	0.30	B3_PolynomialDAM	2004	0.000000	0.311829	7655.88
Suite_D_LowRank	128	128	0.30	B4_ModernHopfield	2004	0.875000	0.028625	167.98
Suite_D_LowRank	128	128	0.30	Candidate_ModelC	2004	0.000000	0.318970	11743.76
Suite_D_LowRank	128	128	0.30	B0_Hebbian	2005	0.000000	0.301758	1108.32
Suite_D_LowRank	128	128	0.30	B1_Pseudoinverse	2005	0.000000	0.352844	779.57
Suite_D_LowRank	128	128	0.30	B2_1NN_Oracle	2005	0.898438	0.026001	28.58
Suite_D_LowRank	128	128	0.30	B3_PolynomialDAM	2005	0.000000	0.247131	9915.11
Suite_D_LowRank	128	128	0.30	B4_ModernHopfield	2005	0.882812	0.023926	199.38
Suite_D_LowRank	128	128	0.30	Candidate_ModelC	2005	0.000000	0.247498	18322.40
Suite_D_LowRank	128	128	0.30	B0_Hebbian	2006	0.000000	0.323730	1189.71
Suite_D_LowRank	128	128	0.30	B1_Pseudoinverse	2006	0.000000	0.343628	548.78
Suite_D_LowRank	128	128	0.30	B2_1NN_Oracle	2006	0.843750	0.038452	5.47
Suite_D_LowRank	128	128	0.30	B3_PolynomialDAM	2006	0.000000	0.290955	10914.66
Suite_D_LowRank	128	128	0.30	B4_ModernHopfield	2006	0.882812	0.026367	174.14
Suite_D_LowRank	128	128	0.30	Candidate_ModelC	2006	0.000000	0.276733	16502.84
Suite_D_LowRank	128	128	0.30	B0_Hebbian	2007	0.000000	0.296753	687.48
Suite_D_LowRank	128	128	0.30	B1_Pseudoinverse	2007	0.000000	0.338867	575.08
Suite_D_LowRank	128	128	0.30	B2_1NN_Oracle	2007	0.882812	0.017578	38.15
Suite_D_LowRank	128	128	0.30	B3_PolynomialDAM	2007	0.000000	0.304016	8222.68
Suite_D_LowRank	128	128	0.30	B4_ModernHopfield	2007	0.890625	0.029785	96.63
Suite_D_LowRank	128	128	0.30	Candidate_ModelC	2007	0.000000	0.322632	11646.95
Suite_D_LowRank	128	128	0.30	B0_Hebbian	2008	0.000000	0.326050	826.52
Suite_D_LowRank	128	128	0.30	B1_Pseudoinverse	2008	0.000000	0.354736	1081.30
Suite_D_LowRank	128	128	0.30	B2_1NN_Oracle	2008	0.906250	0.019897	6.53
Suite_D_LowRank	128	128	0.30	B3_PolynomialDAM	2008	0.000000	0.301819	6441.87
Suite_D_LowRank	128	128	0.30	B4_ModernHopfield	2008	0.859375	0.031372	153.83
Suite_D_LowRank	128	128	0.30	Candidate_ModelC	2008	0.000000	0.305298	12075.23
Suite_D_LowRank	128	128	0.30	B0_Hebbian	2009	0.000000	0.281372	330.09
Suite_D_LowRank	128	128	0.30	B1_Pseudoinverse	2009	0.000000	0.348328	278.55
Suite_D_LowRank	128	128	0.30	B2_1NN_Oracle	2009	0.890625	0.028931	6.54
Suite_D_LowRank	128	128	0.30	B3_PolynomialDAM	2009	0.000000	0.320923	6214.52
Suite_D_LowRank	128	128	0.30	B4_ModernHopfield	2009	0.875000	0.022400	99.45
Suite_D_LowRank	128	128	0.30	Candidate_ModelC	2009	0.000000	0.327759	13328.33
Suite_D_LowRank	128	128	0.30	B0_Hebbian	2010	0.000000	0.313965	1144.14
Suite_D_LowRank	128	128	0.30	B1_Pseudoinverse	2010	0.000000	0.345398	584.42
Suite_D_LowRank	128	128	0.30	B2_1NN_Oracle	2010	0.890625	0.025024	5.10
Suite_D_LowRank	128	128	0.30	B3_PolynomialDAM	2010	0.000000	0.329712	6948.98
Suite_D_LowRank	128	128	0.30	B4_ModernHopfield	2010	0.796875	0.054871	214.38
Suite_D_LowRank	128	128	0.30	Candidate_ModelC	2010	0.000000	0.315857	12039.20
Suite_D_LowRank	128	128	0.30	B0_Hebbian	2011	0.000000	0.252136	951.20
Suite_D_LowRank	128	128	0.30	B1_Pseudoinverse	2011	0.000000	0.341736	493.91
Suite_D_LowRank	128	128	0.30	B2_1NN_Oracle	2011	0.914062	0.022461	7.43
Suite_D_LowRank	128	128	0.30	B3_PolynomialDAM	2011	0.000000	0.278320	8078.23
Suite_D_LowRank	128	128	0.30	B4_ModernHopfield	2011	0.906250	0.024841	170.85
Suite_D_LowRank	128	128	0.30	Candidate_ModelC	2011	0.000000	0.266296	18598.45
Suite_D_LowRank	128	128	0.30	B0_Hebbian	2012	0.000000	0.285889	924.68
Suite_D_LowRank	128	128	0.30	B1_Pseudoinverse	2012	0.000000	0.343140	416.91
Suite_D_LowRank	128	128	0.30	B2_1NN_Oracle	2012	0.851562	0.033691	5.01
Suite_D_LowRank	128	128	0.30	B3_PolynomialDAM	2012	0.000000	0.318359	10494.19
Suite_D_LowRank	128	128	0.30	B4_ModernHopfield	2012	0.851562	0.033813	175.68
Suite_D_LowRank	128	128	0.30	Candidate_ModelC	2012	0.000000	0.314148	15996.79
Suite_D_LowRank	128	128	0.30	B0_Hebbian	2013	0.000000	0.346375	1436.70
Suite_D_LowRank	128	128	0.30	B1_Pseudoinverse	2013	0.000000	0.357117	458.51
Suite_D_LowRank	128	128	0.30	B2_1NN_Oracle	2013	0.929688	0.014099	4.86
Suite_D_LowRank	128	128	0.30	B3_PolynomialDAM	2013	0.000000	0.296753	7586.67
Suite_D_LowRank	128	128	0.30	B4_ModernHopfield	2013	0.835938	0.040100	99.72
Suite_D_LowRank	128	128	0.30	Candidate_ModelC	2013	0.000000	0.292786	9862.55
Suite_D_LowRank	128	128	0.30	B0_Hebbian	2014	0.000000	0.309631	645.88
Suite_D_LowRank	128	128	0.30	B1_Pseudoinverse	2014	0.000000	0.348999	453.93
Suite_D_LowRank	128	128	0.30	B2_1NN_Oracle	2014	0.882812	0.028625	6.58
Suite_D_LowRank	128	128	0.30	B3_PolynomialDAM	2014	0.000000	0.290466	8994.30
Suite_D_LowRank	128	128	0.30	B4_ModernHopfield	2014	0.851562	0.033997	369.80
Suite_D_LowRank	128	128	0.30	Candidate_ModelC	2014	0.000000	0.300476	17484.41
Suite_D_LowRank	128	128	0.30	B0_Hebbian	2015	0.000000	0.248718	679.47
Suite_D_LowRank	128	128	0.30	B1_Pseudoinverse	2015	0.000000	0.352112	965.87
Suite_D_LowRank	128	128	0.30	B2_1NN_Oracle	2015	0.859375	0.034180	6.16
Suite_D_LowRank	128	128	0.30	B3_PolynomialDAM	2015	0.000000	0.257324	11457.98
Suite_D_LowRank	128	128	0.30	B4_ModernHopfield	2015	0.890625	0.021362	318.62
Suite_D_LowRank	128	128	0.30	Candidate_ModelC	2015	0.000000	0.265137	16374.14
Suite_D_LowRank	128	128	0.30	B0_Hebbian	2016	0.000000	0.322937	975.01
Suite_D_LowRank	128	128	0.30	B1_Pseudoinverse	2016	0.000000	0.349121	859.41
Suite_D_LowRank	128	128	0.30	B2_1NN_Oracle	2016	0.859375	0.031982	16.50
Suite_D_LowRank	128	128	0.30	B3_PolynomialDAM	2016	0.000000	0.296814	8503.27
Suite_D_LowRank	128	128	0.30	B4_ModernHopfield	2016	0.875000	0.033020	308.12
Suite_D_LowRank	128	128	0.30	Candidate_ModelC	2016	0.000000	0.287170	14422.18
Suite_D_LowRank	128	128	0.30	B0_Hebbian	2017	0.000000	0.257996	976.02
Suite_D_LowRank	128	128	0.30	B1_Pseudoinverse	2017	0.000000	0.353027	655.23
Suite_D_LowRank	128	128	0.30	B2_1NN_Oracle	2017	0.882812	0.030762	7.14
Suite_D_LowRank	128	128	0.30	B3_PolynomialDAM	2017	0.000000	0.302734	10502.89
Suite_D_LowRank	128	128	0.30	B4_ModernHopfield	2017	0.851562	0.030396	97.05
Suite_D_LowRank	128	128	0.30	Candidate_ModelC	2017	0.000000	0.300171	10948.61
Suite_D_LowRank	128	128	0.30	B0_Hebbian	2018	0.000000	0.266418	530.25
Suite_D_LowRank	128	128	0.30	B1_Pseudoinverse	2018	0.000000	0.361511	232.65
Suite_D_LowRank	128	128	0.30	B2_1NN_Oracle	2018	0.890625	0.028625	6.31
Suite_D_LowRank	128	128	0.30	B3_PolynomialDAM	2018	0.000000	0.269836	8761.88
Suite_D_LowRank	128	128	0.30	B4_ModernHopfield	2018	0.875000	0.027344	158.77
Suite_D_LowRank	128	128	0.30	Candidate_ModelC	2018	0.000000	0.265198	8791.12
Suite_D_LowRank	128	128	0.30	B0_Hebbian	2019	0.000000	0.283813	555.02
Suite_D_LowRank	128	128	0.30	B1_Pseudoinverse	2019	0.000000	0.354919	749.66
Suite_D_LowRank	128	128	0.30	B2_1NN_Oracle	2019	0.867188	0.027588	4.39
Suite_D_LowRank	128	128	0.30	B3_PolynomialDAM	2019	0.000000	0.304504	8439.95
Suite_D_LowRank	128	128	0.30	B4_ModernHopfield	2019	0.914062	0.015320	215.90
Suite_D_LowRank	128	128	0.30	Candidate_ModelC	2019	0.000000	0.296143	12029.57
Suite_D_LowRank	128	128	0.30	B0_Hebbian	2020	0.007812	0.296265	1092.80
Suite_D_LowRank	128	128	0.30	B1_Pseudoinverse	2020	0.000000	0.340088	654.64
Suite_D_LowRank	128	128	0.30	B2_1NN_Oracle	2020	0.843750	0.032532	5.95
Suite_D_LowRank	128	128	0.30	B3_PolynomialDAM	2020	0.000000	0.286621	12305.62
Suite_D_LowRank	128	128	0.30	B4_ModernHopfield	2020	0.890625	0.023071	257.47
Suite_D_LowRank	128	128	0.30	Candidate_ModelC	2020	0.000000	0.290771	19438.09
Suite_D_LowRank	128	128	0.40	B0_Hebbian	2001	0.000000	0.357788	1639.20
Suite_D_LowRank	128	128	0.40	B1_Pseudoinverse	2001	0.000000	0.422668	699.64
Suite_D_LowRank	128	128	0.40	B2_1NN_Oracle	2001	0.398438	0.206482	5.13
Suite_D_LowRank	128	128	0.40	B3_PolynomialDAM	2001	0.000000	0.378601	12093.20
Suite_D_LowRank	128	128	0.40	B4_ModernHopfield	2001	0.250000	0.255127	415.66
Suite_D_LowRank	128	128	0.40	Candidate_ModelC	2001	0.000000	0.361450	21735.55
Suite_D_LowRank	128	128	0.40	B0_Hebbian	2002	0.000000	0.382019	767.17
Suite_D_LowRank	128	128	0.40	B1_Pseudoinverse	2002	0.000000	0.421021	229.34
Suite_D_LowRank	128	128	0.40	B2_1NN_Oracle	2002	0.304688	0.240662	11.99
Suite_D_LowRank	128	128	0.40	B3_PolynomialDAM	2002	0.000000	0.363770	10679.94
Suite_D_LowRank	128	128	0.40	B4_ModernHopfield	2002	0.273438	0.248840	270.92
Suite_D_LowRank	128	128	0.40	Candidate_ModelC	2002	0.000000	0.341736	13472.98
Suite_D_LowRank	128	128	0.40	B0_Hebbian	2003	0.000000	0.372375	700.11
Suite_D_LowRank	128	128	0.40	B1_Pseudoinverse	2003	0.000000	0.430420	348.48
Suite_D_LowRank	128	128	0.40	B2_1NN_Oracle	2003	0.367188	0.209351	6.75
Suite_D_LowRank	128	128	0.40	B3_PolynomialDAM	2003	0.000000	0.368530	8446.19
Suite_D_LowRank	128	128	0.40	B4_ModernHopfield	2003	0.265625	0.242310	124.34
Suite_D_LowRank	128	128	0.40	Candidate_ModelC	2003	0.007812	0.334106	19637.23
Suite_D_LowRank	128	128	0.40	B0_Hebbian	2004	0.000000	0.379456	1811.40
Suite_D_LowRank	128	128	0.40	B1_Pseudoinverse	2004	0.000000	0.420959	1061.88
Suite_D_LowRank	128	128	0.40	B2_1NN_Oracle	2004	0.296875	0.245239	132.68
Suite_D_LowRank	128	128	0.40	B3_PolynomialDAM	2004	0.000000	0.374023	15877.23
Suite_D_LowRank	128	128	0.40	B4_ModernHopfield	2004	0.296875	0.250488	385.63
Suite_D_LowRank	128	128	0.40	Candidate_ModelC	2004	0.000000	0.379822	21962.73
Suite_D_LowRank	128	128	0.40	B0_Hebbian	2005	0.000000	0.366821	680.66
Suite_D_LowRank	128	128	0.40	B1_Pseudoinverse	2005	0.000000	0.428406	429.60
Suite_D_LowRank	128	128	0.40	B2_1NN_Oracle	2005	0.343750	0.218506	29.67
Suite_D_LowRank	128	128	0.40	B3_PolynomialDAM	2005	0.000000	0.351807	11707.30
Suite_D_LowRank	128	128	0.40	B4_ModernHopfield	2005	0.289062	0.256714	320.58
Suite_D_LowRank	128	128	0.40	Candidate_ModelC	2005	0.000000	0.335022	10410.36
Suite_D_LowRank	128	128	0.40	B0_Hebbian	2006	0.000000	0.376587	1769.13
Suite_D_LowRank	128	128	0.40	B1_Pseudoinverse	2006	0.000000	0.424561	589.71
Suite_D_LowRank	128	128	0.40	B2_1NN_Oracle	2006	0.257812	0.258728	4.67
Suite_D_LowRank	128	128	0.40	B3_PolynomialDAM	2006	0.000000	0.359131	9256.84
Suite_D_LowRank	128	128	0.40	B4_ModernHopfield	2006	0.257812	0.231995	98.65
Suite_D_LowRank	128	128	0.40	Candidate_ModelC	2006	0.000000	0.356567	11922.22
Suite_D_LowRank	128	128	0.40	B0_Hebbian	2007	0.000000	0.343750	1044.48
Suite_D_LowRank	128	128	0.40	B1_Pseudoinverse	2007	0.000000	0.418884	565.00
Suite_D_LowRank	128	128	0.40	B2_1NN_Oracle	2007	0.289062	0.250061	50.67
Suite_D_LowRank	128	128	0.40	B3_PolynomialDAM	2007	0.000000	0.371338	7452.16
Suite_D_LowRank	128	128	0.40	B4_ModernHopfield	2007	0.328125	0.226929	121.43
Suite_D_LowRank	128	128	0.40	Candidate_ModelC	2007	0.000000	0.376404	14709.39
Suite_D_LowRank	128	128	0.40	B0_Hebbian	2008	0.000000	0.363586	1032.96
Suite_D_LowRank	128	128	0.40	B1_Pseudoinverse	2008	0.000000	0.432068	787.50
Suite_D_LowRank	128	128	0.40	B2_1NN_Oracle	2008	0.335938	0.232544	5.18
Suite_D_LowRank	128	128	0.40	B3_PolynomialDAM	2008	0.000000	0.377197	11555.71
Suite_D_LowRank	128	128	0.40	B4_ModernHopfield	2008	0.304688	0.240479	494.45
Suite_D_LowRank	128	128	0.40	Candidate_ModelC	2008	0.000000	0.390015	19565.64
Suite_D_LowRank	128	128	0.40	B0_Hebbian	2009	0.000000	0.340576	836.76
Suite_D_LowRank	128	128	0.40	B1_Pseudoinverse	2009	0.000000	0.419434	816.79
Suite_D_LowRank	128	128	0.40	B2_1NN_Oracle	2009	0.242188	0.264954	5.45
Suite_D_LowRank	128	128	0.40	B3_PolynomialDAM	2009	0.000000	0.382202	14406.98
Suite_D_LowRank	128	128	0.40	B4_ModernHopfield	2009	0.281250	0.244507	321.23
Suite_D_LowRank	128	128	0.40	Candidate_ModelC	2009	0.000000	0.380005	22611.62
Suite_D_LowRank	128	128	0.40	B0_Hebbian	2010	0.000000	0.372437	1405.83
Suite_D_LowRank	128	128	0.40	B1_Pseudoinverse	2010	0.000000	0.424133	877.16
Suite_D_LowRank	128	128	0.40	B2_1NN_Oracle	2010	0.281250	0.236450	6.55
Suite_D_LowRank	128	128	0.40	B3_PolynomialDAM	2010	0.000000	0.386902	11095.83
Suite_D_LowRank	128	128	0.40	B4_ModernHopfield	2010	0.250000	0.274292	243.98
Suite_D_LowRank	128	128	0.40	Candidate_ModelC	2010	0.000000	0.384033	23283.74
Suite_D_LowRank	128	128	0.40	B0_Hebbian	2011	0.000000	0.345398	1518.02
Suite_D_LowRank	128	128	0.40	B1_Pseudoinverse	2011	0.000000	0.421753	767.32
Suite_D_LowRank	128	128	0.40	B2_1NN_Oracle	2011	0.328125	0.242920	4.62
Suite_D_LowRank	128	128	0.40	B3_PolynomialDAM	2011	0.000000	0.359314	10177.64
Suite_D_LowRank	128	128	0.40	B4_ModernHopfield	2011	0.335938	0.221252	268.09
Suite_D_LowRank	128	128	0.40	Candidate_ModelC	2011	0.000000	0.345459	17521.44
Suite_D_LowRank	128	128	0.40	B0_Hebbian	2012	0.000000	0.331604	818.41
Suite_D_LowRank	128	128	0.40	B1_Pseudoinverse	2012	0.000000	0.416626	956.88
Suite_D_LowRank	128	128	0.40	B2_1NN_Oracle	2012	0.195312	0.265625	6.58
Suite_D_LowRank	128	128	0.40	B3_PolynomialDAM	2012	0.000000	0.377197	11288.23
Suite_D_LowRank	128	128	0.40	B4_ModernHopfield	2012	0.226562	0.260559	211.32
Suite_D_LowRank	128	128	0.40	Candidate_ModelC	2012	0.000000	0.374207	18514.98
Suite_D_LowRank	128	128	0.40	B0_Hebbian	2013	0.000000	0.380798	1440.00
Suite_D_LowRank	128	128	0.40	B1_Pseudoinverse	2013	0.000000	0.428650	722.02
Suite_D_LowRank	128	128	0.40	B2_1NN_Oracle	2013	0.320312	0.252991	7.03
Suite_D_LowRank	128	128	0.40	B3_PolynomialDAM	2013	0.000000	0.350159	10586.93
Suite_D_LowRank	128	128	0.40	B4_ModernHopfield	2013	0.265625	0.253479	270.93
Suite_D_LowRank	128	128	0.40	Candidate_ModelC	2013	0.000000	0.340759	17665.07
Suite_D_LowRank	128	128	0.40	B0_Hebbian	2014	0.000000	0.354919	948.66
Suite_D_LowRank	128	128	0.40	B1_Pseudoinverse	2014	0.000000	0.424194	748.84
Suite_D_LowRank	128	128	0.40	B2_1NN_Oracle	2014	0.304688	0.243713	4.66
Suite_D_LowRank	128	128	0.40	B3_PolynomialDAM	2014	0.000000	0.392212	11642.98
Suite_D_LowRank	128	128	0.40	B4_ModernHopfield	2014	0.281250	0.247009	196.30
Suite_D_LowRank	128	128	0.40	Candidate_ModelC	2014	0.000000	0.378906	15228.05
Suite_D_LowRank	128	128	0.40	B0_Hebbian	2015	0.000000	0.317932	1100.00
Suite_D_LowRank	128	128	0.40	B1_Pseudoinverse	2015	0.000000	0.420227	755.17
Suite_D_LowRank	128	128	0.40	B2_1NN_Oracle	2015	0.304688	0.238953	5.73
Suite_D_LowRank	128	128	0.40	B3_PolynomialDAM	2015	0.000000	0.346375	11042.45
Suite_D_LowRank	128	128	0.40	B4_ModernHopfield	2015	0.281250	0.247253	334.45
Suite_D_LowRank	128	128	0.40	Candidate_ModelC	2015	0.000000	0.352966	14204.56
Suite_D_LowRank	128	128	0.40	B0_Hebbian	2016	0.000000	0.368103	634.53
Suite_D_LowRank	128	128	0.40	B1_Pseudoinverse	2016	0.000000	0.427490	638.12
Suite_D_LowRank	128	128	0.40	B2_1NN_Oracle	2016	0.375000	0.201538	6.70
Suite_D_LowRank	128	128	0.40	B3_PolynomialDAM	2016	0.000000	0.344849	8354.62
Suite_D_LowRank	128	128	0.40	B4_ModernHopfield	2016	0.289062	0.251587	359.09
Suite_D_LowRank	128	128	0.40	Candidate_ModelC	2016	0.000000	0.347351	12372.52
Suite_D_LowRank	128	128	0.40	B0_Hebbian	2017	0.000000	0.333740	697.65
Suite_D_LowRank	128	128	0.40	B1_Pseudoinverse	2017	0.000000	0.426208	928.69
Suite_D_LowRank	128	128	0.40	B2_1NN_Oracle	2017	0.335938	0.229614	6.88
Suite_D_LowRank	128	128	0.40	B3_PolynomialDAM	2017	0.000000	0.376282	11448.52
Suite_D_LowRank	128	128	0.40	B4_ModernHopfield	2017	0.187500	0.276489	309.64
Suite_D_LowRank	128	128	0.40	Candidate_ModelC	2017	0.000000	0.374451	11123.66
Suite_D_LowRank	128	128	0.40	B0_Hebbian	2018	0.000000	0.340393	404.92
Suite_D_LowRank	128	128	0.40	B1_Pseudoinverse	2018	0.000000	0.429443	172.69
Suite_D_LowRank	128	128	0.40	B2_1NN_Oracle	2018	0.312500	0.246765	5.42
Suite_D_LowRank	128	128	0.40	B3_PolynomialDAM	2018	0.000000	0.351746	7195.55
Suite_D_LowRank	128	128	0.40	B4_ModernHopfield	2018	0.281250	0.245422	197.40
Suite_D_LowRank	128	128	0.40	Candidate_ModelC	2018	0.000000	0.333984	14930.34
Suite_D_LowRank	128	128	0.40	B0_Hebbian	2019	0.000000	0.365906	512.44
Suite_D_LowRank	128	128	0.40	B1_Pseudoinverse	2019	0.000000	0.427124	611.85
Suite_D_LowRank	128	128	0.40	B2_1NN_Oracle	2019	0.328125	0.218689	100.59
Suite_D_LowRank	128	128	0.40	B3_PolynomialDAM	2019	0.000000	0.378540	8194.50
Suite_D_LowRank	128	128	0.40	B4_ModernHopfield	2019	0.265625	0.237122	218.24
Suite_D_LowRank	128	128	0.40	Candidate_ModelC	2019	0.000000	0.367981	12789.41
Suite_D_LowRank	128	128	0.40	B0_Hebbian	2020	0.000000	0.349548	1517.46
Suite_D_LowRank	128	128	0.40	B1_Pseudoinverse	2020	0.000000	0.424316	529.53
Suite_D_LowRank	128	128	0.40	B2_1NN_Oracle	2020	0.312500	0.248291	4.76
Suite_D_LowRank	128	128	0.40	B3_PolynomialDAM	2020	0.000000	0.364868	9417.04
Suite_D_LowRank	128	128	0.40	B4_ModernHopfield	2020	0.234375	0.264282	120.66
Suite_D_LowRank	128	128	0.40	Candidate_ModelC	2020	0.000000	0.342041	7755.28
Suite_E_Adversarial	128	32	0.10	B0_Hebbian	2001	0.250000	0.010254	599.84
Suite_E_Adversarial	128	32	0.10	B1_Pseudoinverse	2001	0.312500	0.017090	424.91
Suite_E_Adversarial	128	32	0.10	B2_1NN_Oracle	2001	0.875000	0.001953	1.69
Suite_E_Adversarial	128	32	0.10	B3_PolynomialDAM	2001	0.500000	0.007324	1599.88
Suite_E_Adversarial	128	32	0.10	B4_ModernHopfield	2001	0.906250	0.001221	24.59
Suite_E_Adversarial	128	32	0.10	Candidate_ModelC	2001	0.562500	0.006348	5788.31
Suite_E_Adversarial	128	32	0.10	B0_Hebbian	2002	0.218750	0.008789	581.91
Suite_E_Adversarial	128	32	0.10	B1_Pseudoinverse	2002	0.468750	0.010742	429.81
Suite_E_Adversarial	128	32	0.10	B2_1NN_Oracle	2002	0.781250	0.003418	2.22
Suite_E_Adversarial	128	32	0.10	B3_PolynomialDAM	2002	0.312500	0.008301	1411.97
Suite_E_Adversarial	128	32	0.10	B4_ModernHopfield	2002	0.812500	0.001953	22.34
Suite_E_Adversarial	128	32	0.10	Candidate_ModelC	2002	0.375000	0.007324	3671.81
Suite_E_Adversarial	128	32	0.10	B0_Hebbian	2003	0.250000	0.011230	660.28
Suite_E_Adversarial	128	32	0.10	B1_Pseudoinverse	2003	0.250000	0.018066	243.72
Suite_E_Adversarial	128	32	0.10	B2_1NN_Oracle	2003	0.843750	0.002441	1.62
Suite_E_Adversarial	128	32	0.10	B3_PolynomialDAM	2003	0.437500	0.007812	1284.56
Suite_E_Adversarial	128	32	0.10	B4_ModernHopfield	2003	0.937500	0.000977	25.59
Suite_E_Adversarial	128	32	0.10	Candidate_ModelC	2003	0.437500	0.007812	3842.72
Suite_E_Adversarial	128	32	0.10	B0_Hebbian	2004	0.093750	0.022705	381.53
Suite_E_Adversarial	128	32	0.10	B1_Pseudoinverse	2004	0.468750	0.011230	278.53
Suite_E_Adversarial	128	32	0.10	B2_1NN_Oracle	2004	0.968750	0.000488	2.25
Suite_E_Adversarial	128	32	0.10	B3_PolynomialDAM	2004	0.406250	0.006836	907.94
Suite_E_Adversarial	128	32	0.10	B4_ModernHopfield	2004	0.781250	0.002686	25.31
Suite_E_Adversarial	128	32	0.10	Candidate_ModelC	2004	0.343750	0.007812	2659.38
Suite_E_Adversarial	128	32	0.10	B0_Hebbian	2005	0.250000	0.011719	408.81
Suite_E_Adversarial	128	32	0.10	B1_Pseudoinverse	2005	0.343750	0.019043	263.66
Suite_E_Adversarial	128	32	0.10	B2_1NN_Oracle	2005	1.000000	0.000000	1.62
Suite_E_Adversarial	128	32	0.10	B3_PolynomialDAM	2005	0.500000	0.006836	1094.69
Suite_E_Adversarial	128	32	0.10	B4_ModernHopfield	2005	0.906250	0.000977	64.06
Suite_E_Adversarial	128	32	0.10	Candidate_ModelC	2005	0.531250	0.006348	4361.94
Suite_E_Adversarial	128	32	0.10	B0_Hebbian	2006	0.156250	0.011719	390.28
Suite_E_Adversarial	128	32	0.10	B1_Pseudoinverse	2006	0.281250	0.017578	482.72
Suite_E_Adversarial	128	32	0.10	B2_1NN_Oracle	2006	0.843750	0.002441	1.62
Suite_E_Adversarial	128	32	0.10	B3_PolynomialDAM	2006	0.375000	0.007324	1284.50
Suite_E_Adversarial	128	32	0.10	B4_ModernHopfield	2006	0.843750	0.001709	14.84
Suite_E_Adversarial	128	32	0.10	Candidate_ModelC	2006	0.375000	0.007324	5702.84
Suite_E_Adversarial	128	32	0.10	B0_Hebbian	2007	0.218750	0.010010	100.00
Suite_E_Adversarial	128	32	0.10	B1_Pseudoinverse	2007	0.437500	0.013672	226.19
Suite_E_Adversarial	128	32	0.10	B2_1NN_Oracle	2007	0.875000	0.001953	1.69
Suite_E_Adversarial	128	32	0.10	B3_PolynomialDAM	2007	0.406250	0.007812	772.19
Suite_E_Adversarial	128	32	0.10	B4_ModernHopfield	2007	0.781250	0.002686	146.59
Suite_E_Adversarial	128	32	0.10	Candidate_ModelC	2007	0.468750	0.006836	3451.50
Suite_E_Adversarial	128	32	0.10	B0_Hebbian	2008	0.187500	0.007568	398.59
Suite_E_Adversarial	128	32	0.10	B1_Pseudoinverse	2008	0.375000	0.012207	236.81
Suite_E_Adversarial	128	32	0.10	B2_1NN_Oracle	2008	0.812500	0.002930	2.16
Suite_E_Adversarial	128	32	0.10	B3_PolynomialDAM	2008	0.468750	0.007324	860.97
Suite_E_Adversarial	128	32	0.10	B4_ModernHopfield	2008	0.875000	0.001953	23.66
Suite_E_Adversarial	128	32	0.10	Candidate_ModelC	2008	0.437500	0.007812	2189.81
Suite_E_Adversarial	128	32	0.10	B0_Hebbian	2009	0.250000	0.013184	421.09
Suite_E_Adversarial	128	32	0.10	B1_Pseudoinverse	2009	0.625000	0.008789	322.59
Suite_E_Adversarial	128	32	0.10	B2_1NN_Oracle	2009	0.906250	0.001465	2.16
Suite_E_Adversarial	128	32	0.10	B3_PolynomialDAM	2009	0.281250	0.008301	848.75
Suite_E_Adversarial	128	32	0.10	B4_ModernHopfield	2009	0.875000	0.001221	22.47
Suite_E_Adversarial	128	32	0.10	Candidate_ModelC	2009	0.312500	0.007812	2883.31
Suite_E_Adversarial	128	32	0.10	B0_Hebbian	2010	0.125000	0.030029	255.12
Suite_E_Adversarial	128	32	0.10	B1_Pseudoinverse	2010	0.218750	0.017578	229.78
Suite_E_Adversarial	128	32	0.10	B2_1NN_Oracle	2010	0.968750	0.000488	1.69
Suite_E_Adversarial	128	32	0.10	B3_PolynomialDAM	2010	0.437500	0.007812	545.66
Suite_E_Adversarial	128	32	0.10	B4_ModernHopfield	2010	0.875000	0.001465	16.44
Suite_E_Adversarial	128	32	0.10	Candidate_ModelC	2010	0.437500	0.007812	2791.31
Suite_E_Adversarial	128	32	0.10	B0_Hebbian	2011	0.281250	0.010498	519.66
Suite_E_Adversarial	128	32	0.10	B1_Pseudoinverse	2011	0.312500	0.013672	94.12
Suite_E_Adversarial	128	32	0.10	B2_1NN_Oracle	2011	0.843750	0.002441	1.69
Suite_E_Adversarial	128	32	0.10	B3_PolynomialDAM	2011	0.406250	0.007812	1643.22
Suite_E_Adversarial	128	32	0.10	B4_ModernHopfield	2011	0.843750	0.001953	122.66
Suite_E_Adversarial	128	32	0.10	Candidate_ModelC	2011	0.468750	0.006836	5501.34
Suite_E_Adversarial	128	32	0.10	B0_Hebbian	2012	0.156250	0.016846	489.31
Suite_E_Adversarial	128	32	0.10	B1_Pseudoinverse	2012	0.312500	0.015625	705.44
Suite_E_Adversarial	128	32	0.10	B2_1NN_Oracle	2012	0.781250	0.003418	2.62
Suite_E_Adversarial	128	32	0.10	B3_PolynomialDAM	2012	0.406250	0.007812	1506.69
Suite_E_Adversarial	128	32	0.10	B4_ModernHopfield	2012	0.843750	0.001465	22.72
Suite_E_Adversarial	128	32	0.10	Candidate_ModelC	2012	0.406250	0.007812	4065.38
Suite_E_Adversarial	128	32	0.10	B0_Hebbian	2013	0.187500	0.012939	286.81
Suite_E_Adversarial	128	32	0.10	B1_Pseudoinverse	2013	0.406250	0.015137	348.44
Suite_E_Adversarial	128	32	0.10	B2_1NN_Oracle	2013	0.843750	0.002441	1.59
Suite_E_Adversarial	128	32	0.10	B3_PolynomialDAM	2013	0.281250	0.007324	924.06
Suite_E_Adversarial	128	32	0.10	B4_ModernHopfield	2013	0.875000	0.001221	13.12
Suite_E_Adversarial	128	32	0.10	Candidate_ModelC	2013	0.250000	0.007812	5435.72
Suite_E_Adversarial	128	32	0.10	B0_Hebbian	2014	0.187500	0.033936	372.88
Suite_E_Adversarial	128	32	0.10	B1_Pseudoinverse	2014	0.343750	0.016602	157.09
Suite_E_Adversarial	128	32	0.10	B2_1NN_Oracle	2014	0.843750	0.002441	199.47
Suite_E_Adversarial	128	32	0.10	B3_PolynomialDAM	2014	0.406250	0.007812	675.09
Suite_E_Adversarial	128	32	0.10	B4_ModernHopfield	2014	0.812500	0.002686	14.50
Suite_E_Adversarial	128	32	0.10	Candidate_ModelC	2014	0.406250	0.007812	5034.09
Suite_E_Adversarial	128	32	0.10	B0_Hebbian	2015	0.187500	0.038330	310.62
Suite_E_Adversarial	128	32	0.10	B1_Pseudoinverse	2015	0.281250	0.015137	304.78
Suite_E_Adversarial	128	32	0.10	B2_1NN_Oracle	2015	0.906250	0.001465	1.59
Suite_E_Adversarial	128	32	0.10	B3_PolynomialDAM	2015	0.437500	0.007324	668.22
Suite_E_Adversarial	128	32	0.10	B4_ModernHopfield	2015	0.781250	0.002930	24.62
Suite_E_Adversarial	128	32	0.10	Candidate_ModelC	2015	0.531250	0.005859	3263.78
Suite_E_Adversarial	128	32	0.10	B0_Hebbian	2016	0.156250	0.009521	464.88
Suite_E_Adversarial	128	32	0.10	B1_Pseudoinverse	2016	0.343750	0.013184	431.50
Suite_E_Adversarial	128	32	0.10	B2_1NN_Oracle	2016	0.937500	0.000977	1.75
Suite_E_Adversarial	128	32	0.10	B3_PolynomialDAM	2016	0.375000	0.007812	864.75
Suite_E_Adversarial	128	32	0.10	B4_ModernHopfield	2016	0.781250	0.002441	12.81
Suite_E_Adversarial	128	32	0.10	Candidate_ModelC	2016	0.375000	0.007812	4870.91
Suite_E_Adversarial	128	32	0.10	B0_Hebbian	2017	0.218750	0.018066	458.69
Suite_E_Adversarial	128	32	0.10	B1_Pseudoinverse	2017	0.500000	0.011719	402.72
Suite_E_Adversarial	128	32	0.10	B2_1NN_Oracle	2017	0.937500	0.000977	1.59
Suite_E_Adversarial	128	32	0.10	B3_PolynomialDAM	2017	0.375000	0.007324	869.59
Suite_E_Adversarial	128	32	0.10	B4_ModernHopfield	2017	0.812500	0.001953	104.38
Suite_E_Adversarial	128	32	0.10	Candidate_ModelC	2017	0.375000	0.007324	3152.72
Suite_E_Adversarial	128	32	0.10	B0_Hebbian	2018	0.031250	0.064697	152.88
Suite_E_Adversarial	128	32	0.10	B1_Pseudoinverse	2018	0.406250	0.016113	137.19
Suite_E_Adversarial	128	32	0.10	B2_1NN_Oracle	2018	0.937500	0.000977	2.19
Suite_E_Adversarial	128	32	0.10	B3_PolynomialDAM	2018	0.375000	0.007324	508.12
Suite_E_Adversarial	128	32	0.10	B4_ModernHopfield	2018	0.781250	0.002441	42.16
Suite_E_Adversarial	128	32	0.10	Candidate_ModelC	2018	0.375000	0.007324	1646.12
Suite_E_Adversarial	128	32	0.10	B0_Hebbian	2019	0.125000	0.033691	386.72
Suite_E_Adversarial	128	32	0.10	B1_Pseudoinverse	2019	0.281250	0.016113	264.06
Suite_E_Adversarial	128	32	0.10	B2_1NN_Oracle	2019	0.906250	0.001465	2.22
Suite_E_Adversarial	128	32	0.10	B3_PolynomialDAM	2019	0.187500	0.007812	1237.19
Suite_E_Adversarial	128	32	0.10	B4_ModernHopfield	2019	0.843750	0.001953	12.59
Suite_E_Adversarial	128	32	0.10	Candidate_ModelC	2019	0.218750	0.007324	4766.84
Suite_E_Adversarial	128	32	0.10	B0_Hebbian	2020	0.093750	0.029297	684.91
Suite_E_Adversarial	128	32	0.10	B1_Pseudoinverse	2020	0.375000	0.015137	336.84
Suite_E_Adversarial	128	32	0.10	B2_1NN_Oracle	2020	0.875000	0.001953	1.75
Suite_E_Adversarial	128	32	0.10	B3_PolynomialDAM	2020	0.437500	0.007324	1669.75
Suite_E_Adversarial	128	32	0.10	B4_ModernHopfield	2020	0.812500	0.002197	22.03
Suite_E_Adversarial	128	32	0.10	Candidate_ModelC	2020	0.468750	0.006836	4442.25
Suite_E_Adversarial	128	32	0.20	B0_Hebbian	2001	0.250000	0.043701	592.31
Suite_E_Adversarial	128	32	0.20	B1_Pseudoinverse	2001	0.062500	0.031738	535.59
Suite_E_Adversarial	128	32	0.20	B2_1NN_Oracle	2001	0.750000	0.003906	2.50
Suite_E_Adversarial	128	32	0.20	B3_PolynomialDAM	2001	0.468750	0.007812	2013.94
Suite_E_Adversarial	128	32	0.20	B4_ModernHopfield	2001	0.781250	0.003418	81.41
Suite_E_Adversarial	128	32	0.20	Candidate_ModelC	2001	0.593750	0.005859	5169.22
Suite_E_Adversarial	128	32	0.20	B0_Hebbian	2002	0.156250	0.028809	285.12
Suite_E_Adversarial	128	32	0.20	B1_Pseudoinverse	2002	0.093750	0.035156	753.72
Suite_E_Adversarial	128	32	0.20	B2_1NN_Oracle	2002	0.718750	0.004395	1.88
Suite_E_Adversarial	128	32	0.20	B3_PolynomialDAM	2002	0.312500	0.008301	1596.12
Suite_E_Adversarial	128	32	0.20	B4_ModernHopfield	2002	0.687500	0.003662	23.56
Suite_E_Adversarial	128	32	0.20	Candidate_ModelC	2002	0.343750	0.007812	5492.81
Suite_E_Adversarial	128	32	0.20	B0_Hebbian	2003	0.187500	0.041016	325.16
Suite_E_Adversarial	128	32	0.20	B1_Pseudoinverse	2003	0.000000	0.047607	639.81
Suite_E_Adversarial	128	32	0.20	B2_1NN_Oracle	2003	0.750000	0.003906	2.31
Suite_E_Adversarial	128	32	0.20	B3_PolynomialDAM	2003	0.437500	0.007812	1145.69
Suite_E_Adversarial	128	32	0.20	B4_ModernHopfield	2003	0.812500	0.002686	13.81
Suite_E_Adversarial	128	32	0.20	Candidate_ModelC	2003	0.437500	0.007812	2855.38
Suite_E_Adversarial	128	32	0.20	B0_Hebbian	2004	0.062500	0.040039	370.09
Suite_E_Adversarial	128	32	0.20	B1_Pseudoinverse	2004	0.187500	0.029297	266.34
Suite_E_Adversarial	128	32	0.20	B2_1NN_Oracle	2004	0.875000	0.001953	1.97
Suite_E_Adversarial	128	32	0.20	B3_PolynomialDAM	2004	0.406250	0.006836	746.69
Suite_E_Adversarial	128	32	0.20	B4_ModernHopfield	2004	0.625000	0.003662	140.00
Suite_E_Adversarial	128	32	0.20	Candidate_ModelC	2004	0.343750	0.007812	1999.41
Suite_E_Adversarial	128	32	0.20	B0_Hebbian	2005	0.156250	0.039795	268.97
Suite_E_Adversarial	128	32	0.20	B1_Pseudoinverse	2005	0.062500	0.041748	271.75
Suite_E_Adversarial	128	32	0.20	B2_1NN_Oracle	2005	0.843750	0.002441	1.88
Suite_E_Adversarial	128	32	0.20	B3_PolynomialDAM	2005	0.500000	0.006836	634.50
Suite_E_Adversarial	128	32	0.20	B4_ModernHopfield	2005	0.781250	0.002441	14.28
Suite_E_Adversarial	128	32	0.20	Candidate_ModelC	2005	0.437500	0.007812	2884.25
Suite_E_Adversarial	128	32	0.20	B0_Hebbian	2006	0.125000	0.040527	708.66
Suite_E_Adversarial	128	32	0.20	B1_Pseudoinverse	2006	0.125000	0.032227	548.81
Suite_E_Adversarial	128	32	0.20	B2_1NN_Oracle	2006	0.812500	0.002930	2.69
Suite_E_Adversarial	128	32	0.20	B3_PolynomialDAM	2006	0.218750	0.009766	1908.97
Suite_E_Adversarial	128	32	0.20	B4_ModernHopfield	2006	0.687500	0.003906	22.69
Suite_E_Adversarial	128	32	0.20	Candidate_ModelC	2006	0.406250	0.006836	5466.66
Suite_E_Adversarial	128	32	0.20	B0_Hebbian	2007	0.187500	0.028076	659.34
Suite_E_Adversarial	128	32	0.20	B1_Pseudoinverse	2007	0.062500	0.031738	534.28
Suite_E_Adversarial	128	32	0.20	B2_1NN_Oracle	2007	0.843750	0.002441	2.34
Suite_E_Adversarial	128	32	0.20	B3_PolynomialDAM	2007	0.468750	0.006836	1344.34
Suite_E_Adversarial	128	32	0.20	B4_ModernHopfield	2007	0.750000	0.003174	25.06
Suite_E_Adversarial	128	32	0.20	Candidate_ModelC	2007	0.437500	0.007324	5851.66
Suite_E_Adversarial	128	32	0.20	B0_Hebbian	2008	0.187500	0.014160	175.31
Suite_E_Adversarial	128	32	0.20	B1_Pseudoinverse	2008	0.093750	0.028320	189.91
Suite_E_Adversarial	128	32	0.20	B2_1NN_Oracle	2008	0.750000	0.003906	2.62
Suite_E_Adversarial	128	32	0.20	B3_PolynomialDAM	2008	0.437500	0.007812	495.03
Suite_E_Adversarial	128	32	0.20	B4_ModernHopfield	2008	0.750000	0.003418	24.25
Suite_E_Adversarial	128	32	0.20	Candidate_ModelC	2008	0.437500	0.007812	2349.19
Suite_E_Adversarial	128	32	0.20	B0_Hebbian	2009	0.156250	0.062500	265.28
Suite_E_Adversarial	128	32	0.20	B1_Pseudoinverse	2009	0.218750	0.037842	215.78
Suite_E_Adversarial	128	32	0.20	B2_1NN_Oracle	2009	0.812500	0.002930	1.81
Suite_E_Adversarial	128	32	0.20	B3_PolynomialDAM	2009	0.312500	0.007812	676.16
Suite_E_Adversarial	128	32	0.20	B4_ModernHopfield	2009	0.843750	0.001953	13.38
Suite_E_Adversarial	128	32	0.20	Candidate_ModelC	2009	0.343750	0.007324	2520.88
Suite_E_Adversarial	128	32	0.20	B0_Hebbian	2010	0.125000	0.066895	833.78
Suite_E_Adversarial	128	32	0.20	B1_Pseudoinverse	2010	0.000000	0.037109	700.06
Suite_E_Adversarial	128	32	0.20	B2_1NN_Oracle	2010	0.843750	0.002441	1.91
Suite_E_Adversarial	128	32	0.20	B3_PolynomialDAM	2010	0.437500	0.007812	1297.41
Suite_E_Adversarial	128	32	0.20	B4_ModernHopfield	2010	0.656250	0.003662	16.00
Suite_E_Adversarial	128	32	0.20	Candidate_ModelC	2010	0.437500	0.007812	4492.41
Suite_E_Adversarial	128	32	0.20	B0_Hebbian	2011	0.281250	0.010742	641.66
Suite_E_Adversarial	128	32	0.20	B1_Pseudoinverse	2011	0.031250	0.028809	619.19
Suite_E_Adversarial	128	32	0.20	B2_1NN_Oracle	2011	0.750000	0.003906	1.91
Suite_E_Adversarial	128	32	0.20	B3_PolynomialDAM	2011	0.406250	0.007812	716.47
Suite_E_Adversarial	128	32	0.20	B4_ModernHopfield	2011	0.656250	0.004150	525.22
Suite_E_Adversarial	128	32	0.20	Candidate_ModelC	2011	0.437500	0.007324	4435.12
Suite_E_Adversarial	128	32	0.20	B0_Hebbian	2012	0.125000	0.080078	1126.62
Suite_E_Adversarial	128	32	0.20	B1_Pseudoinverse	2012	0.125000	0.030762	665.53
Suite_E_Adversarial	128	32	0.20	B2_1NN_Oracle	2012	0.750000	0.003906	1.91
Suite_E_Adversarial	128	32	0.20	B3_PolynomialDAM	2012	0.375000	0.008301	765.50
Suite_E_Adversarial	128	32	0.20	B4_ModernHopfield	2012	0.781250	0.002441	13.44
Suite_E_Adversarial	128	32	0.20	Candidate_ModelC	2012	0.437500	0.007324	2798.97
Suite_E_Adversarial	128	32	0.20	B0_Hebbian	2013	0.125000	0.027100	631.66
Suite_E_Adversarial	128	32	0.20	B1_Pseudoinverse	2013	0.125000	0.028320	518.84
Suite_E_Adversarial	128	32	0.20	B2_1NN_Oracle	2013	0.812500	0.002930	2.50
Suite_E_Adversarial	128	32	0.20	B3_PolynomialDAM	2013	0.281250	0.007324	1231.12
Suite_E_Adversarial	128	32	0.20	B4_ModernHopfield	2013	0.718750	0.003418	22.97
Suite_E_Adversarial	128	32	0.20	Candidate_ModelC	2013	0.218750	0.008301	2417.66
Suite_E_Adversarial	128	32	0.20	B0_Hebbian	2014	0.125000	0.082520	547.38
Suite_E_Adversarial	128	32	0.20	B1_Pseudoinverse	2014	0.031250	0.035156	443.25
Suite_E_Adversarial	128	32	0.20	B2_1NN_Oracle	2014	0.812500	0.002930	2.62
Suite_E_Adversarial	128	32	0.20	B3_PolynomialDAM	2014	0.406250	0.007812	1093.41
Suite_E_Adversarial	128	32	0.20	B4_ModernHopfield	2014	0.687500	0.004150	20.59
Suite_E_Adversarial	128	32	0.20	Candidate_ModelC	2014	0.406250	0.007812	2891.44
Suite_E_Adversarial	128	32	0.20	B0_Hebbian	2015	0.093750	0.058350	394.34
Suite_E_Adversarial	128	32	0.20	B1_Pseudoinverse	2015	0.125000	0.041504	349.25
Suite_E_Adversarial	128	32	0.20	B2_1NN_Oracle	2015	0.781250	0.003418	1.81
Suite_E_Adversarial	128	32	0.20	B3_PolynomialDAM	2015	0.406250	0.007812	610.28
Suite_E_Adversarial	128	32	0.20	B4_ModernHopfield	2015	0.750000	0.003418	15.34
Suite_E_Adversarial	128	32	0.20	Candidate_ModelC	2015	0.468750	0.006836	1788.81
Suite_E_Adversarial	128	32	0.20	B0_Hebbian	2016	0.187500	0.018066	687.62
Suite_E_Adversarial	128	32	0.20	B1_Pseudoinverse	2016	0.031250	0.039795	582.62
Suite_E_Adversarial	128	32	0.20	B2_1NN_Oracle	2016	0.781250	0.003418	2.56
Suite_E_Adversarial	128	32	0.20	B3_PolynomialDAM	2016	0.343750	0.008301	1558.78
Suite_E_Adversarial	128	32	0.20	B4_ModernHopfield	2016	0.656250	0.004150	202.72
Suite_E_Adversarial	128	32	0.20	Candidate_ModelC	2016	0.375000	0.007812	4976.31
Suite_E_Adversarial	128	32	0.20	B0_Hebbian	2017	0.187500	0.022705	682.59
Suite_E_Adversarial	128	32	0.20	B1_Pseudoinverse	2017	0.187500	0.028320	780.38
Suite_E_Adversarial	128	32	0.20	B2_1NN_Oracle	2017	0.781250	0.003418	2.47
Suite_E_Adversarial	128	32	0.20	B3_PolynomialDAM	2017	0.343750	0.007812	1292.47
Suite_E_Adversarial	128	32	0.20	B4_ModernHopfield	2017	0.656250	0.003906	23.69
Suite_E_Adversarial	128	32	0.20	Candidate_ModelC	2017	0.375000	0.007324	5749.66
Suite_E_Adversarial	128	32	0.20	B0_Hebbian	2018	0.062500	0.118164	374.09
Suite_E_Adversarial	128	32	0.20	B1_Pseudoinverse	2018	0.156250	0.031250	356.91
Suite_E_Adversarial	128	32	0.20	B2_1NN_Oracle	2018	0.843750	0.002441	1.91
Suite_E_Adversarial	128	32	0.20	B3_PolynomialDAM	2018	0.406250	0.006836	851.94
Suite_E_Adversarial	128	32	0.20	B4_ModernHopfield	2018	0.718750	0.003418	17.66
Suite_E_Adversarial	128	32	0.20	Candidate_ModelC	2018	0.375000	0.007324	3638.38
Suite_E_Adversarial	128	32	0.20	B0_Hebbian	2019	0.093750	0.100830	474.56
Suite_E_Adversarial	128	32	0.20	B1_Pseudoinverse	2019	0.093750	0.030273	488.22
Suite_E_Adversarial	128	32	0.20	B2_1NN_Oracle	2019	0.843750	0.002441	2.56
Suite_E_Adversarial	128	32	0.20	B3_PolynomialDAM	2019	0.218750	0.007324	771.72
Suite_E_Adversarial	128	32	0.20	B4_ModernHopfield	2019	0.656250	0.004150	396.38
Suite_E_Adversarial	128	32	0.20	Candidate_ModelC	2019	0.187500	0.007812	4539.88
Suite_E_Adversarial	128	32	0.20	B0_Hebbian	2020	0.093750	0.054688	320.25
Suite_E_Adversarial	128	32	0.20	B1_Pseudoinverse	2020	0.062500	0.042969	116.25
Suite_E_Adversarial	128	32	0.20	B2_1NN_Oracle	2020	0.875000	0.001953	3.75
Suite_E_Adversarial	128	32	0.20	B3_PolynomialDAM	2020	0.437500	0.007324	616.03
Suite_E_Adversarial	128	32	0.20	B4_ModernHopfield	2020	0.656250	0.004150	141.72
Suite_E_Adversarial	128	32	0.20	Candidate_ModelC	2020	0.406250	0.007812	2812.91
Suite_E_Adversarial	128	32	0.30	B0_Hebbian	2001	0.031250	0.174561	729.78
Suite_E_Adversarial	128	32	0.30	B1_Pseudoinverse	2001	0.000000	0.105957	748.62
Suite_E_Adversarial	128	32	0.30	B2_1NN_Oracle	2001	0.718750	0.004395	2.09
Suite_E_Adversarial	128	32	0.30	B3_PolynomialDAM	2001	0.406250	0.023438	1067.44
Suite_E_Adversarial	128	32	0.30	B4_ModernHopfield	2001	0.687500	0.033447	21.94
Suite_E_Adversarial	128	32	0.30	Candidate_ModelC	2001	0.531250	0.006836	3641.69
Suite_E_Adversarial	128	32	0.30	B0_Hebbian	2002	0.062500	0.110107	757.91
Suite_E_Adversarial	128	32	0.30	B1_Pseudoinverse	2002	0.031250	0.144043	709.12
Suite_E_Adversarial	128	32	0.30	B2_1NN_Oracle	2002	0.593750	0.006348	2.72
Suite_E_Adversarial	128	32	0.30	B3_PolynomialDAM	2002	0.312500	0.008301	1071.44
Suite_E_Adversarial	128	32	0.30	B4_ModernHopfield	2002	0.531250	0.005371	398.78
Suite_E_Adversarial	128	32	0.30	Candidate_ModelC	2002	0.312500	0.008301	3184.84
Suite_E_Adversarial	128	32	0.30	B0_Hebbian	2003	0.093750	0.169189	605.34
Suite_E_Adversarial	128	32	0.30	B1_Pseudoinverse	2003	0.000000	0.104492	607.72
Suite_E_Adversarial	128	32	0.30	B2_1NN_Oracle	2003	0.625000	0.005859	2.81
Suite_E_Adversarial	128	32	0.30	B3_PolynomialDAM	2003	0.437500	0.007812	1105.09
Suite_E_Adversarial	128	32	0.30	B4_ModernHopfield	2003	0.781250	0.002930	15.97
Suite_E_Adversarial	128	32	0.30	Candidate_ModelC	2003	0.437500	0.007812	4723.97
Suite_E_Adversarial	128	32	0.30	B0_Hebbian	2004	0.031250	0.155273	639.12
Suite_E_Adversarial	128	32	0.30	B1_Pseudoinverse	2004	0.000000	0.132324	925.56
Suite_E_Adversarial	128	32	0.30	B2_1NN_Oracle	2004	0.812500	0.002930	3.00
Suite_E_Adversarial	128	32	0.30	B3_PolynomialDAM	2004	0.343750	0.007812	1768.44
Suite_E_Adversarial	128	32	0.30	B4_ModernHopfield	2004	0.625000	0.018799	27.72
Suite_E_Adversarial	128	32	0.30	Candidate_ModelC	2004	0.343750	0.007812	3183.41
Suite_E_Adversarial	128	32	0.30	B0_Hebbian	2005	0.125000	0.172852	513.44
Suite_E_Adversarial	128	32	0.30	B1_Pseudoinverse	2005	0.062500	0.166016	530.97
Suite_E_Adversarial	128	32	0.30	B2_1NN_Oracle	2005	0.718750	0.004395	2.97
Suite_E_Adversarial	128	32	0.30	B3_PolynomialDAM	2005	0.468750	0.007324	1147.81
Suite_E_Adversarial	128	32	0.30	B4_ModernHopfield	2005	0.625000	0.019287	21.56
Suite_E_Adversarial	128	32	0.30	Candidate_ModelC	2005	0.437500	0.007812	3791.69
Suite_E_Adversarial	128	32	0.30	B0_Hebbian	2006	0.031250	0.208252	737.47
Suite_E_Adversarial	128	32	0.30	B1_Pseudoinverse	2006	0.093750	0.093506	944.38
Suite_E_Adversarial	128	32	0.30	B2_1NN_Oracle	2006	0.656250	0.020020	4.22
Suite_E_Adversarial	128	32	0.30	B3_PolynomialDAM	2006	0.312500	0.037354	846.12
Suite_E_Adversarial	128	32	0.30	B4_ModernHopfield	2006	0.562500	0.005859	29.94
Suite_E_Adversarial	128	32	0.30	Candidate_ModelC	2006	0.312500	0.008301	4449.00
Suite_E_Adversarial	128	32	0.30	B0_Hebbian	2007	0.093750	0.137207	751.91
Suite_E_Adversarial	128	32	0.30	B1_Pseudoinverse	2007	0.000000	0.110840	737.28
Suite_E_Adversarial	128	32	0.30	B2_1NN_Oracle	2007	0.750000	0.003906	2.06
Suite_E_Adversarial	128	32	0.30	B3_PolynomialDAM	2007	0.375000	0.008301	1300.69
Suite_E_Adversarial	128	32	0.30	B4_ModernHopfield	2007	0.531250	0.005859	15.12
Suite_E_Adversarial	128	32	0.30	Candidate_ModelC	2007	0.437500	0.007324	4284.06
Suite_E_Adversarial	128	32	0.30	B0_Hebbian	2008	0.093750	0.126221	586.31
Suite_E_Adversarial	128	32	0.30	B1_Pseudoinverse	2008	0.000000	0.082764	597.41
Suite_E_Adversarial	128	32	0.30	B2_1NN_Oracle	2008	0.625000	0.005859	2.16
Suite_E_Adversarial	128	32	0.30	B3_PolynomialDAM	2008	0.468750	0.007324	1229.88
Suite_E_Adversarial	128	32	0.30	B4_ModernHopfield	2008	0.593750	0.005371	13.72
Suite_E_Adversarial	128	32	0.30	Candidate_ModelC	2008	0.437500	0.022217	3253.66
Suite_E_Adversarial	128	32	0.30	B0_Hebbian	2009	0.062500	0.162109	661.25
Suite_E_Adversarial	128	32	0.30	B1_Pseudoinverse	2009	0.031250	0.093994	704.56
Suite_E_Adversarial	128	32	0.30	B2_1NN_Oracle	2009	0.750000	0.003906	2.75
Suite_E_Adversarial	128	32	0.30	B3_PolynomialDAM	2009	0.312500	0.007812	823.66
Suite_E_Adversarial	128	32	0.30	B4_ModernHopfield	2009	0.593750	0.005615	27.62
Suite_E_Adversarial	128	32	0.30	Candidate_ModelC	2009	0.312500	0.014893	4235.41
Suite_E_Adversarial	128	32	0.30	B0_Hebbian	2010	0.031250	0.240479	739.84
Suite_E_Adversarial	128	32	0.30	B1_Pseudoinverse	2010	0.000000	0.117676	421.25
Suite_E_Adversarial	128	32	0.30	B2_1NN_Oracle	2010	0.625000	0.018799	2.09
Suite_E_Adversarial	128	32	0.30	B3_PolynomialDAM	2010	0.437500	0.034424	1497.44
Suite_E_Adversarial	128	32	0.30	B4_ModernHopfield	2010	0.562500	0.005127	17.12
Suite_E_Adversarial	128	32	0.30	Candidate_ModelC	2010	0.437500	0.007812	4990.44
Suite_E_Adversarial	128	32	0.30	B0_Hebbian	2011	0.218750	0.121094	438.75
Suite_E_Adversarial	128	32	0.30	B1_Pseudoinverse	2011	0.000000	0.137939	606.94
Suite_E_Adversarial	128	32	0.30	B2_1NN_Oracle	2011	0.562500	0.006836	2.75
Suite_E_Adversarial	128	32	0.30	B3_PolynomialDAM	2011	0.375000	0.020264	982.78
Suite_E_Adversarial	128	32	0.30	B4_ModernHopfield	2011	0.562500	0.005859	13.81
Suite_E_Adversarial	128	32	0.30	Candidate_ModelC	2011	0.406250	0.007812	3813.22
Suite_E_Adversarial	128	32	0.30	B0_Hebbian	2012	0.062500	0.131348	585.81
Suite_E_Adversarial	128	32	0.30	B1_Pseudoinverse	2012	0.031250	0.121826	325.94
Suite_E_Adversarial	128	32	0.30	B2_1NN_Oracle	2012	0.687500	0.004883	2.06
Suite_E_Adversarial	128	32	0.30	B3_PolynomialDAM	2012	0.406250	0.007812	695.38
Suite_E_Adversarial	128	32	0.30	B4_ModernHopfield	2012	0.687500	0.020508	13.81
Suite_E_Adversarial	128	32	0.30	Candidate_ModelC	2012	0.406250	0.007812	2124.38
Suite_E_Adversarial	128	32	0.30	B0_Hebbian	2013	0.093750	0.150146	785.56
Suite_E_Adversarial	128	32	0.30	B1_Pseudoinverse	2013	0.031250	0.136963	626.28
Suite_E_Adversarial	128	32	0.30	B2_1NN_Oracle	2013	0.656250	0.005371	2.12
Suite_E_Adversarial	128	32	0.30	B3_PolynomialDAM	2013	0.281250	0.022217	1715.88
Suite_E_Adversarial	128	32	0.30	B4_ModernHopfield	2013	0.562500	0.005859	24.06
Suite_E_Adversarial	128	32	0.30	Candidate_ModelC	2013	0.218750	0.008301	5348.38
Suite_E_Adversarial	128	32	0.30	B0_Hebbian	2014	0.062500	0.199463	537.16
Suite_E_Adversarial	128	32	0.30	B1_Pseudoinverse	2014	0.000000	0.173096	999.66
Suite_E_Adversarial	128	32	0.30	B2_1NN_Oracle	2014	0.687500	0.018066	4.56
Suite_E_Adversarial	128	32	0.30	B3_PolynomialDAM	2014	0.375000	0.035645	1114.19
Suite_E_Adversarial	128	32	0.30	B4_ModernHopfield	2014	0.562500	0.006104	23.25
Suite_E_Adversarial	128	32	0.30	Candidate_ModelC	2014	0.375000	0.023926	1883.69
Suite_E_Adversarial	128	32	0.30	B0_Hebbian	2015	0.062500	0.134766	187.22
Suite_E_Adversarial	128	32	0.30	B1_Pseudoinverse	2015	0.000000	0.108154	372.03
Suite_E_Adversarial	128	32	0.30	B2_1NN_Oracle	2015	0.718750	0.004395	3.19
Suite_E_Adversarial	128	32	0.30	B3_PolynomialDAM	2015	0.343750	0.038574	466.53
Suite_E_Adversarial	128	32	0.30	B4_ModernHopfield	2015	0.562500	0.005371	25.91
Suite_E_Adversarial	128	32	0.30	Candidate_ModelC	2015	0.375000	0.008301	1198.25
Suite_E_Adversarial	128	32	0.30	B0_Hebbian	2016	0.125000	0.110352	810.69
Suite_E_Adversarial	128	32	0.30	B1_Pseudoinverse	2016	0.031250	0.126465	679.75
Suite_E_Adversarial	128	32	0.30	B2_1NN_Oracle	2016	0.656250	0.020264	2.16
Suite_E_Adversarial	128	32	0.30	B3_PolynomialDAM	2016	0.343750	0.022705	949.16
Suite_E_Adversarial	128	32	0.30	B4_ModernHopfield	2016	0.593750	0.005371	150.50
Suite_E_Adversarial	128	32	0.30	Candidate_ModelC	2016	0.375000	0.007812	3747.75
Suite_E_Adversarial	128	32	0.30	B0_Hebbian	2017	0.125000	0.156250	284.81
Suite_E_Adversarial	128	32	0.30	B1_Pseudoinverse	2017	0.031250	0.106445	696.03
Suite_E_Adversarial	128	32	0.30	B2_1NN_Oracle	2017	0.718750	0.004395	2.72
Suite_E_Adversarial	128	32	0.30	B3_PolynomialDAM	2017	0.343750	0.007812	1129.38
Suite_E_Adversarial	128	32	0.30	B4_ModernHopfield	2017	0.531250	0.005371	26.47
Suite_E_Adversarial	128	32	0.30	Candidate_ModelC	2017	0.375000	0.007324	2230.94
Suite_E_Adversarial	128	32	0.30	B0_Hebbian	2018	0.000000	0.242432	711.47
Suite_E_Adversarial	128	32	0.30	B1_Pseudoinverse	2018	0.062500	0.079346	785.97
Suite_E_Adversarial	128	32	0.30	B2_1NN_Oracle	2018	0.812500	0.002930	2.88
Suite_E_Adversarial	128	32	0.30	B3_PolynomialDAM	2018	0.343750	0.022949	1278.88
Suite_E_Adversarial	128	32	0.30	B4_ModernHopfield	2018	0.562500	0.005371	283.22
Suite_E_Adversarial	128	32	0.30	Candidate_ModelC	2018	0.375000	0.007324	3614.44
Suite_E_Adversarial	128	32	0.30	B0_Hebbian	2019	0.093750	0.187744	771.25
Suite_E_Adversarial	128	32	0.30	B1_Pseudoinverse	2019	0.031250	0.089355	541.50
Suite_E_Adversarial	128	32	0.30	B2_1NN_Oracle	2019	0.656250	0.005371	2.16
Suite_E_Adversarial	128	32	0.30	B3_PolynomialDAM	2019	0.187500	0.007812	1018.34
Suite_E_Adversarial	128	32	0.30	B4_ModernHopfield	2019	0.656250	0.003906	16.56
Suite_E_Adversarial	128	32	0.30	Candidate_ModelC	2019	0.187500	0.022705	3957.59
Suite_E_Adversarial	128	32	0.30	B0_Hebbian	2020	0.062500	0.214600	743.09
Suite_E_Adversarial	128	32	0.30	B1_Pseudoinverse	2020	0.000000	0.131592	340.19
Suite_E_Adversarial	128	32	0.30	B2_1NN_Oracle	2020	0.750000	0.018799	4.06
Suite_E_Adversarial	128	32	0.30	B3_PolynomialDAM	2020	0.406250	0.019043	1068.06
Suite_E_Adversarial	128	32	0.30	B4_ModernHopfield	2020	0.531250	0.020264	33.09
Suite_E_Adversarial	128	32	0.30	Candidate_ModelC	2020	0.468750	0.006836	3670.12
Suite_E_Adversarial	128	32	0.40	B0_Hebbian	2001	0.000000	0.384766	976.22
Suite_E_Adversarial	128	32	0.40	B1_Pseudoinverse	2001	0.000000	0.382080	753.69
Suite_E_Adversarial	128	32	0.40	B2_1NN_Oracle	2001	0.281250	0.241699	3.03
Suite_E_Adversarial	128	32	0.40	B3_PolynomialDAM	2001	0.250000	0.236084	2106.84
Suite_E_Adversarial	128	32	0.40	B4_ModernHopfield	2001	0.406250	0.189941	21.75
Suite_E_Adversarial	128	32	0.40	Candidate_ModelC	2001	0.343750	0.140381	4800.00
Suite_E_Adversarial	128	32	0.40	B0_Hebbian	2002	0.000000	0.334473	1143.75
Suite_E_Adversarial	128	32	0.40	B1_Pseudoinverse	2002	0.000000	0.349365	732.19
Suite_E_Adversarial	128	32	0.40	B2_1NN_Oracle	2002	0.281250	0.240234	3.00
Suite_E_Adversarial	128	32	0.40	B3_PolynomialDAM	2002	0.312500	0.100586	1486.50
Suite_E_Adversarial	128	32	0.40	B4_ModernHopfield	2002	0.500000	0.051025	26.50
Suite_E_Adversarial	128	32	0.40	Candidate_ModelC	2002	0.125000	0.173096	4689.31
Suite_E_Adversarial	128	32	0.40	B0_Hebbian	2003	0.000000	0.354492	1061.19
Suite_E_Adversarial	128	32	0.40	B1_Pseudoinverse	2003	0.000000	0.347900	755.59
Suite_E_Adversarial	128	32	0.40	B2_1NN_Oracle	2003	0.343750	0.183350	2.56
Suite_E_Adversarial	128	32	0.40	B3_PolynomialDAM	2003	0.281250	0.230469	1798.81
Suite_E_Adversarial	128	32	0.40	B4_ModernHopfield	2003	0.343750	0.194824	27.56
Suite_E_Adversarial	128	32	0.40	Candidate_ModelC	2003	0.406250	0.095947	4144.84
Suite_E_Adversarial	128	32	0.40	B0_Hebbian	2004	0.031250	0.349609	541.72
Suite_E_Adversarial	128	32	0.40	B1_Pseudoinverse	2004	0.000000	0.305420	1036.47
Suite_E_Adversarial	128	32	0.40	B2_1NN_Oracle	2004	0.468750	0.183350	2.88
Suite_E_Adversarial	128	32	0.40	B3_PolynomialDAM	2004	0.125000	0.205811	898.84
Suite_E_Adversarial	128	32	0.40	B4_ModernHopfield	2004	0.375000	0.199707	15.28
Suite_E_Adversarial	128	32	0.40	Candidate_ModelC	2004	0.281250	0.175537	2834.94
Suite_E_Adversarial	128	32	0.40	B0_Hebbian	2005	0.062500	0.302002	662.28
Suite_E_Adversarial	128	32	0.40	B1_Pseudoinverse	2005	0.000000	0.384766	625.47
Suite_E_Adversarial	128	32	0.40	B2_1NN_Oracle	2005	0.375000	0.156006	2.97
Suite_E_Adversarial	128	32	0.40	B3_PolynomialDAM	2005	0.250000	0.170166	1068.22
Suite_E_Adversarial	128	32	0.40	B4_ModernHopfield	2005	0.312500	0.125244	214.81
Suite_E_Adversarial	128	32	0.40	Candidate_ModelC	2005	0.312500	0.187500	2582.56
Suite_E_Adversarial	128	32	0.40	B0_Hebbian	2006	0.000000	0.357178	733.09
Suite_E_Adversarial	128	32	0.40	B1_Pseudoinverse	2006	0.000000	0.322266	1329.50
Suite_E_Adversarial	128	32	0.40	B2_1NN_Oracle	2006	0.312500	0.279297	2.34
Suite_E_Adversarial	128	32	0.40	B3_PolynomialDAM	2006	0.250000	0.157715	1708.19
Suite_E_Adversarial	128	32	0.40	B4_ModernHopfield	2006	0.406250	0.165527	14.47
Suite_E_Adversarial	128	32	0.40	Candidate_ModelC	2006	0.125000	0.217773	4898.59
Suite_E_Adversarial	128	32	0.40	B0_Hebbian	2007	0.000000	0.379150	719.88
Suite_E_Adversarial	128	32	0.40	B1_Pseudoinverse	2007	0.000000	0.324219	845.03
Suite_E_Adversarial	128	32	0.40	B2_1NN_Oracle	2007	0.468750	0.208252	254.19
Suite_E_Adversarial	128	32	0.40	B3_PolynomialDAM	2007	0.281250	0.140137	796.22
Suite_E_Adversarial	128	32	0.40	B4_ModernHopfield	2007	0.281250	0.177246	31.75
Suite_E_Adversarial	128	32	0.40	Candidate_ModelC	2007	0.312500	0.112061	3448.59
Suite_E_Adversarial	128	32	0.40	B0_Hebbian	2008	0.000000	0.335205	717.66
Suite_E_Adversarial	128	32	0.40	B1_Pseudoinverse	2008	0.000000	0.352783	733.59
Suite_E_Adversarial	128	32	0.40	B2_1NN_Oracle	2008	0.375000	0.210693	2.84
Suite_E_Adversarial	128	32	0.40	B3_PolynomialDAM	2008	0.218750	0.271484	1624.62
Suite_E_Adversarial	128	32	0.40	B4_ModernHopfield	2008	0.375000	0.156006	25.03
Suite_E_Adversarial	128	32	0.40	Candidate_ModelC	2008	0.281250	0.206055	2935.31
Suite_E_Adversarial	128	32	0.40	B0_Hebbian	2009	0.000000	0.372559	737.75
Suite_E_Adversarial	128	32	0.40	B1_Pseudoinverse	2009	0.000000	0.351562	213.53
Suite_E_Adversarial	128	32	0.40	B2_1NN_Oracle	2009	0.437500	0.114502	3.03
Suite_E_Adversarial	128	32	0.40	B3_PolynomialDAM	2009	0.156250	0.167236	538.53
Suite_E_Adversarial	128	32	0.40	B4_ModernHopfield	2009	0.343750	0.140137	27.19
Suite_E_Adversarial	128	32	0.40	Candidate_ModelC	2009	0.218750	0.166260	1525.69
Suite_E_Adversarial	128	32	0.40	B0_Hebbian	2010	0.000000	0.386963	377.84
Suite_E_Adversarial	128	32	0.40	B1_Pseudoinverse	2010	0.000000	0.354492	618.03
Suite_E_Adversarial	128	32	0.40	B2_1NN_Oracle	2010	0.406250	0.183350	3.12
Suite_E_Adversarial	128	32	0.40	B3_PolynomialDAM	2010	0.375000	0.149414	989.56
Suite_E_Adversarial	128	32	0.40	B4_ModernHopfield	2010	0.312500	0.157959	13.81
Suite_E_Adversarial	128	32	0.40	Candidate_ModelC	2010	0.250000	0.203613	4378.47
Suite_E_Adversarial	128	32	0.40	B0_Hebbian	2011	0.062500	0.314941	720.59
Suite_E_Adversarial	128	32	0.40	B1_Pseudoinverse	2011	0.000000	0.298340	325.31
Suite_E_Adversarial	128	32	0.40	B2_1NN_Oracle	2011	0.187500	0.242676	2.34
Suite_E_Adversarial	128	32	0.40	B3_PolynomialDAM	2011	0.187500	0.250977	1191.69
Suite_E_Adversarial	128	32	0.40	B4_ModernHopfield	2011	0.312500	0.173096	255.78
Suite_E_Adversarial	128	32	0.40	Candidate_ModelC	2011	0.250000	0.166748	4918.00
Suite_E_Adversarial	128	32	0.40	B0_Hebbian	2012	0.000000	0.345703	739.19
Suite_E_Adversarial	128	32	0.40	B1_Pseudoinverse	2012	0.062500	0.309570	786.16
Suite_E_Adversarial	128	32	0.40	B2_1NN_Oracle	2012	0.468750	0.080566	2.34
Suite_E_Adversarial	128	32	0.40	B3_PolynomialDAM	2012	0.156250	0.202148	1095.16
Suite_E_Adversarial	128	32	0.40	B4_ModernHopfield	2012	0.406250	0.195068	13.66
Suite_E_Adversarial	128	32	0.40	Candidate_ModelC	2012	0.218750	0.183594	2478.19
Suite_E_Adversarial	128	32	0.40	B0_Hebbian	2013	0.031250	0.342285	646.19
Suite_E_Adversarial	128	32	0.40	B1_Pseudoinverse	2013	0.000000	0.378662	743.75
Suite_E_Adversarial	128	32	0.40	B2_1NN_Oracle	2013	0.500000	0.110352	3.00
Suite_E_Adversarial	128	32	0.40	B3_PolynomialDAM	2013	0.093750	0.206055	1412.34
Suite_E_Adversarial	128	32	0.40	B4_ModernHopfield	2013	0.312500	0.221680	27.19
Suite_E_Adversarial	128	32	0.40	Candidate_ModelC	2013	0.187500	0.204590	3059.25
Suite_E_Adversarial	128	32	0.40	B0_Hebbian	2014	0.000000	0.437500	658.25
Suite_E_Adversarial	128	32	0.40	B1_Pseudoinverse	2014	0.000000	0.367432	545.31
Suite_E_Adversarial	128	32	0.40	B2_1NN_Oracle	2014	0.343750	0.194336	2.91
Suite_E_Adversarial	128	32	0.40	B3_PolynomialDAM	2014	0.187500	0.272217	877.53
Suite_E_Adversarial	128	32	0.40	B4_ModernHopfield	2014	0.281250	0.142334	152.75
Suite_E_Adversarial	128	32	0.40	Candidate_ModelC	2014	0.218750	0.220947	3786.84
Suite_E_Adversarial	128	32	0.40	B0_Hebbian	2015	0.031250	0.336914	403.28
Suite_E_Adversarial	128	32	0.40	B1_Pseudoinverse	2015	0.000000	0.299072	305.44
Suite_E_Adversarial	128	32	0.40	B2_1NN_Oracle	2015	0.562500	0.099609	3.38
Suite_E_Adversarial	128	32	0.40	B3_PolynomialDAM	2015	0.218750	0.178223	675.50
Suite_E_Adversarial	128	32	0.40	B4_ModernHopfield	2015	0.250000	0.243896	17.81
Suite_E_Adversarial	128	32	0.40	Candidate_ModelC	2015	0.406250	0.152344	3265.34
Suite_E_Adversarial	128	32	0.40	B0_Hebbian	2016	0.031250	0.322754	1114.47
Suite_E_Adversarial	128	32	0.40	B1_Pseudoinverse	2016	0.000000	0.302734	1107.03
Suite_E_Adversarial	128	32	0.40	B2_1NN_Oracle	2016	0.312500	0.255615	3.09
Suite_E_Adversarial	128	32	0.40	B3_PolynomialDAM	2016	0.187500	0.219727	1518.72
Suite_E_Adversarial	128	32	0.40	B4_ModernHopfield	2016	0.406250	0.136963	16.31
Suite_E_Adversarial	128	32	0.40	Candidate_ModelC	2016	0.218750	0.206299	4558.34
Suite_E_Adversarial	128	32	0.40	B0_Hebbian	2017	0.000000	0.374023	690.12
Suite_E_Adversarial	128	32	0.40	B1_Pseudoinverse	2017	0.000000	0.361816	773.75
Suite_E_Adversarial	128	32	0.40	B2_1NN_Oracle	2017	0.437500	0.154785	2.91
Suite_E_Adversarial	128	32	0.40	B3_PolynomialDAM	2017	0.250000	0.184814	1527.41
Suite_E_Adversarial	128	32	0.40	B4_ModernHopfield	2017	0.312500	0.189453	22.53
Suite_E_Adversarial	128	32	0.40	Candidate_ModelC	2017	0.250000	0.143311	4126.00
Suite_E_Adversarial	128	32	0.40	B0_Hebbian	2018	0.000000	0.407715	362.09
Suite_E_Adversarial	128	32	0.40	B1_Pseudoinverse	2018	0.000000	0.330566	622.66
Suite_E_Adversarial	128	32	0.40	B2_1NN_Oracle	2018	0.531250	0.118896	3.03
Suite_E_Adversarial	128	32	0.40	B3_PolynomialDAM	2018	0.250000	0.143311	964.59
Suite_E_Adversarial	128	32	0.40	B4_ModernHopfield	2018	0.156250	0.183105	15.19
Suite_E_Adversarial	128	32	0.40	Candidate_ModelC	2018	0.343750	0.108154	2880.00
Suite_E_Adversarial	128	32	0.40	B0_Hebbian	2019	0.000000	0.337158	516.19
Suite_E_Adversarial	128	32	0.40	B1_Pseudoinverse	2019	0.000000	0.346436	453.34
Suite_E_Adversarial	128	32	0.40	B2_1NN_Oracle	2019	0.312500	0.202148	93.44
Suite_E_Adversarial	128	32	0.40	B3_PolynomialDAM	2019	0.093750	0.221191	792.41
Suite_E_Adversarial	128	32	0.40	B4_ModernHopfield	2019	0.500000	0.147461	14.97
Suite_E_Adversarial	128	32	0.40	Candidate_ModelC	2019	0.156250	0.123291	3693.91
Suite_E_Adversarial	128	32	0.40	B0_Hebbian	2020	0.000000	0.359619	813.41
Suite_E_Adversarial	128	32	0.40	B1_Pseudoinverse	2020	0.000000	0.338135	454.81
Suite_E_Adversarial	128	32	0.40	B2_1NN_Oracle	2020	0.375000	0.205566	3.00
Suite_E_Adversarial	128	32	0.40	B3_PolynomialDAM	2020	0.343750	0.110352	1137.09
Suite_E_Adversarial	128	32	0.40	B4_ModernHopfield	2020	0.312500	0.171143	154.91
Suite_E_Adversarial	128	32	0.40	Candidate_ModelC	2020	0.281250	0.223877	2857.06
Suite_E_Adversarial	128	64	0.10	B0_Hebbian	2001	0.000000	0.236084	1097.86
Suite_E_Adversarial	128	64	0.10	B1_Pseudoinverse	2001	0.046875	0.052246	547.11
Suite_E_Adversarial	128	64	0.10	B2_1NN_Oracle	2001	0.843750	0.002441	4.36
Suite_E_Adversarial	128	64	0.10	B3_PolynomialDAM	2001	0.328125	0.007812	2421.16
Suite_E_Adversarial	128	64	0.10	B4_ModernHopfield	2001	0.875000	0.001343	90.88
Suite_E_Adversarial	128	64	0.10	Candidate_ModelC	2001	0.343750	0.007568	4435.89
Suite_E_Adversarial	128	64	0.10	B0_Hebbian	2002	0.000000	0.241455	631.09
Suite_E_Adversarial	128	64	0.10	B1_Pseudoinverse	2002	0.046875	0.040771	304.23
Suite_E_Adversarial	128	64	0.10	B2_1NN_Oracle	2002	0.796875	0.003174	2.36
Suite_E_Adversarial	128	64	0.10	B3_PolynomialDAM	2002	0.390625	0.007568	1448.59
Suite_E_Adversarial	128	64	0.10	B4_ModernHopfield	2002	0.890625	0.001221	28.11
Suite_E_Adversarial	128	64	0.10	Candidate_ModelC	2002	0.375000	0.007812	3763.14
Suite_E_Adversarial	128	64	0.10	B0_Hebbian	2003	0.000000	0.194946	706.88
Suite_E_Adversarial	128	64	0.10	B1_Pseudoinverse	2003	0.015625	0.056519	693.91
Suite_E_Adversarial	128	64	0.10	B2_1NN_Oracle	2003	0.921875	0.001221	4.05
Suite_E_Adversarial	128	64	0.10	B3_PolynomialDAM	2003	0.312500	0.008057	1902.09
Suite_E_Adversarial	128	64	0.10	B4_ModernHopfield	2003	0.906250	0.001099	28.64
Suite_E_Adversarial	128	64	0.10	Candidate_ModelC	2003	0.312500	0.008057	3317.23
Suite_E_Adversarial	128	64	0.10	B0_Hebbian	2004	0.000000	0.253296	1099.25
Suite_E_Adversarial	128	64	0.10	B1_Pseudoinverse	2004	0.046875	0.045044	371.28
Suite_E_Adversarial	128	64	0.10	B2_1NN_Oracle	2004	0.859375	0.002197	2.42
Suite_E_Adversarial	128	64	0.10	B3_PolynomialDAM	2004	0.390625	0.007812	3690.56
Suite_E_Adversarial	128	64	0.10	B4_ModernHopfield	2004	0.828125	0.001953	44.86
Suite_E_Adversarial	128	64	0.10	Candidate_ModelC	2004	0.390625	0.007812	2040.39
Suite_E_Adversarial	128	64	0.10	B0_Hebbian	2005	0.000000	0.192505	865.33
Suite_E_Adversarial	128	64	0.10	B1_Pseudoinverse	2005	0.015625	0.056885	736.59
Suite_E_Adversarial	128	64	0.10	B2_1NN_Oracle	2005	0.937500	0.000977	4.34
Suite_E_Adversarial	128	64	0.10	B3_PolynomialDAM	2005	0.312500	0.007324	1910.70
Suite_E_Adversarial	128	64	0.10	B4_ModernHopfield	2005	0.843750	0.001831	24.89
Suite_E_Adversarial	128	64	0.10	Candidate_ModelC	2005	0.265625	0.008057	4141.23
Suite_E_Adversarial	128	64	0.10	B0_Hebbian	2006	0.000000	0.229980	752.80
Suite_E_Adversarial	128	64	0.10	B1_Pseudoinverse	2006	0.046875	0.056274	495.33
Suite_E_Adversarial	128	64	0.10	B2_1NN_Oracle	2006	0.890625	0.001709	2.48
Suite_E_Adversarial	128	64	0.10	B3_PolynomialDAM	2006	0.343750	0.007812	2326.16
Suite_E_Adversarial	128	64	0.10	B4_ModernHopfield	2006	0.906250	0.001221	179.95
Suite_E_Adversarial	128	64	0.10	Candidate_ModelC	2006	0.375000	0.007324	4606.20
Suite_E_Adversarial	128	64	0.10	B0_Hebbian	2007	0.000000	0.220825	802.86
Suite_E_Adversarial	128	64	0.10	B1_Pseudoinverse	2007	0.000000	0.053467	393.86
Suite_E_Adversarial	128	64	0.10	B2_1NN_Oracle	2007	0.890625	0.001709	4.33
Suite_E_Adversarial	128	64	0.10	B3_PolynomialDAM	2007	0.359375	0.007568	1923.38
Suite_E_Adversarial	128	64	0.10	B4_ModernHopfield	2007	0.890625	0.000977	111.94
Suite_E_Adversarial	128	64	0.10	Candidate_ModelC	2007	0.343750	0.007812	3691.62
Suite_E_Adversarial	128	64	0.10	B0_Hebbian	2008	0.000000	0.158081	796.05
Suite_E_Adversarial	128	64	0.10	B1_Pseudoinverse	2008	0.140625	0.043335	584.30
Suite_E_Adversarial	128	64	0.10	B2_1NN_Oracle	2008	0.921875	0.001221	3.67
Suite_E_Adversarial	128	64	0.10	B3_PolynomialDAM	2008	0.390625	0.007324	2554.22
Suite_E_Adversarial	128	64	0.10	B4_ModernHopfield	2008	0.781250	0.002441	183.39
Suite_E_Adversarial	128	64	0.10	Candidate_ModelC	2008	0.359375	0.007812	5000.70
Suite_E_Adversarial	128	64	0.10	B0_Hebbian	2009	0.000000	0.195312	486.12
Suite_E_Adversarial	128	64	0.10	B1_Pseudoinverse	2009	0.031250	0.054077	453.88
Suite_E_Adversarial	128	64	0.10	B2_1NN_Oracle	2009	0.890625	0.001709	3.36
Suite_E_Adversarial	128	64	0.10	B3_PolynomialDAM	2009	0.421875	0.007568	1384.22
Suite_E_Adversarial	128	64	0.10	B4_ModernHopfield	2009	0.890625	0.001343	213.48
Suite_E_Adversarial	128	64	0.10	Candidate_ModelC	2009	0.406250	0.007812	2873.39
Suite_E_Adversarial	128	64	0.10	B0_Hebbian	2010	0.015625	0.231201	659.69
Suite_E_Adversarial	128	64	0.10	B1_Pseudoinverse	2010	0.062500	0.049072	666.98
Suite_E_Adversarial	128	64	0.10	B2_1NN_Oracle	2010	0.875000	0.001953	4.20
Suite_E_Adversarial	128	64	0.10	B3_PolynomialDAM	2010	0.359375	0.007812	2442.02
Suite_E_Adversarial	128	64	0.10	B4_ModernHopfield	2010	0.859375	0.001709	75.25
Suite_E_Adversarial	128	64	0.10	Candidate_ModelC	2010	0.359375	0.007812	5074.81
Suite_E_Adversarial	128	64	0.10	B0_Hebbian	2011	0.000000	0.200439	735.16
Suite_E_Adversarial	128	64	0.10	B1_Pseudoinverse	2011	0.015625	0.056641	498.38
Suite_E_Adversarial	128	64	0.10	B2_1NN_Oracle	2011	0.890625	0.001709	4.34
Suite_E_Adversarial	128	64	0.10	B3_PolynomialDAM	2011	0.390625	0.007568	1898.56
Suite_E_Adversarial	128	64	0.10	B4_ModernHopfield	2011	0.875000	0.001465	179.67
Suite_E_Adversarial	128	64	0.10	Candidate_ModelC	2011	0.375000	0.007812	4241.19
Suite_E_Adversarial	128	64	0.10	B0_Hebbian	2012	0.031250	0.183228	332.14
Suite_E_Adversarial	128	64	0.10	B1_Pseudoinverse	2012	0.078125	0.045654	206.70
Suite_E_Adversarial	128	64	0.10	B2_1NN_Oracle	2012	0.875000	0.001953	3.36
Suite_E_Adversarial	128	64	0.10	B3_PolynomialDAM	2012	0.359375	0.007812	1217.23
Suite_E_Adversarial	128	64	0.10	B4_ModernHopfield	2012	0.796875	0.002441	107.59
Suite_E_Adversarial	128	64	0.10	Candidate_ModelC	2012	0.359375	0.007812	3434.69
Suite_E_Adversarial	128	64	0.10	B0_Hebbian	2013	0.000000	0.157349	483.19
Suite_E_Adversarial	128	64	0.10	B1_Pseudoinverse	2013	0.062500	0.043823	510.30
Suite_E_Adversarial	128	64	0.10	B2_1NN_Oracle	2013	0.875000	0.001953	3.55
Suite_E_Adversarial	128	64	0.10	B3_PolynomialDAM	2013	0.375000	0.007568	1511.97
Suite_E_Adversarial	128	64	0.10	B4_ModernHopfield	2013	0.875000	0.001587	28.62
Suite_E_Adversarial	128	64	0.10	Candidate_ModelC	2013	0.390625	0.007324	4430.86
Suite_E_Adversarial	128	64	0.10	B0_Hebbian	2014	0.000000	0.285278	884.66
Suite_E_Adversarial	128	64	0.10	B1_Pseudoinverse	2014	0.015625	0.053589	491.81
Suite_E_Adversarial	128	64	0.10	B2_1NN_Oracle	2014	0.906250	0.001465	2.39
Suite_E_Adversarial	128	64	0.10	B3_PolynomialDAM	2014	0.312500	0.007568	2873.86
Suite_E_Adversarial	128	64	0.10	B4_ModernHopfield	2014	0.859375	0.001465	124.78
Suite_E_Adversarial	128	64	0.10	Candidate_ModelC	2014	0.296875	0.007812	2808.23
Suite_E_Adversarial	128	64	0.10	B0_Hebbian	2015	0.000000	0.197021	751.42
Suite_E_Adversarial	128	64	0.10	B1_Pseudoinverse	2015	0.046875	0.047485	586.14
Suite_E_Adversarial	128	64	0.10	B2_1NN_Oracle	2015	0.828125	0.002686	23.97
Suite_E_Adversarial	128	64	0.10	B3_PolynomialDAM	2015	0.406250	0.007568	1368.36
Suite_E_Adversarial	128	64	0.10	B4_ModernHopfield	2015	0.875000	0.001465	111.17
Suite_E_Adversarial	128	64	0.10	Candidate_ModelC	2015	0.390625	0.007812	4274.44
Suite_E_Adversarial	128	64	0.10	B0_Hebbian	2016	0.015625	0.252930	243.42
Suite_E_Adversarial	128	64	0.10	B1_Pseudoinverse	2016	0.015625	0.057007	227.78
Suite_E_Adversarial	128	64	0.10	B2_1NN_Oracle	2016	0.875000	0.001953	3.39
Suite_E_Adversarial	128	64	0.10	B3_PolynomialDAM	2016	0.390625	0.007568	698.83
Suite_E_Adversarial	128	64	0.10	B4_ModernHopfield	2016	0.843750	0.001953	26.92
Suite_E_Adversarial	128	64	0.10	Candidate_ModelC	2016	0.375000	0.007812	2094.39
Suite_E_Adversarial	128	64	0.10	B0_Hebbian	2017	0.015625	0.191772	642.28
Suite_E_Adversarial	128	64	0.10	B1_Pseudoinverse	2017	0.031250	0.049805	331.61
Suite_E_Adversarial	128	64	0.10	B2_1NN_Oracle	2017	0.828125	0.002686	2.42
Suite_E_Adversarial	128	64	0.10	B3_PolynomialDAM	2017	0.375000	0.007812	2079.22
Suite_E_Adversarial	128	64	0.10	B4_ModernHopfield	2017	0.875000	0.001343	151.98
Suite_E_Adversarial	128	64	0.10	Candidate_ModelC	2017	0.375000	0.007812	3045.86
Suite_E_Adversarial	128	64	0.10	B0_Hebbian	2018	0.000000	0.293945	993.31
Suite_E_Adversarial	128	64	0.10	B1_Pseudoinverse	2018	0.046875	0.056152	297.75
Suite_E_Adversarial	128	64	0.10	B2_1NN_Oracle	2018	0.906250	0.001465	2.38
Suite_E_Adversarial	128	64	0.10	B3_PolynomialDAM	2018	0.312500	0.007812	1623.02
Suite_E_Adversarial	128	64	0.10	B4_ModernHopfield	2018	0.875000	0.001465	65.25
Suite_E_Adversarial	128	64	0.10	Candidate_ModelC	2018	0.312500	0.007812	4623.53
Suite_E_Adversarial	128	64	0.10	B0_Hebbian	2019	0.000000	0.250610	737.30
Suite_E_Adversarial	128	64	0.10	B1_Pseudoinverse	2019	0.078125	0.045044	481.33
Suite_E_Adversarial	128	64	0.10	B2_1NN_Oracle	2019	0.890625	0.001709	2.52
Suite_E_Adversarial	128	64	0.10	B3_PolynomialDAM	2019	0.296875	0.007812	2139.00
Suite_E_Adversarial	128	64	0.10	B4_ModernHopfield	2019	0.812500	0.001587	27.95
Suite_E_Adversarial	128	64	0.10	Candidate_ModelC	2019	0.296875	0.007812	3884.20
Suite_E_Adversarial	128	64	0.10	B0_Hebbian	2020	0.000000	0.214844	1023.28
Suite_E_Adversarial	128	64	0.10	B1_Pseudoinverse	2020	0.125000	0.045166	342.98
Suite_E_Adversarial	128	64	0.10	B2_1NN_Oracle	2020	0.859375	0.002197	3.45
Suite_E_Adversarial	128	64	0.10	B3_PolynomialDAM	2020	0.265625	0.008057	1936.72
Suite_E_Adversarial	128	64	0.10	B4_ModernHopfield	2020	0.859375	0.001343	165.28
Suite_E_Adversarial	128	64	0.10	Candidate_ModelC	2020	0.281250	0.007812	1439.72
Suite_E_Adversarial	128	64	0.20	B0_Hebbian	2001	0.000000	0.276245	1105.16
Suite_E_Adversarial	128	64	0.20	B1_Pseudoinverse	2001	0.000000	0.195435	1141.94
Suite_E_Adversarial	128	64	0.20	B2_1NN_Oracle	2001	0.796875	0.003174	4.30
Suite_E_Adversarial	128	64	0.20	B3_PolynomialDAM	2001	0.343750	0.007568	2632.12
Suite_E_Adversarial	128	64	0.20	B4_ModernHopfield	2001	0.781250	0.002563	25.69
Suite_E_Adversarial	128	64	0.20	Candidate_ModelC	2001	0.343750	0.007568	5122.12
Suite_E_Adversarial	128	64	0.20	B0_Hebbian	2002	0.000000	0.273193	1122.41
Suite_E_Adversarial	128	64	0.20	B1_Pseudoinverse	2002	0.000000	0.174316	758.14
Suite_E_Adversarial	128	64	0.20	B2_1NN_Oracle	2002	0.718750	0.004395	3.16
Suite_E_Adversarial	128	64	0.20	B3_PolynomialDAM	2002	0.359375	0.008057	3285.88
Suite_E_Adversarial	128	64	0.20	B4_ModernHopfield	2002	0.718750	0.003540	208.91
Suite_E_Adversarial	128	64	0.20	Candidate_ModelC	2002	0.390625	0.007568	3013.50
Suite_E_Adversarial	128	64	0.20	B0_Hebbian	2003	0.000000	0.272705	1059.11
Suite_E_Adversarial	128	64	0.20	B1_Pseudoinverse	2003	0.000000	0.206055	1032.11
Suite_E_Adversarial	128	64	0.20	B2_1NN_Oracle	2003	0.875000	0.001953	2.59
Suite_E_Adversarial	128	64	0.20	B3_PolynomialDAM	2003	0.328125	0.007812	2482.14
Suite_E_Adversarial	128	64	0.20	B4_ModernHopfield	2003	0.781250	0.002441	25.92
Suite_E_Adversarial	128	64	0.20	Candidate_ModelC	2003	0.328125	0.007812	3663.97
Suite_E_Adversarial	128	64	0.20	B0_Hebbian	2004	0.000000	0.304443	783.77
Suite_E_Adversarial	128	64	0.20	B1_Pseudoinverse	2004	0.000000	0.191406	917.53
Suite_E_Adversarial	128	64	0.20	B2_1NN_Oracle	2004	0.812500	0.002930	7.27
Suite_E_Adversarial	128	64	0.20	B3_PolynomialDAM	2004	0.406250	0.007568	1689.75
Suite_E_Adversarial	128	64	0.20	B4_ModernHopfield	2004	0.687500	0.003540	122.47
Suite_E_Adversarial	128	64	0.20	Candidate_ModelC	2004	0.375000	0.008057	3196.80
Suite_E_Adversarial	128	64	0.20	B0_Hebbian	2005	0.000000	0.266113	1522.44
Suite_E_Adversarial	128	64	0.20	B1_Pseudoinverse	2005	0.000000	0.176025	1138.86
Suite_E_Adversarial	128	64	0.20	B2_1NN_Oracle	2005	0.812500	0.002930	4.27
Suite_E_Adversarial	128	64	0.20	B3_PolynomialDAM	2005	0.296875	0.007568	2795.86
Suite_E_Adversarial	128	64	0.20	B4_ModernHopfield	2005	0.687500	0.004150	27.09
Suite_E_Adversarial	128	64	0.20	Candidate_ModelC	2005	0.265625	0.008057	5127.27
Suite_E_Adversarial	128	64	0.20	B0_Hebbian	2006	0.000000	0.276855	1419.31
Suite_E_Adversarial	128	64	0.20	B1_Pseudoinverse	2006	0.000000	0.188721	945.61
Suite_E_Adversarial	128	64	0.20	B2_1NN_Oracle	2006	0.765625	0.003662	3.62
Suite_E_Adversarial	128	64	0.20	B3_PolynomialDAM	2006	0.343750	0.007812	2587.50
Suite_E_Adversarial	128	64	0.20	B4_ModernHopfield	2006	0.796875	0.002686	298.19
Suite_E_Adversarial	128	64	0.20	Candidate_ModelC	2006	0.375000	0.007324	3523.86
Suite_E_Adversarial	128	64	0.20	B0_Hebbian	2007	0.000000	0.265503	1240.19
Suite_E_Adversarial	128	64	0.20	B1_Pseudoinverse	2007	0.000000	0.177612	1238.56
Suite_E_Adversarial	128	64	0.20	B2_1NN_Oracle	2007	0.843750	0.002441	3.34
Suite_E_Adversarial	128	64	0.20	B3_PolynomialDAM	2007	0.359375	0.007568	3123.62
Suite_E_Adversarial	128	64	0.20	B4_ModernHopfield	2007	0.796875	0.002197	136.86
Suite_E_Adversarial	128	64	0.20	Candidate_ModelC	2007	0.343750	0.007812	3405.28
Suite_E_Adversarial	128	64	0.20	B0_Hebbian	2008	0.000000	0.211914	783.91
Suite_E_Adversarial	128	64	0.20	B1_Pseudoinverse	2008	0.000000	0.207031	1035.12
Suite_E_Adversarial	128	64	0.20	B2_1NN_Oracle	2008	0.796875	0.003174	2.59
Suite_E_Adversarial	128	64	0.20	B3_PolynomialDAM	2008	0.390625	0.007324	2167.66
Suite_E_Adversarial	128	64	0.20	B4_ModernHopfield	2008	0.687500	0.004028	92.67
Suite_E_Adversarial	128	64	0.20	Candidate_ModelC	2008	0.359375	0.007812	4285.23
Suite_E_Adversarial	128	64	0.20	B0_Hebbian	2009	0.000000	0.253540	589.84
Suite_E_Adversarial	128	64	0.20	B1_Pseudoinverse	2009	0.015625	0.195435	692.50
Suite_E_Adversarial	128	64	0.20	B2_1NN_Oracle	2009	0.718750	0.004395	2.67
Suite_E_Adversarial	128	64	0.20	B3_PolynomialDAM	2009	0.375000	0.008301	2326.45
Suite_E_Adversarial	128	64	0.20	B4_ModernHopfield	2009	0.718750	0.003418	66.14
Suite_E_Adversarial	128	64	0.20	Candidate_ModelC	2009	0.437500	0.007324	7434.34
Suite_E_Adversarial	128	64	0.20	B0_Hebbian	2010	0.000000	0.276489	767.14
Suite_E_Adversarial	128	64	0.20	B1_Pseudoinverse	2010	0.000000	0.164551	624.44
Suite_E_Adversarial	128	64	0.20	B2_1NN_Oracle	2010	0.781250	0.003418	3.64
Suite_E_Adversarial	128	64	0.20	B3_PolynomialDAM	2010	0.343750	0.008057	2081.50
Suite_E_Adversarial	128	64	0.20	B4_ModernHopfield	2010	0.796875	0.002686	200.64
Suite_E_Adversarial	128	64	0.20	Candidate_ModelC	2010	0.375000	0.007568	6447.44
Suite_E_Adversarial	128	64	0.20	B0_Hebbian	2011	0.000000	0.269775	773.53
Suite_E_Adversarial	128	64	0.20	B1_Pseudoinverse	2011	0.000000	0.168823	396.30
Suite_E_Adversarial	128	64	0.20	B2_1NN_Oracle	2011	0.796875	0.003174	3.25
Suite_E_Adversarial	128	64	0.20	B3_PolynomialDAM	2011	0.359375	0.008057	2287.66
Suite_E_Adversarial	128	64	0.20	B4_ModernHopfield	2011	0.765625	0.002808	62.64
Suite_E_Adversarial	128	64	0.20	Candidate_ModelC	2011	0.390625	0.007568	4252.02
Suite_E_Adversarial	128	64	0.20	B0_Hebbian	2012	0.015625	0.257690	730.83
Suite_E_Adversarial	128	64	0.20	B1_Pseudoinverse	2012	0.000000	0.164062	537.58
Suite_E_Adversarial	128	64	0.20	B2_1NN_Oracle	2012	0.843750	0.002441	73.19
Suite_E_Adversarial	128	64	0.20	B3_PolynomialDAM	2012	0.359375	0.007812	2153.62
Suite_E_Adversarial	128	64	0.20	B4_ModernHopfield	2012	0.734375	0.003296	111.17
Suite_E_Adversarial	128	64	0.20	Candidate_ModelC	2012	0.359375	0.007812	5883.50
Suite_E_Adversarial	128	64	0.20	B0_Hebbian	2013	0.000000	0.249390	992.28
Suite_E_Adversarial	128	64	0.20	B1_Pseudoinverse	2013	0.000000	0.171997	647.14
Suite_E_Adversarial	128	64	0.20	B2_1NN_Oracle	2013	0.750000	0.003906	3.58
Suite_E_Adversarial	128	64	0.20	B3_PolynomialDAM	2013	0.375000	0.007568	2408.36
Suite_E_Adversarial	128	64	0.20	B4_ModernHopfield	2013	0.750000	0.003174	29.02
Suite_E_Adversarial	128	64	0.20	Candidate_ModelC	2013	0.359375	0.007812	3845.69
Suite_E_Adversarial	128	64	0.20	B0_Hebbian	2014	0.000000	0.325195	1050.41
Suite_E_Adversarial	128	64	0.20	B1_Pseudoinverse	2014	0.000000	0.177734	664.28
Suite_E_Adversarial	128	64	0.20	B2_1NN_Oracle	2014	0.796875	0.003174	2.69
Suite_E_Adversarial	128	64	0.20	B3_PolynomialDAM	2014	0.281250	0.008057	2042.03
Suite_E_Adversarial	128	64	0.20	B4_ModernHopfield	2014	0.750000	0.002808	195.00
Suite_E_Adversarial	128	64	0.20	Candidate_ModelC	2014	0.296875	0.007812	6178.33
Suite_E_Adversarial	128	64	0.20	B0_Hebbian	2015	0.000000	0.250854	1255.45
Suite_E_Adversarial	128	64	0.20	B1_Pseudoinverse	2015	0.000000	0.168579	1378.47
Suite_E_Adversarial	128	64	0.20	B2_1NN_Oracle	2015	0.781250	0.003418	4.17
Suite_E_Adversarial	128	64	0.20	B3_PolynomialDAM	2015	0.390625	0.007812	2771.08
Suite_E_Adversarial	128	64	0.20	B4_ModernHopfield	2015	0.828125	0.001953	229.52
Suite_E_Adversarial	128	64	0.20	Candidate_ModelC	2015	0.390625	0.007812	5381.97
Suite_E_Adversarial	128	64	0.20	B0_Hebbian	2016	0.015625	0.317383	981.36
Suite_E_Adversarial	128	64	0.20	B1_Pseudoinverse	2016	0.000000	0.199219	687.53
Suite_E_Adversarial	128	64	0.20	B2_1NN_Oracle	2016	0.828125	0.002686	3.56
Suite_E_Adversarial	128	64	0.20	B3_PolynomialDAM	2016	0.375000	0.007812	1857.09
Suite_E_Adversarial	128	64	0.20	B4_ModernHopfield	2016	0.765625	0.002808	118.86
Suite_E_Adversarial	128	64	0.20	Candidate_ModelC	2016	0.390625	0.007568	5789.27
Suite_E_Adversarial	128	64	0.20	B0_Hebbian	2017	0.000000	0.254395	961.05
Suite_E_Adversarial	128	64	0.20	B1_Pseudoinverse	2017	0.000000	0.172729	1294.80
Suite_E_Adversarial	128	64	0.20	B2_1NN_Oracle	2017	0.734375	0.004150	4.31
Suite_E_Adversarial	128	64	0.20	B3_PolynomialDAM	2017	0.375000	0.007812	4318.69
Suite_E_Adversarial	128	64	0.20	B4_ModernHopfield	2017	0.750000	0.002930	231.55
Suite_E_Adversarial	128	64	0.20	Candidate_ModelC	2017	0.390625	0.007568	6771.02
Suite_E_Adversarial	128	64	0.20	B0_Hebbian	2018	0.000000	0.333374	887.52
Suite_E_Adversarial	128	64	0.20	B1_Pseudoinverse	2018	0.000000	0.159302	603.05
Suite_E_Adversarial	128	64	0.20	B2_1NN_Oracle	2018	0.890625	0.001709	2.62
Suite_E_Adversarial	128	64	0.20	B3_PolynomialDAM	2018	0.312500	0.007812	3250.34
Suite_E_Adversarial	128	64	0.20	B4_ModernHopfield	2018	0.734375	0.003540	107.47
Suite_E_Adversarial	128	64	0.20	Candidate_ModelC	2018	0.312500	0.007812	4428.58
Suite_E_Adversarial	128	64	0.20	B0_Hebbian	2019	0.000000	0.270996	733.02
Suite_E_Adversarial	128	64	0.20	B1_Pseudoinverse	2019	0.000000	0.188354	754.08
Suite_E_Adversarial	128	64	0.20	B2_1NN_Oracle	2019	0.812500	0.002930	3.98
Suite_E_Adversarial	128	64	0.20	B3_PolynomialDAM	2019	0.296875	0.007812	2579.34
Suite_E_Adversarial	128	64	0.20	B4_ModernHopfield	2019	0.687500	0.003174	44.48
Suite_E_Adversarial	128	64	0.20	Candidate_ModelC	2019	0.281250	0.008057	6320.83
Suite_E_Adversarial	128	64	0.20	B0_Hebbian	2020	0.000000	0.274902	720.56
Suite_E_Adversarial	128	64	0.20	B1_Pseudoinverse	2020	0.000000	0.188110	982.00
Suite_E_Adversarial	128	64	0.20	B2_1NN_Oracle	2020	0.781250	0.003418	5.84
Suite_E_Adversarial	128	64	0.20	B3_PolynomialDAM	2020	0.265625	0.008057	2220.92
Suite_E_Adversarial	128	64	0.20	B4_ModernHopfield	2020	0.750000	0.002563	204.62
Suite_E_Adversarial	128	64	0.20	Candidate_ModelC	2020	0.296875	0.007568	3742.38
Suite_E_Adversarial	128	64	0.30	B0_Hebbian	2001	0.000000	0.351929	1881.84
Suite_E_Adversarial	128	64	0.30	B1_Pseudoinverse	2001	0.000000	0.321899	797.83
Suite_E_Adversarial	128	64	0.30	B2_1NN_Oracle	2001	0.671875	0.018921	193.97
Suite_E_Adversarial	128	64	0.30	B3_PolynomialDAM	2001	0.328125	0.015503	2801.34
Suite_E_Adversarial	128	64	0.30	B4_ModernHopfield	2001	0.640625	0.004639	47.64
Suite_E_Adversarial	128	64	0.30	Candidate_ModelC	2001	0.343750	0.019287	4980.77
Suite_E_Adversarial	128	64	0.30	B0_Hebbian	2002	0.000000	0.333862	2183.45
Suite_E_Adversarial	128	64	0.30	B1_Pseudoinverse	2002	0.000000	0.326538	1300.84
Suite_E_Adversarial	128	64	0.30	B2_1NN_Oracle	2002	0.640625	0.011597	3.34
Suite_E_Adversarial	128	64	0.30	B3_PolynomialDAM	2002	0.343750	0.032715	3225.88
Suite_E_Adversarial	128	64	0.30	B4_ModernHopfield	2002	0.687500	0.011597	166.31
Suite_E_Adversarial	128	64	0.30	Candidate_ModelC	2002	0.359375	0.008057	4425.11
Suite_E_Adversarial	128	64	0.30	B0_Hebbian	2003	0.000000	0.312866	1560.09
Suite_E_Adversarial	128	64	0.30	B1_Pseudoinverse	2003	0.000000	0.323975	893.39
Suite_E_Adversarial	128	64	0.30	B2_1NN_Oracle	2003	0.796875	0.003174	6.81
Suite_E_Adversarial	128	64	0.30	B3_PolynomialDAM	2003	0.328125	0.015747	3213.39
Suite_E_Adversarial	128	64	0.30	B4_ModernHopfield	2003	0.750000	0.003540	45.45
Suite_E_Adversarial	128	64	0.30	Candidate_ModelC	2003	0.328125	0.007812	5352.17
Suite_E_Adversarial	128	64	0.30	B0_Hebbian	2004	0.000000	0.348633	1915.69
Suite_E_Adversarial	128	64	0.30	B1_Pseudoinverse	2004	0.000000	0.341309	808.64
Suite_E_Adversarial	128	64	0.30	B2_1NN_Oracle	2004	0.718750	0.019165	2.78
Suite_E_Adversarial	128	64	0.30	B3_PolynomialDAM	2004	0.375000	0.023315	3466.12
Suite_E_Adversarial	128	64	0.30	B4_ModernHopfield	2004	0.625000	0.005005	235.52
Suite_E_Adversarial	128	64	0.30	Candidate_ModelC	2004	0.375000	0.015259	4967.55
Suite_E_Adversarial	128	64	0.30	B0_Hebbian	2005	0.000000	0.337036	2147.09
Suite_E_Adversarial	128	64	0.30	B1_Pseudoinverse	2005	0.000000	0.306396	1246.02
Suite_E_Adversarial	128	64	0.30	B2_1NN_Oracle	2005	0.703125	0.011719	3.77
Suite_E_Adversarial	128	64	0.30	B3_PolynomialDAM	2005	0.296875	0.029785	2988.62
Suite_E_Adversarial	128	64	0.30	B4_ModernHopfield	2005	0.671875	0.010620	108.81
Suite_E_Adversarial	128	64	0.30	Candidate_ModelC	2005	0.250000	0.023560	3680.94
Suite_E_Adversarial	128	64	0.30	B0_Hebbian	2006	0.000000	0.336304	1459.42
Suite_E_Adversarial	128	64	0.30	B1_Pseudoinverse	2006	0.000000	0.324951	919.52
Suite_E_Adversarial	128	64	0.30	B2_1NN_Oracle	2006	0.703125	0.004639	5.05
Suite_E_Adversarial	128	64	0.30	B3_PolynomialDAM	2006	0.328125	0.027832	3183.69
Suite_E_Adversarial	128	64	0.30	B4_ModernHopfield	2006	0.703125	0.010010	107.91
Suite_E_Adversarial	128	64	0.30	Candidate_ModelC	2006	0.343750	0.019287	5049.47
Suite_E_Adversarial	128	64	0.30	B0_Hebbian	2007	0.000000	0.330078	2150.47
Suite_E_Adversarial	128	64	0.30	B1_Pseudoinverse	2007	0.000000	0.342041	807.03
Suite_E_Adversarial	128	64	0.30	B2_1NN_Oracle	2007	0.671875	0.005127	3.67
Suite_E_Adversarial	128	64	0.30	B3_PolynomialDAM	2007	0.343750	0.028076	3273.58
Suite_E_Adversarial	128	64	0.30	B4_ModernHopfield	2007	0.671875	0.003540	52.66
Suite_E_Adversarial	128	64	0.30	Candidate_ModelC	2007	0.328125	0.023315	1595.98
Suite_E_Adversarial	128	64	0.30	B0_Hebbian	2008	0.000000	0.315308	244.92
Suite_E_Adversarial	128	64	0.30	B1_Pseudoinverse	2008	0.000000	0.324951	558.11
Suite_E_Adversarial	128	64	0.30	B2_1NN_Oracle	2008	0.703125	0.010864	2.84
Suite_E_Adversarial	128	64	0.30	B3_PolynomialDAM	2008	0.390625	0.007324	4080.52
Suite_E_Adversarial	128	64	0.30	B4_ModernHopfield	2008	0.593750	0.005249	45.47
Suite_E_Adversarial	128	64	0.30	Candidate_ModelC	2008	0.343750	0.014648	4969.31
Suite_E_Adversarial	128	64	0.30	B0_Hebbian	2009	0.000000	0.320435	928.97
Suite_E_Adversarial	128	64	0.30	B1_Pseudoinverse	2009	0.000000	0.309448	1478.59
Suite_E_Adversarial	128	64	0.30	B2_1NN_Oracle	2009	0.640625	0.020630	4.22
Suite_E_Adversarial	128	64	0.30	B3_PolynomialDAM	2009	0.390625	0.028320	2389.81
Suite_E_Adversarial	128	64	0.30	B4_ModernHopfield	2009	0.640625	0.019287	123.36
Suite_E_Adversarial	128	64	0.30	Candidate_ModelC	2009	0.437500	0.021362	5019.56
Suite_E_Adversarial	128	64	0.30	B0_Hebbian	2010	0.000000	0.330078	875.69
Suite_E_Adversarial	128	64	0.30	B1_Pseudoinverse	2010	0.000000	0.319580	671.23
Suite_E_Adversarial	128	64	0.30	B2_1NN_Oracle	2010	0.671875	0.005127	125.56
Suite_E_Adversarial	128	64	0.30	B3_PolynomialDAM	2010	0.359375	0.013794	2475.39
Suite_E_Adversarial	128	64	0.30	B4_ModernHopfield	2010	0.703125	0.003906	236.27
Suite_E_Adversarial	128	64	0.30	Candidate_ModelC	2010	0.343750	0.015137	5047.61
Suite_E_Adversarial	128	64	0.30	B0_Hebbian	2011	0.000000	0.341675	934.33
Suite_E_Adversarial	128	64	0.30	B1_Pseudoinverse	2011	0.000000	0.340576	541.83
Suite_E_Adversarial	128	64	0.30	B2_1NN_Oracle	2011	0.718750	0.004395	2.81
Suite_E_Adversarial	128	64	0.30	B3_PolynomialDAM	2011	0.312500	0.026733	2573.08
Suite_E_Adversarial	128	64	0.30	B4_ModernHopfield	2011	0.593750	0.012329	29.02
Suite_E_Adversarial	128	64	0.30	Candidate_ModelC	2011	0.390625	0.015381	4434.25
Suite_E_Adversarial	128	64	0.30	B0_Hebbian	2012	0.000000	0.324585	418.34
Suite_E_Adversarial	128	64	0.30	B1_Pseudoinverse	2012	0.000000	0.312500	639.31
Suite_E_Adversarial	128	64	0.30	B2_1NN_Oracle	2012	0.781250	0.011719	2.80
Suite_E_Adversarial	128	64	0.30	B3_PolynomialDAM	2012	0.359375	0.015625	2744.78
Suite_E_Adversarial	128	64	0.30	B4_ModernHopfield	2012	0.656250	0.004272	116.25
Suite_E_Adversarial	128	64	0.30	Candidate_ModelC	2012	0.359375	0.007812	6730.39
Suite_E_Adversarial	128	64	0.30	B0_Hebbian	2013	0.000000	0.315063	904.44
Suite_E_Adversarial	128	64	0.30	B1_Pseudoinverse	2013	0.000000	0.316895	646.78
Suite_E_Adversarial	128	64	0.30	B2_1NN_Oracle	2013	0.734375	0.004150	3.73
Suite_E_Adversarial	128	64	0.30	B3_PolynomialDAM	2013	0.343750	0.036743	3038.53
Suite_E_Adversarial	128	64	0.30	B4_ModernHopfield	2013	0.671875	0.004395	92.78
Suite_E_Adversarial	128	64	0.30	Candidate_ModelC	2013	0.328125	0.014893	4979.38
Suite_E_Adversarial	128	64	0.30	B0_Hebbian	2014	0.000000	0.352417	969.55
Suite_E_Adversarial	128	64	0.30	B1_Pseudoinverse	2014	0.000000	0.327026	636.48
Suite_E_Adversarial	128	64	0.30	B2_1NN_Oracle	2014	0.609375	0.006104	2.83
Suite_E_Adversarial	128	64	0.30	B3_PolynomialDAM	2014	0.312500	0.007568	2090.72
Suite_E_Adversarial	128	64	0.30	B4_ModernHopfield	2014	0.593750	0.005005	173.28
Suite_E_Adversarial	128	64	0.30	Candidate_ModelC	2014	0.281250	0.034424	4542.45
Suite_E_Adversarial	128	64	0.30	B0_Hebbian	2015	0.000000	0.319458	1019.11
Suite_E_Adversarial	128	64	0.30	B1_Pseudoinverse	2015	0.000000	0.314819	787.08
Suite_E_Adversarial	128	64	0.30	B2_1NN_Oracle	2015	0.718750	0.018799	100.25
Suite_E_Adversarial	128	64	0.30	B3_PolynomialDAM	2015	0.375000	0.015259	2351.20
Suite_E_Adversarial	128	64	0.30	B4_ModernHopfield	2015	0.687500	0.010620	179.31
Suite_E_Adversarial	128	64	0.30	Candidate_ModelC	2015	0.390625	0.014771	4778.61
Suite_E_Adversarial	128	64	0.30	B0_Hebbian	2016	0.000000	0.357910	333.83
Suite_E_Adversarial	128	64	0.30	B1_Pseudoinverse	2016	0.000000	0.346191	275.91
Suite_E_Adversarial	128	64	0.30	B2_1NN_Oracle	2016	0.718750	0.004395	6.70
Suite_E_Adversarial	128	64	0.30	B3_PolynomialDAM	2016	0.375000	0.014526	1156.69
Suite_E_Adversarial	128	64	0.30	B4_ModernHopfield	2016	0.640625	0.004395	111.45
Suite_E_Adversarial	128	64	0.30	Candidate_ModelC	2016	0.359375	0.014648	4698.69
Suite_E_Adversarial	128	64	0.30	B0_Hebbian	2017	0.000000	0.337280	1179.22
Suite_E_Adversarial	128	64	0.30	B1_Pseudoinverse	2017	0.000000	0.316772	877.89
Suite_E_Adversarial	128	64	0.30	B2_1NN_Oracle	2017	0.593750	0.013916	4.41
Suite_E_Adversarial	128	64	0.30	B3_PolynomialDAM	2017	0.375000	0.015137	2374.19
Suite_E_Adversarial	128	64	0.30	B4_ModernHopfield	2017	0.578125	0.012207	161.78
Suite_E_Adversarial	128	64	0.30	Candidate_ModelC	2017	0.375000	0.015991	5787.39
Suite_E_Adversarial	128	64	0.30	B0_Hebbian	2018	0.000000	0.391357	321.61
Suite_E_Adversarial	128	64	0.30	B1_Pseudoinverse	2018	0.000000	0.318604	311.36
Suite_E_Adversarial	128	64	0.30	B2_1NN_Oracle	2018	0.781250	0.015869	2.80
Suite_E_Adversarial	128	64	0.30	B3_PolynomialDAM	2018	0.234375	0.041138	1842.22
Suite_E_Adversarial	128	64	0.30	B4_ModernHopfield	2018	0.546875	0.013794	86.31
Suite_E_Adversarial	128	64	0.30	Candidate_ModelC	2018	0.296875	0.021729	4443.05
Suite_E_Adversarial	128	64	0.30	B0_Hebbian	2019	0.000000	0.336426	683.84
Suite_E_Adversarial	128	64	0.30	B1_Pseudoinverse	2019	0.000000	0.315063	668.69
Suite_E_Adversarial	128	64	0.30	B2_1NN_Oracle	2019	0.718750	0.013306	4.05
Suite_E_Adversarial	128	64	0.30	B3_PolynomialDAM	2019	0.296875	0.015625	1932.28
Suite_E_Adversarial	128	64	0.30	B4_ModernHopfield	2019	0.578125	0.004272	220.91
Suite_E_Adversarial	128	64	0.30	Candidate_ModelC	2019	0.296875	0.011230	5157.86
Suite_E_Adversarial	128	64	0.30	B0_Hebbian	2020	0.000000	0.348877	936.62
Suite_E_Adversarial	128	64	0.30	B1_Pseudoinverse	2020	0.000000	0.304077	1280.17
Suite_E_Adversarial	128	64	0.30	B2_1NN_Oracle	2020	0.609375	0.020996	3.92
Suite_E_Adversarial	128	64	0.30	B3_PolynomialDAM	2020	0.265625	0.032593	2173.91
Suite_E_Adversarial	128	64	0.30	B4_ModernHopfield	2020	0.671875	0.003906	72.89
Suite_E_Adversarial	128	64	0.30	Candidate_ModelC	2020	0.281250	0.014404	2068.89
Suite_E_Adversarial	128	64	0.40	B0_Hebbian	2001	0.000000	0.443848	1524.98
Suite_E_Adversarial	128	64	0.40	B1_Pseudoinverse	2001	0.000000	0.428101	1083.00
Suite_E_Adversarial	128	64	0.40	B2_1NN_Oracle	2001	0.375000	0.192139	4.33
Suite_E_Adversarial	128	64	0.40	B3_PolynomialDAM	2001	0.171875	0.224365	3636.77
Suite_E_Adversarial	128	64	0.40	B4_ModernHopfield	2001	0.343750	0.171509	157.95
Suite_E_Adversarial	128	64	0.40	Candidate_ModelC	2001	0.203125	0.234497	5468.06
Suite_E_Adversarial	128	64	0.40	B0_Hebbian	2002	0.000000	0.401978	1538.39
Suite_E_Adversarial	128	64	0.40	B1_Pseudoinverse	2002	0.000000	0.425049	793.84
Suite_E_Adversarial	128	64	0.40	B2_1NN_Oracle	2002	0.421875	0.149780	3.06
Suite_E_Adversarial	128	64	0.40	B3_PolynomialDAM	2002	0.171875	0.307739	3205.22
Suite_E_Adversarial	128	64	0.40	B4_ModernHopfield	2002	0.265625	0.222412	35.53
Suite_E_Adversarial	128	64	0.40	Candidate_ModelC	2002	0.265625	0.198608	7046.41
Suite_E_Adversarial	128	64	0.40	B0_Hebbian	2003	0.000000	0.421753	850.02
Suite_E_Adversarial	128	64	0.40	B1_Pseudoinverse	2003	0.000000	0.423584	711.70
Suite_E_Adversarial	128	64	0.40	B2_1NN_Oracle	2003	0.375000	0.223022	3.11
Suite_E_Adversarial	128	64	0.40	B3_PolynomialDAM	2003	0.140625	0.257202	2146.75
Suite_E_Adversarial	128	64	0.40	B4_ModernHopfield	2003	0.375000	0.218262	113.14
Suite_E_Adversarial	128	64	0.40	Candidate_ModelC	2003	0.171875	0.197998	3735.23
Suite_E_Adversarial	128	64	0.40	B0_Hebbian	2004	0.000000	0.412720	650.22
Suite_E_Adversarial	128	64	0.40	B1_Pseudoinverse	2004	0.000000	0.415527	734.41
Suite_E_Adversarial	128	64	0.40	B2_1NN_Oracle	2004	0.359375	0.229370	3.08
Suite_E_Adversarial	128	64	0.40	B3_PolynomialDAM	2004	0.234375	0.214844	2227.41
Suite_E_Adversarial	128	64	0.40	B4_ModernHopfield	2004	0.281250	0.236328	29.89
Suite_E_Adversarial	128	64	0.40	Candidate_ModelC	2004	0.187500	0.218018	5689.19
Suite_E_Adversarial	128	64	0.40	B0_Hebbian	2005	0.000000	0.420166	1058.45
Suite_E_Adversarial	128	64	0.40	B1_Pseudoinverse	2005	0.000000	0.419434	700.12
Suite_E_Adversarial	128	64	0.40	B2_1NN_Oracle	2005	0.406250	0.176758	3.19
Suite_E_Adversarial	128	64	0.40	B3_PolynomialDAM	2005	0.109375	0.254883	2426.80
Suite_E_Adversarial	128	64	0.40	B4_ModernHopfield	2005	0.343750	0.185791	89.95
Suite_E_Adversarial	128	64	0.40	Candidate_ModelC	2005	0.156250	0.232056	6077.20
Suite_E_Adversarial	128	64	0.40	B0_Hebbian	2006	0.000000	0.419189	1092.83
Suite_E_Adversarial	128	64	0.40	B1_Pseudoinverse	2006	0.000000	0.411255	367.58
Suite_E_Adversarial	128	64	0.40	B2_1NN_Oracle	2006	0.281250	0.248901	4.03
Suite_E_Adversarial	128	64	0.40	B3_PolynomialDAM	2006	0.171875	0.254517	2659.81
Suite_E_Adversarial	128	64	0.40	B4_ModernHopfield	2006	0.312500	0.237915	54.42
Suite_E_Adversarial	128	64	0.40	Candidate_ModelC	2006	0.187500	0.235840	2612.47
Suite_E_Adversarial	128	64	0.40	B0_Hebbian	2007	0.000000	0.398682	856.22
Suite_E_Adversarial	128	64	0.40	B1_Pseudoinverse	2007	0.000000	0.417969	789.39
Suite_E_Adversarial	128	64	0.40	B2_1NN_Oracle	2007	0.343750	0.165161	3.02
Suite_E_Adversarial	128	64	0.40	B3_PolynomialDAM	2007	0.234375	0.213745	3091.19
Suite_E_Adversarial	128	64	0.40	B4_ModernHopfield	2007	0.312500	0.206909	40.23
Suite_E_Adversarial	128	64	0.40	Candidate_ModelC	2007	0.187500	0.232666	5113.02
Suite_E_Adversarial	128	64	0.40	B0_Hebbian	2008	0.000000	0.414307	354.69
Suite_E_Adversarial	128	64	0.40	B1_Pseudoinverse	2008	0.000000	0.429688	647.75
Suite_E_Adversarial	128	64	0.40	B2_1NN_Oracle	2008	0.328125	0.206299	13.39
Suite_E_Adversarial	128	64	0.40	B3_PolynomialDAM	2008	0.265625	0.195435	1729.47
Suite_E_Adversarial	128	64	0.40	B4_ModernHopfield	2008	0.218750	0.240356	106.14
Suite_E_Adversarial	128	64	0.40	Candidate_ModelC	2008	0.156250	0.244873	5407.16
Suite_E_Adversarial	128	64	0.40	B0_Hebbian	2009	0.000000	0.407593	1204.83
Suite_E_Adversarial	128	64	0.40	B1_Pseudoinverse	2009	0.000000	0.415161	1275.02
Suite_E_Adversarial	128	64	0.40	B2_1NN_Oracle	2009	0.328125	0.247437	3.12
Suite_E_Adversarial	128	64	0.40	B3_PolynomialDAM	2009	0.156250	0.220581	2152.62
Suite_E_Adversarial	128	64	0.40	B4_ModernHopfield	2009	0.281250	0.231934	111.62
Suite_E_Adversarial	128	64	0.40	Candidate_ModelC	2009	0.171875	0.292236	4988.27
Suite_E_Adversarial	128	64	0.40	B0_Hebbian	2010	0.000000	0.414185	1225.61
Suite_E_Adversarial	128	64	0.40	B1_Pseudoinverse	2010	0.000000	0.414307	933.23
Suite_E_Adversarial	128	64	0.40	B2_1NN_Oracle	2010	0.328125	0.210815	4.11
Suite_E_Adversarial	128	64	0.40	B3_PolynomialDAM	2010	0.218750	0.204956	2069.53
Suite_E_Adversarial	128	64	0.40	B4_ModernHopfield	2010	0.296875	0.169067	43.92
Suite_E_Adversarial	128	64	0.40	Candidate_ModelC	2010	0.218750	0.231445	3203.77
Suite_E_Adversarial	128	64	0.40	B0_Hebbian	2011	0.000000	0.425293	765.73
Suite_E_Adversarial	128	64	0.40	B1_Pseudoinverse	2011	0.000000	0.434326	964.77
Suite_E_Adversarial	128	64	0.40	B2_1NN_Oracle	2011	0.375000	0.206909	39.94
Suite_E_Adversarial	128	64	0.40	B3_PolynomialDAM	2011	0.125000	0.282227	2391.91
Suite_E_Adversarial	128	64	0.40	B4_ModernHopfield	2011	0.281250	0.193726	194.30
Suite_E_Adversarial	128	64	0.40	Candidate_ModelC	2011	0.187500	0.228271	5121.42
Suite_E_Adversarial	128	64	0.40	B0_Hebbian	2012	0.000000	0.411499	673.66
Suite_E_Adversarial	128	64	0.40	B1_Pseudoinverse	2012	0.000000	0.405884	988.86
Suite_E_Adversarial	128	64	0.40	B2_1NN_Oracle	2012	0.375000	0.227173	4.03
Suite_E_Adversarial	128	64	0.40	B3_PolynomialDAM	2012	0.234375	0.196533	2290.36
Suite_E_Adversarial	128	64	0.40	B4_ModernHopfield	2012	0.218750	0.293823	29.02
Suite_E_Adversarial	128	64	0.40	Candidate_ModelC	2012	0.140625	0.274292	3073.50
Suite_E_Adversarial	128	64	0.40	B0_Hebbian	2013	0.000000	0.410034	1166.14
Suite_E_Adversarial	128	64	0.40	B1_Pseudoinverse	2013	0.000000	0.414429	1246.06
Suite_E_Adversarial	128	64	0.40	B2_1NN_Oracle	2013	0.359375	0.239136	4.64
Suite_E_Adversarial	128	64	0.40	B3_PolynomialDAM	2013	0.140625	0.236084	3778.94
Suite_E_Adversarial	128	64	0.40	B4_ModernHopfield	2013	0.328125	0.177979	155.42
Suite_E_Adversarial	128	64	0.40	Candidate_ModelC	2013	0.156250	0.252686	6207.77
Suite_E_Adversarial	128	64	0.40	B0_Hebbian	2014	0.000000	0.440552	722.33
Suite_E_Adversarial	128	64	0.40	B1_Pseudoinverse	2014	0.000000	0.428833	775.22
Suite_E_Adversarial	128	64	0.40	B2_1NN_Oracle	2014	0.281250	0.201050	3.11
Suite_E_Adversarial	128	64	0.40	B3_PolynomialDAM	2014	0.140625	0.242188	2317.56
Suite_E_Adversarial	128	64	0.40	B4_ModernHopfield	2014	0.359375	0.153076	161.69
Suite_E_Adversarial	128	64	0.40	Candidate_ModelC	2014	0.125000	0.231567	7295.44
Suite_E_Adversarial	128	64	0.40	B0_Hebbian	2015	0.000000	0.426758	715.94
Suite_E_Adversarial	128	64	0.40	B1_Pseudoinverse	2015	0.000000	0.410767	607.19
Suite_E_Adversarial	128	64	0.40	B2_1NN_Oracle	2015	0.296875	0.269043	4.86
Suite_E_Adversarial	128	64	0.40	B3_PolynomialDAM	2015	0.187500	0.237915	2217.41
Suite_E_Adversarial	128	64	0.40	B4_ModernHopfield	2015	0.296875	0.202026	47.73
Suite_E_Adversarial	128	64	0.40	Candidate_ModelC	2015	0.140625	0.230957	5509.22
Suite_E_Adversarial	128	64	0.40	B0_Hebbian	2016	0.000000	0.425171	1317.52
Suite_E_Adversarial	128	64	0.40	B1_Pseudoinverse	2016	0.000000	0.424072	874.80
Suite_E_Adversarial	128	64	0.40	B2_1NN_Oracle	2016	0.312500	0.190552	4.27
Suite_E_Adversarial	128	64	0.40	B3_PolynomialDAM	2016	0.187500	0.233887	2611.75
Suite_E_Adversarial	128	64	0.40	B4_ModernHopfield	2016	0.265625	0.231812	283.92
Suite_E_Adversarial	128	64	0.40	Candidate_ModelC	2016	0.234375	0.196899	6378.03
Suite_E_Adversarial	128	64	0.40	B0_Hebbian	2017	0.000000	0.420898	967.50
Suite_E_Adversarial	128	64	0.40	B1_Pseudoinverse	2017	0.000000	0.410278	716.91
Suite_E_Adversarial	128	64	0.40	B2_1NN_Oracle	2017	0.218750	0.226074	3.06
Suite_E_Adversarial	128	64	0.40	B3_PolynomialDAM	2017	0.187500	0.244019	2066.78
Suite_E_Adversarial	128	64	0.40	B4_ModernHopfield	2017	0.312500	0.220703	76.00
Suite_E_Adversarial	128	64	0.40	Candidate_ModelC	2017	0.234375	0.235718	3163.16
Suite_E_Adversarial	128	64	0.40	B0_Hebbian	2018	0.000000	0.440918	685.22
Suite_E_Adversarial	128	64	0.40	B1_Pseudoinverse	2018	0.000000	0.421875	470.48
Suite_E_Adversarial	128	64	0.40	B2_1NN_Oracle	2018	0.343750	0.227661	3.05
Suite_E_Adversarial	128	64	0.40	B3_PolynomialDAM	2018	0.093750	0.303589	874.27
Suite_E_Adversarial	128	64	0.40	B4_ModernHopfield	2018	0.312500	0.195923	60.47
Suite_E_Adversarial	128	64	0.40	Candidate_ModelC	2018	0.203125	0.212524	4415.62
Suite_E_Adversarial	128	64	0.40	B0_Hebbian	2019	0.000000	0.417480	582.11
Suite_E_Adversarial	128	64	0.40	B1_Pseudoinverse	2019	0.000000	0.426147	729.06
Suite_E_Adversarial	128	64	0.40	B2_1NN_Oracle	2019	0.468750	0.162231	3.05
Suite_E_Adversarial	128	64	0.40	B3_PolynomialDAM	2019	0.156250	0.240845	1338.11
Suite_E_Adversarial	128	64	0.40	B4_ModernHopfield	2019	0.328125	0.181030	28.59
Suite_E_Adversarial	128	64	0.40	Candidate_ModelC	2019	0.140625	0.242554	3189.70
Suite_E_Adversarial	128	64	0.40	B0_Hebbian	2020	0.000000	0.427002	933.25
Suite_E_Adversarial	128	64	0.40	B1_Pseudoinverse	2020	0.000000	0.421387	952.45
Suite_E_Adversarial	128	64	0.40	B2_1NN_Oracle	2020	0.312500	0.223633	4.00
Suite_E_Adversarial	128	64	0.40	B3_PolynomialDAM	2020	0.109375	0.261230	2747.28
Suite_E_Adversarial	128	64	0.40	B4_ModernHopfield	2020	0.343750	0.200439	89.22
Suite_E_Adversarial	128	64	0.40	Candidate_ModelC	2020	0.125000	0.265015	5713.38
Suite_E_Adversarial	128	128	0.10	B0_Hebbian	2001	0.000000	0.325195	1191.44
Suite_E_Adversarial	128	128	0.10	B1_Pseudoinverse	2001	0.000000	0.212708	571.25
Suite_E_Adversarial	128	128	0.10	B2_1NN_Oracle	2001	0.890625	0.001709	5.95
Suite_E_Adversarial	128	128	0.10	B3_PolynomialDAM	2001	0.328125	0.007568	3278.95
Suite_E_Adversarial	128	128	0.10	B4_ModernHopfield	2001	0.890625	0.001099	138.02
Suite_E_Adversarial	128	128	0.10	Candidate_ModelC	2001	0.320312	0.007690	5066.93
Suite_E_Adversarial	128	128	0.10	B0_Hebbian	2002	0.000000	0.294312	634.89
Suite_E_Adversarial	128	128	0.10	B1_Pseudoinverse	2002	0.000000	0.195618	620.22
Suite_E_Adversarial	128	128	0.10	B2_1NN_Oracle	2002	0.914062	0.001343	4.33
Suite_E_Adversarial	128	128	0.10	B3_PolynomialDAM	2002	0.320312	0.007935	1832.11
Suite_E_Adversarial	128	128	0.10	B4_ModernHopfield	2002	0.875000	0.001526	386.38
Suite_E_Adversarial	128	128	0.10	Candidate_ModelC	2002	0.320312	0.007935	3528.70
Suite_E_Adversarial	128	128	0.10	B0_Hebbian	2003	0.000000	0.315918	770.96
Suite_E_Adversarial	128	128	0.10	B1_Pseudoinverse	2003	0.000000	0.183411	603.95
Suite_E_Adversarial	128	128	0.10	B2_1NN_Oracle	2003	0.921875	0.001221	5.96
Suite_E_Adversarial	128	128	0.10	B3_PolynomialDAM	2003	0.304688	0.007690	5341.05
Suite_E_Adversarial	128	128	0.10	B4_ModernHopfield	2003	0.843750	0.001770	118.44
Suite_E_Adversarial	128	128	0.10	Candidate_ModelC	2003	0.296875	0.007812	7006.75
Suite_E_Adversarial	128	128	0.10	B0_Hebbian	2004	0.000000	0.334412	729.71
Suite_E_Adversarial	128	128	0.10	B1_Pseudoinverse	2004	0.000000	0.201416	526.99
Suite_E_Adversarial	128	128	0.10	B2_1NN_Oracle	2004	0.906250	0.001465	17.89
Suite_E_Adversarial	128	128	0.10	B3_PolynomialDAM	2004	0.335938	0.007690	4249.93
Suite_E_Adversarial	128	128	0.10	B4_ModernHopfield	2004	0.890625	0.001465	291.95
Suite_E_Adversarial	128	128	0.10	Candidate_ModelC	2004	0.335938	0.007690	5834.31
Suite_E_Adversarial	128	128	0.10	B0_Hebbian	2005	0.000000	0.298950	1097.48
Suite_E_Adversarial	128	128	0.10	B1_Pseudoinverse	2005	0.000000	0.194885	278.74
Suite_E_Adversarial	128	128	0.10	B2_1NN_Oracle	2005	0.898438	0.001587	5.57
Suite_E_Adversarial	128	128	0.10	B3_PolynomialDAM	2005	0.281250	0.007690	3165.94
Suite_E_Adversarial	128	128	0.10	B4_ModernHopfield	2005	0.859375	0.001587	127.67
Suite_E_Adversarial	128	128	0.10	Candidate_ModelC	2005	0.273438	0.007812	4605.52
Suite_E_Adversarial	128	128	0.10	B0_Hebbian	2006	0.000000	0.332886	1041.55
Suite_E_Adversarial	128	128	0.10	B1_Pseudoinverse	2006	0.000000	0.189392	574.16
Suite_E_Adversarial	128	128	0.10	B2_1NN_Oracle	2006	0.929688	0.001099	49.88
Suite_E_Adversarial	128	128	0.10	B3_PolynomialDAM	2006	0.312500	0.007935	3630.96
Suite_E_Adversarial	128	128	0.10	B4_ModernHopfield	2006	0.851562	0.001648	184.84
Suite_E_Adversarial	128	128	0.10	Candidate_ModelC	2006	0.320312	0.007812	5025.20
Suite_E_Adversarial	128	128	0.10	B0_Hebbian	2007	0.000000	0.308289	802.94
Suite_E_Adversarial	128	128	0.10	B1_Pseudoinverse	2007	0.000000	0.182190	677.45
Suite_E_Adversarial	128	128	0.10	B2_1NN_Oracle	2007	0.921875	0.001221	63.05
Suite_E_Adversarial	128	128	0.10	B3_PolynomialDAM	2007	0.281250	0.007935	4122.18
Suite_E_Adversarial	128	128	0.10	B4_ModernHopfield	2007	0.890625	0.001099	158.11
Suite_E_Adversarial	128	128	0.10	Candidate_ModelC	2007	0.296875	0.007690	4283.56
Suite_E_Adversarial	128	128	0.10	B0_Hebbian	2008	0.000000	0.305847	365.91
Suite_E_Adversarial	128	128	0.10	B1_Pseudoinverse	2008	0.000000	0.229370	643.55
Suite_E_Adversarial	128	128	0.10	B2_1NN_Oracle	2008	0.890625	0.001709	18.16
Suite_E_Adversarial	128	128	0.10	B3_PolynomialDAM	2008	0.296875	0.007812	4796.23
Suite_E_Adversarial	128	128	0.10	B4_ModernHopfield	2008	0.859375	0.001587	89.95
Suite_E_Adversarial	128	128	0.10	Candidate_ModelC	2008	0.304688	0.007751	4115.47
Suite_E_Adversarial	128	128	0.10	B0_Hebbian	2009	0.000000	0.316101	908.48
Suite_E_Adversarial	128	128	0.10	B1_Pseudoinverse	2009	0.000000	0.152649	630.14
Suite_E_Adversarial	128	128	0.10	B2_1NN_Oracle	2009	0.921875	0.001221	5.93
Suite_E_Adversarial	128	128	0.10	B3_PolynomialDAM	2009	0.273438	0.007812	5984.59
Suite_E_Adversarial	128	128	0.10	B4_ModernHopfield	2009	0.851562	0.001831	149.91
Suite_E_Adversarial	128	128	0.10	Candidate_ModelC	2009	0.273438	0.007812	6190.57
Suite_E_Adversarial	128	128	0.10	B0_Hebbian	2010	0.000000	0.312256	1172.87
Suite_E_Adversarial	128	128	0.10	B1_Pseudoinverse	2010	0.000000	0.214783	937.67
Suite_E_Adversarial	128	128	0.10	B2_1NN_Oracle	2010	0.937500	0.000977	5.94
Suite_E_Adversarial	128	128	0.10	B3_PolynomialDAM	2010	0.320312	0.007690	4185.50
Suite_E_Adversarial	128	128	0.10	B4_ModernHopfield	2010	0.882812	0.001404	189.34
Suite_E_Adversarial	128	128	0.10	Candidate_ModelC	2010	0.328125	0.007568	4064.50
Suite_E_Adversarial	128	128	0.10	B0_Hebbian	2011	0.000000	0.343933	1051.42
Suite_E_Adversarial	128	128	0.10	B1_Pseudoinverse	2011	0.000000	0.196655	875.95
Suite_E_Adversarial	128	128	0.10	B2_1NN_Oracle	2011	0.921875	0.001221	7.69
Suite_E_Adversarial	128	128	0.10	B3_PolynomialDAM	2011	0.257812	0.007812	4264.85
Suite_E_Adversarial	128	128	0.10	B4_ModernHopfield	2011	0.804688	0.001892	147.85
Suite_E_Adversarial	128	128	0.10	Candidate_ModelC	2011	0.257812	0.007812	4622.25
Suite_E_Adversarial	128	128	0.10	B0_Hebbian	2012	0.000000	0.315063	1057.20
Suite_E_Adversarial	128	128	0.10	B1_Pseudoinverse	2012	0.000000	0.213196	542.36
Suite_E_Adversarial	128	128	0.10	B2_1NN_Oracle	2012	0.882812	0.001831	5.54
Suite_E_Adversarial	128	128	0.10	B3_PolynomialDAM	2012	0.359375	0.007812	3356.12
Suite_E_Adversarial	128	128	0.10	B4_ModernHopfield	2012	0.859375	0.001892	255.09
Suite_E_Adversarial	128	128	0.10	Candidate_ModelC	2012	0.367188	0.007690	5246.53
Suite_E_Adversarial	128	128	0.10	B0_Hebbian	2013	0.000000	0.300293	555.01
Suite_E_Adversarial	128	128	0.10	B1_Pseudoinverse	2013	0.000000	0.242310	615.84
Suite_E_Adversarial	128	128	0.10	B2_1NN_Oracle	2013	0.906250	0.001465	5.66
Suite_E_Adversarial	128	128	0.10	B3_PolynomialDAM	2013	0.343750	0.007812	4967.99
Suite_E_Adversarial	128	128	0.10	B4_ModernHopfield	2013	0.859375	0.001709	160.48
Suite_E_Adversarial	128	128	0.10	Candidate_ModelC	2013	0.343750	0.007812	8296.31
Suite_E_Adversarial	128	128	0.10	B0_Hebbian	2014	0.000000	0.336853	875.64
Suite_E_Adversarial	128	128	0.10	B1_Pseudoinverse	2014	0.000000	0.212585	391.67
Suite_E_Adversarial	128	128	0.10	B2_1NN_Oracle	2014	0.898438	0.001587	9.40
Suite_E_Adversarial	128	128	0.10	B3_PolynomialDAM	2014	0.312500	0.007690	3969.15
Suite_E_Adversarial	128	128	0.10	B4_ModernHopfield	2014	0.867188	0.001587	202.54
Suite_E_Adversarial	128	128	0.10	Candidate_ModelC	2014	0.312500	0.007690	4244.20
Suite_E_Adversarial	128	128	0.10	B0_Hebbian	2015	0.000000	0.301819	427.77
Suite_E_Adversarial	128	128	0.10	B1_Pseudoinverse	2015	0.000000	0.185486	360.75
Suite_E_Adversarial	128	128	0.10	B2_1NN_Oracle	2015	0.890625	0.001709	3.93
Suite_E_Adversarial	128	128	0.10	B3_PolynomialDAM	2015	0.343750	0.007690	3010.97
Suite_E_Adversarial	128	128	0.10	B4_ModernHopfield	2015	0.796875	0.002319	445.06
Suite_E_Adversarial	128	128	0.10	Candidate_ModelC	2015	0.351562	0.007568	4598.00
Suite_E_Adversarial	128	128	0.10	B0_Hebbian	2016	0.000000	0.306763	1099.22
Suite_E_Adversarial	128	128	0.10	B1_Pseudoinverse	2016	0.000000	0.199036	698.67
Suite_E_Adversarial	128	128	0.10	B2_1NN_Oracle	2016	0.898438	0.001587	5.52
Suite_E_Adversarial	128	128	0.10	B3_PolynomialDAM	2016	0.367188	0.007568	4244.91
Suite_E_Adversarial	128	128	0.10	B4_ModernHopfield	2016	0.820312	0.002075	222.47
Suite_E_Adversarial	128	128	0.10	Candidate_ModelC	2016	0.343750	0.007935	4180.18
Suite_E_Adversarial	128	128	0.10	B0_Hebbian	2017	0.000000	0.296387	781.61
Suite_E_Adversarial	128	128	0.10	B1_Pseudoinverse	2017	0.000000	0.192444	244.25
Suite_E_Adversarial	128	128	0.10	B2_1NN_Oracle	2017	0.953125	0.000732	6.48
Suite_E_Adversarial	128	128	0.10	B3_PolynomialDAM	2017	0.304688	0.007935	2793.26
Suite_E_Adversarial	128	128	0.10	B4_ModernHopfield	2017	0.906250	0.000977	216.67
Suite_E_Adversarial	128	128	0.10	Candidate_ModelC	2017	0.304688	0.007935	5271.12
Suite_E_Adversarial	128	128	0.10	B0_Hebbian	2018	0.000000	0.324829	1290.15
Suite_E_Adversarial	128	128	0.10	B1_Pseudoinverse	2018	0.000000	0.171875	471.34
Suite_E_Adversarial	128	128	0.10	B2_1NN_Oracle	2018	0.914062	0.001343	5.68
Suite_E_Adversarial	128	128	0.10	B3_PolynomialDAM	2018	0.312500	0.007812	3810.30
Suite_E_Adversarial	128	128	0.10	B4_ModernHopfield	2018	0.882812	0.001587	137.29
Suite_E_Adversarial	128	128	0.10	Candidate_ModelC	2018	0.335938	0.007446	7139.25
Suite_E_Adversarial	128	128	0.10	B0_Hebbian	2019	0.000000	0.308167	1457.20
Suite_E_Adversarial	128	128	0.10	B1_Pseudoinverse	2019	0.000000	0.221741	833.33
Suite_E_Adversarial	128	128	0.10	B2_1NN_Oracle	2019	0.906250	0.001465	3.89
Suite_E_Adversarial	128	128	0.10	B3_PolynomialDAM	2019	0.257812	0.007812	3933.33
Suite_E_Adversarial	128	128	0.10	B4_ModernHopfield	2019	0.875000	0.001343	139.18
Suite_E_Adversarial	128	128	0.10	Candidate_ModelC	2019	0.257812	0.007812	7134.20
Suite_E_Adversarial	128	128	0.10	B0_Hebbian	2020	0.000000	0.327026	1385.41
Suite_E_Adversarial	128	128	0.10	B1_Pseudoinverse	2020	0.000000	0.192932	542.20
Suite_E_Adversarial	128	128	0.10	B2_1NN_Oracle	2020	0.898438	0.001587	3.98
Suite_E_Adversarial	128	128	0.10	B3_PolynomialDAM	2020	0.296875	0.007935	4005.16
Suite_E_Adversarial	128	128	0.10	B4_ModernHopfield	2020	0.882812	0.001343	181.45
Suite_E_Adversarial	128	128	0.10	Candidate_ModelC	2020	0.296875	0.007935	4171.52
Suite_E_Adversarial	128	128	0.20	B0_Hebbian	2001	0.000000	0.345398	921.53
Suite_E_Adversarial	128	128	0.20	B1_Pseudoinverse	2001	0.000000	0.305115	626.88
Suite_E_Adversarial	128	128	0.20	B2_1NN_Oracle	2001	0.789062	0.003296	5.09
Suite_E_Adversarial	128	128	0.20	B3_PolynomialDAM	2001	0.304688	0.007935	4802.38
Suite_E_Adversarial	128	128	0.20	B4_ModernHopfield	2001	0.742188	0.003418	183.12
Suite_E_Adversarial	128	128	0.20	Candidate_ModelC	2001	0.328125	0.007568	5956.63
Suite_E_Adversarial	128	128	0.20	B0_Hebbian	2002	0.000000	0.339661	968.84
Suite_E_Adversarial	128	128	0.20	B1_Pseudoinverse	2002	0.000000	0.286011	673.08
Suite_E_Adversarial	128	128	0.20	B2_1NN_Oracle	2002	0.820312	0.002808	7.70
Suite_E_Adversarial	128	128	0.20	B3_PolynomialDAM	2002	0.312500	0.008057	4457.36
Suite_E_Adversarial	128	128	0.20	B4_ModernHopfield	2002	0.750000	0.002930	92.73
Suite_E_Adversarial	128	128	0.20	Candidate_ModelC	2002	0.328125	0.007812	4927.84
Suite_E_Adversarial	128	128	0.20	B0_Hebbian	2003	0.000000	0.352600	1090.05
Suite_E_Adversarial	128	128	0.20	B1_Pseudoinverse	2003	0.000000	0.280396	734.97
Suite_E_Adversarial	128	128	0.20	B2_1NN_Oracle	2003	0.812500	0.002930	6.67
Suite_E_Adversarial	128	128	0.20	B3_PolynomialDAM	2003	0.304688	0.007690	2462.86
Suite_E_Adversarial	128	128	0.20	B4_ModernHopfield	2003	0.679688	0.004089	238.36
Suite_E_Adversarial	128	128	0.20	Candidate_ModelC	2003	0.296875	0.007812	7088.96
Suite_E_Adversarial	128	128	0.20	B0_Hebbian	2004	0.000000	0.350159	1204.16
Suite_E_Adversarial	128	128	0.20	B1_Pseudoinverse	2004	0.000000	0.289062	439.19
Suite_E_Adversarial	128	128	0.20	B2_1NN_Oracle	2004	0.789062	0.003296	6.18
Suite_E_Adversarial	128	128	0.20	B3_PolynomialDAM	2004	0.343750	0.007568	4137.55
Suite_E_Adversarial	128	128	0.20	B4_ModernHopfield	2004	0.757812	0.003296	116.49
Suite_E_Adversarial	128	128	0.20	Candidate_ModelC	2004	0.335938	0.007690	8315.77
Suite_E_Adversarial	128	128	0.20	B0_Hebbian	2005	0.000000	0.331787	661.13
Suite_E_Adversarial	128	128	0.20	B1_Pseudoinverse	2005	0.000000	0.285095	694.18
Suite_E_Adversarial	128	128	0.20	B2_1NN_Oracle	2005	0.789062	0.003296	5.84
Suite_E_Adversarial	128	128	0.20	B3_PolynomialDAM	2005	0.281250	0.007690	4175.62
Suite_E_Adversarial	128	128	0.20	B4_ModernHopfield	2005	0.742188	0.002991	197.09
Suite_E_Adversarial	128	128	0.20	Candidate_ModelC	2005	0.273438	0.007812	7328.80
Suite_E_Adversarial	128	128	0.20	B0_Hebbian	2006	0.000000	0.349487	760.65
Suite_E_Adversarial	128	128	0.20	B1_Pseudoinverse	2006	0.000000	0.287415	771.06
Suite_E_Adversarial	128	128	0.20	B2_1NN_Oracle	2006	0.828125	0.002686	4.64
Suite_E_Adversarial	128	128	0.20	B3_PolynomialDAM	2006	0.312500	0.007935	4304.91
Suite_E_Adversarial	128	128	0.20	B4_ModernHopfield	2006	0.695312	0.003540	214.86
Suite_E_Adversarial	128	128	0.20	Candidate_ModelC	2006	0.320312	0.007812	8885.16
Suite_E_Adversarial	128	128	0.20	B0_Hebbian	2007	0.000000	0.341064	932.91
Suite_E_Adversarial	128	128	0.20	B1_Pseudoinverse	2007	0.000000	0.275818	670.42
Suite_E_Adversarial	128	128	0.20	B2_1NN_Oracle	2007	0.828125	0.002686	14.05
Suite_E_Adversarial	128	128	0.20	B3_PolynomialDAM	2007	0.289062	0.007812	7813.30
Suite_E_Adversarial	128	128	0.20	B4_ModernHopfield	2007	0.757812	0.002869	355.15
Suite_E_Adversarial	128	128	0.20	Candidate_ModelC	2007	0.289062	0.007812	9216.38
Suite_E_Adversarial	128	128	0.20	B0_Hebbian	2008	0.000000	0.346741	1519.92
Suite_E_Adversarial	128	128	0.20	B1_Pseudoinverse	2008	0.000000	0.311218	1098.86
Suite_E_Adversarial	128	128	0.20	B2_1NN_Oracle	2008	0.796875	0.003174	5.83
Suite_E_Adversarial	128	128	0.20	B3_PolynomialDAM	2008	0.304688	0.007751	8494.66
Suite_E_Adversarial	128	128	0.20	B4_ModernHopfield	2008	0.765625	0.002808	282.71
Suite_E_Adversarial	128	128	0.20	Candidate_ModelC	2008	0.304688	0.007751	9105.08
Suite_E_Adversarial	128	128	0.20	B0_Hebbian	2009	0.000000	0.337280	1535.52
Suite_E_Adversarial	128	128	0.20	B1_Pseudoinverse	2009	0.000000	0.260315	596.69
Suite_E_Adversarial	128	128	0.20	B2_1NN_Oracle	2009	0.789062	0.003296	4.48
Suite_E_Adversarial	128	128	0.20	B3_PolynomialDAM	2009	0.273438	0.007812	6400.70
Suite_E_Adversarial	128	128	0.20	B4_ModernHopfield	2009	0.750000	0.003113	254.05
Suite_E_Adversarial	128	128	0.20	Candidate_ModelC	2009	0.273438	0.007812	7627.45
Suite_E_Adversarial	128	128	0.20	B0_Hebbian	2010	0.000000	0.341187	1353.08
Suite_E_Adversarial	128	128	0.20	B1_Pseudoinverse	2010	0.000000	0.307312	926.87
Suite_E_Adversarial	128	128	0.20	B2_1NN_Oracle	2010	0.859375	0.002197	5.22
Suite_E_Adversarial	128	128	0.20	B3_PolynomialDAM	2010	0.304688	0.007935	6662.74
Suite_E_Adversarial	128	128	0.20	B4_ModernHopfield	2010	0.687500	0.003540	288.42
Suite_E_Adversarial	128	128	0.20	Candidate_ModelC	2010	0.320312	0.007690	6844.99
Suite_E_Adversarial	128	128	0.20	B0_Hebbian	2011	0.000000	0.357300	1511.71
Suite_E_Adversarial	128	128	0.20	B1_Pseudoinverse	2011	0.000000	0.295166	799.93
Suite_E_Adversarial	128	128	0.20	B2_1NN_Oracle	2011	0.851562	0.002319	4.20
Suite_E_Adversarial	128	128	0.20	B3_PolynomialDAM	2011	0.257812	0.007812	5039.34
Suite_E_Adversarial	128	128	0.20	B4_ModernHopfield	2011	0.734375	0.003052	332.15
Suite_E_Adversarial	128	128	0.20	Candidate_ModelC	2011	0.257812	0.007812	7038.07
Suite_E_Adversarial	128	128	0.20	B0_Hebbian	2012	0.000000	0.353333	1114.78
Suite_E_Adversarial	128	128	0.20	B1_Pseudoinverse	2012	0.000000	0.293457	304.05
Suite_E_Adversarial	128	128	0.20	B2_1NN_Oracle	2012	0.765625	0.003662	4.12
Suite_E_Adversarial	128	128	0.20	B3_PolynomialDAM	2012	0.359375	0.007812	4328.27
Suite_E_Adversarial	128	128	0.20	B4_ModernHopfield	2012	0.710938	0.004089	203.97
Suite_E_Adversarial	128	128	0.20	Candidate_ModelC	2012	0.359375	0.007812	6336.08
Suite_E_Adversarial	128	128	0.20	B0_Hebbian	2013	0.000000	0.330872	1021.07
Suite_E_Adversarial	128	128	0.20	B1_Pseudoinverse	2013	0.000000	0.321533	768.53
Suite_E_Adversarial	128	128	0.20	B2_1NN_Oracle	2013	0.796875	0.003174	5.84
Suite_E_Adversarial	128	128	0.20	B3_PolynomialDAM	2013	0.335938	0.010986	3015.20
Suite_E_Adversarial	128	128	0.20	B4_ModernHopfield	2013	0.742188	0.003174	209.74
Suite_E_Adversarial	128	128	0.20	Candidate_ModelC	2013	0.351562	0.007690	6157.13
Suite_E_Adversarial	128	128	0.20	B0_Hebbian	2014	0.000000	0.354370	806.52
Suite_E_Adversarial	128	128	0.20	B1_Pseudoinverse	2014	0.000000	0.296021	758.21
Suite_E_Adversarial	128	128	0.20	B2_1NN_Oracle	2014	0.804688	0.003052	4.04
Suite_E_Adversarial	128	128	0.20	B3_PolynomialDAM	2014	0.304688	0.007812	5805.25
Suite_E_Adversarial	128	128	0.20	B4_ModernHopfield	2014	0.781250	0.002563	363.33
Suite_E_Adversarial	128	128	0.20	Candidate_ModelC	2014	0.304688	0.007812	5621.04
Suite_E_Adversarial	128	128	0.20	B0_Hebbian	2015	0.000000	0.335754	791.43
Suite_E_Adversarial	128	128	0.20	B1_Pseudoinverse	2015	0.000000	0.279114	510.24
Suite_E_Adversarial	128	128	0.20	B2_1NN_Oracle	2015	0.828125	0.002686	8.16
Suite_E_Adversarial	128	128	0.20	B3_PolynomialDAM	2015	0.328125	0.007935	4557.77
Suite_E_Adversarial	128	128	0.20	B4_ModernHopfield	2015	0.742188	0.003052	221.52
Suite_E_Adversarial	128	128	0.20	Candidate_ModelC	2015	0.335938	0.007812	9825.13
Suite_E_Adversarial	128	128	0.20	B0_Hebbian	2016	0.000000	0.341736	1397.20
Suite_E_Adversarial	128	128	0.20	B1_Pseudoinverse	2016	0.000000	0.294556	1033.92
Suite_E_Adversarial	128	128	0.20	B2_1NN_Oracle	2016	0.835938	0.002563	12.80
Suite_E_Adversarial	128	128	0.20	B3_PolynomialDAM	2016	0.359375	0.007690	4672.85
Suite_E_Adversarial	128	128	0.20	B4_ModernHopfield	2016	0.726562	0.003418	221.78
Suite_E_Adversarial	128	128	0.20	Candidate_ModelC	2016	0.343750	0.007935	5888.39
Suite_E_Adversarial	128	128	0.20	B0_Hebbian	2017	0.000000	0.330933	449.69
Suite_E_Adversarial	128	128	0.20	B1_Pseudoinverse	2017	0.000000	0.282715	636.58
Suite_E_Adversarial	128	128	0.20	B2_1NN_Oracle	2017	0.867188	0.002075	6.09
Suite_E_Adversarial	128	128	0.20	B3_PolynomialDAM	2017	0.304688	0.007935	4034.73
Suite_E_Adversarial	128	128	0.20	B4_ModernHopfield	2017	0.726562	0.003418	175.30
Suite_E_Adversarial	128	128	0.20	Candidate_ModelC	2017	0.304688	0.007935	7100.91
Suite_E_Adversarial	128	128	0.20	B0_Hebbian	2018	0.000000	0.345886	1525.70
Suite_E_Adversarial	128	128	0.20	B1_Pseudoinverse	2018	0.000000	0.270508	872.71
Suite_E_Adversarial	128	128	0.20	B2_1NN_Oracle	2018	0.804688	0.003052	6.06
Suite_E_Adversarial	128	128	0.20	B3_PolynomialDAM	2018	0.320312	0.007690	4528.34
Suite_E_Adversarial	128	128	0.20	B4_ModernHopfield	2018	0.765625	0.002991	178.86
Suite_E_Adversarial	128	128	0.20	Candidate_ModelC	2018	0.328125	0.007568	7300.58
Suite_E_Adversarial	128	128	0.20	B0_Hebbian	2019	0.000000	0.340576	1022.14
Suite_E_Adversarial	128	128	0.20	B1_Pseudoinverse	2019	0.000000	0.313782	745.51
Suite_E_Adversarial	128	128	0.20	B2_1NN_Oracle	2019	0.820312	0.002808	4.13
Suite_E_Adversarial	128	128	0.20	B3_PolynomialDAM	2019	0.265625	0.007690	4896.23
Suite_E_Adversarial	128	128	0.20	B4_ModernHopfield	2019	0.750000	0.003174	111.36
Suite_E_Adversarial	128	128	0.20	Candidate_ModelC	2019	0.242188	0.008057	6510.73
Suite_E_Adversarial	128	128	0.20	B0_Hebbian	2020	0.000000	0.348450	859.87
Suite_E_Adversarial	128	128	0.20	B1_Pseudoinverse	2020	0.000000	0.278503	780.52
Suite_E_Adversarial	128	128	0.20	B2_1NN_Oracle	2020	0.828125	0.002686	4.05
Suite_E_Adversarial	128	128	0.20	B3_PolynomialDAM	2020	0.304688	0.007812	4283.33
Suite_E_Adversarial	128	128	0.20	B4_ModernHopfield	2020	0.726562	0.003418	242.49
Suite_E_Adversarial	128	128	0.20	Candidate_ModelC	2020	0.296875	0.007935	5738.20
Suite_E_Adversarial	128	128	0.30	B0_Hebbian	2001	0.000000	0.389771	1507.95
Suite_E_Adversarial	128	128	0.30	B1_Pseudoinverse	2001	0.000000	0.370972	1054.32
Suite_E_Adversarial	128	128	0.30	B2_1NN_Oracle	2001	0.632812	0.012695	7.64
Suite_E_Adversarial	128	128	0.30	B3_PolynomialDAM	2001	0.304688	0.037415	6128.72
Suite_E_Adversarial	128	128	0.30	B4_ModernHopfield	2001	0.664062	0.018555	97.73
Suite_E_Adversarial	128	128	0.30	Candidate_ModelC	2001	0.289062	0.064514	9914.55
Suite_E_Adversarial	128	128	0.30	B0_Hebbian	2002	0.000000	0.377747	1145.44
Suite_E_Adversarial	128	128	0.30	B1_Pseudoinverse	2002	0.000000	0.368835	853.12
Suite_E_Adversarial	128	128	0.30	B2_1NN_Oracle	2002	0.664062	0.022766	4.39
Suite_E_Adversarial	128	128	0.30	B3_PolynomialDAM	2002	0.289062	0.033569	5909.95
Suite_E_Adversarial	128	128	0.30	B4_ModernHopfield	2002	0.664062	0.008972	212.20
Suite_E_Adversarial	128	128	0.30	Candidate_ModelC	2002	0.304688	0.039856	8957.95
Suite_E_Adversarial	128	128	0.30	B0_Hebbian	2003	0.000000	0.384583	988.58
Suite_E_Adversarial	128	128	0.30	B1_Pseudoinverse	2003	0.000000	0.359741	687.94
Suite_E_Adversarial	128	128	0.30	B2_1NN_Oracle	2003	0.750000	0.010803	6.73
Suite_E_Adversarial	128	128	0.30	B3_PolynomialDAM	2003	0.296875	0.025024	6596.89
Suite_E_Adversarial	128	128	0.30	B4_ModernHopfield	2003	0.578125	0.015808	392.21
Suite_E_Adversarial	128	128	0.30	Candidate_ModelC	2003	0.281250	0.014954	8532.59
Suite_E_Adversarial	128	128	0.30	B0_Hebbian	2004	0.000000	0.381592	472.78
Suite_E_Adversarial	128	128	0.30	B1_Pseudoinverse	2004	0.000000	0.366089	573.07
Suite_E_Adversarial	128	128	0.30	B2_1NN_Oracle	2004	0.664062	0.016052	6.34
Suite_E_Adversarial	128	128	0.30	B3_PolynomialDAM	2004	0.320312	0.028809	3804.59
Suite_E_Adversarial	128	128	0.30	B4_ModernHopfield	2004	0.671875	0.014526	72.60
Suite_E_Adversarial	128	128	0.30	Candidate_ModelC	2004	0.312500	0.025146	6670.74
Suite_E_Adversarial	128	128	0.30	B0_Hebbian	2005	0.000000	0.379578	872.21
Suite_E_Adversarial	128	128	0.30	B1_Pseudoinverse	2005	0.000000	0.364197	531.48
Suite_E_Adversarial	128	128	0.30	B2_1NN_Oracle	2005	0.687500	0.017761	6.05
Suite_E_Adversarial	128	128	0.30	B3_PolynomialDAM	2005	0.273438	0.025452	5937.52
Suite_E_Adversarial	128	128	0.30	B4_ModernHopfield	2005	0.578125	0.015869	193.77
Suite_E_Adversarial	128	128	0.30	Candidate_ModelC	2005	0.257812	0.033447	8715.45
Suite_E_Adversarial	128	128	0.30	B0_Hebbian	2006	0.000000	0.392395	943.49
Suite_E_Adversarial	128	128	0.30	B1_Pseudoinverse	2006	0.000000	0.361206	773.37
Suite_E_Adversarial	128	128	0.30	B2_1NN_Oracle	2006	0.671875	0.028198	6.18
Suite_E_Adversarial	128	128	0.30	B3_PolynomialDAM	2006	0.281250	0.044556	6803.36
Suite_E_Adversarial	128	128	0.30	B4_ModernHopfield	2006	0.617188	0.011536	471.62
Suite_E_Adversarial	128	128	0.30	Candidate_ModelC	2006	0.320312	0.024048	6135.30
Suite_E_Adversarial	128	128	0.30	B0_Hebbian	2007	0.000000	0.385925	300.95
Suite_E_Adversarial	128	128	0.30	B1_Pseudoinverse	2007	0.000000	0.356384	391.44
Suite_E_Adversarial	128	128	0.30	B2_1NN_Oracle	2007	0.734375	0.007446	4.27
Suite_E_Adversarial	128	128	0.30	B3_PolynomialDAM	2007	0.281250	0.021423	4930.98
Suite_E_Adversarial	128	128	0.30	B4_ModernHopfield	2007	0.601562	0.005127	414.19
Suite_E_Adversarial	128	128	0.30	Candidate_ModelC	2007	0.265625	0.038208	8121.66
Suite_E_Adversarial	128	128	0.30	B0_Hebbian	2008	0.000000	0.395569	871.42
Suite_E_Adversarial	128	128	0.30	B1_Pseudoinverse	2008	0.000000	0.372253	1137.35
Suite_E_Adversarial	128	128	0.30	B2_1NN_Oracle	2008	0.734375	0.004150	7.13
Suite_E_Adversarial	128	128	0.30	B3_PolynomialDAM	2008	0.273438	0.027344	4713.99
Suite_E_Adversarial	128	128	0.30	B4_ModernHopfield	2008	0.687500	0.012268	303.02
Suite_E_Adversarial	128	128	0.30	Candidate_ModelC	2008	0.281250	0.041077	4979.64
Suite_E_Adversarial	128	128	0.30	B0_Hebbian	2009	0.000000	0.371460	1213.59
Suite_E_Adversarial	128	128	0.30	B1_Pseudoinverse	2009	0.000000	0.343750	702.50
Suite_E_Adversarial	128	128	0.30	B2_1NN_Oracle	2009	0.671875	0.023621	6.03
Suite_E_Adversarial	128	128	0.30	B3_PolynomialDAM	2009	0.257812	0.039917	4103.05
Suite_E_Adversarial	128	128	0.30	B4_ModernHopfield	2009	0.648438	0.007507	214.88
Suite_E_Adversarial	128	128	0.30	Candidate_ModelC	2009	0.250000	0.029114	5772.84
Suite_E_Adversarial	128	128	0.30	B0_Hebbian	2010	0.000000	0.379089	923.56
Suite_E_Adversarial	128	128	0.30	B1_Pseudoinverse	2010	0.000000	0.368958	739.99
Suite_E_Adversarial	128	128	0.30	B2_1NN_Oracle	2010	0.781250	0.007263	4.39
Suite_E_Adversarial	128	128	0.30	B3_PolynomialDAM	2010	0.304688	0.023132	5704.62
Suite_E_Adversarial	128	128	0.30	B4_ModernHopfield	2010	0.539062	0.016479	98.40
Suite_E_Adversarial	128	128	0.30	Candidate_ModelC	2010	0.289062	0.042786	4104.16
Suite_E_Adversarial	128	128	0.30	B0_Hebbian	2011	0.000000	0.410156	1653.62
Suite_E_Adversarial	128	128	0.30	B1_Pseudoinverse	2011	0.000000	0.368835	1175.40
Suite_E_Adversarial	128	128	0.30	B2_1NN_Oracle	2011	0.757812	0.007446	6.58
Suite_E_Adversarial	128	128	0.30	B3_PolynomialDAM	2011	0.234375	0.033630	7204.80
Suite_E_Adversarial	128	128	0.30	B4_ModernHopfield	2011	0.578125	0.011658	336.20
Suite_E_Adversarial	128	128	0.30	Candidate_ModelC	2011	0.257812	0.033936	10024.05
Suite_E_Adversarial	128	128	0.30	B0_Hebbian	2012	0.000000	0.372070	1427.53
Suite_E_Adversarial	128	128	0.30	B1_Pseudoinverse	2012	0.000000	0.365051	470.66
Suite_E_Adversarial	128	128	0.30	B2_1NN_Oracle	2012	0.664062	0.011963	6.52
Suite_E_Adversarial	128	128	0.30	B3_PolynomialDAM	2012	0.320312	0.055908	4947.53
Suite_E_Adversarial	128	128	0.30	B4_ModernHopfield	2012	0.585938	0.023682	253.38
Suite_E_Adversarial	128	128	0.30	Candidate_ModelC	2012	0.328125	0.039978	8818.13
Suite_E_Adversarial	128	128	0.30	B0_Hebbian	2013	0.000000	0.383423	1318.73
Suite_E_Adversarial	128	128	0.30	B1_Pseudoinverse	2013	0.000000	0.384644	699.46
Suite_E_Adversarial	128	128	0.30	B2_1NN_Oracle	2013	0.710938	0.008240	6.38
Suite_E_Adversarial	128	128	0.30	B3_PolynomialDAM	2013	0.335938	0.032227	3673.41
Suite_E_Adversarial	128	128	0.30	B4_ModernHopfield	2013	0.648438	0.018982	59.85
Suite_E_Adversarial	128	128	0.30	Candidate_ModelC	2013	0.328125	0.025879	6877.13
Suite_E_Adversarial	128	128	0.30	B0_Hebbian	2014	0.000000	0.394287	1276.19
Suite_E_Adversarial	128	128	0.30	B1_Pseudoinverse	2014	0.000000	0.365906	654.95
Suite_E_Adversarial	128	128	0.30	B2_1NN_Oracle	2014	0.687500	0.017456	69.39
Suite_E_Adversarial	128	128	0.30	B3_PolynomialDAM	2014	0.296875	0.028931	6288.66
Suite_E_Adversarial	128	128	0.30	B4_ModernHopfield	2014	0.617188	0.026367	363.38
Suite_E_Adversarial	128	128	0.30	Candidate_ModelC	2014	0.304688	0.039673	7700.05
Suite_E_Adversarial	128	128	0.30	B0_Hebbian	2015	0.000000	0.369324	1072.15
Suite_E_Adversarial	128	128	0.30	B1_Pseudoinverse	2015	0.000000	0.356018	744.05
Suite_E_Adversarial	128	128	0.30	B2_1NN_Oracle	2015	0.695312	0.014771	6.34
Suite_E_Adversarial	128	128	0.30	B3_PolynomialDAM	2015	0.320312	0.029297	5283.53
Suite_E_Adversarial	128	128	0.30	B4_ModernHopfield	2015	0.632812	0.008423	266.84
Suite_E_Adversarial	128	128	0.30	Candidate_ModelC	2015	0.312500	0.054749	7114.09
Suite_E_Adversarial	128	128	0.30	B0_Hebbian	2016	0.000000	0.380127	1256.41
Suite_E_Adversarial	128	128	0.30	B1_Pseudoinverse	2016	0.000000	0.372253	1031.52
Suite_E_Adversarial	128	128	0.30	B2_1NN_Oracle	2016	0.781250	0.003418	5.23
Suite_E_Adversarial	128	128	0.30	B3_PolynomialDAM	2016	0.328125	0.027405	6722.65
Suite_E_Adversarial	128	128	0.30	B4_ModernHopfield	2016	0.554688	0.019836	390.81
Suite_E_Adversarial	128	128	0.30	Candidate_ModelC	2016	0.320312	0.027222	7864.48
Suite_E_Adversarial	128	128	0.30	B0_Hebbian	2017	0.000000	0.380859	1693.37
Suite_E_Adversarial	128	128	0.30	B1_Pseudoinverse	2017	0.000000	0.364319	646.95
Suite_E_Adversarial	128	128	0.30	B2_1NN_Oracle	2017	0.757812	0.014832	99.04
Suite_E_Adversarial	128	128	0.30	B3_PolynomialDAM	2017	0.304688	0.033386	5418.33
Suite_E_Adversarial	128	128	0.30	B4_ModernHopfield	2017	0.609375	0.012390	366.99
Suite_E_Adversarial	128	128	0.30	Candidate_ModelC	2017	0.296875	0.025757	6754.80
Suite_E_Adversarial	128	128	0.30	B0_Hebbian	2018	0.000000	0.385132	1065.40
Suite_E_Adversarial	128	128	0.30	B1_Pseudoinverse	2018	0.000000	0.354858	576.09
Suite_E_Adversarial	128	128	0.30	B2_1NN_Oracle	2018	0.656250	0.019287	6.11
Suite_E_Adversarial	128	128	0.30	B3_PolynomialDAM	2018	0.281250	0.028687	5058.12
Suite_E_Adversarial	128	128	0.30	B4_ModernHopfield	2018	0.632812	0.004700	223.50
Suite_E_Adversarial	128	128	0.30	Candidate_ModelC	2018	0.312500	0.025818	6966.02
Suite_E_Adversarial	128	128	0.30	B0_Hebbian	2019	0.000000	0.384460	915.06
Suite_E_Adversarial	128	128	0.30	B1_Pseudoinverse	2019	0.000000	0.378052	597.20
Suite_E_Adversarial	128	128	0.30	B2_1NN_Oracle	2019	0.726562	0.014343	40.70
Suite_E_Adversarial	128	128	0.30	B3_PolynomialDAM	2019	0.234375	0.027100	5139.33
Suite_E_Adversarial	128	128	0.30	B4_ModernHopfield	2019	0.570312	0.005249	185.50
Suite_E_Adversarial	128	128	0.30	Candidate_ModelC	2019	0.250000	0.037415	6323.89
Suite_E_Adversarial	128	128	0.30	B0_Hebbian	2020	0.000000	0.380981	1009.52
Suite_E_Adversarial	128	128	0.30	B1_Pseudoinverse	2020	0.000000	0.360718	813.33
Suite_E_Adversarial	128	128	0.30	B2_1NN_Oracle	2020	0.695312	0.011353	6.48
Suite_E_Adversarial	128	128	0.30	B3_PolynomialDAM	2020	0.296875	0.024963	5107.23
Suite_E_Adversarial	128	128	0.30	B4_ModernHopfield	2020	0.578125	0.012390	301.74
Suite_E_Adversarial	128	128	0.30	Candidate_ModelC	2020	0.265625	0.033936	6895.30
Suite_E_Adversarial	128	128	0.40	B0_Hebbian	2001	0.000000	0.441528	1429.44
Suite_E_Adversarial	128	128	0.40	B1_Pseudoinverse	2001	0.000000	0.437988	549.23
Suite_E_Adversarial	128	128	0.40	B2_1NN_Oracle	2001	0.289062	0.214661	7.40
Suite_E_Adversarial	128	128	0.40	B3_PolynomialDAM	2001	0.148438	0.325562	5871.12
Suite_E_Adversarial	128	128	0.40	B4_ModernHopfield	2001	0.203125	0.272827	243.88
Suite_E_Adversarial	128	128	0.40	Candidate_ModelC	2001	0.117188	0.278259	8212.11
Suite_E_Adversarial	128	128	0.40	B0_Hebbian	2002	0.000000	0.437195	736.84
Suite_E_Adversarial	128	128	0.40	B1_Pseudoinverse	2002	0.000000	0.435852	244.60
Suite_E_Adversarial	128	128	0.40	B2_1NN_Oracle	2002	0.296875	0.253906	4.76
Suite_E_Adversarial	128	128	0.40	B3_PolynomialDAM	2002	0.156250	0.317810	4423.37
Suite_E_Adversarial	128	128	0.40	B4_ModernHopfield	2002	0.250000	0.266541	100.40
Suite_E_Adversarial	128	128	0.40	Candidate_ModelC	2002	0.101562	0.308777	5428.08
Suite_E_Adversarial	128	128	0.40	B0_Hebbian	2003	0.000000	0.442505	691.50
Suite_E_Adversarial	128	128	0.40	B1_Pseudoinverse	2003	0.000000	0.433411	771.60
Suite_E_Adversarial	128	128	0.40	B2_1NN_Oracle	2003	0.375000	0.225220	6.36
Suite_E_Adversarial	128	128	0.40	B3_PolynomialDAM	2003	0.085938	0.310608	6791.30
Suite_E_Adversarial	128	128	0.40	B4_ModernHopfield	2003	0.273438	0.243225	269.24
Suite_E_Adversarial	128	128	0.40	Candidate_ModelC	2003	0.078125	0.287415	8061.59
Suite_E_Adversarial	128	128	0.40	B0_Hebbian	2004	0.000000	0.434265	714.84
Suite_E_Adversarial	128	128	0.40	B1_Pseudoinverse	2004	0.000000	0.431152	517.23
Suite_E_Adversarial	128	128	0.40	B2_1NN_Oracle	2004	0.328125	0.231384	4.58
Suite_E_Adversarial	128	128	0.40	B3_PolynomialDAM	2004	0.109375	0.288879	4811.59
Suite_E_Adversarial	128	128	0.40	B4_ModernHopfield	2004	0.203125	0.283875	254.91
Suite_E_Adversarial	128	128	0.40	Candidate_ModelC	2004	0.148438	0.292480	8598.23
Suite_E_Adversarial	128	128	0.40	B0_Hebbian	2005	0.000000	0.433472	643.19
Suite_E_Adversarial	128	128	0.40	B1_Pseudoinverse	2005	0.000000	0.438721	688.47
Suite_E_Adversarial	128	128	0.40	B2_1NN_Oracle	2005	0.359375	0.214172	6.81
Suite_E_Adversarial	128	128	0.40	B3_PolynomialDAM	2005	0.125000	0.299927	4600.31
Suite_E_Adversarial	128	128	0.40	B4_ModernHopfield	2005	0.296875	0.255798	116.03
Suite_E_Adversarial	128	128	0.40	Candidate_ModelC	2005	0.125000	0.261047	3791.54
Suite_E_Adversarial	128	128	0.40	B0_Hebbian	2006	0.000000	0.444397	1360.69
Suite_E_Adversarial	128	128	0.40	B1_Pseudoinverse	2006	0.000000	0.430359	443.72
Suite_E_Adversarial	128	128	0.40	B2_1NN_Oracle	2006	0.312500	0.246826	4.53
Suite_E_Adversarial	128	128	0.40	B3_PolynomialDAM	2006	0.109375	0.310364	5907.08
Suite_E_Adversarial	128	128	0.40	B4_ModernHopfield	2006	0.179688	0.282410	147.29
Suite_E_Adversarial	128	128	0.40	Candidate_ModelC	2006	0.085938	0.292419	7705.30
Suite_E_Adversarial	128	128	0.40	B0_Hebbian	2007	0.000000	0.435608	828.25
Suite_E_Adversarial	128	128	0.40	B1_Pseudoinverse	2007	0.000000	0.426208	366.91
Suite_E_Adversarial	128	128	0.40	B2_1NN_Oracle	2007	0.312500	0.228699	5.07
Suite_E_Adversarial	128	128	0.40	B3_PolynomialDAM	2007	0.140625	0.307617	3493.66
Suite_E_Adversarial	128	128	0.40	B4_ModernHopfield	2007	0.242188	0.231506	251.51
Suite_E_Adversarial	128	128	0.40	Candidate_ModelC	2007	0.117188	0.303040	3911.62
Suite_E_Adversarial	128	128	0.40	B0_Hebbian	2008	0.000000	0.443237	904.49
Suite_E_Adversarial	128	128	0.40	B1_Pseudoinverse	2008	0.000000	0.430969	718.34
Suite_E_Adversarial	128	128	0.40	B2_1NN_Oracle	2008	0.257812	0.261292	6.97
Suite_E_Adversarial	128	128	0.40	B3_PolynomialDAM	2008	0.078125	0.272827	4700.23
Suite_E_Adversarial	128	128	0.40	B4_ModernHopfield	2008	0.234375	0.263794	105.38
Suite_E_Adversarial	128	128	0.40	Candidate_ModelC	2008	0.109375	0.307068	3451.08
Suite_E_Adversarial	128	128	0.40	B0_Hebbian	2009	0.000000	0.439758	1057.59
Suite_E_Adversarial	128	128	0.40	B1_Pseudoinverse	2009	0.000000	0.426636	206.45
Suite_E_Adversarial	128	128	0.40	B2_1NN_Oracle	2009	0.242188	0.287781	7.83
Suite_E_Adversarial	128	128	0.40	B3_PolynomialDAM	2009	0.093750	0.312744	4677.20
Suite_E_Adversarial	128	128	0.40	B4_ModernHopfield	2009	0.242188	0.274902	233.15
Suite_E_Adversarial	128	128	0.40	Candidate_ModelC	2009	0.109375	0.295532	6178.93
Suite_E_Adversarial	128	128	0.40	B0_Hebbian	2010	0.000000	0.425720	481.24
Suite_E_Adversarial	128	128	0.40	B1_Pseudoinverse	2010	0.000000	0.432983	221.77
Suite_E_Adversarial	128	128	0.40	B2_1NN_Oracle	2010	0.328125	0.231445	4.54
Suite_E_Adversarial	128	128	0.40	B3_PolynomialDAM	2010	0.156250	0.283508	3499.36
Suite_E_Adversarial	128	128	0.40	B4_ModernHopfield	2010	0.242188	0.265869	90.91
Suite_E_Adversarial	128	128	0.40	Candidate_ModelC	2010	0.132812	0.315247	6840.38
Suite_E_Adversarial	128	128	0.40	B0_Hebbian	2011	0.000000	0.445435	861.84
Suite_E_Adversarial	128	128	0.40	B1_Pseudoinverse	2011	0.000000	0.440247	831.59
Suite_E_Adversarial	128	128	0.40	B2_1NN_Oracle	2011	0.304688	0.250488	7.93
Suite_E_Adversarial	128	128	0.40	B3_PolynomialDAM	2011	0.085938	0.367920	4028.41
Suite_E_Adversarial	128	128	0.40	B4_ModernHopfield	2011	0.234375	0.252686	89.27
Suite_E_Adversarial	128	128	0.40	Candidate_ModelC	2011	0.078125	0.311157	4622.38
Suite_E_Adversarial	128	128	0.40	B0_Hebbian	2012	0.000000	0.441895	566.58
Suite_E_Adversarial	128	128	0.40	B1_Pseudoinverse	2012	0.000000	0.438660	478.82
Suite_E_Adversarial	128	128	0.40	B2_1NN_Oracle	2012	0.234375	0.308838	5.49
Suite_E_Adversarial	128	128	0.40	B3_PolynomialDAM	2012	0.125000	0.299866	4746.32
Suite_E_Adversarial	128	128	0.40	B4_ModernHopfield	2012	0.226562	0.295349	163.76
Suite_E_Adversarial	128	128	0.40	Candidate_ModelC	2012	0.109375	0.310120	6475.84
Suite_E_Adversarial	128	128	0.40	B0_Hebbian	2013	0.000000	0.433289	761.35
Suite_E_Adversarial	128	128	0.40	B1_Pseudoinverse	2013	0.000000	0.446228	842.89
Suite_E_Adversarial	128	128	0.40	B2_1NN_Oracle	2013	0.312500	0.239380	52.58
Suite_E_Adversarial	128	128	0.40	B3_PolynomialDAM	2013	0.140625	0.309692	4455.15
Suite_E_Adversarial	128	128	0.40	B4_ModernHopfield	2013	0.218750	0.262085	127.34
Suite_E_Adversarial	128	128	0.40	Candidate_ModelC	2013	0.171875	0.266907	8568.59
Suite_E_Adversarial	128	128	0.40	B0_Hebbian	2014	0.000000	0.448181	849.26
Suite_E_Adversarial	128	128	0.40	B1_Pseudoinverse	2014	0.000000	0.434998	782.45
Suite_E_Adversarial	128	128	0.40	B2_1NN_Oracle	2014	0.328125	0.228394	4.86
Suite_E_Adversarial	128	128	0.40	B3_PolynomialDAM	2014	0.148438	0.285156	6738.39
Suite_E_Adversarial	128	128	0.40	B4_ModernHopfield	2014	0.218750	0.281860	177.32
Suite_E_Adversarial	128	128	0.40	Candidate_ModelC	2014	0.132812	0.295349	7341.95
Suite_E_Adversarial	128	128	0.40	B0_Hebbian	2015	0.000000	0.421997	558.21
Suite_E_Adversarial	128	128	0.40	B1_Pseudoinverse	2015	0.000000	0.430115	173.61
Suite_E_Adversarial	128	128	0.40	B2_1NN_Oracle	2015	0.296875	0.254395	4.79
Suite_E_Adversarial	128	128	0.40	B3_PolynomialDAM	2015	0.085938	0.350403	5389.40
Suite_E_Adversarial	128	128	0.40	B4_ModernHopfield	2015	0.257812	0.245728	285.53
Suite_E_Adversarial	128	128	0.40	Candidate_ModelC	2015	0.148438	0.314209	6997.10
Suite_E_Adversarial	128	128	0.40	B0_Hebbian	2016	0.000000	0.451355	1140.30
Suite_E_Adversarial	128	128	0.40	B1_Pseudoinverse	2016	0.000000	0.433472	610.32
Suite_E_Adversarial	128	128	0.40	B2_1NN_Oracle	2016	0.328125	0.264282	68.48
Suite_E_Adversarial	128	128	0.40	B3_PolynomialDAM	2016	0.148438	0.294739	5676.76
Suite_E_Adversarial	128	128	0.40	B4_ModernHopfield	2016	0.203125	0.263123	232.47
Suite_E_Adversarial	128	128	0.40	Candidate_ModelC	2016	0.132812	0.312134	8559.57
Suite_E_Adversarial	128	128	0.40	B0_Hebbian	2017	0.000000	0.436218	771.55
Suite_E_Adversarial	128	128	0.40	B1_Pseudoinverse	2017	0.000000	0.436462	162.01
Suite_E_Adversarial	128	128	0.40	B2_1NN_Oracle	2017	0.375000	0.249634	5.50
Suite_E_Adversarial	128	128	0.40	B3_PolynomialDAM	2017	0.132812	0.282104	5018.68
Suite_E_Adversarial	128	128	0.40	B4_ModernHopfield	2017	0.187500	0.315796	219.11
Suite_E_Adversarial	128	128	0.40	Candidate_ModelC	2017	0.109375	0.342285	6614.36
Suite_E_Adversarial	128	128	0.40	B0_Hebbian	2018	0.000000	0.432861	485.90
Suite_E_Adversarial	128	128	0.40	B1_Pseudoinverse	2018	0.000000	0.433167	259.74
Suite_E_Adversarial	128	128	0.40	B2_1NN_Oracle	2018	0.265625	0.229675	5.84
Suite_E_Adversarial	128	128	0.40	B3_PolynomialDAM	2018	0.148438	0.284729	4773.99
Suite_E_Adversarial	128	128	0.40	B4_ModernHopfield	2018	0.281250	0.234680	126.05
Suite_E_Adversarial	128	128	0.40	Candidate_ModelC	2018	0.140625	0.313477	5328.25
Suite_E_Adversarial	128	128	0.40	B0_Hebbian	2019	0.000000	0.450562	393.14
Suite_E_Adversarial	128	128	0.40	B1_Pseudoinverse	2019	0.000000	0.439453	517.48
Suite_E_Adversarial	128	128	0.40	B2_1NN_Oracle	2019	0.320312	0.241211	4.52
Suite_E_Adversarial	128	128	0.40	B3_PolynomialDAM	2019	0.117188	0.315735	4832.87
Suite_E_Adversarial	128	128	0.40	B4_ModernHopfield	2019	0.234375	0.262085	58.44
Suite_E_Adversarial	128	128	0.40	Candidate_ModelC	2019	0.125000	0.292175	6552.69
Suite_E_Adversarial	128	128	0.40	B0_Hebbian	2020	0.000000	0.440674	862.16
Suite_E_Adversarial	128	128	0.40	B1_Pseudoinverse	2020	0.000000	0.437744	790.55
Suite_E_Adversarial	128	128	0.40	B2_1NN_Oracle	2020	0.273438	0.281250	6.66
Suite_E_Adversarial	128	128	0.40	B3_PolynomialDAM	2020	0.109375	0.282227	4375.48
Suite_E_Adversarial	128	128	0.40	B4_ModernHopfield	2020	0.203125	0.265869	132.58
Suite_E_Adversarial	128	128	0.40	Candidate_ModelC	2020	0.164062	0.285522	6253.13
Suite_F_Biased	128	32	0.10	B0_Hebbian	2001	0.000000	0.296143	238.16
Suite_F_Biased	128	32	0.10	B1_Pseudoinverse	2001	1.000000	0.000000	367.00
Suite_F_Biased	128	32	0.10	B2_1NN_Oracle	2001	1.000000	0.000000	1.56
Suite_F_Biased	128	32	0.10	B3_PolynomialDAM	2001	0.625000	0.095703	1678.72
Suite_F_Biased	128	32	0.10	B4_ModernHopfield	2001	1.000000	0.000000	12.31
Suite_F_Biased	128	32	0.10	Candidate_ModelC	2001	0.625000	0.097168	4041.47
Suite_F_Biased	128	32	0.10	B0_Hebbian	2002	0.000000	0.293945	1262.03
Suite_F_Biased	128	32	0.10	B1_Pseudoinverse	2002	1.000000	0.000000	649.66
Suite_F_Biased	128	32	0.10	B2_1NN_Oracle	2002	1.000000	0.000000	1.69
Suite_F_Biased	128	32	0.10	B3_PolynomialDAM	2002	0.718750	0.073486	1511.59
Suite_F_Biased	128	32	0.10	B4_ModernHopfield	2002	1.000000	0.000000	24.53
Suite_F_Biased	128	32	0.10	Candidate_ModelC	2002	0.750000	0.064453	7349.00
Suite_F_Biased	128	32	0.10	B0_Hebbian	2003	0.000000	0.298828	99.47
Suite_F_Biased	128	32	0.10	B1_Pseudoinverse	2003	1.000000	0.000000	1076.28
Suite_F_Biased	128	32	0.10	B2_1NN_Oracle	2003	1.000000	0.000000	2.34
Suite_F_Biased	128	32	0.10	B3_PolynomialDAM	2003	0.812500	0.046631	1171.59
Suite_F_Biased	128	32	0.10	B4_ModernHopfield	2003	1.000000	0.000000	13.72
Suite_F_Biased	128	32	0.10	Candidate_ModelC	2003	0.812500	0.047119	7058.66
Suite_F_Biased	128	32	0.10	B0_Hebbian	2004	0.000000	0.288818	523.78
Suite_F_Biased	128	32	0.10	B1_Pseudoinverse	2004	1.000000	0.000000	459.31
Suite_F_Biased	128	32	0.10	B2_1NN_Oracle	2004	1.000000	0.000000	2.41
Suite_F_Biased	128	32	0.10	B3_PolynomialDAM	2004	0.531250	0.109863	2169.28
Suite_F_Biased	128	32	0.10	B4_ModernHopfield	2004	1.000000	0.000000	23.06
Suite_F_Biased	128	32	0.10	Candidate_ModelC	2004	0.656250	0.081299	5556.44
Suite_F_Biased	128	32	0.10	B0_Hebbian	2005	0.000000	0.294678	607.69
Suite_F_Biased	128	32	0.10	B1_Pseudoinverse	2005	1.000000	0.000000	774.44
Suite_F_Biased	128	32	0.10	B2_1NN_Oracle	2005	1.000000	0.000000	2.25
Suite_F_Biased	128	32	0.10	B3_PolynomialDAM	2005	0.562500	0.112061	844.56
Suite_F_Biased	128	32	0.10	B4_ModernHopfield	2005	1.000000	0.000000	24.78
Suite_F_Biased	128	32	0.10	Candidate_ModelC	2005	0.593750	0.103027	1761.84
Suite_F_Biased	128	32	0.10	B0_Hebbian	2006	0.000000	0.305420	425.09
Suite_F_Biased	128	32	0.10	B1_Pseudoinverse	2006	1.000000	0.000000	94.62
Suite_F_Biased	128	32	0.10	B2_1NN_Oracle	2006	1.000000	0.000000	1.59
Suite_F_Biased	128	32	0.10	B3_PolynomialDAM	2006	0.875000	0.024658	1932.06
Suite_F_Biased	128	32	0.10	B4_ModernHopfield	2006	1.000000	0.000000	99.16
Suite_F_Biased	128	32	0.10	Candidate_ModelC	2006	0.843750	0.033691	2425.41
Suite_F_Biased	128	32	0.10	B0_Hebbian	2007	0.000000	0.298340	473.78
Suite_F_Biased	128	32	0.10	B1_Pseudoinverse	2007	1.000000	0.000000	394.53
Suite_F_Biased	128	32	0.10	B2_1NN_Oracle	2007	1.000000	0.000000	2.28
Suite_F_Biased	128	32	0.10	B3_PolynomialDAM	2007	0.750000	0.053223	754.31
Suite_F_Biased	128	32	0.10	B4_ModernHopfield	2007	1.000000	0.000000	12.34
Suite_F_Biased	128	32	0.10	Candidate_ModelC	2007	0.718750	0.063232	5482.41
Suite_F_Biased	128	32	0.10	B0_Hebbian	2008	0.000000	0.295654	522.91
Suite_F_Biased	128	32	0.10	B1_Pseudoinverse	2008	1.000000	0.000000	726.28
Suite_F_Biased	128	32	0.10	B2_1NN_Oracle	2008	1.000000	0.000000	128.84
Suite_F_Biased	128	32	0.10	B3_PolynomialDAM	2008	0.656250	0.084473	2006.59
Suite_F_Biased	128	32	0.10	B4_ModernHopfield	2008	1.000000	0.000000	12.44
Suite_F_Biased	128	32	0.10	Candidate_ModelC	2008	0.718750	0.066162	5172.88
Suite_F_Biased	128	32	0.10	B0_Hebbian	2009	0.000000	0.309326	108.66
Suite_F_Biased	128	32	0.10	B1_Pseudoinverse	2009	1.000000	0.000000	89.03
Suite_F_Biased	128	32	0.10	B2_1NN_Oracle	2009	1.000000	0.000000	1.62
Suite_F_Biased	128	32	0.10	B3_PolynomialDAM	2009	0.968750	0.008057	248.00
Suite_F_Biased	128	32	0.10	B4_ModernHopfield	2009	1.000000	0.000000	12.38
Suite_F_Biased	128	32	0.10	Candidate_ModelC	2009	1.000000	0.000000	2333.19
Suite_F_Biased	128	32	0.10	B0_Hebbian	2010	0.000000	0.279785	778.72
Suite_F_Biased	128	32	0.10	B1_Pseudoinverse	2010	1.000000	0.000000	541.25
Suite_F_Biased	128	32	0.10	B2_1NN_Oracle	2010	1.000000	0.000000	2.41
Suite_F_Biased	128	32	0.10	B3_PolynomialDAM	2010	0.531250	0.122070	1280.06
Suite_F_Biased	128	32	0.10	B4_ModernHopfield	2010	1.000000	0.000000	12.94
Suite_F_Biased	128	32	0.10	Candidate_ModelC	2010	0.531250	0.124023	3147.31
Suite_F_Biased	128	32	0.10	B0_Hebbian	2011	0.000000	0.289551	662.22
Suite_F_Biased	128	32	0.10	B1_Pseudoinverse	2011	1.000000	0.000000	296.31
Suite_F_Biased	128	32	0.10	B2_1NN_Oracle	2011	1.000000	0.000000	2.41
Suite_F_Biased	128	32	0.10	B3_PolynomialDAM	2011	0.500000	0.123047	1201.41
Suite_F_Biased	128	32	0.10	B4_ModernHopfield	2011	1.000000	0.000000	22.62
Suite_F_Biased	128	32	0.10	Candidate_ModelC	2011	0.562500	0.104248	2894.88
Suite_F_Biased	128	32	0.10	B0_Hebbian	2012	0.000000	0.310791	356.66
Suite_F_Biased	128	32	0.10	B1_Pseudoinverse	2012	1.000000	0.000000	338.16
Suite_F_Biased	128	32	0.10	B2_1NN_Oracle	2012	1.000000	0.000000	3.12
Suite_F_Biased	128	32	0.10	B3_PolynomialDAM	2012	0.937500	0.015869	892.00
Suite_F_Biased	128	32	0.10	B4_ModernHopfield	2012	1.000000	0.000000	21.34
Suite_F_Biased	128	32	0.10	Candidate_ModelC	2012	1.000000	0.000000	4825.22
Suite_F_Biased	128	32	0.10	B0_Hebbian	2013	0.000000	0.305420	655.69
Suite_F_Biased	128	32	0.10	B1_Pseudoinverse	2013	1.000000	0.000000	265.47
Suite_F_Biased	128	32	0.10	B2_1NN_Oracle	2013	1.000000	0.000000	2.44
Suite_F_Biased	128	32	0.10	B3_PolynomialDAM	2013	0.906250	0.016357	2646.78
Suite_F_Biased	128	32	0.10	B4_ModernHopfield	2013	1.000000	0.000000	13.34
Suite_F_Biased	128	32	0.10	Candidate_ModelC	2013	0.843750	0.032227	2365.62
Suite_F_Biased	128	32	0.10	B0_Hebbian	2014	0.000000	0.285156	155.59
Suite_F_Biased	128	32	0.10	B1_Pseudoinverse	2014	1.000000	0.000000	185.41
Suite_F_Biased	128	32	0.10	B2_1NN_Oracle	2014	1.000000	0.000000	2.28
Suite_F_Biased	128	32	0.10	B3_PolynomialDAM	2014	0.437500	0.144531	595.03
Suite_F_Biased	128	32	0.10	B4_ModernHopfield	2014	1.000000	0.000000	22.69
Suite_F_Biased	128	32	0.10	Candidate_ModelC	2014	0.468750	0.136475	4936.78
Suite_F_Biased	128	32	0.10	B0_Hebbian	2015	0.000000	0.301514	400.25
Suite_F_Biased	128	32	0.10	B1_Pseudoinverse	2015	1.000000	0.000000	783.62
Suite_F_Biased	128	32	0.10	B2_1NN_Oracle	2015	1.000000	0.000000	2.44
Suite_F_Biased	128	32	0.10	B3_PolynomialDAM	2015	0.812500	0.045166	838.31
Suite_F_Biased	128	32	0.10	B4_ModernHopfield	2015	1.000000	0.000000	19.22
Suite_F_Biased	128	32	0.10	Candidate_ModelC	2015	0.718750	0.071533	2527.03
Suite_F_Biased	128	32	0.10	B0_Hebbian	2016	0.000000	0.301758	312.03
Suite_F_Biased	128	32	0.10	B1_Pseudoinverse	2016	1.000000	0.000000	516.94
Suite_F_Biased	128	32	0.10	B2_1NN_Oracle	2016	1.000000	0.000000	1.59
Suite_F_Biased	128	32	0.10	B3_PolynomialDAM	2016	0.750000	0.064453	1366.38
Suite_F_Biased	128	32	0.10	B4_ModernHopfield	2016	1.000000	0.000000	12.44
Suite_F_Biased	128	32	0.10	Candidate_ModelC	2016	0.781250	0.056396	3935.34
Suite_F_Biased	128	32	0.10	B0_Hebbian	2017	0.000000	0.310791	489.62
Suite_F_Biased	128	32	0.10	B1_Pseudoinverse	2017	1.000000	0.000000	662.41
Suite_F_Biased	128	32	0.10	B2_1NN_Oracle	2017	1.000000	0.000000	3.78
Suite_F_Biased	128	32	0.10	B3_PolynomialDAM	2017	0.937500	0.006348	1422.31
Suite_F_Biased	128	32	0.10	B4_ModernHopfield	2017	1.000000	0.000000	13.16
Suite_F_Biased	128	32	0.10	Candidate_ModelC	2017	0.906250	0.015869	3595.25
Suite_F_Biased	128	32	0.10	B0_Hebbian	2018	0.000000	0.301025	570.66
Suite_F_Biased	128	32	0.10	B1_Pseudoinverse	2018	1.000000	0.000000	197.78
Suite_F_Biased	128	32	0.10	B2_1NN_Oracle	2018	1.000000	0.000000	2.28
Suite_F_Biased	128	32	0.10	B3_PolynomialDAM	2018	0.875000	0.021729	326.34
Suite_F_Biased	128	32	0.10	B4_ModernHopfield	2018	1.000000	0.000000	12.50
Suite_F_Biased	128	32	0.10	Candidate_ModelC	2018	0.875000	0.021729	1564.66
Suite_F_Biased	128	32	0.10	B0_Hebbian	2019	0.000000	0.296875	166.75
Suite_F_Biased	128	32	0.10	B1_Pseudoinverse	2019	1.000000	0.000000	287.50
Suite_F_Biased	128	32	0.10	B2_1NN_Oracle	2019	1.000000	0.000000	3.12
Suite_F_Biased	128	32	0.10	B3_PolynomialDAM	2019	0.781250	0.036865	1127.34
Suite_F_Biased	128	32	0.10	B4_ModernHopfield	2019	1.000000	0.000000	12.34
Suite_F_Biased	128	32	0.10	Candidate_ModelC	2019	0.687500	0.064453	1983.47
Suite_F_Biased	128	32	0.10	B0_Hebbian	2020	0.000000	0.302490	180.69
Suite_F_Biased	128	32	0.10	B1_Pseudoinverse	2020	1.000000	0.000000	163.59
Suite_F_Biased	128	32	0.10	B2_1NN_Oracle	2020	1.000000	0.000000	1.69
Suite_F_Biased	128	32	0.10	B3_PolynomialDAM	2020	0.625000	0.078369	317.25
Suite_F_Biased	128	32	0.10	B4_ModernHopfield	2020	1.000000	0.000000	13.19
Suite_F_Biased	128	32	0.10	Candidate_ModelC	2020	0.625000	0.086182	886.03
Suite_F_Biased	128	32	0.20	B0_Hebbian	2001	0.000000	0.296143	810.16
Suite_F_Biased	128	32	0.20	B1_Pseudoinverse	2001	0.937500	0.019287	878.28
Suite_F_Biased	128	32	0.20	B2_1NN_Oracle	2001	1.000000	0.000000	2.47
Suite_F_Biased	128	32	0.20	B3_PolynomialDAM	2001	0.562500	0.115479	2063.78
Suite_F_Biased	128	32	0.20	B4_ModernHopfield	2001	1.000000	0.000000	23.03
Suite_F_Biased	128	32	0.20	Candidate_ModelC	2001	0.562500	0.117188	3970.75
Suite_F_Biased	128	32	0.20	B0_Hebbian	2002	0.000000	0.293945	688.00
Suite_F_Biased	128	32	0.20	B1_Pseudoinverse	2002	0.843750	0.043457	524.91
Suite_F_Biased	128	32	0.20	B2_1NN_Oracle	2002	1.000000	0.000000	1.81
Suite_F_Biased	128	32	0.20	B3_PolynomialDAM	2002	0.625000	0.101562	1461.28
Suite_F_Biased	128	32	0.20	B4_ModernHopfield	2002	1.000000	0.000000	17.84
Suite_F_Biased	128	32	0.20	Candidate_ModelC	2002	0.625000	0.101318	5977.84
Suite_F_Biased	128	32	0.20	B0_Hebbian	2003	0.000000	0.298828	721.41
Suite_F_Biased	128	32	0.20	B1_Pseudoinverse	2003	0.875000	0.032227	866.50
Suite_F_Biased	128	32	0.20	B2_1NN_Oracle	2003	1.000000	0.000000	2.66
Suite_F_Biased	128	32	0.20	B3_PolynomialDAM	2003	0.718750	0.071777	1935.56
Suite_F_Biased	128	32	0.20	B4_ModernHopfield	2003	1.000000	0.000000	191.66
Suite_F_Biased	128	32	0.20	Candidate_ModelC	2003	0.750000	0.064941	4043.28
Suite_F_Biased	128	32	0.20	B0_Hebbian	2004	0.000000	0.288818	224.62
Suite_F_Biased	128	32	0.20	B1_Pseudoinverse	2004	0.812500	0.044434	287.69
Suite_F_Biased	128	32	0.20	B2_1NN_Oracle	2004	1.000000	0.000000	1.91
Suite_F_Biased	128	32	0.20	B3_PolynomialDAM	2004	0.593750	0.100098	1007.25
Suite_F_Biased	128	32	0.20	B4_ModernHopfield	2004	1.000000	0.000000	14.00
Suite_F_Biased	128	32	0.20	Candidate_ModelC	2004	0.500000	0.127197	3033.09
Suite_F_Biased	128	32	0.20	B0_Hebbian	2005	0.000000	0.294678	288.75
Suite_F_Biased	128	32	0.20	B1_Pseudoinverse	2005	0.750000	0.054199	603.59
Suite_F_Biased	128	32	0.20	B2_1NN_Oracle	2005	1.000000	0.000000	2.25
Suite_F_Biased	128	32	0.20	B3_PolynomialDAM	2005	0.531250	0.122559	2159.69
Suite_F_Biased	128	32	0.20	B4_ModernHopfield	2005	1.000000	0.000000	22.66
Suite_F_Biased	128	32	0.20	Candidate_ModelC	2005	0.562500	0.113281	5398.34
Suite_F_Biased	128	32	0.20	B0_Hebbian	2006	0.000000	0.313232	695.94
Suite_F_Biased	128	32	0.20	B1_Pseudoinverse	2006	0.875000	0.027832	810.50
Suite_F_Biased	128	32	0.20	B2_1NN_Oracle	2006	1.000000	0.000000	1.84
Suite_F_Biased	128	32	0.20	B3_PolynomialDAM	2006	0.781250	0.060303	1238.19
Suite_F_Biased	128	32	0.20	B4_ModernHopfield	2006	1.000000	0.000000	13.53
Suite_F_Biased	128	32	0.20	Candidate_ModelC	2006	0.781250	0.052734	4886.66
Suite_F_Biased	128	32	0.20	B0_Hebbian	2007	0.000000	0.298340	501.56
Suite_F_Biased	128	32	0.20	B1_Pseudoinverse	2007	0.937500	0.014160	455.88
Suite_F_Biased	128	32	0.20	B2_1NN_Oracle	2007	1.000000	0.000000	1.84
Suite_F_Biased	128	32	0.20	B3_PolynomialDAM	2007	0.656250	0.086914	1989.09
Suite_F_Biased	128	32	0.20	B4_ModernHopfield	2007	1.000000	0.000000	23.00
Suite_F_Biased	128	32	0.20	Candidate_ModelC	2007	0.625000	0.102295	5504.91
Suite_F_Biased	128	32	0.20	B0_Hebbian	2008	0.000000	0.295654	1073.53
Suite_F_Biased	128	32	0.20	B1_Pseudoinverse	2008	0.875000	0.024414	411.81
Suite_F_Biased	128	32	0.20	B2_1NN_Oracle	2008	1.000000	0.000000	1.88
Suite_F_Biased	128	32	0.20	B3_PolynomialDAM	2008	0.562500	0.116943	1065.12
Suite_F_Biased	128	32	0.20	B4_ModernHopfield	2008	1.000000	0.000000	12.66
Suite_F_Biased	128	32	0.20	Candidate_ModelC	2008	0.500000	0.132812	5571.88
Suite_F_Biased	128	32	0.20	B0_Hebbian	2009	0.000000	0.309326	792.06
Suite_F_Biased	128	32	0.20	B1_Pseudoinverse	2009	0.937500	0.011719	1314.66
Suite_F_Biased	128	32	0.20	B2_1NN_Oracle	2009	1.000000	0.000000	2.47
Suite_F_Biased	128	32	0.20	B3_PolynomialDAM	2009	1.000000	0.000000	1066.38
Suite_F_Biased	128	32	0.20	B4_ModernHopfield	2009	1.000000	0.000000	13.75
Suite_F_Biased	128	32	0.20	Candidate_ModelC	2009	0.968750	0.008057	4546.25
Suite_F_Biased	128	32	0.20	B0_Hebbian	2010	0.000000	0.279785	421.94
Suite_F_Biased	128	32	0.20	B1_Pseudoinverse	2010	0.937500	0.010254	513.53
Suite_F_Biased	128	32	0.20	B2_1NN_Oracle	2010	1.000000	0.000000	1.88
Suite_F_Biased	128	32	0.20	B3_PolynomialDAM	2010	0.468750	0.138672	770.84
Suite_F_Biased	128	32	0.20	B4_ModernHopfield	2010	1.000000	0.000000	12.59
Suite_F_Biased	128	32	0.20	Candidate_ModelC	2010	0.312500	0.186768	3962.44
Suite_F_Biased	128	32	0.20	B0_Hebbian	2011	0.000000	0.303223	542.62
Suite_F_Biased	128	32	0.20	B1_Pseudoinverse	2011	0.750000	0.059326	1301.50
Suite_F_Biased	128	32	0.20	B2_1NN_Oracle	2011	1.000000	0.000000	3.28
Suite_F_Biased	128	32	0.20	B3_PolynomialDAM	2011	0.468750	0.134521	1787.03
Suite_F_Biased	128	32	0.20	B4_ModernHopfield	2011	1.000000	0.000000	22.03
Suite_F_Biased	128	32	0.20	Candidate_ModelC	2011	0.406250	0.150391	4157.44
Suite_F_Biased	128	32	0.20	B0_Hebbian	2012	0.000000	0.310791	293.50
Suite_F_Biased	128	32	0.20	B1_Pseudoinverse	2012	0.875000	0.035889	527.09
Suite_F_Biased	128	32	0.20	B2_1NN_Oracle	2012	1.000000	0.000000	2.47
Suite_F_Biased	128	32	0.20	B3_PolynomialDAM	2012	0.875000	0.031250	697.28
Suite_F_Biased	128	32	0.20	B4_ModernHopfield	2012	1.000000	0.000000	104.06
Suite_F_Biased	128	32	0.20	Candidate_ModelC	2012	0.968750	0.009033	2375.25
Suite_F_Biased	128	32	0.20	B0_Hebbian	2013	0.000000	0.305420	247.38
Suite_F_Biased	128	32	0.20	B1_Pseudoinverse	2013	0.906250	0.018066	259.97
Suite_F_Biased	128	32	0.20	B2_1NN_Oracle	2013	1.000000	0.000000	1.81
Suite_F_Biased	128	32	0.20	B3_PolynomialDAM	2013	0.906250	0.016846	572.28
Suite_F_Biased	128	32	0.20	B4_ModernHopfield	2013	1.000000	0.000000	150.97
Suite_F_Biased	128	32	0.20	Candidate_ModelC	2013	0.718750	0.075439	3657.22
Suite_F_Biased	128	32	0.20	B0_Hebbian	2014	0.000000	0.285156	412.38
Suite_F_Biased	128	32	0.20	B1_Pseudoinverse	2014	0.968750	0.004395	555.44
Suite_F_Biased	128	32	0.20	B2_1NN_Oracle	2014	1.000000	0.000000	2.62
Suite_F_Biased	128	32	0.20	B3_PolynomialDAM	2014	0.343750	0.175537	1612.00
Suite_F_Biased	128	32	0.20	B4_ModernHopfield	2014	1.000000	0.000000	22.31
Suite_F_Biased	128	32	0.20	Candidate_ModelC	2014	0.437500	0.145752	6006.88
Suite_F_Biased	128	32	0.20	B0_Hebbian	2015	0.000000	0.301514	901.22
Suite_F_Biased	128	32	0.20	B1_Pseudoinverse	2015	0.875000	0.032959	1170.22
Suite_F_Biased	128	32	0.20	B2_1NN_Oracle	2015	1.000000	0.000000	1.78
Suite_F_Biased	128	32	0.20	B3_PolynomialDAM	2015	0.750000	0.062744	1281.94
Suite_F_Biased	128	32	0.20	B4_ModernHopfield	2015	1.000000	0.000000	36.16
Suite_F_Biased	128	32	0.20	Candidate_ModelC	2015	0.593750	0.112061	4977.31
Suite_F_Biased	128	32	0.20	B0_Hebbian	2016	0.000000	0.301758	282.78
Suite_F_Biased	128	32	0.20	B1_Pseudoinverse	2016	0.812500	0.034912	1079.78
Suite_F_Biased	128	32	0.20	B2_1NN_Oracle	2016	1.000000	0.000000	2.59
Suite_F_Biased	128	32	0.20	B3_PolynomialDAM	2016	0.656250	0.090576	1869.06
Suite_F_Biased	128	32	0.20	B4_ModernHopfield	2016	1.000000	0.000000	21.97
Suite_F_Biased	128	32	0.20	Candidate_ModelC	2016	0.781250	0.054932	4219.19
Suite_F_Biased	128	32	0.20	B0_Hebbian	2017	0.000000	0.310791	364.41
Suite_F_Biased	128	32	0.20	B1_Pseudoinverse	2017	0.843750	0.031494	826.22
Suite_F_Biased	128	32	0.20	B2_1NN_Oracle	2017	1.000000	0.000000	1.81
Suite_F_Biased	128	32	0.20	B3_PolynomialDAM	2017	0.937500	0.006348	1485.03
Suite_F_Biased	128	32	0.20	B4_ModernHopfield	2017	1.000000	0.000000	12.62
Suite_F_Biased	128	32	0.20	Candidate_ModelC	2017	0.906250	0.022949	3521.94
Suite_F_Biased	128	32	0.20	B0_Hebbian	2018	0.000000	0.301025	696.38
Suite_F_Biased	128	32	0.20	B1_Pseudoinverse	2018	0.906250	0.024658	1235.53
Suite_F_Biased	128	32	0.20	B2_1NN_Oracle	2018	1.000000	0.000000	2.47
Suite_F_Biased	128	32	0.20	B3_PolynomialDAM	2018	0.812500	0.047607	1719.22
Suite_F_Biased	128	32	0.20	B4_ModernHopfield	2018	1.000000	0.000000	23.66
Suite_F_Biased	128	32	0.20	Candidate_ModelC	2018	0.812500	0.047119	5359.31
Suite_F_Biased	128	32	0.20	B0_Hebbian	2019	0.000000	0.296875	610.25
Suite_F_Biased	128	32	0.20	B1_Pseudoinverse	2019	0.843750	0.031738	869.06
Suite_F_Biased	128	32	0.20	B2_1NN_Oracle	2019	1.000000	0.000000	2.41
Suite_F_Biased	128	32	0.20	B3_PolynomialDAM	2019	0.718750	0.063232	1281.81
Suite_F_Biased	128	32	0.20	B4_ModernHopfield	2019	1.000000	0.000000	24.25
Suite_F_Biased	128	32	0.20	Candidate_ModelC	2019	0.593750	0.089600	6237.78
Suite_F_Biased	128	32	0.20	B0_Hebbian	2020	0.000000	0.302490	861.56
Suite_F_Biased	128	32	0.20	B1_Pseudoinverse	2020	0.875000	0.019775	749.19
Suite_F_Biased	128	32	0.20	B2_1NN_Oracle	2020	1.000000	0.000000	2.53
Suite_F_Biased	128	32	0.20	B3_PolynomialDAM	2020	0.593750	0.087646	1200.28
Suite_F_Biased	128	32	0.20	B4_ModernHopfield	2020	1.000000	0.000000	14.16
Suite_F_Biased	128	32	0.20	Candidate_ModelC	2020	0.500000	0.125000	3118.59
Suite_F_Biased	128	32	0.30	B0_Hebbian	2001	0.000000	0.309326	539.31
Suite_F_Biased	128	32	0.30	B1_Pseudoinverse	2001	0.187500	0.227539	1724.19
Suite_F_Biased	128	32	0.30	B2_1NN_Oracle	2001	0.968750	0.008789	2.88
Suite_F_Biased	128	32	0.30	B3_PolynomialDAM	2001	0.437500	0.156006	1074.59
Suite_F_Biased	128	32	0.30	B4_ModernHopfield	2001	0.875000	0.052002	23.06
Suite_F_Biased	128	32	0.30	Candidate_ModelC	2001	0.375000	0.179688	5704.25
Suite_F_Biased	128	32	0.30	B0_Hebbian	2002	0.000000	0.306152	653.31
Suite_F_Biased	128	32	0.30	B1_Pseudoinverse	2002	0.156250	0.245605	742.78
Suite_F_Biased	128	32	0.30	B2_1NN_Oracle	2002	0.937500	0.022949	2.88
Suite_F_Biased	128	32	0.30	B3_PolynomialDAM	2002	0.531250	0.131104	995.47
Suite_F_Biased	128	32	0.30	B4_ModernHopfield	2002	0.968750	0.011230	22.38
Suite_F_Biased	128	32	0.30	Candidate_ModelC	2002	0.312500	0.202148	7622.25
Suite_F_Biased	128	32	0.30	B0_Hebbian	2003	0.000000	0.310059	546.25
Suite_F_Biased	128	32	0.30	B1_Pseudoinverse	2003	0.281250	0.195312	1507.59
Suite_F_Biased	128	32	0.30	B2_1NN_Oracle	2003	0.968750	0.012695	2.44
Suite_F_Biased	128	32	0.30	B3_PolynomialDAM	2003	0.500000	0.143799	1856.44
Suite_F_Biased	128	32	0.30	B4_ModernHopfield	2003	0.968750	0.011963	23.34
Suite_F_Biased	128	32	0.30	Candidate_ModelC	2003	0.500000	0.142090	4546.66
Suite_F_Biased	128	32	0.30	B0_Hebbian	2004	0.000000	0.300049	483.84
Suite_F_Biased	128	32	0.30	B1_Pseudoinverse	2004	0.250000	0.204834	647.44
Suite_F_Biased	128	32	0.30	B2_1NN_Oracle	2004	1.000000	0.000000	2.06
Suite_F_Biased	128	32	0.30	B3_PolynomialDAM	2004	0.437500	0.147949	1473.94
Suite_F_Biased	128	32	0.30	B4_ModernHopfield	2004	1.000000	0.000000	27.41
Suite_F_Biased	128	32	0.30	Candidate_ModelC	2004	0.312500	0.187256	5948.41
Suite_F_Biased	128	32	0.30	B0_Hebbian	2005	0.000000	0.327393	505.06
Suite_F_Biased	128	32	0.30	B1_Pseudoinverse	2005	0.218750	0.232910	1007.62
Suite_F_Biased	128	32	0.30	B2_1NN_Oracle	2005	1.000000	0.000000	2.59
Suite_F_Biased	128	32	0.30	B3_PolynomialDAM	2005	0.375000	0.171143	2431.00
Suite_F_Biased	128	32	0.30	B4_ModernHopfield	2005	0.968750	0.012695	517.59
Suite_F_Biased	128	32	0.30	Candidate_ModelC	2005	0.468750	0.144043	3511.53
Suite_F_Biased	128	32	0.30	B0_Hebbian	2006	0.000000	0.339600	1067.25
Suite_F_Biased	128	32	0.30	B1_Pseudoinverse	2006	0.375000	0.172119	1163.41
Suite_F_Biased	128	32	0.30	B2_1NN_Oracle	2006	0.968750	0.010742	6.09
Suite_F_Biased	128	32	0.30	B3_PolynomialDAM	2006	0.625000	0.111084	1343.25
Suite_F_Biased	128	32	0.30	B4_ModernHopfield	2006	0.937500	0.023682	14.16
Suite_F_Biased	128	32	0.30	Candidate_ModelC	2006	0.531250	0.131348	4717.59
Suite_F_Biased	128	32	0.30	B0_Hebbian	2007	0.000000	0.313965	163.56
Suite_F_Biased	128	32	0.30	B1_Pseudoinverse	2007	0.218750	0.195312	378.66
Suite_F_Biased	128	32	0.30	B2_1NN_Oracle	2007	0.968750	0.012451	2.97
Suite_F_Biased	128	32	0.30	B3_PolynomialDAM	2007	0.375000	0.166748	546.72
Suite_F_Biased	128	32	0.30	B4_ModernHopfield	2007	0.968750	0.014404	25.44
Suite_F_Biased	128	32	0.30	Candidate_ModelC	2007	0.562500	0.121826	2066.59
Suite_F_Biased	128	32	0.30	B0_Hebbian	2008	0.000000	0.295654	100.84
Suite_F_Biased	128	32	0.30	B1_Pseudoinverse	2008	0.375000	0.169678	333.91
Suite_F_Biased	128	32	0.30	B2_1NN_Oracle	2008	1.000000	0.000000	3.12
Suite_F_Biased	128	32	0.30	B3_PolynomialDAM	2008	0.500000	0.140381	419.97
Suite_F_Biased	128	32	0.30	B4_ModernHopfield	2008	1.000000	0.000000	13.03
Suite_F_Biased	128	32	0.30	Candidate_ModelC	2008	0.375000	0.172363	3078.28
Suite_F_Biased	128	32	0.30	B0_Hebbian	2009	0.000000	0.309326	606.59
Suite_F_Biased	128	32	0.30	B1_Pseudoinverse	2009	0.281250	0.200684	1011.47
Suite_F_Biased	128	32	0.30	B2_1NN_Oracle	2009	1.000000	0.000000	2.06
Suite_F_Biased	128	32	0.30	B3_PolynomialDAM	2009	0.937500	0.016846	1051.88
Suite_F_Biased	128	32	0.30	B4_ModernHopfield	2009	1.000000	0.000000	23.22
Suite_F_Biased	128	32	0.30	Candidate_ModelC	2009	0.781250	0.066650	5755.81
Suite_F_Biased	128	32	0.30	B0_Hebbian	2010	0.000000	0.279785	100.62
Suite_F_Biased	128	32	0.30	B1_Pseudoinverse	2010	0.250000	0.223389	465.38
Suite_F_Biased	128	32	0.30	B2_1NN_Oracle	2010	0.968750	0.012939	2.72
Suite_F_Biased	128	32	0.30	B3_PolynomialDAM	2010	0.312500	0.193604	1117.91
Suite_F_Biased	128	32	0.30	B4_ModernHopfield	2010	0.968750	0.012451	24.09
Suite_F_Biased	128	32	0.30	Candidate_ModelC	2010	0.312500	0.188232	3219.66
Suite_F_Biased	128	32	0.30	B0_Hebbian	2011	0.000000	0.315430	774.97
Suite_F_Biased	128	32	0.30	B1_Pseudoinverse	2011	0.250000	0.249268	2111.97
Suite_F_Biased	128	32	0.30	B2_1NN_Oracle	2011	0.968750	0.013672	2.16
Suite_F_Biased	128	32	0.30	B3_PolynomialDAM	2011	0.375000	0.157227	2324.03
Suite_F_Biased	128	32	0.30	B4_ModernHopfield	2011	0.968750	0.013672	22.28
Suite_F_Biased	128	32	0.30	Candidate_ModelC	2011	0.312500	0.182373	5913.03
Suite_F_Biased	128	32	0.30	B0_Hebbian	2012	0.000000	0.310791	294.06
Suite_F_Biased	128	32	0.30	B1_Pseudoinverse	2012	0.250000	0.220215	694.75
Suite_F_Biased	128	32	0.30	B2_1NN_Oracle	2012	1.000000	0.000000	2.72
Suite_F_Biased	128	32	0.30	B3_PolynomialDAM	2012	0.750000	0.068115	430.91
Suite_F_Biased	128	32	0.30	B4_ModernHopfield	2012	1.000000	0.000000	23.25
Suite_F_Biased	128	32	0.30	Candidate_ModelC	2012	0.781250	0.069336	1436.31
Suite_F_Biased	128	32	0.30	B0_Hebbian	2013	0.000000	0.333740	128.59
Suite_F_Biased	128	32	0.30	B1_Pseudoinverse	2013	0.218750	0.222900	2219.50
Suite_F_Biased	128	32	0.30	B2_1NN_Oracle	2013	1.000000	0.000000	2.06
Suite_F_Biased	128	32	0.30	B3_PolynomialDAM	2013	0.750000	0.072021	1738.38
Suite_F_Biased	128	32	0.30	B4_ModernHopfield	2013	0.968750	0.012939	20.94
Suite_F_Biased	128	32	0.30	Candidate_ModelC	2013	0.656250	0.099121	3877.16
Suite_F_Biased	128	32	0.30	B0_Hebbian	2014	0.000000	0.285156	271.16
Suite_F_Biased	128	32	0.30	B1_Pseudoinverse	2014	0.156250	0.199951	958.12
Suite_F_Biased	128	32	0.30	B2_1NN_Oracle	2014	1.000000	0.000000	2.09
Suite_F_Biased	128	32	0.30	B3_PolynomialDAM	2014	0.218750	0.215332	1552.41
Suite_F_Biased	128	32	0.30	B4_ModernHopfield	2014	0.968750	0.010498	14.12
Suite_F_Biased	128	32	0.30	Candidate_ModelC	2014	0.375000	0.167480	6374.88
Suite_F_Biased	128	32	0.30	B0_Hebbian	2015	0.000000	0.326904	1194.56
Suite_F_Biased	128	32	0.30	B1_Pseudoinverse	2015	0.312500	0.193604	1245.22
Suite_F_Biased	128	32	0.30	B2_1NN_Oracle	2015	1.000000	0.000000	2.06
Suite_F_Biased	128	32	0.30	B3_PolynomialDAM	2015	0.625000	0.104492	1148.31
Suite_F_Biased	128	32	0.30	B4_ModernHopfield	2015	1.000000	0.000000	185.16
Suite_F_Biased	128	32	0.30	Candidate_ModelC	2015	0.406250	0.175049	5284.56
Suite_F_Biased	128	32	0.30	B0_Hebbian	2016	0.000000	0.301758	165.75
Suite_F_Biased	128	32	0.30	B1_Pseudoinverse	2016	0.343750	0.188721	1531.12
Suite_F_Biased	128	32	0.30	B2_1NN_Oracle	2016	0.937500	0.025146	2.09
Suite_F_Biased	128	32	0.30	B3_PolynomialDAM	2016	0.593750	0.114502	2658.38
Suite_F_Biased	128	32	0.30	B4_ModernHopfield	2016	0.968750	0.010986	23.44
Suite_F_Biased	128	32	0.30	Candidate_ModelC	2016	0.593750	0.111084	4642.12
Suite_F_Biased	128	32	0.30	B0_Hebbian	2017	0.000000	0.310791	106.94
Suite_F_Biased	128	32	0.30	B1_Pseudoinverse	2017	0.312500	0.208252	234.53
Suite_F_Biased	128	32	0.30	B2_1NN_Oracle	2017	1.000000	0.000000	2.03
Suite_F_Biased	128	32	0.30	B3_PolynomialDAM	2017	0.843750	0.040039	886.19
Suite_F_Biased	128	32	0.30	B4_ModernHopfield	2017	0.968750	0.010010	16.84
Suite_F_Biased	128	32	0.30	Candidate_ModelC	2017	0.625000	0.106689	4579.16
Suite_F_Biased	128	32	0.30	B0_Hebbian	2018	0.000000	0.331787	216.81
Suite_F_Biased	128	32	0.30	B1_Pseudoinverse	2018	0.343750	0.204590	223.78
Suite_F_Biased	128	32	0.30	B2_1NN_Oracle	2018	0.968750	0.012695	5.16
Suite_F_Biased	128	32	0.30	B3_PolynomialDAM	2018	0.625000	0.109619	540.06
Suite_F_Biased	128	32	0.30	B4_ModernHopfield	2018	0.937500	0.021729	23.75
Suite_F_Biased	128	32	0.30	Candidate_ModelC	2018	0.625000	0.104980	1847.91
Suite_F_Biased	128	32	0.30	B0_Hebbian	2019	0.000000	0.296875	165.75
Suite_F_Biased	128	32	0.30	B1_Pseudoinverse	2019	0.343750	0.169189	310.88
Suite_F_Biased	128	32	0.30	B2_1NN_Oracle	2019	0.937500	0.023682	2.72
Suite_F_Biased	128	32	0.30	B3_PolynomialDAM	2019	0.593750	0.103516	460.75
Suite_F_Biased	128	32	0.30	B4_ModernHopfield	2019	1.000000	0.000000	27.19
Suite_F_Biased	128	32	0.30	Candidate_ModelC	2019	0.531250	0.107910	2307.00
Suite_F_Biased	128	32	0.30	B0_Hebbian	2020	0.000000	0.313721	573.72
Suite_F_Biased	128	32	0.30	B1_Pseudoinverse	2020	0.281250	0.214111	503.19
Suite_F_Biased	128	32	0.30	B2_1NN_Oracle	2020	0.968750	0.014893	2.06
Suite_F_Biased	128	32	0.30	B3_PolynomialDAM	2020	0.375000	0.155029	374.97
Suite_F_Biased	128	32	0.30	B4_ModernHopfield	2020	1.000000	0.000000	13.72
Suite_F_Biased	128	32	0.30	Candidate_ModelC	2020	0.375000	0.176514	1279.44
Suite_F_Biased	128	32	0.40	B0_Hebbian	2001	0.000000	0.333252	1245.47
Suite_F_Biased	128	32	0.40	B1_Pseudoinverse	2001	0.000000	0.410156	765.38
Suite_F_Biased	128	32	0.40	B2_1NN_Oracle	2001	0.437500	0.229736	3.06
Suite_F_Biased	128	32	0.40	B3_PolynomialDAM	2001	0.218750	0.275146	1672.78
Suite_F_Biased	128	32	0.40	B4_ModernHopfield	2001	0.500000	0.199707	172.59
Suite_F_Biased	128	32	0.40	Candidate_ModelC	2001	0.187500	0.280762	7204.00
Suite_F_Biased	128	32	0.40	B0_Hebbian	2002	0.000000	0.339355	680.94
Suite_F_Biased	128	32	0.40	B1_Pseudoinverse	2002	0.000000	0.389160	1352.34
Suite_F_Biased	128	32	0.40	B2_1NN_Oracle	2002	0.562500	0.170410	2.25
Suite_F_Biased	128	32	0.40	B3_PolynomialDAM	2002	0.250000	0.242188	1966.41
Suite_F_Biased	128	32	0.40	B4_ModernHopfield	2002	0.750000	0.103271	22.53
Suite_F_Biased	128	32	0.40	Candidate_ModelC	2002	0.093750	0.289307	7772.75
Suite_F_Biased	128	32	0.40	B0_Hebbian	2003	0.000000	0.389160	503.62
Suite_F_Biased	128	32	0.40	B1_Pseudoinverse	2003	0.000000	0.384033	991.16
Suite_F_Biased	128	32	0.40	B2_1NN_Oracle	2003	0.343750	0.265625	2.91
Suite_F_Biased	128	32	0.40	B3_PolynomialDAM	2003	0.156250	0.299805	2635.84
Suite_F_Biased	128	32	0.40	B4_ModernHopfield	2003	0.500000	0.209229	25.06
Suite_F_Biased	128	32	0.40	Candidate_ModelC	2003	0.125000	0.278076	3975.72
Suite_F_Biased	128	32	0.40	B0_Hebbian	2004	0.000000	0.376221	564.66
Suite_F_Biased	128	32	0.40	B1_Pseudoinverse	2004	0.031250	0.368164	507.69
Suite_F_Biased	128	32	0.40	B2_1NN_Oracle	2004	0.343750	0.253906	2.72
Suite_F_Biased	128	32	0.40	B3_PolynomialDAM	2004	0.187500	0.279541	1945.59
Suite_F_Biased	128	32	0.40	B4_ModernHopfield	2004	0.625000	0.147949	19.28
Suite_F_Biased	128	32	0.40	Candidate_ModelC	2004	0.187500	0.258301	4863.38
Suite_F_Biased	128	32	0.40	B0_Hebbian	2005	0.000000	0.384521	110.28
Suite_F_Biased	128	32	0.40	B1_Pseudoinverse	2005	0.031250	0.401123	938.47
Suite_F_Biased	128	32	0.40	B2_1NN_Oracle	2005	0.625000	0.161133	2.31
Suite_F_Biased	128	32	0.40	B3_PolynomialDAM	2005	0.250000	0.249756	1868.72
Suite_F_Biased	128	32	0.40	B4_ModernHopfield	2005	0.593750	0.157227	25.44
Suite_F_Biased	128	32	0.40	Candidate_ModelC	2005	0.218750	0.243652	8529.44
Suite_F_Biased	128	32	0.40	B0_Hebbian	2006	0.000000	0.382080	1764.34
Suite_F_Biased	128	32	0.40	B1_Pseudoinverse	2006	0.000000	0.390625	357.59
Suite_F_Biased	128	32	0.40	B2_1NN_Oracle	2006	0.406250	0.248291	3.06
Suite_F_Biased	128	32	0.40	B3_PolynomialDAM	2006	0.312500	0.249023	1371.56
Suite_F_Biased	128	32	0.40	B4_ModernHopfield	2006	0.406250	0.236084	23.72
Suite_F_Biased	128	32	0.40	Candidate_ModelC	2006	0.281250	0.266602	8526.09
Suite_F_Biased	128	32	0.40	B0_Hebbian	2007	0.000000	0.434570	494.12
Suite_F_Biased	128	32	0.40	B1_Pseudoinverse	2007	0.000000	0.373779	1350.69
Suite_F_Biased	128	32	0.40	B2_1NN_Oracle	2007	0.468750	0.222656	2.28
Suite_F_Biased	128	32	0.40	B3_PolynomialDAM	2007	0.125000	0.298096	2197.66
Suite_F_Biased	128	32	0.40	B4_ModernHopfield	2007	0.437500	0.228516	25.22
Suite_F_Biased	128	32	0.40	Candidate_ModelC	2007	0.218750	0.247559	7779.06
Suite_F_Biased	128	32	0.40	B0_Hebbian	2008	0.000000	0.366455	555.62
Suite_F_Biased	128	32	0.40	B1_Pseudoinverse	2008	0.031250	0.373779	1247.28
Suite_F_Biased	128	32	0.40	B2_1NN_Oracle	2008	0.437500	0.223145	3.09
Suite_F_Biased	128	32	0.40	B3_PolynomialDAM	2008	0.125000	0.284912	2317.78
Suite_F_Biased	128	32	0.40	B4_ModernHopfield	2008	0.437500	0.230225	24.88
Suite_F_Biased	128	32	0.40	Candidate_ModelC	2008	0.187500	0.271973	9166.28
Suite_F_Biased	128	32	0.40	B0_Hebbian	2009	0.000000	0.418701	479.53
Suite_F_Biased	128	32	0.40	B1_Pseudoinverse	2009	0.031250	0.377441	1000.06
Suite_F_Biased	128	32	0.40	B2_1NN_Oracle	2009	0.500000	0.203369	2.28
Suite_F_Biased	128	32	0.40	B3_PolynomialDAM	2009	0.312500	0.253662	2450.28
Suite_F_Biased	128	32	0.40	B4_ModernHopfield	2009	0.500000	0.203857	24.44
Suite_F_Biased	128	32	0.40	Candidate_ModelC	2009	0.375000	0.245605	3728.03
Suite_F_Biased	128	32	0.40	B0_Hebbian	2010	0.000000	0.338379	483.97
Suite_F_Biased	128	32	0.40	B1_Pseudoinverse	2010	0.000000	0.418457	1127.91
Suite_F_Biased	128	32	0.40	B2_1NN_Oracle	2010	0.500000	0.197266	3.00
Suite_F_Biased	128	32	0.40	B3_PolynomialDAM	2010	0.156250	0.248535	1939.41
Suite_F_Biased	128	32	0.40	B4_ModernHopfield	2010	0.375000	0.246582	25.38
Suite_F_Biased	128	32	0.40	Candidate_ModelC	2010	0.125000	0.281250	2424.16
Suite_F_Biased	128	32	0.40	B0_Hebbian	2011	0.000000	0.342773	182.78
Suite_F_Biased	128	32	0.40	B1_Pseudoinverse	2011	0.000000	0.404785	267.59
Suite_F_Biased	128	32	0.40	B2_1NN_Oracle	2011	0.437500	0.229004	3.09
Suite_F_Biased	128	32	0.40	B3_PolynomialDAM	2011	0.093750	0.288818	632.56
Suite_F_Biased	128	32	0.40	B4_ModernHopfield	2011	0.406250	0.232178	26.34
Suite_F_Biased	128	32	0.40	Candidate_ModelC	2011	0.187500	0.258301	8344.75
Suite_F_Biased	128	32	0.40	B0_Hebbian	2012	0.000000	0.355225	158.91
Suite_F_Biased	128	32	0.40	B1_Pseudoinverse	2012	0.031250	0.384277	367.88
Suite_F_Biased	128	32	0.40	B2_1NN_Oracle	2012	0.750000	0.106934	2.88
Suite_F_Biased	128	32	0.40	B3_PolynomialDAM	2012	0.281250	0.254639	1122.00
Suite_F_Biased	128	32	0.40	B4_ModernHopfield	2012	0.562500	0.188232	22.94
Suite_F_Biased	128	32	0.40	Candidate_ModelC	2012	0.406250	0.230713	4594.12
Suite_F_Biased	128	32	0.40	B0_Hebbian	2013	0.000000	0.398193	383.22
Suite_F_Biased	128	32	0.40	B1_Pseudoinverse	2013	0.062500	0.377441	231.41
Suite_F_Biased	128	32	0.40	B2_1NN_Oracle	2013	0.718750	0.119141	2.34
Suite_F_Biased	128	32	0.40	B3_PolynomialDAM	2013	0.250000	0.263916	534.41
Suite_F_Biased	128	32	0.40	B4_ModernHopfield	2013	0.500000	0.201904	28.94
Suite_F_Biased	128	32	0.40	Candidate_ModelC	2013	0.218750	0.288574	3681.19
Suite_F_Biased	128	32	0.40	B0_Hebbian	2014	0.000000	0.400879	327.91
Suite_F_Biased	128	32	0.40	B1_Pseudoinverse	2014	0.031250	0.380127	783.81
Suite_F_Biased	128	32	0.40	B2_1NN_Oracle	2014	0.500000	0.209473	4.00
Suite_F_Biased	128	32	0.40	B3_PolynomialDAM	2014	0.062500	0.315674	1005.97
Suite_F_Biased	128	32	0.40	B4_ModernHopfield	2014	0.562500	0.162842	26.47
Suite_F_Biased	128	32	0.40	Candidate_ModelC	2014	0.187500	0.266846	5093.59
Suite_F_Biased	128	32	0.40	B0_Hebbian	2015	0.000000	0.403564	807.06
Suite_F_Biased	128	32	0.40	B1_Pseudoinverse	2015	0.000000	0.404053	384.66
Suite_F_Biased	128	32	0.40	B2_1NN_Oracle	2015	0.625000	0.148682	2.84
Suite_F_Biased	128	32	0.40	B3_PolynomialDAM	2015	0.375000	0.231689	1186.84
Suite_F_Biased	128	32	0.40	B4_ModernHopfield	2015	0.437500	0.222168	23.12
Suite_F_Biased	128	32	0.40	Candidate_ModelC	2015	0.125000	0.293945	6505.84
Suite_F_Biased	128	32	0.40	B0_Hebbian	2016	0.000000	0.359863	851.88
Suite_F_Biased	128	32	0.40	B1_Pseudoinverse	2016	0.000000	0.400879	821.31
Suite_F_Biased	128	32	0.40	B2_1NN_Oracle	2016	0.406250	0.239502	3.75
Suite_F_Biased	128	32	0.40	B3_PolynomialDAM	2016	0.281250	0.224609	1233.31
Suite_F_Biased	128	32	0.40	B4_ModernHopfield	2016	0.656250	0.134766	24.62
Suite_F_Biased	128	32	0.40	Candidate_ModelC	2016	0.312500	0.233887	9991.50
Suite_F_Biased	128	32	0.40	B0_Hebbian	2017	0.000000	0.410889	126.19
Suite_F_Biased	128	32	0.40	B1_Pseudoinverse	2017	0.000000	0.419189	735.69
Suite_F_Biased	128	32	0.40	B2_1NN_Oracle	2017	0.625000	0.158203	2.28
Suite_F_Biased	128	32	0.40	B3_PolynomialDAM	2017	0.437500	0.210938	1526.19
Suite_F_Biased	128	32	0.40	B4_ModernHopfield	2017	0.500000	0.206299	24.81
Suite_F_Biased	128	32	0.40	Candidate_ModelC	2017	0.218750	0.274414	5485.16
Suite_F_Biased	128	32	0.40	B0_Hebbian	2018	0.000000	0.340088	421.09
Suite_F_Biased	128	32	0.40	B1_Pseudoinverse	2018	0.031250	0.367432	1132.28
Suite_F_Biased	128	32	0.40	B2_1NN_Oracle	2018	0.656250	0.144775	2.53
Suite_F_Biased	128	32	0.40	B3_PolynomialDAM	2018	0.218750	0.268799	1344.66
Suite_F_Biased	128	32	0.40	B4_ModernHopfield	2018	0.500000	0.194092	280.59
Suite_F_Biased	128	32	0.40	Candidate_ModelC	2018	0.406250	0.216064	6409.03
Suite_F_Biased	128	32	0.40	B0_Hebbian	2019	0.000000	0.350586	767.16
Suite_F_Biased	128	32	0.40	B1_Pseudoinverse	2019	0.000000	0.402832	1363.56
Suite_F_Biased	128	32	0.40	B2_1NN_Oracle	2019	0.437500	0.224609	3.12
Suite_F_Biased	128	32	0.40	B3_PolynomialDAM	2019	0.218750	0.261963	1888.75
Suite_F_Biased	128	32	0.40	B4_ModernHopfield	2019	0.500000	0.197510	13.94
Suite_F_Biased	128	32	0.40	Candidate_ModelC	2019	0.312500	0.207031	4942.75
Suite_F_Biased	128	32	0.40	B0_Hebbian	2020	0.000000	0.399170	561.44
Suite_F_Biased	128	32	0.40	B1_Pseudoinverse	2020	0.000000	0.393799	1865.44
Suite_F_Biased	128	32	0.40	B2_1NN_Oracle	2020	0.562500	0.177002	3.00
Suite_F_Biased	128	32	0.40	B3_PolynomialDAM	2020	0.343750	0.211914	1926.56
Suite_F_Biased	128	32	0.40	B4_ModernHopfield	2020	0.593750	0.153320	19.50
Suite_F_Biased	128	32	0.40	Candidate_ModelC	2020	0.093750	0.293701	4572.22
Suite_F_Biased	128	64	0.10	B0_Hebbian	2001	0.000000	0.293701	517.22
Suite_F_Biased	128	64	0.10	B1_Pseudoinverse	2001	0.640625	0.054199	558.94
Suite_F_Biased	128	64	0.10	B2_1NN_Oracle	2001	1.000000	0.000000	3.47
Suite_F_Biased	128	64	0.10	B3_PolynomialDAM	2001	0.171875	0.232788	4009.70
Suite_F_Biased	128	64	0.10	B4_ModernHopfield	2001	1.000000	0.000000	292.75
Suite_F_Biased	128	64	0.10	Candidate_ModelC	2001	0.156250	0.238037	8043.12
Suite_F_Biased	128	64	0.10	B0_Hebbian	2002	0.000000	0.299194	431.95
Suite_F_Biased	128	64	0.10	B1_Pseudoinverse	2002	0.703125	0.037109	1129.06
Suite_F_Biased	128	64	0.10	B2_1NN_Oracle	2002	1.000000	0.000000	3.47
Suite_F_Biased	128	64	0.10	B3_PolynomialDAM	2002	0.218750	0.221436	2279.70
Suite_F_Biased	128	64	0.10	B4_ModernHopfield	2002	1.000000	0.000000	25.31
Suite_F_Biased	128	64	0.10	Candidate_ModelC	2002	0.203125	0.226074	5406.83
Suite_F_Biased	128	64	0.10	B0_Hebbian	2003	0.000000	0.295288	334.27
Suite_F_Biased	128	64	0.10	B1_Pseudoinverse	2003	0.468750	0.082153	1362.83
Suite_F_Biased	128	64	0.10	B2_1NN_Oracle	2003	1.000000	0.000000	4.25
Suite_F_Biased	128	64	0.10	B3_PolynomialDAM	2003	0.171875	0.231323	3971.61
Suite_F_Biased	128	64	0.10	B4_ModernHopfield	2003	1.000000	0.000000	136.88
Suite_F_Biased	128	64	0.10	Candidate_ModelC	2003	0.156250	0.241333	6156.77
Suite_F_Biased	128	64	0.10	B0_Hebbian	2004	0.000000	0.296387	544.89
Suite_F_Biased	128	64	0.10	B1_Pseudoinverse	2004	0.546875	0.076904	1179.45
Suite_F_Biased	128	64	0.10	B2_1NN_Oracle	2004	1.000000	0.000000	2.38
Suite_F_Biased	128	64	0.10	B3_PolynomialDAM	2004	0.187500	0.228271	3693.44
Suite_F_Biased	128	64	0.10	B4_ModernHopfield	2004	1.000000	0.000000	27.61
Suite_F_Biased	128	64	0.10	Candidate_ModelC	2004	0.203125	0.223145	7312.92
Suite_F_Biased	128	64	0.10	B0_Hebbian	2005	0.000000	0.292847	231.59
Suite_F_Biased	128	64	0.10	B1_Pseudoinverse	2005	0.531250	0.071533	485.12
Suite_F_Biased	128	64	0.10	B2_1NN_Oracle	2005	1.000000	0.000000	3.45
Suite_F_Biased	128	64	0.10	B3_PolynomialDAM	2005	0.140625	0.237793	1231.69
Suite_F_Biased	128	64	0.10	B4_ModernHopfield	2005	1.000000	0.000000	43.20
Suite_F_Biased	128	64	0.10	Candidate_ModelC	2005	0.140625	0.238037	2528.23
Suite_F_Biased	128	64	0.10	B0_Hebbian	2006	0.000000	0.299316	281.02
Suite_F_Biased	128	64	0.10	B1_Pseudoinverse	2006	0.531250	0.073364	1011.52
Suite_F_Biased	128	64	0.10	B2_1NN_Oracle	2006	1.000000	0.000000	2.38
Suite_F_Biased	128	64	0.10	B3_PolynomialDAM	2006	0.187500	0.233887	3659.16
Suite_F_Biased	128	64	0.10	B4_ModernHopfield	2006	1.000000	0.000000	300.19
Suite_F_Biased	128	64	0.10	Candidate_ModelC	2006	0.250000	0.212646	4982.27
Suite_F_Biased	128	64	0.10	B0_Hebbian	2007	0.000000	0.295898	413.05
Suite_F_Biased	128	64	0.10	B1_Pseudoinverse	2007	0.703125	0.055176	1038.27
Suite_F_Biased	128	64	0.10	B2_1NN_Oracle	2007	1.000000	0.000000	3.92
Suite_F_Biased	128	64	0.10	B3_PolynomialDAM	2007	0.171875	0.235474	4483.00
Suite_F_Biased	128	64	0.10	B4_ModernHopfield	2007	1.000000	0.000000	387.48
Suite_F_Biased	128	64	0.10	Candidate_ModelC	2007	0.187500	0.230469	6485.48
Suite_F_Biased	128	64	0.10	B0_Hebbian	2008	0.000000	0.294434	414.98
Suite_F_Biased	128	64	0.10	B1_Pseudoinverse	2008	0.625000	0.057617	422.52
Suite_F_Biased	128	64	0.10	B2_1NN_Oracle	2008	1.000000	0.000000	2.33
Suite_F_Biased	128	64	0.10	B3_PolynomialDAM	2008	0.187500	0.228394	3343.47
Suite_F_Biased	128	64	0.10	B4_ModernHopfield	2008	1.000000	0.000000	180.62
Suite_F_Biased	128	64	0.10	Candidate_ModelC	2008	0.125000	0.244385	7123.08
Suite_F_Biased	128	64	0.10	B0_Hebbian	2009	0.000000	0.298706	221.23
Suite_F_Biased	128	64	0.10	B1_Pseudoinverse	2009	0.640625	0.051392	927.44
Suite_F_Biased	128	64	0.10	B2_1NN_Oracle	2009	1.000000	0.000000	4.09
Suite_F_Biased	128	64	0.10	B3_PolynomialDAM	2009	0.218750	0.223511	3737.53
Suite_F_Biased	128	64	0.10	B4_ModernHopfield	2009	1.000000	0.000000	45.00
Suite_F_Biased	128	64	0.10	Candidate_ModelC	2009	0.203125	0.228638	7049.42
Suite_F_Biased	128	64	0.10	B0_Hebbian	2010	0.000000	0.294067	165.59
Suite_F_Biased	128	64	0.10	B1_Pseudoinverse	2010	0.625000	0.061646	338.20
Suite_F_Biased	128	64	0.10	B2_1NN_Oracle	2010	1.000000	0.000000	2.31
Suite_F_Biased	128	64	0.10	B3_PolynomialDAM	2010	0.218750	0.217773	2015.91
Suite_F_Biased	128	64	0.10	B4_ModernHopfield	2010	1.000000	0.000000	46.62
Suite_F_Biased	128	64	0.10	Candidate_ModelC	2010	0.187500	0.228760	3954.39
Suite_F_Biased	128	64	0.10	B0_Hebbian	2011	0.000000	0.296997	214.72
Suite_F_Biased	128	64	0.10	B1_Pseudoinverse	2011	0.546875	0.069458	861.11
Suite_F_Biased	128	64	0.10	B2_1NN_Oracle	2011	1.000000	0.000000	3.69
Suite_F_Biased	128	64	0.10	B3_PolynomialDAM	2011	0.187500	0.230713	3616.48
Suite_F_Biased	128	64	0.10	B4_ModernHopfield	2011	1.000000	0.000000	198.38
Suite_F_Biased	128	64	0.10	Candidate_ModelC	2011	0.171875	0.236206	5901.88
Suite_F_Biased	128	64	0.10	B0_Hebbian	2012	0.000000	0.304688	207.17
Suite_F_Biased	128	64	0.10	B1_Pseudoinverse	2012	0.671875	0.048706	163.62
Suite_F_Biased	128	64	0.10	B2_1NN_Oracle	2012	1.000000	0.000000	2.47
Suite_F_Biased	128	64	0.10	B3_PolynomialDAM	2012	0.312500	0.191284	889.38
Suite_F_Biased	128	64	0.10	B4_ModernHopfield	2012	1.000000	0.000000	29.53
Suite_F_Biased	128	64	0.10	Candidate_ModelC	2012	0.328125	0.186768	4134.86
Suite_F_Biased	128	64	0.10	B0_Hebbian	2013	0.000000	0.301636	239.83
Suite_F_Biased	128	64	0.10	B1_Pseudoinverse	2013	0.562500	0.062622	564.95
Suite_F_Biased	128	64	0.10	B2_1NN_Oracle	2013	1.000000	0.000000	2.94
Suite_F_Biased	128	64	0.10	B3_PolynomialDAM	2013	0.296875	0.197998	2398.11
Suite_F_Biased	128	64	0.10	B4_ModernHopfield	2013	1.000000	0.000000	43.64
Suite_F_Biased	128	64	0.10	Candidate_ModelC	2013	0.281250	0.203003	6953.52
Suite_F_Biased	128	64	0.10	B0_Hebbian	2014	0.000000	0.292969	300.55
Suite_F_Biased	128	64	0.10	B1_Pseudoinverse	2014	0.546875	0.069824	1211.16
Suite_F_Biased	128	64	0.10	B2_1NN_Oracle	2014	1.000000	0.000000	3.47
Suite_F_Biased	128	64	0.10	B3_PolynomialDAM	2014	0.171875	0.232666	4013.36
Suite_F_Biased	128	64	0.10	B4_ModernHopfield	2014	1.000000	0.000000	26.20
Suite_F_Biased	128	64	0.10	Candidate_ModelC	2014	0.140625	0.242798	2096.92
Suite_F_Biased	128	64	0.10	B0_Hebbian	2015	0.000000	0.296631	182.06
Suite_F_Biased	128	64	0.10	B1_Pseudoinverse	2015	0.640625	0.051514	416.75
Suite_F_Biased	128	64	0.10	B2_1NN_Oracle	2015	1.000000	0.000000	3.02
Suite_F_Biased	128	64	0.10	B3_PolynomialDAM	2015	0.156250	0.240601	2113.69
Suite_F_Biased	128	64	0.10	B4_ModernHopfield	2015	1.000000	0.000000	42.91
Suite_F_Biased	128	64	0.10	Candidate_ModelC	2015	0.187500	0.224854	5109.70
Suite_F_Biased	128	64	0.10	B0_Hebbian	2016	0.000000	0.303223	262.91
Suite_F_Biased	128	64	0.10	B1_Pseudoinverse	2016	0.500000	0.074463	912.17
Suite_F_Biased	128	64	0.10	B2_1NN_Oracle	2016	1.000000	0.000000	3.52
Suite_F_Biased	128	64	0.10	B3_PolynomialDAM	2016	0.234375	0.221069	3724.14
Suite_F_Biased	128	64	0.10	B4_ModernHopfield	2016	1.000000	0.000000	244.92
Suite_F_Biased	128	64	0.10	Candidate_ModelC	2016	0.250000	0.215942	5848.03
Suite_F_Biased	128	64	0.10	B0_Hebbian	2017	0.000000	0.304810	411.27
Suite_F_Biased	128	64	0.10	B1_Pseudoinverse	2017	0.562500	0.067261	931.81
Suite_F_Biased	128	64	0.10	B2_1NN_Oracle	2017	1.000000	0.000000	3.36
Suite_F_Biased	128	64	0.10	B3_PolynomialDAM	2017	0.234375	0.220947	3744.31
Suite_F_Biased	128	64	0.10	B4_ModernHopfield	2017	1.000000	0.000000	162.55
Suite_F_Biased	128	64	0.10	Candidate_ModelC	2017	0.265625	0.205200	4484.25
Suite_F_Biased	128	64	0.10	B0_Hebbian	2018	0.000000	0.301025	419.89
Suite_F_Biased	128	64	0.10	B1_Pseudoinverse	2018	0.609375	0.058960	720.80
Suite_F_Biased	128	64	0.10	B2_1NN_Oracle	2018	1.000000	0.000000	3.27
Suite_F_Biased	128	64	0.10	B3_PolynomialDAM	2018	0.265625	0.213501	4083.97
Suite_F_Biased	128	64	0.10	B4_ModernHopfield	2018	1.000000	0.000000	234.64
Suite_F_Biased	128	64	0.10	Candidate_ModelC	2018	0.234375	0.223633	8118.00
Suite_F_Biased	128	64	0.10	B0_Hebbian	2019	0.000000	0.298340	693.72
Suite_F_Biased	128	64	0.10	B1_Pseudoinverse	2019	0.484375	0.074097	839.59
Suite_F_Biased	128	64	0.10	B2_1NN_Oracle	2019	1.000000	0.000000	5.09
Suite_F_Biased	128	64	0.10	B3_PolynomialDAM	2019	0.203125	0.227783	3366.78
Suite_F_Biased	128	64	0.10	B4_ModernHopfield	2019	1.000000	0.000000	169.77
Suite_F_Biased	128	64	0.10	Candidate_ModelC	2019	0.203125	0.228638	8839.70
Suite_F_Biased	128	64	0.10	B0_Hebbian	2020	0.000000	0.300903	591.45
Suite_F_Biased	128	64	0.10	B1_Pseudoinverse	2020	0.421875	0.094360	1264.22
Suite_F_Biased	128	64	0.10	B2_1NN_Oracle	2020	1.000000	0.000000	3.41
Suite_F_Biased	128	64	0.10	B3_PolynomialDAM	2020	0.234375	0.216309	3719.81
Suite_F_Biased	128	64	0.10	B4_ModernHopfield	2020	1.000000	0.000000	43.16
Suite_F_Biased	128	64	0.10	Candidate_ModelC	2020	0.218750	0.221313	11077.47
Suite_F_Biased	128	64	0.20	B0_Hebbian	2001	0.000000	0.293701	401.84
Suite_F_Biased	128	64	0.20	B1_Pseudoinverse	2001	0.000000	0.253906	1083.33
Suite_F_Biased	128	64	0.20	B2_1NN_Oracle	2001	1.000000	0.000000	3.66
Suite_F_Biased	128	64	0.20	B3_PolynomialDAM	2001	0.078125	0.265381	3763.31
Suite_F_Biased	128	64	0.20	B4_ModernHopfield	2001	1.000000	0.000000	310.05
Suite_F_Biased	128	64	0.20	Candidate_ModelC	2001	0.125000	0.249512	6746.75
Suite_F_Biased	128	64	0.20	B0_Hebbian	2002	0.000000	0.299194	549.92
Suite_F_Biased	128	64	0.20	B1_Pseudoinverse	2002	0.046875	0.250854	1172.55
Suite_F_Biased	128	64	0.20	B2_1NN_Oracle	2002	1.000000	0.000000	2.59
Suite_F_Biased	128	64	0.20	B3_PolynomialDAM	2002	0.171875	0.238037	4223.25
Suite_F_Biased	128	64	0.20	B4_ModernHopfield	2002	1.000000	0.000000	26.56
Suite_F_Biased	128	64	0.20	Candidate_ModelC	2002	0.171875	0.237549	8003.88
Suite_F_Biased	128	64	0.20	B0_Hebbian	2003	0.000000	0.295288	456.70
Suite_F_Biased	128	64	0.20	B1_Pseudoinverse	2003	0.046875	0.245361	1319.89
Suite_F_Biased	128	64	0.20	B2_1NN_Oracle	2003	1.000000	0.000000	3.50
Suite_F_Biased	128	64	0.20	B3_PolynomialDAM	2003	0.093750	0.257812	4233.48
Suite_F_Biased	128	64	0.20	B4_ModernHopfield	2003	1.000000	0.000000	91.64
Suite_F_Biased	128	64	0.20	Candidate_ModelC	2003	0.109375	0.257446	4404.38
Suite_F_Biased	128	64	0.20	B0_Hebbian	2004	0.000000	0.296387	537.56
Suite_F_Biased	128	64	0.20	B1_Pseudoinverse	2004	0.031250	0.243774	1514.61
Suite_F_Biased	128	64	0.20	B2_1NN_Oracle	2004	1.000000	0.000000	3.62
Suite_F_Biased	128	64	0.20	B3_PolynomialDAM	2004	0.140625	0.244629	4140.98
Suite_F_Biased	128	64	0.20	B4_ModernHopfield	2004	1.000000	0.000000	288.28
Suite_F_Biased	128	64	0.20	Candidate_ModelC	2004	0.140625	0.244995	5248.28
Suite_F_Biased	128	64	0.20	B0_Hebbian	2005	0.000000	0.292847	191.56
Suite_F_Biased	128	64	0.20	B1_Pseudoinverse	2005	0.000000	0.253906	1082.30
Suite_F_Biased	128	64	0.20	B2_1NN_Oracle	2005	1.000000	0.000000	4.39
Suite_F_Biased	128	64	0.20	B3_PolynomialDAM	2005	0.156250	0.232666	3390.28
Suite_F_Biased	128	64	0.20	B4_ModernHopfield	2005	1.000000	0.000000	124.09
Suite_F_Biased	128	64	0.20	Candidate_ModelC	2005	0.078125	0.258911	7768.31
Suite_F_Biased	128	64	0.20	B0_Hebbian	2006	0.000000	0.304199	152.31
Suite_F_Biased	128	64	0.20	B1_Pseudoinverse	2006	0.046875	0.248657	990.86
Suite_F_Biased	128	64	0.20	B2_1NN_Oracle	2006	1.000000	0.000000	2.64
Suite_F_Biased	128	64	0.20	B3_PolynomialDAM	2006	0.156250	0.244385	1567.38
Suite_F_Biased	128	64	0.20	B4_ModernHopfield	2006	1.000000	0.000000	26.11
Suite_F_Biased	128	64	0.20	Candidate_ModelC	2006	0.156250	0.245605	5654.30
Suite_F_Biased	128	64	0.20	B0_Hebbian	2007	0.000000	0.295898	257.73
Suite_F_Biased	128	64	0.20	B1_Pseudoinverse	2007	0.015625	0.240234	1419.44
Suite_F_Biased	128	64	0.20	B2_1NN_Oracle	2007	1.000000	0.000000	2.66
Suite_F_Biased	128	64	0.20	B3_PolynomialDAM	2007	0.187500	0.230713	3023.52
Suite_F_Biased	128	64	0.20	B4_ModernHopfield	2007	1.000000	0.000000	205.14
Suite_F_Biased	128	64	0.20	Candidate_ModelC	2007	0.156250	0.241211	7597.80
Suite_F_Biased	128	64	0.20	B0_Hebbian	2008	0.000000	0.294434	345.33
Suite_F_Biased	128	64	0.20	B1_Pseudoinverse	2008	0.015625	0.253540	1209.98
Suite_F_Biased	128	64	0.20	B2_1NN_Oracle	2008	1.000000	0.000000	2.84
Suite_F_Biased	128	64	0.20	B3_PolynomialDAM	2008	0.078125	0.266846	4145.64
Suite_F_Biased	128	64	0.20	B4_ModernHopfield	2008	1.000000	0.000000	214.50
Suite_F_Biased	128	64	0.20	Candidate_ModelC	2008	0.109375	0.249756	8766.41
Suite_F_Biased	128	64	0.20	B0_Hebbian	2009	0.000000	0.298706	511.69
Suite_F_Biased	128	64	0.20	B1_Pseudoinverse	2009	0.031250	0.245361	1055.02
Suite_F_Biased	128	64	0.20	B2_1NN_Oracle	2009	1.000000	0.000000	192.17
Suite_F_Biased	128	64	0.20	B3_PolynomialDAM	2009	0.171875	0.238770	4066.59
Suite_F_Biased	128	64	0.20	B4_ModernHopfield	2009	1.000000	0.000000	43.23
Suite_F_Biased	128	64	0.20	Candidate_ModelC	2009	0.187500	0.234253	8224.38
Suite_F_Biased	128	64	0.20	B0_Hebbian	2010	0.000000	0.294067	357.58
Suite_F_Biased	128	64	0.20	B1_Pseudoinverse	2010	0.031250	0.250122	1059.11
Suite_F_Biased	128	64	0.20	B2_1NN_Oracle	2010	1.000000	0.000000	4.03
Suite_F_Biased	128	64	0.20	B3_PolynomialDAM	2010	0.140625	0.244263	3144.83
Suite_F_Biased	128	64	0.20	B4_ModernHopfield	2010	1.000000	0.000000	338.58
Suite_F_Biased	128	64	0.20	Candidate_ModelC	2010	0.109375	0.255981	6002.91
Suite_F_Biased	128	64	0.20	B0_Hebbian	2011	0.000000	0.296997	594.20
Suite_F_Biased	128	64	0.20	B1_Pseudoinverse	2011	0.031250	0.250854	1610.11
Suite_F_Biased	128	64	0.20	B2_1NN_Oracle	2011	0.984375	0.004150	4.56
Suite_F_Biased	128	64	0.20	B3_PolynomialDAM	2011	0.109375	0.257935	4384.77
Suite_F_Biased	128	64	0.20	B4_ModernHopfield	2011	1.000000	0.000000	173.25
Suite_F_Biased	128	64	0.20	Candidate_ModelC	2011	0.156250	0.241577	8816.45
Suite_F_Biased	128	64	0.20	B0_Hebbian	2012	0.000000	0.304688	547.61
Suite_F_Biased	128	64	0.20	B1_Pseudoinverse	2012	0.000000	0.246826	1142.97
Suite_F_Biased	128	64	0.20	B2_1NN_Oracle	2012	1.000000	0.000000	253.69
Suite_F_Biased	128	64	0.20	B3_PolynomialDAM	2012	0.234375	0.217163	4091.42
Suite_F_Biased	128	64	0.20	B4_ModernHopfield	2012	1.000000	0.000000	223.45
Suite_F_Biased	128	64	0.20	Candidate_ModelC	2012	0.156250	0.245605	9033.12
Suite_F_Biased	128	64	0.20	B0_Hebbian	2013	0.000000	0.301636	406.77
Suite_F_Biased	128	64	0.20	B1_Pseudoinverse	2013	0.000000	0.259644	249.16
Suite_F_Biased	128	64	0.20	B2_1NN_Oracle	2013	1.000000	0.000000	2.56
Suite_F_Biased	128	64	0.20	B3_PolynomialDAM	2013	0.250000	0.214111	1973.84
Suite_F_Biased	128	64	0.20	B4_ModernHopfield	2013	1.000000	0.000000	25.33
Suite_F_Biased	128	64	0.20	Candidate_ModelC	2013	0.187500	0.234863	9780.81
Suite_F_Biased	128	64	0.20	B0_Hebbian	2014	0.000000	0.296143	472.06
Suite_F_Biased	128	64	0.20	B1_Pseudoinverse	2014	0.078125	0.252563	1159.30
Suite_F_Biased	128	64	0.20	B2_1NN_Oracle	2014	1.000000	0.000000	3.38
Suite_F_Biased	128	64	0.20	B3_PolynomialDAM	2014	0.125000	0.248901	4858.64
Suite_F_Biased	128	64	0.20	B4_ModernHopfield	2014	1.000000	0.000000	180.52
Suite_F_Biased	128	64	0.20	Candidate_ModelC	2014	0.140625	0.242920	6019.94
Suite_F_Biased	128	64	0.20	B0_Hebbian	2015	0.000000	0.296631	323.03
Suite_F_Biased	128	64	0.20	B1_Pseudoinverse	2015	0.078125	0.233521	649.09
Suite_F_Biased	128	64	0.20	B2_1NN_Oracle	2015	1.000000	0.000000	2.62
Suite_F_Biased	128	64	0.20	B3_PolynomialDAM	2015	0.062500	0.274292	3418.48
Suite_F_Biased	128	64	0.20	B4_ModernHopfield	2015	1.000000	0.000000	45.89
Suite_F_Biased	128	64	0.20	Candidate_ModelC	2015	0.140625	0.240845	7201.61
Suite_F_Biased	128	64	0.20	B0_Hebbian	2016	0.000000	0.303223	494.19
Suite_F_Biased	128	64	0.20	B1_Pseudoinverse	2016	0.015625	0.259766	953.38
Suite_F_Biased	128	64	0.20	B2_1NN_Oracle	2016	1.000000	0.000000	2.58
Suite_F_Biased	128	64	0.20	B3_PolynomialDAM	2016	0.218750	0.226074	4287.33
Suite_F_Biased	128	64	0.20	B4_ModernHopfield	2016	1.000000	0.000000	421.78
Suite_F_Biased	128	64	0.20	Candidate_ModelC	2016	0.250000	0.216309	7565.89
Suite_F_Biased	128	64	0.20	B0_Hebbian	2017	0.000000	0.304810	718.45
Suite_F_Biased	128	64	0.20	B1_Pseudoinverse	2017	0.078125	0.243408	1117.94
Suite_F_Biased	128	64	0.20	B2_1NN_Oracle	2017	1.000000	0.000000	3.88
Suite_F_Biased	128	64	0.20	B3_PolynomialDAM	2017	0.140625	0.252563	3954.67
Suite_F_Biased	128	64	0.20	B4_ModernHopfield	2017	1.000000	0.000000	26.70
Suite_F_Biased	128	64	0.20	Candidate_ModelC	2017	0.234375	0.216919	7721.66
Suite_F_Biased	128	64	0.20	B0_Hebbian	2018	0.000000	0.301025	648.56
Suite_F_Biased	128	64	0.20	B1_Pseudoinverse	2018	0.062500	0.228394	1195.59
Suite_F_Biased	128	64	0.20	B2_1NN_Oracle	2018	1.000000	0.000000	2.80
Suite_F_Biased	128	64	0.20	B3_PolynomialDAM	2018	0.171875	0.244141	4348.50
Suite_F_Biased	128	64	0.20	B4_ModernHopfield	2018	1.000000	0.000000	151.52
Suite_F_Biased	128	64	0.20	Candidate_ModelC	2018	0.156250	0.249268	9100.05
Suite_F_Biased	128	64	0.20	B0_Hebbian	2019	0.000000	0.298340	277.98
Suite_F_Biased	128	64	0.20	B1_Pseudoinverse	2019	0.031250	0.250732	992.77
Suite_F_Biased	128	64	0.20	B2_1NN_Oracle	2019	1.000000	0.000000	2.67
Suite_F_Biased	128	64	0.20	B3_PolynomialDAM	2019	0.125000	0.254395	2694.86
Suite_F_Biased	128	64	0.20	B4_ModernHopfield	2019	1.000000	0.000000	27.16
Suite_F_Biased	128	64	0.20	Candidate_ModelC	2019	0.171875	0.239380	4928.47
Suite_F_Biased	128	64	0.20	B0_Hebbian	2020	0.000000	0.300903	382.14
Suite_F_Biased	128	64	0.20	B1_Pseudoinverse	2020	0.031250	0.254150	1279.12
Suite_F_Biased	128	64	0.20	B2_1NN_Oracle	2020	1.000000	0.000000	3.48
Suite_F_Biased	128	64	0.20	B3_PolynomialDAM	2020	0.203125	0.227295	2939.47
Suite_F_Biased	128	64	0.20	B4_ModernHopfield	2020	1.000000	0.000000	26.81
Suite_F_Biased	128	64	0.20	Candidate_ModelC	2020	0.156250	0.243530	3773.39
Suite_F_Biased	128	64	0.30	B0_Hebbian	2001	0.000000	0.293701	694.81
Suite_F_Biased	128	64	0.30	B1_Pseudoinverse	2001	0.000000	0.348145	1104.95
Suite_F_Biased	128	64	0.30	B2_1NN_Oracle	2001	0.906250	0.038940	2.83
Suite_F_Biased	128	64	0.30	B3_PolynomialDAM	2001	0.078125	0.265747	2532.78
Suite_F_Biased	128	64	0.30	B4_ModernHopfield	2001	0.968750	0.011719	53.52
Suite_F_Biased	128	64	0.30	Candidate_ModelC	2001	0.078125	0.268066	2554.33
Suite_F_Biased	128	64	0.30	B0_Hebbian	2002	0.000000	0.305298	177.39
Suite_F_Biased	128	64	0.30	B1_Pseudoinverse	2002	0.000000	0.351318	751.28
Suite_F_Biased	128	64	0.30	B2_1NN_Oracle	2002	0.953125	0.015747	2.92
Suite_F_Biased	128	64	0.30	B3_PolynomialDAM	2002	0.140625	0.250854	3203.45
Suite_F_Biased	128	64	0.30	B4_ModernHopfield	2002	0.921875	0.029663	27.86
Suite_F_Biased	128	64	0.30	Candidate_ModelC	2002	0.171875	0.238892	3942.09
Suite_F_Biased	128	64	0.30	B0_Hebbian	2003	0.000000	0.323120	639.77
Suite_F_Biased	128	64	0.30	B1_Pseudoinverse	2003	0.000000	0.352051	1200.77
Suite_F_Biased	128	64	0.30	B2_1NN_Oracle	2003	0.968750	0.011597	193.98
Suite_F_Biased	128	64	0.30	B3_PolynomialDAM	2003	0.062500	0.268799	4733.31
Suite_F_Biased	128	64	0.30	B4_ModernHopfield	2003	0.953125	0.018433	232.91
Suite_F_Biased	128	64	0.30	Candidate_ModelC	2003	0.156250	0.236938	5547.27
Suite_F_Biased	128	64	0.30	B0_Hebbian	2004	0.000000	0.310303	542.88
Suite_F_Biased	128	64	0.30	B1_Pseudoinverse	2004	0.000000	0.353394	699.91
Suite_F_Biased	128	64	0.30	B2_1NN_Oracle	2004	0.984375	0.005615	3.84
Suite_F_Biased	128	64	0.30	B3_PolynomialDAM	2004	0.125000	0.250610	1283.59
Suite_F_Biased	128	64	0.30	B4_ModernHopfield	2004	0.968750	0.013062	43.81
Suite_F_Biased	128	64	0.30	Candidate_ModelC	2004	0.093750	0.261475	2348.47
Suite_F_Biased	128	64	0.30	B0_Hebbian	2005	0.000000	0.311401	711.81
Suite_F_Biased	128	64	0.30	B1_Pseudoinverse	2005	0.000000	0.347534	1216.88
Suite_F_Biased	128	64	0.30	B2_1NN_Oracle	2005	0.937500	0.021851	2.81
Suite_F_Biased	128	64	0.30	B3_PolynomialDAM	2005	0.109375	0.252563	3714.89
Suite_F_Biased	128	64	0.30	B4_ModernHopfield	2005	0.984375	0.005005	44.39
Suite_F_Biased	128	64	0.30	Candidate_ModelC	2005	0.031250	0.284790	8148.23
Suite_F_Biased	128	64	0.30	B0_Hebbian	2006	0.000000	0.316162	496.64
Suite_F_Biased	128	64	0.30	B1_Pseudoinverse	2006	0.000000	0.354370	1836.34
Suite_F_Biased	128	64	0.30	B2_1NN_Oracle	2006	0.937500	0.026245	3.97
Suite_F_Biased	128	64	0.30	B3_PolynomialDAM	2006	0.156250	0.246704	4240.31
Suite_F_Biased	128	64	0.30	B4_ModernHopfield	2006	0.968750	0.013062	35.78
Suite_F_Biased	128	64	0.30	Candidate_ModelC	2006	0.109375	0.261597	3754.22
Suite_F_Biased	128	64	0.30	B0_Hebbian	2007	0.000000	0.302246	477.52
Suite_F_Biased	128	64	0.30	B1_Pseudoinverse	2007	0.000000	0.357056	756.86
Suite_F_Biased	128	64	0.30	B2_1NN_Oracle	2007	0.937500	0.024414	4.75
Suite_F_Biased	128	64	0.30	B3_PolynomialDAM	2007	0.109375	0.257324	3262.62
Suite_F_Biased	128	64	0.30	B4_ModernHopfield	2007	0.984375	0.005371	26.62
Suite_F_Biased	128	64	0.30	Candidate_ModelC	2007	0.093750	0.263794	7087.81
Suite_F_Biased	128	64	0.30	B0_Hebbian	2008	0.000000	0.301025	468.31
Suite_F_Biased	128	64	0.30	B1_Pseudoinverse	2008	0.000000	0.359741	1258.67
Suite_F_Biased	128	64	0.30	B2_1NN_Oracle	2008	0.984375	0.005737	4.89
Suite_F_Biased	128	64	0.30	B3_PolynomialDAM	2008	0.078125	0.269531	4077.39
Suite_F_Biased	128	64	0.30	B4_ModernHopfield	2008	0.953125	0.019775	65.95
Suite_F_Biased	128	64	0.30	Candidate_ModelC	2008	0.078125	0.265503	7469.16
Suite_F_Biased	128	64	0.30	B0_Hebbian	2009	0.000000	0.316040	257.72
Suite_F_Biased	128	64	0.30	B1_Pseudoinverse	2009	0.000000	0.339478	819.28
Suite_F_Biased	128	64	0.30	B2_1NN_Oracle	2009	0.937500	0.024414	2.84
Suite_F_Biased	128	64	0.30	B3_PolynomialDAM	2009	0.125000	0.255005	2058.34
Suite_F_Biased	128	64	0.30	B4_ModernHopfield	2009	0.968750	0.011108	43.66
Suite_F_Biased	128	64	0.30	Candidate_ModelC	2009	0.125000	0.256104	5883.06
Suite_F_Biased	128	64	0.30	B0_Hebbian	2010	0.000000	0.294067	235.69
Suite_F_Biased	128	64	0.30	B1_Pseudoinverse	2010	0.000000	0.357056	725.67
Suite_F_Biased	128	64	0.30	B2_1NN_Oracle	2010	0.953125	0.019287	3.88
Suite_F_Biased	128	64	0.30	B3_PolynomialDAM	2010	0.140625	0.244873	2290.08
Suite_F_Biased	128	64	0.30	B4_ModernHopfield	2010	0.968750	0.011963	107.11
Suite_F_Biased	128	64	0.30	Candidate_ModelC	2010	0.078125	0.268677	6094.31
Suite_F_Biased	128	64	0.30	B0_Hebbian	2011	0.000000	0.309448	644.50
Suite_F_Biased	128	64	0.30	B1_Pseudoinverse	2011	0.000000	0.367676	1449.11
Suite_F_Biased	128	64	0.30	B2_1NN_Oracle	2011	0.968750	0.010986	3.95
Suite_F_Biased	128	64	0.30	B3_PolynomialDAM	2011	0.078125	0.269653	3406.00
Suite_F_Biased	128	64	0.30	B4_ModernHopfield	2011	0.953125	0.018433	35.16
Suite_F_Biased	128	64	0.30	Candidate_ModelC	2011	0.093750	0.264038	3862.98
Suite_F_Biased	128	64	0.30	B0_Hebbian	2012	0.000000	0.304688	459.88
Suite_F_Biased	128	64	0.30	B1_Pseudoinverse	2012	0.000000	0.342041	1441.69
Suite_F_Biased	128	64	0.30	B2_1NN_Oracle	2012	0.968750	0.012573	2.88
Suite_F_Biased	128	64	0.30	B3_PolynomialDAM	2012	0.140625	0.252075	2737.31
Suite_F_Biased	128	64	0.30	B4_ModernHopfield	2012	0.953125	0.015869	30.14
Suite_F_Biased	128	64	0.30	Candidate_ModelC	2012	0.125000	0.259644	7538.83
Suite_F_Biased	128	64	0.30	B0_Hebbian	2013	0.000000	0.313354	426.98
Suite_F_Biased	128	64	0.30	B1_Pseudoinverse	2013	0.000000	0.346313	1240.56
Suite_F_Biased	128	64	0.30	B2_1NN_Oracle	2013	0.953125	0.019165	3.95
Suite_F_Biased	128	64	0.30	B3_PolynomialDAM	2013	0.171875	0.247803	4206.92
Suite_F_Biased	128	64	0.30	B4_ModernHopfield	2013	1.000000	0.000000	290.56
Suite_F_Biased	128	64	0.30	Candidate_ModelC	2013	0.171875	0.240601	6738.61
Suite_F_Biased	128	64	0.30	B0_Hebbian	2014	0.000000	0.301758	385.12
Suite_F_Biased	128	64	0.30	B1_Pseudoinverse	2014	0.000000	0.352173	1298.44
Suite_F_Biased	128	64	0.30	B2_1NN_Oracle	2014	0.906250	0.034668	2.83
Suite_F_Biased	128	64	0.30	B3_PolynomialDAM	2014	0.140625	0.243652	3430.89
Suite_F_Biased	128	64	0.30	B4_ModernHopfield	2014	0.984375	0.006714	282.34
Suite_F_Biased	128	64	0.30	Candidate_ModelC	2014	0.125000	0.249146	5093.55
Suite_F_Biased	128	64	0.30	B0_Hebbian	2015	0.000000	0.309326	403.83
Suite_F_Biased	128	64	0.30	B1_Pseudoinverse	2015	0.000000	0.345947	700.66
Suite_F_Biased	128	64	0.30	B2_1NN_Oracle	2015	0.984375	0.005737	2.81
Suite_F_Biased	128	64	0.30	B3_PolynomialDAM	2015	0.031250	0.284546	3127.80
Suite_F_Biased	128	64	0.30	B4_ModernHopfield	2015	0.937500	0.025513	69.94
Suite_F_Biased	128	64	0.30	Candidate_ModelC	2015	0.078125	0.267456	9450.09
Suite_F_Biased	128	64	0.30	B0_Hebbian	2016	0.000000	0.307617	137.50
Suite_F_Biased	128	64	0.30	B1_Pseudoinverse	2016	0.000000	0.366089	793.69
Suite_F_Biased	128	64	0.30	B2_1NN_Oracle	2016	0.984375	0.006226	3.80
Suite_F_Biased	128	64	0.30	B3_PolynomialDAM	2016	0.187500	0.236450	4485.25
Suite_F_Biased	128	64	0.30	B4_ModernHopfield	2016	0.953125	0.014893	232.34
Suite_F_Biased	128	64	0.30	Candidate_ModelC	2016	0.062500	0.280640	9622.17
Suite_F_Biased	128	64	0.30	B0_Hebbian	2017	0.000000	0.316040	786.31
Suite_F_Biased	128	64	0.30	B1_Pseudoinverse	2017	0.015625	0.347900	1183.86
Suite_F_Biased	128	64	0.30	B2_1NN_Oracle	2017	0.984375	0.005005	4.53
Suite_F_Biased	128	64	0.30	B3_PolynomialDAM	2017	0.125000	0.257690	3342.27
Suite_F_Biased	128	64	0.30	B4_ModernHopfield	2017	0.953125	0.016846	44.86
Suite_F_Biased	128	64	0.30	Candidate_ModelC	2017	0.171875	0.239502	8596.50
Suite_F_Biased	128	64	0.30	B0_Hebbian	2018	0.000000	0.322266	630.47
Suite_F_Biased	128	64	0.30	B1_Pseudoinverse	2018	0.000000	0.350342	1307.61
Suite_F_Biased	128	64	0.30	B2_1NN_Oracle	2018	0.906250	0.033569	2.89
Suite_F_Biased	128	64	0.30	B3_PolynomialDAM	2018	0.125000	0.259399	5785.64
Suite_F_Biased	128	64	0.30	B4_ModernHopfield	2018	0.890625	0.046265	281.50
Suite_F_Biased	128	64	0.30	Candidate_ModelC	2018	0.140625	0.254272	9229.25
Suite_F_Biased	128	64	0.30	B0_Hebbian	2019	0.000000	0.308594	655.78
Suite_F_Biased	128	64	0.30	B1_Pseudoinverse	2019	0.000000	0.360596	1608.45
Suite_F_Biased	128	64	0.30	B2_1NN_Oracle	2019	0.968750	0.010986	26.00
Suite_F_Biased	128	64	0.30	B3_PolynomialDAM	2019	0.062500	0.275879	4246.50
Suite_F_Biased	128	64	0.30	B4_ModernHopfield	2019	0.953125	0.015747	27.38
Suite_F_Biased	128	64	0.30	Candidate_ModelC	2019	0.093750	0.267456	10694.55
Suite_F_Biased	128	64	0.30	B0_Hebbian	2020	0.000000	0.312378	750.69
Suite_F_Biased	128	64	0.30	B1_Pseudoinverse	2020	0.000000	0.372925	1969.89
Suite_F_Biased	128	64	0.30	B2_1NN_Oracle	2020	0.953125	0.018188	4.55
Suite_F_Biased	128	64	0.30	B3_PolynomialDAM	2020	0.156250	0.244385	4739.94
Suite_F_Biased	128	64	0.30	B4_ModernHopfield	2020	0.921875	0.030884	56.22
Suite_F_Biased	128	64	0.30	Candidate_ModelC	2020	0.078125	0.272095	3088.64
Suite_F_Biased	128	64	0.40	B0_Hebbian	2001	0.000000	0.358398	489.06
Suite_F_Biased	128	64	0.40	B1_Pseudoinverse	2001	0.000000	0.421875	862.59
Suite_F_Biased	128	64	0.40	B2_1NN_Oracle	2001	0.421875	0.239258	3.61
Suite_F_Biased	128	64	0.40	B3_PolynomialDAM	2001	0.031250	0.290161	4632.83
Suite_F_Biased	128	64	0.40	B4_ModernHopfield	2001	0.453125	0.216187	287.53
Suite_F_Biased	128	64	0.40	Candidate_ModelC	2001	0.078125	0.279907	12220.72
Suite_F_Biased	128	64	0.40	B0_Hebbian	2002	0.000000	0.358521	763.30
Suite_F_Biased	128	64	0.40	B1_Pseudoinverse	2002	0.000000	0.440186	1307.28
Suite_F_Biased	128	64	0.40	B2_1NN_Oracle	2002	0.531250	0.199951	4.30
Suite_F_Biased	128	64	0.40	B3_PolynomialDAM	2002	0.093750	0.284912	4500.16
Suite_F_Biased	128	64	0.40	B4_ModernHopfield	2002	0.375000	0.250244	30.30
Suite_F_Biased	128	64	0.40	Candidate_ModelC	2002	0.078125	0.292847	6744.73
Suite_F_Biased	128	64	0.40	B0_Hebbian	2003	0.000000	0.373169	870.94
Suite_F_Biased	128	64	0.40	B1_Pseudoinverse	2003	0.000000	0.436890	1321.44
Suite_F_Biased	128	64	0.40	B2_1NN_Oracle	2003	0.359375	0.254639	4.14
Suite_F_Biased	128	64	0.40	B3_PolynomialDAM	2003	0.031250	0.306152	5662.12
Suite_F_Biased	128	64	0.40	B4_ModernHopfield	2003	0.421875	0.223389	296.77
Suite_F_Biased	128	64	0.40	Candidate_ModelC	2003	0.125000	0.265869	9697.38
Suite_F_Biased	128	64	0.40	B0_Hebbian	2004	0.000000	0.384521	604.16
Suite_F_Biased	128	64	0.40	B1_Pseudoinverse	2004	0.000000	0.438354	1862.12
Suite_F_Biased	128	64	0.40	B2_1NN_Oracle	2004	0.531250	0.184937	4.38
Suite_F_Biased	128	64	0.40	B3_PolynomialDAM	2004	0.062500	0.285400	3784.86
Suite_F_Biased	128	64	0.40	B4_ModernHopfield	2004	0.453125	0.219360	171.84
Suite_F_Biased	128	64	0.40	Candidate_ModelC	2004	0.078125	0.289062	5534.08
Suite_F_Biased	128	64	0.40	B0_Hebbian	2005	0.000000	0.375854	465.42
Suite_F_Biased	128	64	0.40	B1_Pseudoinverse	2005	0.000000	0.435547	1225.77
Suite_F_Biased	128	64	0.40	B2_1NN_Oracle	2005	0.390625	0.241211	4.12
Suite_F_Biased	128	64	0.40	B3_PolynomialDAM	2005	0.062500	0.281250	3854.39
Suite_F_Biased	128	64	0.40	B4_ModernHopfield	2005	0.609375	0.154541	29.02
Suite_F_Biased	128	64	0.40	Candidate_ModelC	2005	0.031250	0.313965	5904.33
Suite_F_Biased	128	64	0.40	B0_Hebbian	2006	0.000000	0.371826	698.12
Suite_F_Biased	128	64	0.40	B1_Pseudoinverse	2006	0.000000	0.434937	1436.16
Suite_F_Biased	128	64	0.40	B2_1NN_Oracle	2006	0.390625	0.249268	3.95
Suite_F_Biased	128	64	0.40	B3_PolynomialDAM	2006	0.078125	0.293579	5270.30
Suite_F_Biased	128	64	0.40	B4_ModernHopfield	2006	0.375000	0.254639	30.77
Suite_F_Biased	128	64	0.40	Candidate_ModelC	2006	0.062500	0.303711	13547.42
Suite_F_Biased	128	64	0.40	B0_Hebbian	2007	0.000000	0.384521	583.47
Suite_F_Biased	128	64	0.40	B1_Pseudoinverse	2007	0.000000	0.437378	1478.33
Suite_F_Biased	128	64	0.40	B2_1NN_Oracle	2007	0.484375	0.200562	3.03
Suite_F_Biased	128	64	0.40	B3_PolynomialDAM	2007	0.046875	0.295044	3917.27
Suite_F_Biased	128	64	0.40	B4_ModernHopfield	2007	0.406250	0.227173	174.42
Suite_F_Biased	128	64	0.40	Candidate_ModelC	2007	0.015625	0.318237	8216.86
Suite_F_Biased	128	64	0.40	B0_Hebbian	2008	0.000000	0.357910	338.45
Suite_F_Biased	128	64	0.40	B1_Pseudoinverse	2008	0.000000	0.423462	1238.67
Suite_F_Biased	128	64	0.40	B2_1NN_Oracle	2008	0.375000	0.247559	6.23
Suite_F_Biased	128	64	0.40	B3_PolynomialDAM	2008	0.031250	0.306519	2961.95
Suite_F_Biased	128	64	0.40	B4_ModernHopfield	2008	0.343750	0.260376	221.25
Suite_F_Biased	128	64	0.40	Candidate_ModelC	2008	0.015625	0.313354	7042.67
Suite_F_Biased	128	64	0.40	B0_Hebbian	2009	0.000000	0.381226	715.80
Suite_F_Biased	128	64	0.40	B1_Pseudoinverse	2009	0.000000	0.420654	736.30
Suite_F_Biased	128	64	0.40	B2_1NN_Oracle	2009	0.406250	0.250244	3.25
Suite_F_Biased	128	64	0.40	B3_PolynomialDAM	2009	0.078125	0.299805	3182.59
Suite_F_Biased	128	64	0.40	B4_ModernHopfield	2009	0.390625	0.245605	30.12
Suite_F_Biased	128	64	0.40	Candidate_ModelC	2009	0.031250	0.310303	6103.16
Suite_F_Biased	128	64	0.40	B0_Hebbian	2010	0.000000	0.375122	293.36
Suite_F_Biased	128	64	0.40	B1_Pseudoinverse	2010	0.000000	0.441040	746.81
Suite_F_Biased	128	64	0.40	B2_1NN_Oracle	2010	0.406250	0.238037	3.73
Suite_F_Biased	128	64	0.40	B3_PolynomialDAM	2010	0.078125	0.293091	2585.02
Suite_F_Biased	128	64	0.40	B4_ModernHopfield	2010	0.468750	0.211670	109.61
Suite_F_Biased	128	64	0.40	Candidate_ModelC	2010	0.031250	0.303223	6463.42
Suite_F_Biased	128	64	0.40	B0_Hebbian	2011	0.000000	0.332642	871.73
Suite_F_Biased	128	64	0.40	B1_Pseudoinverse	2011	0.000000	0.440796	1473.66
Suite_F_Biased	128	64	0.40	B2_1NN_Oracle	2011	0.390625	0.247803	4.38
Suite_F_Biased	128	64	0.40	B3_PolynomialDAM	2011	0.046875	0.295776	5133.62
Suite_F_Biased	128	64	0.40	B4_ModernHopfield	2011	0.468750	0.209106	45.08
Suite_F_Biased	128	64	0.40	Candidate_ModelC	2011	0.046875	0.292969	11043.89
Suite_F_Biased	128	64	0.40	B0_Hebbian	2012	0.000000	0.349121	536.86
Suite_F_Biased	128	64	0.40	B1_Pseudoinverse	2012	0.000000	0.427002	1427.00
Suite_F_Biased	128	64	0.40	B2_1NN_Oracle	2012	0.500000	0.211426	4.80
Suite_F_Biased	128	64	0.40	B3_PolynomialDAM	2012	0.046875	0.315186	4119.22
Suite_F_Biased	128	64	0.40	B4_ModernHopfield	2012	0.296875	0.285156	363.84
Suite_F_Biased	128	64	0.40	Candidate_ModelC	2012	0.031250	0.325317	7456.00
Suite_F_Biased	128	64	0.40	B0_Hebbian	2013	0.000000	0.382202	391.20
Suite_F_Biased	128	64	0.40	B1_Pseudoinverse	2013	0.000000	0.431030	1005.64
Suite_F_Biased	128	64	0.40	B2_1NN_Oracle	2013	0.453125	0.225342	4.14
Suite_F_Biased	128	64	0.40	B3_PolynomialDAM	2013	0.125000	0.288940	2627.19
Suite_F_Biased	128	64	0.40	B4_ModernHopfield	2013	0.406250	0.226562	77.69
Suite_F_Biased	128	64	0.40	Candidate_ModelC	2013	0.046875	0.313721	8411.64
Suite_F_Biased	128	64	0.40	B0_Hebbian	2014	0.000000	0.363770	335.00
Suite_F_Biased	128	64	0.40	B1_Pseudoinverse	2014	0.000000	0.443481	970.69
Suite_F_Biased	128	64	0.40	B2_1NN_Oracle	2014	0.375000	0.248047	4.86
Suite_F_Biased	128	64	0.40	B3_PolynomialDAM	2014	0.062500	0.292358	3678.41
Suite_F_Biased	128	64	0.40	B4_ModernHopfield	2014	0.546875	0.186279	232.86
Suite_F_Biased	128	64	0.40	Candidate_ModelC	2014	0.046875	0.293457	5847.36
Suite_F_Biased	128	64	0.40	B0_Hebbian	2015	0.000000	0.380859	507.41
Suite_F_Biased	128	64	0.40	B1_Pseudoinverse	2015	0.000000	0.423218	869.61
Suite_F_Biased	128	64	0.40	B2_1NN_Oracle	2015	0.375000	0.250732	4.75
Suite_F_Biased	128	64	0.40	B3_PolynomialDAM	2015	0.015625	0.312988	4507.31
Suite_F_Biased	128	64	0.40	B4_ModernHopfield	2015	0.390625	0.242065	48.34
Suite_F_Biased	128	64	0.40	Candidate_ModelC	2015	0.062500	0.294067	7222.58
Suite_F_Biased	128	64	0.40	B0_Hebbian	2016	0.000000	0.358154	465.12
Suite_F_Biased	128	64	0.40	B1_Pseudoinverse	2016	0.000000	0.431152	1286.05
Suite_F_Biased	128	64	0.40	B2_1NN_Oracle	2016	0.453125	0.222290	3.06
Suite_F_Biased	128	64	0.40	B3_PolynomialDAM	2016	0.187500	0.246582	3836.33
Suite_F_Biased	128	64	0.40	B4_ModernHopfield	2016	0.390625	0.247925	164.62
Suite_F_Biased	128	64	0.40	Candidate_ModelC	2016	0.062500	0.302490	4891.48
Suite_F_Biased	128	64	0.40	B0_Hebbian	2017	0.000000	0.375854	539.02
Suite_F_Biased	128	64	0.40	B1_Pseudoinverse	2017	0.000000	0.427246	1222.75
Suite_F_Biased	128	64	0.40	B2_1NN_Oracle	2017	0.390625	0.249634	4.19
Suite_F_Biased	128	64	0.40	B3_PolynomialDAM	2017	0.109375	0.285645	3596.33
Suite_F_Biased	128	64	0.40	B4_ModernHopfield	2017	0.421875	0.237549	35.25
Suite_F_Biased	128	64	0.40	Candidate_ModelC	2017	0.062500	0.290039	9228.58
Suite_F_Biased	128	64	0.40	B0_Hebbian	2018	0.000000	0.340820	665.59
Suite_F_Biased	128	64	0.40	B1_Pseudoinverse	2018	0.000000	0.435059	1282.67
Suite_F_Biased	128	64	0.40	B2_1NN_Oracle	2018	0.484375	0.206543	4.09
Suite_F_Biased	128	64	0.40	B3_PolynomialDAM	2018	0.078125	0.288330	2901.19
Suite_F_Biased	128	64	0.40	B4_ModernHopfield	2018	0.390625	0.252197	47.56
Suite_F_Biased	128	64	0.40	Candidate_ModelC	2018	0.046875	0.298706	8538.80
Suite_F_Biased	128	64	0.40	B0_Hebbian	2019	0.000000	0.366455	777.25
Suite_F_Biased	128	64	0.40	B1_Pseudoinverse	2019	0.000000	0.455566	930.50
Suite_F_Biased	128	64	0.40	B2_1NN_Oracle	2019	0.500000	0.207886	4.39
Suite_F_Biased	128	64	0.40	B3_PolynomialDAM	2019	0.062500	0.300049	5173.72
Suite_F_Biased	128	64	0.40	B4_ModernHopfield	2019	0.484375	0.206909	174.22
Suite_F_Biased	128	64	0.40	Candidate_ModelC	2019	0.015625	0.321289	5547.31
Suite_F_Biased	128	64	0.40	B0_Hebbian	2020	0.000000	0.364136	401.78
Suite_F_Biased	128	64	0.40	B1_Pseudoinverse	2020	0.000000	0.434204	622.12
Suite_F_Biased	128	64	0.40	B2_1NN_Oracle	2020	0.390625	0.249268	7.56
Suite_F_Biased	128	64	0.40	B3_PolynomialDAM	2020	0.062500	0.308228	3050.59
Suite_F_Biased	128	64	0.40	B4_ModernHopfield	2020	0.421875	0.240967	132.09
Suite_F_Biased	128	64	0.40	Candidate_ModelC	2020	0.046875	0.309082	6143.70
Suite_F_Biased	128	128	0.10	B0_Hebbian	2001	0.000000	0.300232	318.59
Suite_F_Biased	128	128	0.10	B1_Pseudoinverse	2001	0.000000	0.172241	476.61
Suite_F_Biased	128	128	0.10	B2_1NN_Oracle	2001	1.000000	0.000000	70.49
Suite_F_Biased	128	128	0.10	B3_PolynomialDAM	2001	0.039062	0.285095	5294.73
Suite_F_Biased	128	128	0.10	B4_ModernHopfield	2001	1.000000	0.000000	154.45
Suite_F_Biased	128	128	0.10	Candidate_ModelC	2001	0.039062	0.285034	8624.81
Suite_F_Biased	128	128	0.10	B0_Hebbian	2002	0.000000	0.299744	360.34
Suite_F_Biased	128	128	0.10	B1_Pseudoinverse	2002	0.000000	0.166199	620.29
Suite_F_Biased	128	128	0.10	B2_1NN_Oracle	2002	1.000000	0.000000	6.29
Suite_F_Biased	128	128	0.10	B3_PolynomialDAM	2002	0.031250	0.287720	4227.89
Suite_F_Biased	128	128	0.10	B4_ModernHopfield	2002	1.000000	0.000000	251.11
Suite_F_Biased	128	128	0.10	Candidate_ModelC	2002	0.023438	0.290771	5985.59
Suite_F_Biased	128	128	0.10	B0_Hebbian	2003	0.000000	0.297058	512.36
Suite_F_Biased	128	128	0.10	B1_Pseudoinverse	2003	0.000000	0.162170	646.24
Suite_F_Biased	128	128	0.10	B2_1NN_Oracle	2003	1.000000	0.000000	6.25
Suite_F_Biased	128	128	0.10	B3_PolynomialDAM	2003	0.007812	0.294128	5717.77
Suite_F_Biased	128	128	0.10	B4_ModernHopfield	2003	1.000000	0.000000	238.94
Suite_F_Biased	128	128	0.10	Candidate_ModelC	2003	0.007812	0.294128	8792.14
Suite_F_Biased	128	128	0.10	B0_Hebbian	2004	0.000000	0.302124	514.20
Suite_F_Biased	128	128	0.10	B1_Pseudoinverse	2004	0.000000	0.164917	527.46
Suite_F_Biased	128	128	0.10	B2_1NN_Oracle	2004	1.000000	0.000000	4.35
Suite_F_Biased	128	128	0.10	B3_PolynomialDAM	2004	0.062500	0.277588	5764.05
Suite_F_Biased	128	128	0.10	B4_ModernHopfield	2004	1.000000	0.000000	182.23
Suite_F_Biased	128	128	0.10	Candidate_ModelC	2004	0.054688	0.280640	6725.36
Suite_F_Biased	128	128	0.10	B0_Hebbian	2005	0.000000	0.297668	206.45
Suite_F_Biased	128	128	0.10	B1_Pseudoinverse	2005	0.000000	0.151306	666.73
Suite_F_Biased	128	128	0.10	B2_1NN_Oracle	2005	1.000000	0.000000	5.63
Suite_F_Biased	128	128	0.10	B3_PolynomialDAM	2005	0.015625	0.291687	4390.88
Suite_F_Biased	128	128	0.10	B4_ModernHopfield	2005	1.000000	0.000000	179.21
Suite_F_Biased	128	128	0.10	Candidate_ModelC	2005	0.015625	0.291443	3938.07
Suite_F_Biased	128	128	0.10	B0_Hebbian	2006	0.000000	0.304688	298.99
Suite_F_Biased	128	128	0.10	B1_Pseudoinverse	2006	0.000000	0.178833	399.98
Suite_F_Biased	128	128	0.10	B2_1NN_Oracle	2006	1.000000	0.000000	6.59
Suite_F_Biased	128	128	0.10	B3_PolynomialDAM	2006	0.039062	0.286804	6213.58
Suite_F_Biased	128	128	0.10	B4_ModernHopfield	2006	1.000000	0.000000	130.07
Suite_F_Biased	128	128	0.10	Candidate_ModelC	2006	0.031250	0.292664	4430.65
Suite_F_Biased	128	128	0.10	B0_Hebbian	2007	0.000000	0.297913	350.96
Suite_F_Biased	128	128	0.10	B1_Pseudoinverse	2007	0.000000	0.172607	149.72
Suite_F_Biased	128	128	0.10	B2_1NN_Oracle	2007	1.000000	0.000000	6.17
Suite_F_Biased	128	128	0.10	B3_PolynomialDAM	2007	0.031250	0.285461	4951.90
Suite_F_Biased	128	128	0.10	B4_ModernHopfield	2007	1.000000	0.000000	119.12
Suite_F_Biased	128	128	0.10	Candidate_ModelC	2007	0.031250	0.285645	6376.79
Suite_F_Biased	128	128	0.10	B0_Hebbian	2008	0.000000	0.296875	86.36
Suite_F_Biased	128	128	0.10	B1_Pseudoinverse	2008	0.000000	0.150269	325.95
Suite_F_Biased	128	128	0.10	B2_1NN_Oracle	2008	1.000000	0.000000	6.40
Suite_F_Biased	128	128	0.10	B3_PolynomialDAM	2008	0.015625	0.290771	2450.88
Suite_F_Biased	128	128	0.10	B4_ModernHopfield	2008	1.000000	0.000000	186.38
Suite_F_Biased	128	128	0.10	Candidate_ModelC	2008	0.015625	0.290771	7161.05
Suite_F_Biased	128	128	0.10	B0_Hebbian	2009	0.000000	0.298340	118.88
Suite_F_Biased	128	128	0.10	B1_Pseudoinverse	2009	0.000000	0.168091	613.55
Suite_F_Biased	128	128	0.10	B2_1NN_Oracle	2009	1.000000	0.000000	6.74
Suite_F_Biased	128	128	0.10	B3_PolynomialDAM	2009	0.031250	0.286560	5706.60
Suite_F_Biased	128	128	0.10	B4_ModernHopfield	2009	1.000000	0.000000	275.54
Suite_F_Biased	128	128	0.10	Candidate_ModelC	2009	0.023438	0.289307	7430.19
Suite_F_Biased	128	128	0.10	B0_Hebbian	2010	0.000000	0.297607	576.50
Suite_F_Biased	128	128	0.10	B1_Pseudoinverse	2010	0.000000	0.164795	804.91
Suite_F_Biased	128	128	0.10	B2_1NN_Oracle	2010	1.000000	0.000000	6.24
Suite_F_Biased	128	128	0.10	B3_PolynomialDAM	2010	0.015625	0.291443	5624.22
Suite_F_Biased	128	128	0.10	B4_ModernHopfield	2010	1.000000	0.000000	264.16
Suite_F_Biased	128	128	0.10	Candidate_ModelC	2010	0.023438	0.288452	8640.90
Suite_F_Biased	128	128	0.10	B0_Hebbian	2011	0.000000	0.301208	256.30
Suite_F_Biased	128	128	0.10	B1_Pseudoinverse	2011	0.000000	0.173889	685.38
Suite_F_Biased	128	128	0.10	B2_1NN_Oracle	2011	1.000000	0.000000	72.02
Suite_F_Biased	128	128	0.10	B3_PolynomialDAM	2011	0.023438	0.291870	5666.18
Suite_F_Biased	128	128	0.10	B4_ModernHopfield	2011	1.000000	0.000000	127.74
Suite_F_Biased	128	128	0.10	Candidate_ModelC	2011	0.031250	0.289062	9190.40
Suite_F_Biased	128	128	0.10	B0_Hebbian	2012	0.000000	0.301147	487.73
Suite_F_Biased	128	128	0.10	B1_Pseudoinverse	2012	0.000000	0.168579	292.02
Suite_F_Biased	128	128	0.10	B2_1NN_Oracle	2012	1.000000	0.000000	4.27
Suite_F_Biased	128	128	0.10	B3_PolynomialDAM	2012	0.023438	0.291931	5356.85
Suite_F_Biased	128	128	0.10	B4_ModernHopfield	2012	1.000000	0.000000	268.70
Suite_F_Biased	128	128	0.10	Candidate_ModelC	2012	0.023438	0.292053	9205.20
Suite_F_Biased	128	128	0.10	B0_Hebbian	2013	0.000000	0.299622	269.88
Suite_F_Biased	128	128	0.10	B1_Pseudoinverse	2013	0.000000	0.179932	595.66
Suite_F_Biased	128	128	0.10	B2_1NN_Oracle	2013	1.000000	0.000000	5.82
Suite_F_Biased	128	128	0.10	B3_PolynomialDAM	2013	0.046875	0.281738	6191.69
Suite_F_Biased	128	128	0.10	B4_ModernHopfield	2013	1.000000	0.000000	184.89
Suite_F_Biased	128	128	0.10	Candidate_ModelC	2013	0.031250	0.288025	9693.61
Suite_F_Biased	128	128	0.10	B0_Hebbian	2014	0.000000	0.298462	258.66
Suite_F_Biased	128	128	0.10	B1_Pseudoinverse	2014	0.000000	0.160156	385.23
Suite_F_Biased	128	128	0.10	B2_1NN_Oracle	2014	1.000000	0.000000	15.57
Suite_F_Biased	128	128	0.10	B3_PolynomialDAM	2014	0.039062	0.283447	4089.64
Suite_F_Biased	128	128	0.10	B4_ModernHopfield	2014	1.000000	0.000000	120.08
Suite_F_Biased	128	128	0.10	Candidate_ModelC	2014	0.039062	0.283386	7160.43
Suite_F_Biased	128	128	0.10	B0_Hebbian	2015	0.000000	0.298645	281.41
Suite_F_Biased	128	128	0.10	B1_Pseudoinverse	2015	0.000000	0.158875	1004.12
Suite_F_Biased	128	128	0.10	B2_1NN_Oracle	2015	1.000000	0.000000	5.09
Suite_F_Biased	128	128	0.10	B3_PolynomialDAM	2015	0.015625	0.292480	5511.12
Suite_F_Biased	128	128	0.10	B4_ModernHopfield	2015	1.000000	0.000000	176.15
Suite_F_Biased	128	128	0.10	Candidate_ModelC	2015	0.015625	0.292480	5959.37
Suite_F_Biased	128	128	0.10	B0_Hebbian	2016	0.000000	0.300110	147.98
Suite_F_Biased	128	128	0.10	B1_Pseudoinverse	2016	0.000000	0.171753	433.32
Suite_F_Biased	128	128	0.10	B2_1NN_Oracle	2016	1.000000	0.000000	3.87
Suite_F_Biased	128	128	0.10	B3_PolynomialDAM	2016	0.015625	0.291565	4301.92
Suite_F_Biased	128	128	0.10	B4_ModernHopfield	2016	1.000000	0.000000	232.68
Suite_F_Biased	128	128	0.10	Candidate_ModelC	2016	0.015625	0.291321	7145.68
Suite_F_Biased	128	128	0.10	B0_Hebbian	2017	0.000000	0.302551	324.54
Suite_F_Biased	128	128	0.10	B1_Pseudoinverse	2017	0.000000	0.179810	292.27
Suite_F_Biased	128	128	0.10	B2_1NN_Oracle	2017	1.000000	0.000000	4.84
Suite_F_Biased	128	128	0.10	B3_PolynomialDAM	2017	0.046875	0.283936	4956.91
Suite_F_Biased	128	128	0.10	B4_ModernHopfield	2017	1.000000	0.000000	356.36
Suite_F_Biased	128	128	0.10	Candidate_ModelC	2017	0.054688	0.280884	6894.41
Suite_F_Biased	128	128	0.10	B0_Hebbian	2018	0.000000	0.298889	508.34
Suite_F_Biased	128	128	0.10	B1_Pseudoinverse	2018	0.000000	0.166443	393.12
Suite_F_Biased	128	128	0.10	B2_1NN_Oracle	2018	1.000000	0.000000	5.91
Suite_F_Biased	128	128	0.10	B3_PolynomialDAM	2018	0.015625	0.292786	3824.36
Suite_F_Biased	128	128	0.10	B4_ModernHopfield	2018	1.000000	0.000000	100.55
Suite_F_Biased	128	128	0.10	Candidate_ModelC	2018	0.007812	0.295654	4000.95
Suite_F_Biased	128	128	0.10	B0_Hebbian	2019	0.000000	0.303284	299.16
Suite_F_Biased	128	128	0.10	B1_Pseudoinverse	2019	0.000000	0.170898	571.68
Suite_F_Biased	128	128	0.10	B2_1NN_Oracle	2019	1.000000	0.000000	5.68
Suite_F_Biased	128	128	0.10	B3_PolynomialDAM	2019	0.046875	0.285034	4470.90
Suite_F_Biased	128	128	0.10	B4_ModernHopfield	2019	1.000000	0.000000	121.55
Suite_F_Biased	128	128	0.10	Candidate_ModelC	2019	0.031250	0.290955	5491.12
Suite_F_Biased	128	128	0.10	B0_Hebbian	2020	0.000000	0.299255	128.27
Suite_F_Biased	128	128	0.10	B1_Pseudoinverse	2020	0.000000	0.161926	253.03
Suite_F_Biased	128	128	0.10	B2_1NN_Oracle	2020	1.000000	0.000000	33.96
Suite_F_Biased	128	128	0.10	B3_PolynomialDAM	2020	0.046875	0.281189	2943.18
Suite_F_Biased	128	128	0.10	B4_ModernHopfield	2020	1.000000	0.000000	116.71
Suite_F_Biased	128	128	0.10	Candidate_ModelC	2020	0.031250	0.286926	5903.27
Suite_F_Biased	128	128	0.20	B0_Hebbian	2001	0.000000	0.300232	316.79
Suite_F_Biased	128	128	0.20	B1_Pseudoinverse	2001	0.000000	0.272461	476.94
Suite_F_Biased	128	128	0.20	B2_1NN_Oracle	2001	1.000000	0.000000	7.16
Suite_F_Biased	128	128	0.20	B3_PolynomialDAM	2001	0.015625	0.294006	5629.21
Suite_F_Biased	128	128	0.20	B4_ModernHopfield	2001	1.000000	0.000000	89.84
Suite_F_Biased	128	128	0.20	Candidate_ModelC	2001	0.023438	0.291565	4998.82
Suite_F_Biased	128	128	0.20	B0_Hebbian	2002	0.000000	0.299744	132.98
Suite_F_Biased	128	128	0.20	B1_Pseudoinverse	2002	0.000000	0.254395	132.76
Suite_F_Biased	128	128	0.20	B2_1NN_Oracle	2002	1.000000	0.000000	5.62
Suite_F_Biased	128	128	0.20	B3_PolynomialDAM	2002	0.015625	0.293579	2573.25
Suite_F_Biased	128	128	0.20	B4_ModernHopfield	2002	1.000000	0.000000	90.83
Suite_F_Biased	128	128	0.20	Candidate_ModelC	2002	0.023438	0.290771	6856.73
Suite_F_Biased	128	128	0.20	B0_Hebbian	2003	0.000000	0.299011	395.91
Suite_F_Biased	128	128	0.20	B1_Pseudoinverse	2003	0.000000	0.264282	561.82
Suite_F_Biased	128	128	0.20	B2_1NN_Oracle	2003	1.000000	0.000000	6.06
Suite_F_Biased	128	128	0.20	B3_PolynomialDAM	2003	0.015625	0.291199	4118.29
Suite_F_Biased	128	128	0.20	B4_ModernHopfield	2003	1.000000	0.000000	119.28
Suite_F_Biased	128	128	0.20	Candidate_ModelC	2003	0.015625	0.291199	4402.38
Suite_F_Biased	128	128	0.20	B0_Hebbian	2004	0.000000	0.304565	147.31
Suite_F_Biased	128	128	0.20	B1_Pseudoinverse	2004	0.000000	0.258972	773.61
Suite_F_Biased	128	128	0.20	B2_1NN_Oracle	2004	1.000000	0.000000	6.41
Suite_F_Biased	128	128	0.20	B3_PolynomialDAM	2004	0.062500	0.277649	4411.71
Suite_F_Biased	128	128	0.20	B4_ModernHopfield	2004	1.000000	0.000000	213.45
Suite_F_Biased	128	128	0.20	Candidate_ModelC	2004	0.023438	0.292786	7904.97
Suite_F_Biased	128	128	0.20	B0_Hebbian	2005	0.000000	0.297668	262.73
Suite_F_Biased	128	128	0.20	B1_Pseudoinverse	2005	0.000000	0.252502	484.21
Suite_F_Biased	128	128	0.20	B2_1NN_Oracle	2005	1.000000	0.000000	26.05
Suite_F_Biased	128	128	0.20	B3_PolynomialDAM	2005	0.015625	0.291809	3999.24
Suite_F_Biased	128	128	0.20	B4_ModernHopfield	2005	1.000000	0.000000	162.33
Suite_F_Biased	128	128	0.20	Candidate_ModelC	2005	0.015625	0.291443	7153.62
Suite_F_Biased	128	128	0.20	B0_Hebbian	2006	0.000000	0.304688	218.14
Suite_F_Biased	128	128	0.20	B1_Pseudoinverse	2006	0.000000	0.279785	381.05
Suite_F_Biased	128	128	0.20	B2_1NN_Oracle	2006	1.000000	0.000000	5.09
Suite_F_Biased	128	128	0.20	B3_PolynomialDAM	2006	0.039062	0.289734	5451.65
Suite_F_Biased	128	128	0.20	B4_ModernHopfield	2006	1.000000	0.000000	142.38
Suite_F_Biased	128	128	0.20	Candidate_ModelC	2006	0.039062	0.289673	7661.16
Suite_F_Biased	128	128	0.20	B0_Hebbian	2007	0.000000	0.297913	350.98
Suite_F_Biased	128	128	0.20	B1_Pseudoinverse	2007	0.000000	0.276367	263.96
Suite_F_Biased	128	128	0.20	B2_1NN_Oracle	2007	1.000000	0.000000	4.89
Suite_F_Biased	128	128	0.20	B3_PolynomialDAM	2007	0.015625	0.291687	3824.87
Suite_F_Biased	128	128	0.20	B4_ModernHopfield	2007	1.000000	0.000000	82.81
Suite_F_Biased	128	128	0.20	Candidate_ModelC	2007	0.015625	0.291870	5949.09
Suite_F_Biased	128	128	0.20	B0_Hebbian	2008	0.000000	0.296875	256.16
Suite_F_Biased	128	128	0.20	B1_Pseudoinverse	2008	0.000000	0.245239	564.09
Suite_F_Biased	128	128	0.20	B2_1NN_Oracle	2008	1.000000	0.000000	22.38
Suite_F_Biased	128	128	0.20	B3_PolynomialDAM	2008	0.015625	0.290771	4325.54
Suite_F_Biased	128	128	0.20	B4_ModernHopfield	2008	1.000000	0.000000	344.15
Suite_F_Biased	128	128	0.20	Candidate_ModelC	2008	0.007812	0.293762	5659.84
Suite_F_Biased	128	128	0.20	B0_Hebbian	2009	0.000000	0.298340	174.55
Suite_F_Biased	128	128	0.20	B1_Pseudoinverse	2009	0.000000	0.264221	493.10
Suite_F_Biased	128	128	0.20	B2_1NN_Oracle	2009	1.000000	0.000000	21.15
Suite_F_Biased	128	128	0.20	B3_PolynomialDAM	2009	0.015625	0.292297	4484.99
Suite_F_Biased	128	128	0.20	B4_ModernHopfield	2009	1.000000	0.000000	182.09
Suite_F_Biased	128	128	0.20	Candidate_ModelC	2009	0.007812	0.295227	5275.56
Suite_F_Biased	128	128	0.20	B0_Hebbian	2010	0.000000	0.297607	271.56
Suite_F_Biased	128	128	0.20	B1_Pseudoinverse	2010	0.000000	0.255554	536.77
Suite_F_Biased	128	128	0.20	B2_1NN_Oracle	2010	1.000000	0.000000	5.78
Suite_F_Biased	128	128	0.20	B3_PolynomialDAM	2010	0.023438	0.288391	3704.48
Suite_F_Biased	128	128	0.20	B4_ModernHopfield	2010	1.000000	0.000000	109.64
Suite_F_Biased	128	128	0.20	Candidate_ModelC	2010	0.023438	0.288574	6815.82
Suite_F_Biased	128	128	0.20	B0_Hebbian	2011	0.000000	0.301208	281.29
Suite_F_Biased	128	128	0.20	B1_Pseudoinverse	2011	0.000000	0.278931	518.55
Suite_F_Biased	128	128	0.20	B2_1NN_Oracle	2011	1.000000	0.000000	5.82
Suite_F_Biased	128	128	0.20	B3_PolynomialDAM	2011	0.023438	0.291870	4050.58
Suite_F_Biased	128	128	0.20	B4_ModernHopfield	2011	1.000000	0.000000	255.84
Suite_F_Biased	128	128	0.20	Candidate_ModelC	2011	0.031250	0.289062	7058.25
Suite_F_Biased	128	128	0.20	B0_Hebbian	2012	0.000000	0.301147	206.65
Suite_F_Biased	128	128	0.20	B1_Pseudoinverse	2012	0.000000	0.270813	375.54
Suite_F_Biased	128	128	0.20	B2_1NN_Oracle	2012	1.000000	0.000000	5.52
Suite_F_Biased	128	128	0.20	B3_PolynomialDAM	2012	0.015625	0.295105	3212.38
Suite_F_Biased	128	128	0.20	B4_ModernHopfield	2012	1.000000	0.000000	184.14
Suite_F_Biased	128	128	0.20	Candidate_ModelC	2012	0.031250	0.289185	4838.38
Suite_F_Biased	128	128	0.20	B0_Hebbian	2013	0.000000	0.299622	85.78
Suite_F_Biased	128	128	0.20	B1_Pseudoinverse	2013	0.000000	0.278320	325.65
Suite_F_Biased	128	128	0.20	B2_1NN_Oracle	2013	1.000000	0.000000	5.91
Suite_F_Biased	128	128	0.20	B3_PolynomialDAM	2013	0.031250	0.287598	3781.52
Suite_F_Biased	128	128	0.20	B4_ModernHopfield	2013	1.000000	0.000000	198.27
Suite_F_Biased	128	128	0.20	Candidate_ModelC	2013	0.031250	0.287537	5351.02
Suite_F_Biased	128	128	0.20	B0_Hebbian	2014	0.000000	0.302979	413.86
Suite_F_Biased	128	128	0.20	B1_Pseudoinverse	2014	0.000000	0.253235	503.62
Suite_F_Biased	128	128	0.20	B2_1NN_Oracle	2014	1.000000	0.000000	47.64
Suite_F_Biased	128	128	0.20	B3_PolynomialDAM	2014	0.039062	0.283508	2828.58
Suite_F_Biased	128	128	0.20	B4_ModernHopfield	2014	1.000000	0.000000	196.32
Suite_F_Biased	128	128	0.20	Candidate_ModelC	2014	0.046875	0.280151	5486.59
Suite_F_Biased	128	128	0.20	B0_Hebbian	2015	0.000000	0.301575	250.07
Suite_F_Biased	128	128	0.20	B1_Pseudoinverse	2015	0.000000	0.252625	695.46
Suite_F_Biased	128	128	0.20	B2_1NN_Oracle	2015	1.000000	0.000000	4.19
Suite_F_Biased	128	128	0.20	B3_PolynomialDAM	2015	0.007812	0.295471	5025.08
Suite_F_Biased	128	128	0.20	B4_ModernHopfield	2015	1.000000	0.000000	329.86
Suite_F_Biased	128	128	0.20	Candidate_ModelC	2015	0.007812	0.295593	7574.93
Suite_F_Biased	128	128	0.20	B0_Hebbian	2016	0.000000	0.300110	195.91
Suite_F_Biased	128	128	0.20	B1_Pseudoinverse	2016	0.000000	0.279724	315.27
Suite_F_Biased	128	128	0.20	B2_1NN_Oracle	2016	1.000000	0.000000	4.24
Suite_F_Biased	128	128	0.20	B3_PolynomialDAM	2016	0.015625	0.291687	2758.27
Suite_F_Biased	128	128	0.20	B4_ModernHopfield	2016	1.000000	0.000000	61.93
Suite_F_Biased	128	128	0.20	Candidate_ModelC	2016	0.015625	0.291382	5669.52
Suite_F_Biased	128	128	0.20	B0_Hebbian	2017	0.000000	0.304871	315.32
Suite_F_Biased	128	128	0.20	B1_Pseudoinverse	2017	0.000000	0.277527	639.09
Suite_F_Biased	128	128	0.20	B2_1NN_Oracle	2017	1.000000	0.000000	100.67
Suite_F_Biased	128	128	0.20	B3_PolynomialDAM	2017	0.046875	0.283936	5091.09
Suite_F_Biased	128	128	0.20	B4_ModernHopfield	2017	1.000000	0.000000	118.01
Suite_F_Biased	128	128	0.20	Candidate_ModelC	2017	0.046875	0.283813	6435.71
Suite_F_Biased	128	128	0.20	B0_Hebbian	2018	0.000000	0.298889	212.01
Suite_F_Biased	128	128	0.20	B1_Pseudoinverse	2018	0.000000	0.271912	438.47
Suite_F_Biased	128	128	0.20	B2_1NN_Oracle	2018	1.000000	0.000000	6.01
Suite_F_Biased	128	128	0.20	B3_PolynomialDAM	2018	0.007812	0.295654	4829.13
Suite_F_Biased	128	128	0.20	B4_ModernHopfield	2018	1.000000	0.000000	192.30
Suite_F_Biased	128	128	0.20	Candidate_ModelC	2018	0.007812	0.295654	6893.18
Suite_F_Biased	128	128	0.20	B0_Hebbian	2019	0.000000	0.308899	462.77
Suite_F_Biased	128	128	0.20	B1_Pseudoinverse	2019	0.000000	0.266541	559.35
Suite_F_Biased	128	128	0.20	B2_1NN_Oracle	2019	1.000000	0.000000	4.11
Suite_F_Biased	128	128	0.20	B3_PolynomialDAM	2019	0.031250	0.290955	4295.84
Suite_F_Biased	128	128	0.20	B4_ModernHopfield	2019	1.000000	0.000000	137.34
Suite_F_Biased	128	128	0.20	Candidate_ModelC	2019	0.023438	0.293823	6180.78
Suite_F_Biased	128	128	0.20	B0_Hebbian	2020	0.000000	0.299255	248.14
Suite_F_Biased	128	128	0.20	B1_Pseudoinverse	2020	0.000000	0.255249	614.53
Suite_F_Biased	128	128	0.20	B2_1NN_Oracle	2020	1.000000	0.000000	5.98
Suite_F_Biased	128	128	0.20	B3_PolynomialDAM	2020	0.031250	0.287048	3862.83
Suite_F_Biased	128	128	0.20	B4_ModernHopfield	2020	1.000000	0.000000	83.23
Suite_F_Biased	128	128	0.20	Candidate_ModelC	2020	0.031250	0.287781	5017.22
Suite_F_Biased	128	128	0.30	B0_Hebbian	2001	0.000000	0.302429	372.09
Suite_F_Biased	128	128	0.30	B1_Pseudoinverse	2001	0.000000	0.347961	881.48
Suite_F_Biased	128	128	0.30	B2_1NN_Oracle	2001	0.945312	0.021118	6.15
Suite_F_Biased	128	128	0.30	B3_PolynomialDAM	2001	0.007812	0.298340	4230.38
Suite_F_Biased	128	128	0.30	B4_ModernHopfield	2001	0.937500	0.025085	131.22
Suite_F_Biased	128	128	0.30	Candidate_ModelC	2001	0.015625	0.294434	5734.45
Suite_F_Biased	128	128	0.30	B0_Hebbian	2002	0.000000	0.311096	279.78
Suite_F_Biased	128	128	0.30	B1_Pseudoinverse	2002	0.000000	0.345032	466.81
Suite_F_Biased	128	128	0.30	B2_1NN_Oracle	2002	0.921875	0.031250	4.30
Suite_F_Biased	128	128	0.30	B3_PolynomialDAM	2002	0.031250	0.287903	4600.01
Suite_F_Biased	128	128	0.30	B4_ModernHopfield	2002	0.953125	0.018005	129.23
Suite_F_Biased	128	128	0.30	Candidate_ModelC	2002	0.015625	0.294006	8733.38
Suite_F_Biased	128	128	0.30	B0_Hebbian	2003	0.000000	0.307922	291.40
Suite_F_Biased	128	128	0.30	B1_Pseudoinverse	2003	0.000000	0.351074	385.28
Suite_F_Biased	128	128	0.30	B2_1NN_Oracle	2003	0.945312	0.021423	4.40
Suite_F_Biased	128	128	0.30	B3_PolynomialDAM	2003	0.007812	0.294128	5132.08
Suite_F_Biased	128	128	0.30	B4_ModernHopfield	2003	0.945312	0.021912	223.64
Suite_F_Biased	128	128	0.30	Candidate_ModelC	2003	0.000000	0.297058	5321.99
Suite_F_Biased	128	128	0.30	B0_Hebbian	2004	0.000000	0.310059	256.97
Suite_F_Biased	128	128	0.30	B1_Pseudoinverse	2004	0.000000	0.340881	557.20
Suite_F_Biased	128	128	0.30	B2_1NN_Oracle	2004	0.945312	0.021179	6.04
Suite_F_Biased	128	128	0.30	B3_PolynomialDAM	2004	0.039062	0.286438	3703.04
Suite_F_Biased	128	128	0.30	B4_ModernHopfield	2004	0.929688	0.025391	186.92
Suite_F_Biased	128	128	0.30	Candidate_ModelC	2004	0.023438	0.292847	6096.83
Suite_F_Biased	128	128	0.30	B0_Hebbian	2005	0.000000	0.310364	244.97
Suite_F_Biased	128	128	0.30	B1_Pseudoinverse	2005	0.000000	0.343445	598.02
Suite_F_Biased	128	128	0.30	B2_1NN_Oracle	2005	0.945312	0.019958	5.98
Suite_F_Biased	128	128	0.30	B3_PolynomialDAM	2005	0.015625	0.293152	5120.55
Suite_F_Biased	128	128	0.30	B4_ModernHopfield	2005	0.953125	0.016602	181.40
Suite_F_Biased	128	128	0.30	Candidate_ModelC	2005	0.007812	0.294617	3937.56
Suite_F_Biased	128	128	0.30	B0_Hebbian	2006	0.000000	0.311035	345.91
Suite_F_Biased	128	128	0.30	B1_Pseudoinverse	2006	0.000000	0.358032	715.95
Suite_F_Biased	128	128	0.30	B2_1NN_Oracle	2006	0.937500	0.025513	6.53
Suite_F_Biased	128	128	0.30	B3_PolynomialDAM	2006	0.015625	0.298645	5183.99
Suite_F_Biased	128	128	0.30	B4_ModernHopfield	2006	0.906250	0.034363	280.81
Suite_F_Biased	128	128	0.30	Candidate_ModelC	2006	0.023438	0.295532	6733.70
Suite_F_Biased	128	128	0.30	B0_Hebbian	2007	0.000000	0.303772	240.66
Suite_F_Biased	128	128	0.30	B1_Pseudoinverse	2007	0.000000	0.351501	588.41
Suite_F_Biased	128	128	0.30	B2_1NN_Oracle	2007	0.953125	0.016296	23.90
Suite_F_Biased	128	128	0.30	B3_PolynomialDAM	2007	0.015625	0.291687	3735.61
Suite_F_Biased	128	128	0.30	B4_ModernHopfield	2007	0.976562	0.008667	183.16
Suite_F_Biased	128	128	0.30	Candidate_ModelC	2007	0.023438	0.288757	7554.33
Suite_F_Biased	128	128	0.30	B0_Hebbian	2008	0.000000	0.308350	290.88
Suite_F_Biased	128	128	0.30	B1_Pseudoinverse	2008	0.000000	0.328918	298.98
Suite_F_Biased	128	128	0.30	B2_1NN_Oracle	2008	0.968750	0.013062	4.79
Suite_F_Biased	128	128	0.30	B3_PolynomialDAM	2008	0.007812	0.296570	3939.37
Suite_F_Biased	128	128	0.30	B4_ModernHopfield	2008	0.921875	0.030457	180.70
Suite_F_Biased	128	128	0.30	Candidate_ModelC	2008	0.007812	0.293762	7487.79
Suite_F_Biased	128	128	0.30	B0_Hebbian	2009	0.000000	0.308960	274.41
Suite_F_Biased	128	128	0.30	B1_Pseudoinverse	2009	0.000000	0.352112	614.75
Suite_F_Biased	128	128	0.30	B2_1NN_Oracle	2009	0.960938	0.014343	7.20
Suite_F_Biased	128	128	0.30	B3_PolynomialDAM	2009	0.023438	0.288574	5076.60
Suite_F_Biased	128	128	0.30	B4_ModernHopfield	2009	0.945312	0.021057	223.89
Suite_F_Biased	128	128	0.30	Candidate_ModelC	2009	0.015625	0.292297	5151.00
Suite_F_Biased	128	128	0.30	B0_Hebbian	2010	0.000000	0.300903	388.30
Suite_F_Biased	128	128	0.30	B1_Pseudoinverse	2010	0.000000	0.338318	210.57
Suite_F_Biased	128	128	0.30	B2_1NN_Oracle	2010	0.960938	0.015503	5.95
Suite_F_Biased	128	128	0.30	B3_PolynomialDAM	2010	0.015625	0.291504	3654.07
Suite_F_Biased	128	128	0.30	B4_ModernHopfield	2010	0.882812	0.042725	180.98
Suite_F_Biased	128	128	0.30	Candidate_ModelC	2010	0.015625	0.291687	8330.15
Suite_F_Biased	128	128	0.30	B0_Hebbian	2011	0.000000	0.323303	238.89
Suite_F_Biased	128	128	0.30	B1_Pseudoinverse	2011	0.000000	0.354370	669.39
Suite_F_Biased	128	128	0.30	B2_1NN_Oracle	2011	0.921875	0.029175	6.07
Suite_F_Biased	128	128	0.30	B3_PolynomialDAM	2011	0.023438	0.293091	5029.79
Suite_F_Biased	128	128	0.30	B4_ModernHopfield	2011	0.953125	0.018005	195.36
Suite_F_Biased	128	128	0.30	Candidate_ModelC	2011	0.007812	0.298950	6096.77
Suite_F_Biased	128	128	0.30	B0_Hebbian	2012	0.000000	0.306885	140.53
Suite_F_Biased	128	128	0.30	B1_Pseudoinverse	2012	0.000000	0.351440	294.11
Suite_F_Biased	128	128	0.30	B2_1NN_Oracle	2012	0.921875	0.028809	6.16
Suite_F_Biased	128	128	0.30	B3_PolynomialDAM	2012	0.015625	0.297119	4420.87
Suite_F_Biased	128	128	0.30	B4_ModernHopfield	2012	0.921875	0.032349	126.21
Suite_F_Biased	128	128	0.30	Candidate_ModelC	2012	0.015625	0.295227	7185.14
Suite_F_Biased	128	128	0.30	B0_Hebbian	2013	0.000000	0.308411	335.77
Suite_F_Biased	128	128	0.30	B1_Pseudoinverse	2013	0.000000	0.362122	522.59
Suite_F_Biased	128	128	0.30	B2_1NN_Oracle	2013	0.945312	0.021912	16.02
Suite_F_Biased	128	128	0.30	B3_PolynomialDAM	2013	0.015625	0.294006	5041.67
Suite_F_Biased	128	128	0.30	B4_ModernHopfield	2013	0.937500	0.023193	314.86
Suite_F_Biased	128	128	0.30	Candidate_ModelC	2013	0.031250	0.289734	5962.05
Suite_F_Biased	128	128	0.30	B0_Hebbian	2014	0.000000	0.310669	99.00
Suite_F_Biased	128	128	0.30	B1_Pseudoinverse	2014	0.000000	0.335754	151.62
Suite_F_Biased	128	128	0.30	B2_1NN_Oracle	2014	0.898438	0.039490	4.34
Suite_F_Biased	128	128	0.30	B3_PolynomialDAM	2014	0.023438	0.289368	3573.07
Suite_F_Biased	128	128	0.30	B4_ModernHopfield	2014	0.906250	0.037354	158.15
Suite_F_Biased	128	128	0.30	Candidate_ModelC	2014	0.031250	0.287964	7799.13
Suite_F_Biased	128	128	0.30	B0_Hebbian	2015	0.000000	0.314514	459.44
Suite_F_Biased	128	128	0.30	B1_Pseudoinverse	2015	0.000000	0.341675	457.08
Suite_F_Biased	128	128	0.30	B2_1NN_Oracle	2015	0.945312	0.023621	6.73
Suite_F_Biased	128	128	0.30	B3_PolynomialDAM	2015	0.007812	0.297241	7191.48
Suite_F_Biased	128	128	0.30	B4_ModernHopfield	2015	0.968750	0.012329	419.23
Suite_F_Biased	128	128	0.30	Candidate_ModelC	2015	0.007812	0.295593	9557.89
Suite_F_Biased	128	128	0.30	B0_Hebbian	2016	0.000000	0.305603	240.20
Suite_F_Biased	128	128	0.30	B1_Pseudoinverse	2016	0.000000	0.357422	486.00
Suite_F_Biased	128	128	0.30	B2_1NN_Oracle	2016	0.937500	0.023743	4.73
Suite_F_Biased	128	128	0.30	B3_PolynomialDAM	2016	0.007812	0.297180	5840.95
Suite_F_Biased	128	128	0.30	B4_ModernHopfield	2016	0.898438	0.039734	159.05
Suite_F_Biased	128	128	0.30	Candidate_ModelC	2016	0.007812	0.297058	7015.30
Suite_F_Biased	128	128	0.30	B0_Hebbian	2017	0.000000	0.314758	256.94
Suite_F_Biased	128	128	0.30	B1_Pseudoinverse	2017	0.000000	0.356628	326.42
Suite_F_Biased	128	128	0.30	B2_1NN_Oracle	2017	0.937500	0.024353	4.29
Suite_F_Biased	128	128	0.30	B3_PolynomialDAM	2017	0.031250	0.291443	4550.25
Suite_F_Biased	128	128	0.30	B4_ModernHopfield	2017	0.929688	0.028198	191.80
Suite_F_Biased	128	128	0.30	Candidate_ModelC	2017	0.031250	0.290771	7682.74
Suite_F_Biased	128	128	0.30	B0_Hebbian	2018	0.000000	0.311951	212.88
Suite_F_Biased	128	128	0.30	B1_Pseudoinverse	2018	0.000000	0.353821	286.91
Suite_F_Biased	128	128	0.30	B2_1NN_Oracle	2018	0.914062	0.034485	4.50
Suite_F_Biased	128	128	0.30	B3_PolynomialDAM	2018	0.000000	0.298889	4538.43
Suite_F_Biased	128	128	0.30	B4_ModernHopfield	2018	0.953125	0.017761	186.21
Suite_F_Biased	128	128	0.30	Candidate_ModelC	2018	0.007812	0.295654	5338.66
Suite_F_Biased	128	128	0.30	B0_Hebbian	2019	0.000000	0.324158	429.53
Suite_F_Biased	128	128	0.30	B1_Pseudoinverse	2019	0.000000	0.346741	518.73
Suite_F_Biased	128	128	0.30	B2_1NN_Oracle	2019	0.953125	0.019470	5.15
Suite_F_Biased	128	128	0.30	B3_PolynomialDAM	2019	0.015625	0.297363	4280.05
Suite_F_Biased	128	128	0.30	B4_ModernHopfield	2019	0.929688	0.024048	117.05
Suite_F_Biased	128	128	0.30	Candidate_ModelC	2019	0.031250	0.293335	6930.36
Suite_F_Biased	128	128	0.30	B0_Hebbian	2020	0.000000	0.308167	323.85
Suite_F_Biased	128	128	0.30	B1_Pseudoinverse	2020	0.000000	0.339966	933.27
Suite_F_Biased	128	128	0.30	B2_1NN_Oracle	2020	0.937500	0.023499	4.41
Suite_F_Biased	128	128	0.30	B3_PolynomialDAM	2020	0.031250	0.287048	5798.11
Suite_F_Biased	128	128	0.30	B4_ModernHopfield	2020	0.929688	0.028687	263.25
Suite_F_Biased	128	128	0.30	Candidate_ModelC	2020	0.023438	0.290771	11496.86
Suite_F_Biased	128	128	0.40	B0_Hebbian	2001	0.000000	0.362122	307.87
Suite_F_Biased	128	128	0.40	B1_Pseudoinverse	2001	0.000000	0.426086	390.34
Suite_F_Biased	128	128	0.40	B2_1NN_Oracle	2001	0.335938	0.264832	4.84
Suite_F_Biased	128	128	0.40	B3_PolynomialDAM	2001	0.007812	0.301880	8637.88
Suite_F_Biased	128	128	0.40	B4_ModernHopfield	2001	0.250000	0.302673	330.95
Suite_F_Biased	128	128	0.40	Candidate_ModelC	2001	0.007812	0.303711	11836.35
Suite_F_Biased	128	128	0.40	B0_Hebbian	2002	0.000000	0.358704	240.77
Suite_F_Biased	128	128	0.40	B1_Pseudoinverse	2002	0.000000	0.422119	448.19
Suite_F_Biased	128	128	0.40	B2_1NN_Oracle	2002	0.273438	0.294373	6.20
Suite_F_Biased	128	128	0.40	B3_PolynomialDAM	2002	0.015625	0.307129	4604.77
Suite_F_Biased	128	128	0.40	B4_ModernHopfield	2002	0.273438	0.291565	196.95
Suite_F_Biased	128	128	0.40	Candidate_ModelC	2002	0.000000	0.313416	10551.41
Suite_F_Biased	128	128	0.40	B0_Hebbian	2003	0.000000	0.382751	476.25
Suite_F_Biased	128	128	0.40	B1_Pseudoinverse	2003	0.000000	0.431335	499.42
Suite_F_Biased	128	128	0.40	B2_1NN_Oracle	2003	0.359375	0.256287	46.22
Suite_F_Biased	128	128	0.40	B3_PolynomialDAM	2003	0.007812	0.295349	6074.57
Suite_F_Biased	128	128	0.40	B4_ModernHopfield	2003	0.343750	0.264709	108.46
Suite_F_Biased	128	128	0.40	Candidate_ModelC	2003	0.000000	0.304321	9765.95
Suite_F_Biased	128	128	0.40	B0_Hebbian	2004	0.000000	0.372192	240.68
Suite_F_Biased	128	128	0.40	B1_Pseudoinverse	2004	0.000000	0.423096	685.41
Suite_F_Biased	128	128	0.40	B2_1NN_Oracle	2004	0.296875	0.285400	11.86
Suite_F_Biased	128	128	0.40	B3_PolynomialDAM	2004	0.007812	0.315186	5612.05
Suite_F_Biased	128	128	0.40	B4_ModernHopfield	2004	0.265625	0.295349	211.63
Suite_F_Biased	128	128	0.40	Candidate_ModelC	2004	0.023438	0.311707	8938.09
Suite_F_Biased	128	128	0.40	B0_Hebbian	2005	0.000000	0.380676	347.47
Suite_F_Biased	128	128	0.40	B1_Pseudoinverse	2005	0.000000	0.429199	566.73
Suite_F_Biased	128	128	0.40	B2_1NN_Oracle	2005	0.445312	0.225098	6.93
Suite_F_Biased	128	128	0.40	B3_PolynomialDAM	2005	0.007812	0.301636	8170.88
Suite_F_Biased	128	128	0.40	B4_ModernHopfield	2005	0.328125	0.269470	79.21
Suite_F_Biased	128	128	0.40	Candidate_ModelC	2005	0.007812	0.304749	6489.22
Suite_F_Biased	128	128	0.40	B0_Hebbian	2006	0.000000	0.345093	463.25
Suite_F_Biased	128	128	0.40	B1_Pseudoinverse	2006	0.000000	0.425842	579.81
Suite_F_Biased	128	128	0.40	B2_1NN_Oracle	2006	0.328125	0.276306	19.28
Suite_F_Biased	128	128	0.40	B3_PolynomialDAM	2006	0.007812	0.310608	8292.15
Suite_F_Biased	128	128	0.40	B4_ModernHopfield	2006	0.343750	0.270020	263.62
Suite_F_Biased	128	128	0.40	Candidate_ModelC	2006	0.007812	0.305847	9537.21
Suite_F_Biased	128	128	0.40	B0_Hebbian	2007	0.000000	0.384460	512.98
Suite_F_Biased	128	128	0.40	B1_Pseudoinverse	2007	0.000000	0.428589	829.96
Suite_F_Biased	128	128	0.40	B2_1NN_Oracle	2007	0.320312	0.276001	7.30
Suite_F_Biased	128	128	0.40	B3_PolynomialDAM	2007	0.000000	0.304382	6836.39
Suite_F_Biased	128	128	0.40	B4_ModernHopfield	2007	0.304688	0.277649	206.48
Suite_F_Biased	128	128	0.40	Candidate_ModelC	2007	0.015625	0.304626	11310.98
Suite_F_Biased	128	128	0.40	B0_Hebbian	2008	0.000000	0.380127	355.14
Suite_F_Biased	128	128	0.40	B1_Pseudoinverse	2008	0.000000	0.417358	441.58
Suite_F_Biased	128	128	0.40	B2_1NN_Oracle	2008	0.312500	0.278992	4.62
Suite_F_Biased	128	128	0.40	B3_PolynomialDAM	2008	0.000000	0.298462	6720.02
Suite_F_Biased	128	128	0.40	B4_ModernHopfield	2008	0.320312	0.266663	80.15
Suite_F_Biased	128	128	0.40	Candidate_ModelC	2008	0.007812	0.307373	7440.95
Suite_F_Biased	128	128	0.40	B0_Hebbian	2009	0.000000	0.362793	369.71
Suite_F_Biased	128	128	0.40	B1_Pseudoinverse	2009	0.000000	0.421692	756.78
Suite_F_Biased	128	128	0.40	B2_1NN_Oracle	2009	0.281250	0.291199	6.27
Suite_F_Biased	128	128	0.40	B3_PolynomialDAM	2009	0.015625	0.305115	5596.45
Suite_F_Biased	128	128	0.40	B4_ModernHopfield	2009	0.257812	0.297180	201.84
Suite_F_Biased	128	128	0.40	Candidate_ModelC	2009	0.000000	0.307190	8504.52
Suite_F_Biased	128	128	0.40	B0_Hebbian	2010	0.000000	0.377197	529.69
Suite_F_Biased	128	128	0.40	B1_Pseudoinverse	2010	0.000000	0.420837	465.89
Suite_F_Biased	128	128	0.40	B2_1NN_Oracle	2010	0.328125	0.272278	6.89
Suite_F_Biased	128	128	0.40	B3_PolynomialDAM	2010	0.000000	0.302307	5962.76
Suite_F_Biased	128	128	0.40	B4_ModernHopfield	2010	0.304688	0.273987	97.29
Suite_F_Biased	128	128	0.40	Candidate_ModelC	2010	0.000000	0.307617	7100.91
Suite_F_Biased	128	128	0.40	B0_Hebbian	2011	0.000000	0.360779	437.49
Suite_F_Biased	128	128	0.40	B1_Pseudoinverse	2011	0.000000	0.431763	541.16
Suite_F_Biased	128	128	0.40	B2_1NN_Oracle	2011	0.406250	0.238770	7.29
Suite_F_Biased	128	128	0.40	B3_PolynomialDAM	2011	0.007812	0.312134	5549.77
Suite_F_Biased	128	128	0.40	B4_ModernHopfield	2011	0.390625	0.242188	59.46
Suite_F_Biased	128	128	0.40	Candidate_ModelC	2011	0.000000	0.308472	10190.45
Suite_F_Biased	128	128	0.40	B0_Hebbian	2012	0.000000	0.364136	572.47
Suite_F_Biased	128	128	0.40	B1_Pseudoinverse	2012	0.000000	0.429626	452.41
Suite_F_Biased	128	128	0.40	B2_1NN_Oracle	2012	0.242188	0.310669	6.30
Suite_F_Biased	128	128	0.40	B3_PolynomialDAM	2012	0.007812	0.308350	6883.35
Suite_F_Biased	128	128	0.40	B4_ModernHopfield	2012	0.226562	0.313416	245.71
Suite_F_Biased	128	128	0.40	Candidate_ModelC	2012	0.000000	0.310730	9017.84
Suite_F_Biased	128	128	0.40	B0_Hebbian	2013	0.000000	0.364929	410.70
Suite_F_Biased	128	128	0.40	B1_Pseudoinverse	2013	0.000000	0.435791	331.53
Suite_F_Biased	128	128	0.40	B2_1NN_Oracle	2013	0.320312	0.277100	4.87
Suite_F_Biased	128	128	0.40	B3_PolynomialDAM	2013	0.023438	0.307739	6461.14
Suite_F_Biased	128	128	0.40	B4_ModernHopfield	2013	0.304688	0.279907	362.81
Suite_F_Biased	128	128	0.40	Candidate_ModelC	2013	0.023438	0.304077	8992.78
Suite_F_Biased	128	128	0.40	B0_Hebbian	2014	0.000000	0.374634	294.76
Suite_F_Biased	128	128	0.40	B1_Pseudoinverse	2014	0.000000	0.417175	268.33
Suite_F_Biased	128	128	0.40	B2_1NN_Oracle	2014	0.390625	0.247253	6.66
Suite_F_Biased	128	128	0.40	B3_PolynomialDAM	2014	0.015625	0.306885	5078.44
Suite_F_Biased	128	128	0.40	B4_ModernHopfield	2014	0.375000	0.257324	192.11
Suite_F_Biased	128	128	0.40	Candidate_ModelC	2014	0.023438	0.304443	9692.13
Suite_F_Biased	128	128	0.40	B0_Hebbian	2015	0.000000	0.366638	474.81
Suite_F_Biased	128	128	0.40	B1_Pseudoinverse	2015	0.000000	0.421936	694.71
Suite_F_Biased	128	128	0.40	B2_1NN_Oracle	2015	0.328125	0.276001	6.16
Suite_F_Biased	128	128	0.40	B3_PolynomialDAM	2015	0.000000	0.304443	7165.50
Suite_F_Biased	128	128	0.40	B4_ModernHopfield	2015	0.351562	0.258179	332.12
Suite_F_Biased	128	128	0.40	Candidate_ModelC	2015	0.007812	0.302917	9995.33
Suite_F_Biased	128	128	0.40	B0_Hebbian	2016	0.000000	0.366516	358.20
Suite_F_Biased	128	128	0.40	B1_Pseudoinverse	2016	0.000000	0.427490	979.88
Suite_F_Biased	128	128	0.40	B2_1NN_Oracle	2016	0.320312	0.278198	6.05
Suite_F_Biased	128	128	0.40	B3_PolynomialDAM	2016	0.000000	0.301514	10420.97
Suite_F_Biased	128	128	0.40	B4_ModernHopfield	2016	0.257812	0.300354	218.93
Suite_F_Biased	128	128	0.40	Candidate_ModelC	2016	0.000000	0.306396	8477.04
Suite_F_Biased	128	128	0.40	B0_Hebbian	2017	0.000000	0.379822	94.16
Suite_F_Biased	128	128	0.40	B1_Pseudoinverse	2017	0.000000	0.434998	405.90
Suite_F_Biased	128	128	0.40	B2_1NN_Oracle	2017	0.343750	0.266846	7.91
Suite_F_Biased	128	128	0.40	B3_PolynomialDAM	2017	0.023438	0.312134	6807.24
Suite_F_Biased	128	128	0.40	B4_ModernHopfield	2017	0.242188	0.306946	399.00
Suite_F_Biased	128	128	0.40	Candidate_ModelC	2017	0.031250	0.306824	7931.10
Suite_F_Biased	128	128	0.40	B0_Hebbian	2018	0.000000	0.359192	226.20
Suite_F_Biased	128	128	0.40	B1_Pseudoinverse	2018	0.000000	0.429382	571.18
Suite_F_Biased	128	128	0.40	B2_1NN_Oracle	2018	0.343750	0.265808	4.93
Suite_F_Biased	128	128	0.40	B3_PolynomialDAM	2018	0.000000	0.307007	4392.77
Suite_F_Biased	128	128	0.40	B4_ModernHopfield	2018	0.312500	0.278442	219.30
Suite_F_Biased	128	128	0.40	Candidate_ModelC	2018	0.000000	0.301941	4944.82
Suite_F_Biased	128	128	0.40	B0_Hebbian	2019	0.000000	0.367371	313.18
Suite_F_Biased	128	128	0.40	B1_Pseudoinverse	2019	0.000000	0.419250	527.88
Suite_F_Biased	128	128	0.40	B2_1NN_Oracle	2019	0.320312	0.283020	4.50
Suite_F_Biased	128	128	0.40	B3_PolynomialDAM	2019	0.015625	0.317505	5512.27
Suite_F_Biased	128	128	0.40	B4_ModernHopfield	2019	0.390625	0.246582	180.53
Suite_F_Biased	128	128	0.40	Candidate_ModelC	2019	0.023438	0.305176	8031.61
Suite_F_Biased	128	128	0.40	B0_Hebbian	2020	0.000000	0.355896	227.07
Suite_F_Biased	128	128	0.40	B1_Pseudoinverse	2020	0.000000	0.420288	346.32
Suite_F_Biased	128	128	0.40	B2_1NN_Oracle	2020	0.289062	0.287231	4.76
Suite_F_Biased	128	128	0.40	B3_PolynomialDAM	2020	0.015625	0.314270	3999.03
Suite_F_Biased	128	128	0.40	B4_ModernHopfield	2020	0.250000	0.305420	308.34
Suite_F_Biased	128	128	0.40	Candidate_ModelC	2020	0.007812	0.312561	7301.88
