n	p	noise	model	seed	parameters	exact_recovery_rate	mean_ber	mean_sweeps	mean_flips	mean_wall_time_us	capacity_per_parameter
128	13	0.10	Model_A_Pairwise	1001	8128	0.923077	0.002404	2.15	13.92	124.62	0.188976
128	13	0.10	Model_B_Sparse_3Body	1001	8128	0.923077	0.000601	2.08	13.85	331.00	0.188976
128	13	0.10	Model_C_LowRank_CP	1001	1664	1.000000	0.000000	2.00	13.62	1078.23	1.000000
128	13	0.10	Model_D_Sparse_4Body	1001	8128	1.000000	0.000000	2.15	14.08	474.85	0.204724
128	13	0.10	Model_A_Pairwise	1002	8128	0.846154	0.001803	2.08	11.62	284.38	0.173228
128	13	0.10	Model_B_Sparse_3Body	1002	8128	1.000000	0.000000	2.08	11.38	606.54	0.204724
128	13	0.10	Model_C_LowRank_CP	1002	1664	1.000000	0.000000	2.00	11.23	1517.77	1.000000
128	13	0.10	Model_D_Sparse_4Body	1002	8128	1.000000	0.000000	2.00	11.23	472.77	0.204724
128	13	0.10	Model_A_Pairwise	1003	8128	0.615385	0.027644	2.77	18.15	179.23	0.125984
128	13	0.10	Model_B_Sparse_3Body	1003	8128	1.000000	0.000000	2.23	14.77	329.54	0.204724
128	13	0.10	Model_C_LowRank_CP	1003	1664	1.000000	0.000000	2.00	14.00	1304.46	1.000000
128	13	0.10	Model_D_Sparse_4Body	1003	8128	1.000000	0.000000	2.15	14.46	943.46	0.204724
128	13	0.10	Model_A_Pairwise	1004	8128	1.000000	0.000000	2.08	11.85	121.54	0.204724
128	13	0.10	Model_B_Sparse_3Body	1004	8128	0.923077	0.000601	2.08	11.92	533.85	0.188976
128	13	0.10	Model_C_LowRank_CP	1004	1664	1.000000	0.000000	2.00	11.69	2818.54	1.000000
128	13	0.10	Model_D_Sparse_4Body	1004	8128	1.000000	0.000000	2.15	11.85	506.31	0.204724
128	13	0.10	Model_A_Pairwise	1005	8128	0.846154	0.001202	2.23	13.92	80.77	0.173228
128	13	0.10	Model_B_Sparse_3Body	1005	8128	0.923077	0.000601	2.08	13.38	198.46	0.188976
128	13	0.10	Model_C_LowRank_CP	1005	1664	1.000000	0.000000	2.00	13.15	467.69	1.000000
128	13	0.10	Model_D_Sparse_4Body	1005	8128	1.000000	0.000000	2.15	13.46	283.15	0.204724
128	13	0.10	Model_A_Pairwise	1006	8128	0.769231	0.040264	3.00	17.85	144.46	0.157480
128	13	0.10	Model_B_Sparse_3Body	1006	8128	0.923077	0.000601	2.00	12.62	265.23	0.188976
128	13	0.10	Model_C_LowRank_CP	1006	1664	1.000000	0.000000	2.00	12.54	1039.92	1.000000
128	13	0.10	Model_D_Sparse_4Body	1006	8128	1.000000	0.000000	2.08	12.69	791.54	0.204724
128	13	0.10	Model_A_Pairwise	1007	8128	1.000000	0.000000	2.00	12.00	74.62	0.204724
128	13	0.10	Model_B_Sparse_3Body	1007	8128	1.000000	0.000000	2.08	12.15	187.46	0.204724
128	13	0.10	Model_C_LowRank_CP	1007	1664	1.000000	0.000000	2.00	12.00	541.62	1.000000
128	13	0.10	Model_D_Sparse_4Body	1007	8128	1.000000	0.000000	2.00	12.00	315.85	0.204724
128	13	0.10	Model_A_Pairwise	1008	8128	0.846154	0.007812	2.31	15.46	84.77	0.173228
128	13	0.10	Model_B_Sparse_3Body	1008	8128	1.000000	0.000000	2.00	14.15	175.85	0.204724
128	13	0.10	Model_C_LowRank_CP	1008	1664	1.000000	0.000000	2.00	14.15	741.54	1.000000
128	13	0.10	Model_D_Sparse_4Body	1008	8128	1.000000	0.000000	2.23	14.62	761.15	0.204724
128	13	0.10	Model_A_Pairwise	1009	8128	1.000000	0.000000	2.08	12.31	113.62	0.204724
128	13	0.10	Model_B_Sparse_3Body	1009	8128	1.000000	0.000000	2.08	12.15	605.23	0.204724
128	13	0.10	Model_C_LowRank_CP	1009	1664	1.000000	0.000000	2.00	12.00	1013.85	1.000000
128	13	0.10	Model_D_Sparse_4Body	1009	8128	1.000000	0.000000	2.08	12.00	330.38	0.204724
128	13	0.10	Model_A_Pairwise	1010	8128	1.000000	0.000000	2.08	12.54	84.46	0.204724
128	13	0.10	Model_B_Sparse_3Body	1010	8128	1.000000	0.000000	2.08	12.38	195.15	0.204724
128	13	0.10	Model_C_LowRank_CP	1010	1664	1.000000	0.000000	2.00	12.38	794.46	1.000000
128	13	0.10	Model_D_Sparse_4Body	1010	8128	1.000000	0.000000	2.23	12.69	416.46	0.204724
128	13	0.10	Model_A_Pairwise	1011	8128	0.769231	0.006010	2.31	13.38	421.77	0.157480
128	13	0.10	Model_B_Sparse_3Body	1011	8128	1.000000	0.000000	2.08	12.77	533.38	0.204724
128	13	0.10	Model_C_LowRank_CP	1011	1664	1.000000	0.000000	2.00	12.62	769.15	1.000000
128	13	0.10	Model_D_Sparse_4Body	1011	8128	1.000000	0.000000	2.00	12.62	937.31	0.204724
128	13	0.10	Model_A_Pairwise	1012	8128	1.000000	0.000000	2.23	13.85	79.23	0.204724
128	13	0.10	Model_B_Sparse_3Body	1012	8128	1.000000	0.000000	2.15	13.69	225.69	0.204724
128	13	0.10	Model_C_LowRank_CP	1012	1664	1.000000	0.000000	2.00	13.38	469.69	1.000000
128	13	0.10	Model_D_Sparse_4Body	1012	8128	1.000000	0.000000	2.23	13.69	339.46	0.204724
128	13	0.10	Model_A_Pairwise	1013	8128	1.000000	0.000000	2.00	14.38	80.92	0.204724
128	13	0.10	Model_B_Sparse_3Body	1013	8128	0.923077	0.000601	2.15	14.77	278.92	0.188976
128	13	0.10	Model_C_LowRank_CP	1013	1664	1.000000	0.000000	2.00	14.38	1085.15	1.000000
128	13	0.10	Model_D_Sparse_4Body	1013	8128	1.000000	0.000000	2.31	15.00	494.69	0.204724
128	13	0.10	Model_A_Pairwise	1014	8128	0.923077	0.001202	2.23	14.15	128.38	0.188976
128	13	0.10	Model_B_Sparse_3Body	1014	8128	1.000000	0.000000	2.08	13.23	310.69	0.204724
128	13	0.10	Model_C_LowRank_CP	1014	1664	1.000000	0.000000	2.00	13.23	921.92	1.000000
128	13	0.10	Model_D_Sparse_4Body	1014	8128	1.000000	0.000000	2.00	13.23	323.69	0.204724
128	13	0.10	Model_A_Pairwise	1015	8128	1.000000	0.000000	2.38	14.31	92.77	0.204724
128	13	0.10	Model_B_Sparse_3Body	1015	8128	0.923077	0.000601	2.15	13.15	185.31	0.188976
128	13	0.10	Model_C_LowRank_CP	1015	1664	1.000000	0.000000	2.00	12.77	441.92	1.000000
128	13	0.10	Model_D_Sparse_4Body	1015	8128	1.000000	0.000000	2.31	13.54	857.92	0.204724
128	13	0.10	Model_A_Pairwise	1016	8128	1.000000	0.000000	2.31	14.46	83.38	0.204724
128	13	0.10	Model_B_Sparse_3Body	1016	8128	1.000000	0.000000	2.15	13.85	550.54	0.204724
128	13	0.10	Model_C_LowRank_CP	1016	1664	1.000000	0.000000	2.00	13.54	776.23	1.000000
128	13	0.10	Model_D_Sparse_4Body	1016	8128	1.000000	0.000000	2.00	13.54	924.54	0.204724
128	13	0.10	Model_A_Pairwise	1017	8128	0.923077	0.003606	2.38	14.62	89.15	0.188976
128	13	0.10	Model_B_Sparse_3Body	1017	8128	1.000000	0.000000	2.23	13.69	599.00	0.204724
128	13	0.10	Model_C_LowRank_CP	1017	1664	1.000000	0.000000	2.00	13.54	1126.69	1.000000
128	13	0.10	Model_D_Sparse_4Body	1017	8128	1.000000	0.000000	2.08	13.85	524.62	0.204724
128	13	0.10	Model_A_Pairwise	1018	8128	0.923077	0.000601	2.15	13.92	85.92	0.188976
128	13	0.10	Model_B_Sparse_3Body	1018	8128	1.000000	0.000000	2.00	13.38	457.00	0.204724
128	13	0.10	Model_C_LowRank_CP	1018	1664	1.000000	0.000000	2.00	13.38	648.69	1.000000
128	13	0.10	Model_D_Sparse_4Body	1018	8128	1.000000	0.000000	2.00	13.38	331.23	0.204724
128	13	0.10	Model_A_Pairwise	1019	8128	0.923077	0.000601	2.15	11.54	94.62	0.188976
128	13	0.10	Model_B_Sparse_3Body	1019	8128	1.000000	0.000000	2.15	11.15	210.77	0.204724
128	13	0.10	Model_C_LowRank_CP	1019	1664	1.000000	0.000000	2.00	11.00	531.92	1.000000
128	13	0.10	Model_D_Sparse_4Body	1019	8128	1.000000	0.000000	2.00	11.00	352.08	0.204724
128	13	0.10	Model_A_Pairwise	1020	8128	0.923077	0.000601	2.08	13.00	79.69	0.188976
128	13	0.10	Model_B_Sparse_3Body	1020	8128	1.000000	0.000000	2.23	13.08	285.15	0.204724
128	13	0.10	Model_C_LowRank_CP	1020	1664	1.000000	0.000000	2.00	12.62	1718.54	1.000000
128	13	0.10	Model_D_Sparse_4Body	1020	8128	1.000000	0.000000	2.15	12.92	1381.46	0.204724
128	13	0.20	Model_A_Pairwise	1001	8128	0.846154	0.022837	2.77	30.31	845.54	0.173228
128	13	0.20	Model_B_Sparse_3Body	1001	8128	0.923077	0.000601	2.77	29.46	458.54	0.188976
128	13	0.20	Model_C_LowRank_CP	1001	1664	1.000000	0.000000	2.00	25.69	1123.23	1.000000
128	13	0.20	Model_D_Sparse_4Body	1001	8128	0.923077	0.033053	3.46	33.62	1780.62	0.188976
128	13	0.20	Model_A_Pairwise	1002	8128	0.769231	0.062500	3.15	29.69	154.62	0.157480
128	13	0.20	Model_B_Sparse_3Body	1002	8128	1.000000	0.000000	2.54	24.92	205.69	0.204724
128	13	0.20	Model_C_LowRank_CP	1002	1664	1.000000	0.000000	2.00	22.77	1278.54	1.000000
128	13	0.20	Model_D_Sparse_4Body	1002	8128	1.000000	0.000000	2.85	28.62	1425.46	0.204724
128	13	0.20	Model_A_Pairwise	1003	8128	0.461538	0.060096	3.46	34.08	725.15	0.094488
128	13	0.20	Model_B_Sparse_3Body	1003	8128	1.000000	0.000000	2.77	30.23	587.92	0.204724
128	13	0.20	Model_C_LowRank_CP	1003	1664	1.000000	0.000000	2.00	27.15	1282.85	1.000000
128	13	0.20	Model_D_Sparse_4Body	1003	8128	1.000000	0.000000	2.85	35.15	1287.38	0.204724
128	13	0.20	Model_A_Pairwise	1004	8128	1.000000	0.000000	2.69	27.31	102.23	0.204724
128	13	0.20	Model_B_Sparse_3Body	1004	8128	0.923077	0.000601	2.46	27.08	198.38	0.188976
128	13	0.20	Model_C_LowRank_CP	1004	1664	1.000000	0.000000	2.00	25.00	1218.54	1.000000
128	13	0.20	Model_D_Sparse_4Body	1004	8128	0.923077	0.027644	3.00	30.85	1744.31	0.188976
128	13	0.20	Model_A_Pairwise	1005	8128	0.769231	0.009615	2.69	29.23	263.69	0.157480
128	13	0.20	Model_B_Sparse_3Body	1005	8128	0.923077	0.000601	2.46	27.77	321.15	0.188976
128	13	0.20	Model_C_LowRank_CP	1005	1664	1.000000	0.000000	2.00	26.15	1037.62	1.000000
128	13	0.20	Model_D_Sparse_4Body	1005	8128	0.923077	0.031851	3.23	32.69	702.77	0.188976
128	13	0.20	Model_A_Pairwise	1006	8128	0.846154	0.021635	3.00	29.69	193.46	0.173228
128	13	0.20	Model_B_Sparse_3Body	1006	8128	0.923077	0.000601	2.31	26.54	286.00	0.188976
128	13	0.20	Model_C_LowRank_CP	1006	1664	1.000000	0.000000	2.00	25.69	1259.62	1.000000
128	13	0.20	Model_D_Sparse_4Body	1006	8128	1.000000	0.000000	3.08	33.23	874.08	0.204724
128	13	0.20	Model_A_Pairwise	1007	8128	0.923077	0.018630	2.54	28.00	150.38	0.188976
128	13	0.20	Model_B_Sparse_3Body	1007	8128	1.000000	0.000000	2.69	29.31	829.77	0.204724
128	13	0.20	Model_C_LowRank_CP	1007	1664	1.000000	0.000000	2.00	25.31	2261.38	1.000000
128	13	0.20	Model_D_Sparse_4Body	1007	8128	1.000000	0.000000	3.00	33.77	795.69	0.204724
128	13	0.20	Model_A_Pairwise	1008	8128	0.846154	0.010216	2.38	28.38	137.31	0.173228
128	13	0.20	Model_B_Sparse_3Body	1008	8128	1.000000	0.000000	2.54	26.62	298.08	0.204724
128	13	0.20	Model_C_LowRank_CP	1008	1664	1.000000	0.000000	2.00	25.85	1036.54	1.000000
128	13	0.20	Model_D_Sparse_4Body	1008	8128	1.000000	0.000000	3.15	37.08	675.38	0.204724
128	13	0.20	Model_A_Pairwise	1009	8128	0.923077	0.018630	2.69	28.92	169.31	0.188976
128	13	0.20	Model_B_Sparse_3Body	1009	8128	1.000000	0.000000	2.38	27.31	282.08	0.204724
128	13	0.20	Model_C_LowRank_CP	1009	1664	1.000000	0.000000	2.00	25.77	739.62	1.000000
128	13	0.20	Model_D_Sparse_4Body	1009	8128	0.923077	0.021635	3.31	33.46	506.54	0.188976
128	13	0.20	Model_A_Pairwise	1010	8128	1.000000	0.000000	2.38	24.54	128.46	0.204724
128	13	0.20	Model_B_Sparse_3Body	1010	8128	1.000000	0.000000	2.69	25.00	500.92	0.204724
128	13	0.20	Model_C_LowRank_CP	1010	1664	1.000000	0.000000	2.00	23.15	2957.38	1.000000
128	13	0.20	Model_D_Sparse_4Body	1010	8128	1.000000	0.000000	2.92	28.69	1091.00	0.204724
128	13	0.20	Model_A_Pairwise	1011	8128	0.769231	0.010817	2.46	28.46	478.23	0.157480
128	13	0.20	Model_B_Sparse_3Body	1011	8128	1.000000	0.000000	2.77	29.38	459.46	0.204724
128	13	0.20	Model_C_LowRank_CP	1011	1664	1.000000	0.000000	2.00	26.31	1412.92	1.000000
128	13	0.20	Model_D_Sparse_4Body	1011	8128	1.000000	0.000000	3.08	33.23	1412.23	0.204724
128	13	0.20	Model_A_Pairwise	1012	8128	1.000000	0.000000	2.54	27.77	145.15	0.204724
128	13	0.20	Model_B_Sparse_3Body	1012	8128	1.000000	0.000000	2.62	28.38	665.23	0.204724
128	13	0.20	Model_C_LowRank_CP	1012	1664	1.000000	0.000000	2.00	25.92	1415.23	1.000000
128	13	0.20	Model_D_Sparse_4Body	1012	8128	0.923077	0.035457	3.38	35.08	751.23	0.188976
128	13	0.20	Model_A_Pairwise	1013	8128	0.923077	0.003005	2.77	33.23	156.23	0.188976
128	13	0.20	Model_B_Sparse_3Body	1013	8128	0.923077	0.000601	2.62	31.23	350.46	0.188976
128	13	0.20	Model_C_LowRank_CP	1013	1664	1.000000	0.000000	2.00	29.00	1058.38	1.000000
128	13	0.20	Model_D_Sparse_4Body	1013	8128	0.846154	0.053486	3.92	48.31	1012.31	0.173228
128	13	0.20	Model_A_Pairwise	1014	8128	0.923077	0.001202	2.77	29.38	161.00	0.188976
128	13	0.20	Model_B_Sparse_3Body	1014	8128	1.000000	0.000000	2.54	27.38	587.92	0.204724
128	13	0.20	Model_C_LowRank_CP	1014	1664	1.000000	0.000000	2.00	26.15	3007.08	1.000000
128	13	0.20	Model_D_Sparse_4Body	1014	8128	0.846154	0.059495	3.31	32.08	1295.62	0.173228
128	13	0.20	Model_A_Pairwise	1015	8128	0.769231	0.016827	2.92	31.00	105.31	0.157480
128	13	0.20	Model_B_Sparse_3Body	1015	8128	0.923077	0.000601	2.54	27.69	275.92	0.188976
128	13	0.20	Model_C_LowRank_CP	1015	1664	1.000000	0.000000	2.00	25.62	1243.31	1.000000
128	13	0.20	Model_D_Sparse_4Body	1015	8128	0.923077	0.029447	3.23	35.69	941.46	0.188976
128	13	0.20	Model_A_Pairwise	1016	8128	0.846154	0.013822	2.85	29.69	107.77	0.173228
128	13	0.20	Model_B_Sparse_3Body	1016	8128	1.000000	0.000000	2.77	30.69	372.85	0.204724
128	13	0.20	Model_C_LowRank_CP	1016	1664	1.000000	0.000000	2.00	27.15	983.38	1.000000
128	13	0.20	Model_D_Sparse_4Body	1016	8128	0.923077	0.023438	3.31	35.23	464.54	0.188976
128	13	0.20	Model_A_Pairwise	1017	8128	0.769231	0.025240	3.46	34.23	155.31	0.157480
128	13	0.20	Model_B_Sparse_3Body	1017	8128	1.000000	0.000000	2.62	28.08	187.54	0.204724
128	13	0.20	Model_C_LowRank_CP	1017	1664	1.000000	0.000000	2.00	26.08	3325.23	1.000000
128	13	0.20	Model_D_Sparse_4Body	1017	8128	1.000000	0.000000	3.15	33.31	713.92	0.204724
128	13	0.20	Model_A_Pairwise	1018	8128	0.923077	0.000601	3.08	34.15	353.62	0.188976
128	13	0.20	Model_B_Sparse_3Body	1018	8128	1.000000	0.000000	2.92	32.85	326.92	0.204724
128	13	0.20	Model_C_LowRank_CP	1018	1664	1.000000	0.000000	2.00	28.08	815.54	1.000000
128	13	0.20	Model_D_Sparse_4Body	1018	8128	0.846154	0.057692	4.38	40.85	650.15	0.173228
128	13	0.20	Model_A_Pairwise	1019	8128	0.923077	0.000601	2.85	27.62	163.54	0.188976
128	13	0.20	Model_B_Sparse_3Body	1019	8128	1.000000	0.000000	2.69	26.31	285.23	0.204724
128	13	0.20	Model_C_LowRank_CP	1019	1664	1.000000	0.000000	2.00	24.15	744.62	1.000000
128	13	0.20	Model_D_Sparse_4Body	1019	8128	1.000000	0.000000	2.77	30.15	346.62	0.204724
128	13	0.20	Model_A_Pairwise	1020	8128	0.923077	0.000601	2.62	27.31	147.23	0.188976
128	13	0.20	Model_B_Sparse_3Body	1020	8128	1.000000	0.000000	2.54	26.46	310.77	0.204724
128	13	0.20	Model_C_LowRank_CP	1020	1664	1.000000	0.000000	2.00	25.08	547.46	1.000000
128	13	0.20	Model_D_Sparse_4Body	1020	8128	0.846154	0.055889	3.00	33.00	405.62	0.173228
128	13	0.30	Model_A_Pairwise	1001	8128	0.692308	0.075721	3.23	45.23	238.38	0.141732
128	13	0.30	Model_B_Sparse_3Body	1001	8128	0.923077	0.000601	3.38	50.38	491.23	0.188976
128	13	0.30	Model_C_LowRank_CP	1001	1664	1.000000	0.000000	2.00	36.77	1031.15	1.000000
128	13	0.30	Model_D_Sparse_4Body	1001	8128	0.307692	0.270433	5.62	52.46	1173.38	0.062992
128	13	0.30	Model_A_Pairwise	1002	8128	0.692308	0.063702	3.77	45.85	212.92	0.141732
128	13	0.30	Model_B_Sparse_3Body	1002	8128	1.000000	0.000000	3.08	46.46	723.38	0.204724
128	13	0.30	Model_C_LowRank_CP	1002	1664	1.000000	0.000000	2.00	35.23	1729.69	1.000000
128	13	0.30	Model_D_Sparse_4Body	1002	8128	0.538462	0.198317	5.08	51.23	1050.54	0.110236
128	13	0.30	Model_A_Pairwise	1003	8128	0.230769	0.184495	4.77	57.69	772.08	0.047244
128	13	0.30	Model_B_Sparse_3Body	1003	8128	0.846154	0.067308	3.62	58.38	460.69	0.173228
128	13	0.30	Model_C_LowRank_CP	1003	1664	1.000000	0.000000	2.15	42.08	973.15	1.000000
128	13	0.30	Model_D_Sparse_4Body	1003	8128	0.153846	0.347356	4.69	47.77	659.31	0.031496
128	13	0.30	Model_A_Pairwise	1004	8128	0.692308	0.099159	4.00	49.23	156.54	0.141732
128	13	0.30	Model_B_Sparse_3Body	1004	8128	0.692308	0.108774	3.77	52.77	315.77	0.141732
128	13	0.30	Model_C_LowRank_CP	1004	1664	1.000000	0.000000	2.00	38.23	638.31	1.000000
128	13	0.30	Model_D_Sparse_4Body	1004	8128	0.230769	0.328125	4.92	52.85	737.85	0.047244
128	13	0.30	Model_A_Pairwise	1005	8128	0.692308	0.018029	3.85	47.00	212.46	0.141732
128	13	0.30	Model_B_Sparse_3Body	1005	8128	0.846154	0.037260	3.38	51.15	385.38	0.173228
128	13	0.30	Model_C_LowRank_CP	1005	1664	1.000000	0.000000	2.00	38.54	1257.92	1.000000
128	13	0.30	Model_D_Sparse_4Body	1005	8128	0.307692	0.305889	5.54	50.15	927.69	0.062992
128	13	0.30	Model_A_Pairwise	1006	8128	0.615385	0.102764	4.62	55.62	198.54	0.125984
128	13	0.30	Model_B_Sparse_3Body	1006	8128	0.923077	0.000601	3.69	56.54	1282.00	0.188976
128	13	0.30	Model_C_LowRank_CP	1006	1664	1.000000	0.000000	2.00	38.46	1669.62	1.000000
128	13	0.30	Model_D_Sparse_4Body	1006	8128	0.384615	0.246394	6.77	58.92	2671.77	0.078740
128	13	0.30	Model_A_Pairwise	1007	8128	0.538462	0.118389	4.08	52.08	534.46	0.110236
128	13	0.30	Model_B_Sparse_3Body	1007	8128	0.846154	0.076322	3.62	49.77	457.92	0.173228
128	13	0.30	Model_C_LowRank_CP	1007	1664	1.000000	0.000000	2.00	37.69	643.85	1.000000
128	13	0.30	Model_D_Sparse_4Body	1007	8128	0.461538	0.233173	5.23	52.46	1853.23	0.094488
128	13	0.30	Model_A_Pairwise	1008	8128	0.615385	0.088942	3.92	49.85	265.15	0.125984
128	13	0.30	Model_B_Sparse_3Body	1008	8128	1.000000	0.000000	3.62	50.77	948.15	0.204724
128	13	0.30	Model_C_LowRank_CP	1008	1664	1.000000	0.000000	2.00	37.69	1015.46	1.000000
128	13	0.30	Model_D_Sparse_4Body	1008	8128	0.384615	0.227163	5.00	53.08	713.92	0.078740
128	13	0.30	Model_A_Pairwise	1009	8128	0.615385	0.160457	5.08	63.00	291.15	0.125984
128	13	0.30	Model_B_Sparse_3Body	1009	8128	0.923077	0.040865	3.31	53.23	398.85	0.188976
128	13	0.30	Model_C_LowRank_CP	1009	1664	0.923077	0.032452	2.08	37.85	1071.38	0.923077
128	13	0.30	Model_D_Sparse_4Body	1009	8128	0.230769	0.286058	5.54	48.15	1407.85	0.047244
128	13	0.30	Model_A_Pairwise	1010	8128	0.846154	0.040865	3.85	46.92	194.23	0.173228
128	13	0.30	Model_B_Sparse_3Body	1010	8128	0.923077	0.036058	3.31	49.08	326.85	0.188976
128	13	0.30	Model_C_LowRank_CP	1010	1664	1.000000	0.000000	2.00	37.08	535.69	1.000000
128	13	0.30	Model_D_Sparse_4Body	1010	8128	0.384615	0.242188	5.00	52.69	623.31	0.078740
128	13	0.30	Model_A_Pairwise	1011	8128	0.615385	0.099159	4.08	50.92	146.23	0.125984
128	13	0.30	Model_B_Sparse_3Body	1011	8128	0.923077	0.037260	3.69	54.54	535.54	0.188976
128	13	0.30	Model_C_LowRank_CP	1011	1664	1.000000	0.000000	2.15	38.85	1449.15	1.000000
128	13	0.30	Model_D_Sparse_4Body	1011	8128	0.307692	0.275841	4.69	44.77	1003.85	0.062992
128	13	0.30	Model_A_Pairwise	1012	8128	0.692308	0.067308	4.23	54.54	224.46	0.141732
128	13	0.30	Model_B_Sparse_3Body	1012	8128	0.923077	0.034255	3.54	47.69	467.62	0.188976
128	13	0.30	Model_C_LowRank_CP	1012	1664	1.000000	0.000000	2.00	38.69	510.46	1.000000
128	13	0.30	Model_D_Sparse_4Body	1012	8128	0.230769	0.292668	5.85	49.85	786.00	0.047244
128	13	0.30	Model_A_Pairwise	1013	8128	0.307692	0.176082	4.85	61.31	191.00	0.062992
128	13	0.30	Model_B_Sparse_3Body	1013	8128	0.615385	0.135817	5.54	71.85	463.08	0.125984
128	13	0.30	Model_C_LowRank_CP	1013	1664	1.000000	0.000000	2.08	41.08	739.08	1.000000
128	13	0.30	Model_D_Sparse_4Body	1013	8128	0.000000	0.427885	4.85	46.46	684.15	0.000000
128	13	0.30	Model_A_Pairwise	1014	8128	0.615385	0.071514	4.54	50.15	254.08	0.125984
128	13	0.30	Model_B_Sparse_3Body	1014	8128	0.923077	0.033654	3.62	51.00	268.31	0.188976
128	13	0.30	Model_C_LowRank_CP	1014	1664	1.000000	0.000000	2.00	38.69	555.08	1.000000
128	13	0.30	Model_D_Sparse_4Body	1014	8128	0.230769	0.327524	5.38	52.00	902.23	0.047244
128	13	0.30	Model_A_Pairwise	1015	8128	0.461538	0.139423	5.31	56.15	195.54	0.094488
128	13	0.30	Model_B_Sparse_3Body	1015	8128	0.692308	0.109375	4.23	57.54	327.23	0.141732
128	13	0.30	Model_C_LowRank_CP	1015	1664	1.000000	0.000000	2.08	39.38	772.08	1.000000
128	13	0.30	Model_D_Sparse_4Body	1015	8128	0.153846	0.345553	5.85	48.54	913.23	0.031496
128	13	0.30	Model_A_Pairwise	1016	8128	0.538462	0.129207	4.92	59.38	169.23	0.110236
128	13	0.30	Model_B_Sparse_3Body	1016	8128	0.769231	0.105168	3.62	51.54	1216.38	0.157480
128	13	0.30	Model_C_LowRank_CP	1016	1664	1.000000	0.000000	2.08	39.92	1643.54	1.000000
128	13	0.30	Model_D_Sparse_4Body	1016	8128	0.230769	0.301683	6.00	51.77	2249.92	0.047244
128	13	0.30	Model_A_Pairwise	1017	8128	0.461538	0.140024	4.92	60.08	849.23	0.094488
128	13	0.30	Model_B_Sparse_3Body	1017	8128	0.846154	0.074519	3.54	55.08	446.77	0.173228
128	13	0.30	Model_C_LowRank_CP	1017	1664	0.846154	0.051683	2.23	40.31	1182.38	0.846154
128	13	0.30	Model_D_Sparse_4Body	1017	8128	0.230769	0.304087	4.69	49.85	1092.08	0.047244
128	13	0.30	Model_A_Pairwise	1018	8128	0.538462	0.113582	4.31	54.46	241.31	0.110236
128	13	0.30	Model_B_Sparse_3Body	1018	8128	0.692308	0.141226	3.92	62.92	459.92	0.141732
128	13	0.30	Model_C_LowRank_CP	1018	1664	1.000000	0.000000	2.00	41.31	1046.31	1.000000
128	13	0.30	Model_D_Sparse_4Body	1018	8128	0.153846	0.360577	5.62	52.38	1087.92	0.031496
128	13	0.30	Model_A_Pairwise	1019	8128	0.461538	0.134615	5.00	55.15	266.00	0.094488
128	13	0.30	Model_B_Sparse_3Body	1019	8128	1.000000	0.000000	3.62	54.54	415.85	0.204724
128	13	0.30	Model_C_LowRank_CP	1019	1664	1.000000	0.000000	2.00	37.62	1079.46	1.000000
128	13	0.30	Model_D_Sparse_4Body	1019	8128	0.384615	0.262620	6.23	53.08	1355.69	0.078740
128	13	0.30	Model_A_Pairwise	1020	8128	0.692308	0.058894	4.62	53.31	163.85	0.141732
128	13	0.30	Model_B_Sparse_3Body	1020	8128	0.846154	0.052885	3.31	45.31	303.54	0.173228
128	13	0.30	Model_C_LowRank_CP	1020	1664	1.000000	0.000000	2.00	37.62	632.38	1.000000
128	13	0.30	Model_D_Sparse_4Body	1020	8128	0.384615	0.239183	5.23	52.08	984.85	0.078740
128	13	0.40	Model_A_Pairwise	1001	8128	0.153846	0.328726	5.69	80.46	193.92	0.031496
128	13	0.40	Model_B_Sparse_3Body	1001	8128	0.153846	0.394832	5.08	72.31	1358.77	0.031496
128	13	0.40	Model_C_LowRank_CP	1001	1664	0.692308	0.161058	2.62	50.54	1465.69	0.692308
128	13	0.40	Model_D_Sparse_4Body	1001	8128	0.000000	0.452524	6.62	53.38	1309.15	0.000000
128	13	0.40	Model_A_Pairwise	1002	8128	0.230769	0.290865	5.54	74.00	221.15	0.047244
128	13	0.40	Model_B_Sparse_3Body	1002	8128	0.384615	0.268630	5.46	71.00	735.77	0.078740
128	13	0.40	Model_C_LowRank_CP	1002	1664	0.692308	0.155048	2.62	53.54	1162.38	0.692308
128	13	0.40	Model_D_Sparse_4Body	1002	8128	0.000000	0.460938	5.46	49.62	1401.00	0.000000
128	13	0.40	Model_A_Pairwise	1003	8128	0.076923	0.316707	5.54	79.62	321.69	0.015748
128	13	0.40	Model_B_Sparse_3Body	1003	8128	0.230769	0.381010	5.85	74.77	718.08	0.047244
128	13	0.40	Model_C_LowRank_CP	1003	1664	0.538462	0.237380	2.46	55.15	1052.69	0.538462
128	13	0.40	Model_D_Sparse_4Body	1003	8128	0.000000	0.455529	6.62	56.00	2585.62	0.000000
128	13	0.40	Model_A_Pairwise	1004	8128	0.307692	0.270433	5.46	72.31	418.38	0.062992
128	13	0.40	Model_B_Sparse_3Body	1004	8128	0.153846	0.430288	6.38	76.46	1910.38	0.031496
128	13	0.40	Model_C_LowRank_CP	1004	1664	0.538462	0.216947	2.62	52.54	818.23	0.538462
128	13	0.40	Model_D_Sparse_4Body	1004	8128	0.076923	0.418269	5.69	50.62	1358.38	0.015748
128	13	0.40	Model_A_Pairwise	1005	8128	0.153846	0.351562	5.62	75.46	304.62	0.031496
128	13	0.40	Model_B_Sparse_3Body	1005	8128	0.230769	0.318510	6.31	82.92	728.46	0.047244
128	13	0.40	Model_C_LowRank_CP	1005	1664	0.846154	0.078726	2.31	51.46	1177.08	0.846154
128	13	0.40	Model_D_Sparse_4Body	1005	8128	0.000000	0.463341	5.38	48.38	1003.46	0.000000
128	13	0.40	Model_A_Pairwise	1006	8128	0.153846	0.310697	5.31	80.46	288.15	0.031496
128	13	0.40	Model_B_Sparse_3Body	1006	8128	0.384615	0.313101	5.31	72.46	650.54	0.078740
128	13	0.40	Model_C_LowRank_CP	1006	1664	0.769231	0.121394	2.54	51.46	895.62	0.769231
128	13	0.40	Model_D_Sparse_4Body	1006	8128	0.000000	0.460337	6.31	53.15	1285.46	0.000000
128	13	0.40	Model_A_Pairwise	1007	8128	0.230769	0.305889	6.46	78.54	330.08	0.047244
128	13	0.40	Model_B_Sparse_3Body	1007	8128	0.461538	0.259615	6.00	74.00	1420.46	0.094488
128	13	0.40	Model_C_LowRank_CP	1007	1664	0.615385	0.197716	2.46	52.08	1961.15	0.615385
128	13	0.40	Model_D_Sparse_4Body	1007	8128	0.076923	0.438101	6.31	53.31	2950.62	0.015748
128	13	0.40	Model_A_Pairwise	1008	8128	0.230769	0.240986	5.00	72.15	332.38	0.047244
128	13	0.40	Model_B_Sparse_3Body	1008	8128	0.384615	0.289062	5.62	70.62	702.38	0.078740
128	13	0.40	Model_C_LowRank_CP	1008	1664	0.769231	0.100361	2.62	52.62	1415.69	0.769231
128	13	0.40	Model_D_Sparse_4Body	1008	8128	0.076923	0.429087	6.15	54.54	1289.23	0.015748
128	13	0.40	Model_A_Pairwise	1009	8128	0.076923	0.335337	6.62	80.31	357.15	0.015748
128	13	0.40	Model_B_Sparse_3Body	1009	8128	0.384615	0.309495	5.38	73.62	692.00	0.078740
128	13	0.40	Model_C_LowRank_CP	1009	1664	0.615385	0.191106	2.54	53.38	1337.92	0.615385
128	13	0.40	Model_D_Sparse_4Body	1009	8128	0.000000	0.469351	5.77	51.31	2063.92	0.000000
128	13	0.40	Model_A_Pairwise	1010	8128	0.076923	0.319111	6.00	79.15	380.38	0.015748
128	13	0.40	Model_B_Sparse_3Body	1010	8128	0.307692	0.334736	5.46	73.31	454.38	0.062992
128	13	0.40	Model_C_LowRank_CP	1010	1664	0.692308	0.144231	2.54	50.15	1062.38	0.692308
128	13	0.40	Model_D_Sparse_4Body	1010	8128	0.000000	0.454327	5.38	52.00	1132.23	0.000000
128	13	0.40	Model_A_Pairwise	1011	8128	0.230769	0.280048	5.38	76.54	180.85	0.047244
128	13	0.40	Model_B_Sparse_3Body	1011	8128	0.384615	0.293870	5.92	72.15	497.15	0.078740
128	13	0.40	Model_C_LowRank_CP	1011	1664	0.769231	0.121394	2.31	51.31	540.38	0.769231
128	13	0.40	Model_D_Sparse_4Body	1011	8128	0.000000	0.430889	5.46	48.46	1112.85	0.000000
128	13	0.40	Model_A_Pairwise	1012	8128	0.076923	0.388822	6.08	84.69	942.46	0.015748
128	13	0.40	Model_B_Sparse_3Body	1012	8128	0.384615	0.290264	5.23	74.54	2411.54	0.078740
128	13	0.40	Model_C_LowRank_CP	1012	1664	0.692308	0.144832	2.46	52.23	2339.00	0.692308
128	13	0.40	Model_D_Sparse_4Body	1012	8128	0.000000	0.463341	5.00	44.38	1051.77	0.000000
128	13	0.40	Model_A_Pairwise	1013	8128	0.000000	0.434495	5.00	75.15	349.85	0.000000
128	13	0.40	Model_B_Sparse_3Body	1013	8128	0.076923	0.467548	5.46	70.00	687.46	0.015748
128	13	0.40	Model_C_LowRank_CP	1013	1664	0.307692	0.358173	2.46	52.77	1285.92	0.307692
128	13	0.40	Model_D_Sparse_4Body	1013	8128	0.000000	0.471755	5.62	52.38	1188.77	0.000000
128	13	0.40	Model_A_Pairwise	1014	8128	0.153846	0.236178	5.31	72.38	322.00	0.031496
128	13	0.40	Model_B_Sparse_3Body	1014	8128	0.307692	0.319712	6.23	66.92	867.62	0.062992
128	13	0.40	Model_C_LowRank_CP	1014	1664	0.769231	0.117788	2.54	53.38	673.46	0.769231
128	13	0.40	Model_D_Sparse_4Body	1014	8128	0.076923	0.442909	5.85	52.54	894.46	0.015748
128	13	0.40	Model_A_Pairwise	1015	8128	0.230769	0.328125	5.85	74.85	315.85	0.047244
128	13	0.40	Model_B_Sparse_3Body	1015	8128	0.307692	0.295673	5.00	73.77	602.69	0.062992
128	13	0.40	Model_C_LowRank_CP	1015	1664	0.692308	0.153846	2.38	50.69	1002.69	0.692308
128	13	0.40	Model_D_Sparse_4Body	1015	8128	0.000000	0.471154	6.00	56.08	1228.00	0.000000
128	13	0.40	Model_A_Pairwise	1016	8128	0.000000	0.351562	5.46	74.62	304.00	0.000000
128	13	0.40	Model_B_Sparse_3Body	1016	8128	0.230769	0.365986	5.69	73.23	1075.92	0.047244
128	13	0.40	Model_C_LowRank_CP	1016	1664	0.461538	0.262019	2.85	49.15	999.31	0.461538
128	13	0.40	Model_D_Sparse_4Body	1016	8128	0.000000	0.468149	5.23	49.23	1084.92	0.000000
128	13	0.40	Model_A_Pairwise	1017	8128	0.000000	0.393630	6.38	79.62	455.62	0.000000
128	13	0.40	Model_B_Sparse_3Body	1017	8128	0.307692	0.305889	5.23	68.38	560.31	0.062992
128	13	0.40	Model_C_LowRank_CP	1017	1664	0.769231	0.110577	2.54	55.23	798.77	0.769231
128	13	0.40	Model_D_Sparse_4Body	1017	8128	0.000000	0.449519	5.54	47.54	680.54	0.000000
128	13	0.40	Model_A_Pairwise	1018	8128	0.153846	0.371394	6.31	81.54	229.23	0.031496
128	13	0.40	Model_B_Sparse_3Body	1018	8128	0.153846	0.400240	6.08	73.08	2100.77	0.031496
128	13	0.40	Model_C_LowRank_CP	1018	1664	0.692308	0.158654	2.69	52.15	626.92	0.692308
128	13	0.40	Model_D_Sparse_4Body	1018	8128	0.000000	0.460938	5.62	46.85	698.92	0.000000
128	13	0.40	Model_A_Pairwise	1019	8128	0.230769	0.268029	6.08	72.23	328.23	0.047244
128	13	0.40	Model_B_Sparse_3Body	1019	8128	0.384615	0.275240	4.92	62.08	568.38	0.078740
128	13	0.40	Model_C_LowRank_CP	1019	1664	0.769231	0.120192	2.38	49.77	650.77	0.769231
128	13	0.40	Model_D_Sparse_4Body	1019	8128	0.076923	0.411058	6.00	52.23	739.69	0.015748
128	13	0.40	Model_A_Pairwise	1020	8128	0.153846	0.320312	4.62	69.46	271.85	0.031496
128	13	0.40	Model_B_Sparse_3Body	1020	8128	0.538462	0.189303	5.00	64.85	571.62	0.110236
128	13	0.40	Model_C_LowRank_CP	1020	1664	0.769231	0.115385	2.46	51.69	1316.62	0.769231
128	13	0.40	Model_D_Sparse_4Body	1020	8128	0.000000	0.466947	6.85	53.46	970.77	0.000000
128	32	0.10	Model_A_Pairwise	1001	8128	0.031250	0.246338	6.31	47.78	354.34	0.015748
128	32	0.10	Model_B_Sparse_3Body	1001	8128	0.125000	0.018799	3.16	18.16	381.56	0.062992
128	32	0.10	Model_C_LowRank_CP	1001	4096	1.000000	0.000000	2.00	12.44	1793.16	1.000000
128	32	0.10	Model_D_Sparse_4Body	1001	8128	0.593750	0.006104	2.88	16.59	747.31	0.299213
128	32	0.10	Model_A_Pairwise	1002	8128	0.000000	0.165039	5.56	34.84	524.44	0.000000
128	32	0.10	Model_B_Sparse_3Body	1002	8128	0.187500	0.014404	2.84	16.81	868.66	0.094488
128	32	0.10	Model_C_LowRank_CP	1002	4096	1.000000	0.000000	2.00	12.09	1156.78	1.000000
128	32	0.10	Model_D_Sparse_4Body	1002	8128	0.593750	0.004395	3.00	16.47	419.31	0.299213
128	32	0.10	Model_A_Pairwise	1003	8128	0.031250	0.178223	6.03	37.28	257.41	0.015748
128	32	0.10	Model_B_Sparse_3Body	1003	8128	0.156250	0.014160	3.06	17.97	242.69	0.078740
128	32	0.10	Model_C_LowRank_CP	1003	4096	1.000000	0.000000	2.00	12.78	779.56	1.000000
128	32	0.10	Model_D_Sparse_4Body	1003	8128	0.468750	0.011719	3.06	17.41	848.19	0.236220
128	32	0.10	Model_A_Pairwise	1004	8128	0.000000	0.191162	5.94	38.50	573.38	0.000000
128	32	0.10	Model_B_Sparse_3Body	1004	8128	0.187500	0.016357	2.84	16.75	424.41	0.094488
128	32	0.10	Model_C_LowRank_CP	1004	4096	1.000000	0.000000	2.00	12.28	1156.91	1.000000
128	32	0.10	Model_D_Sparse_4Body	1004	8128	0.562500	0.011719	3.03	16.53	792.66	0.283465
128	32	0.10	Model_A_Pairwise	1005	8128	0.000000	0.166992	5.41	36.97	289.09	0.000000
128	32	0.10	Model_B_Sparse_3Body	1005	8128	0.187500	0.017822	3.22	18.56	358.88	0.094488
128	32	0.10	Model_C_LowRank_CP	1005	4096	1.000000	0.000000	2.00	13.09	982.00	1.000000
128	32	0.10	Model_D_Sparse_4Body	1005	8128	0.500000	0.013428	3.06	18.25	371.97	0.251969
128	32	0.10	Model_A_Pairwise	1006	8128	0.000000	0.228027	6.81	44.34	647.44	0.000000
128	32	0.10	Model_B_Sparse_3Body	1006	8128	0.187500	0.014648	2.91	16.34	561.66	0.094488
128	32	0.10	Model_C_LowRank_CP	1006	4096	1.000000	0.000000	2.00	12.22	1451.78	1.000000
128	32	0.10	Model_D_Sparse_4Body	1006	8128	0.437500	0.007324	3.06	17.16	521.97	0.220472
128	32	0.10	Model_A_Pairwise	1007	8128	0.000000	0.168945	5.69	35.62	228.22	0.000000
128	32	0.10	Model_B_Sparse_3Body	1007	8128	0.250000	0.013672	3.12	18.06	262.97	0.125984
128	32	0.10	Model_C_LowRank_CP	1007	4096	1.000000	0.000000	2.00	12.69	1037.56	1.000000
128	32	0.10	Model_D_Sparse_4Body	1007	8128	0.468750	0.006836	3.00	17.94	498.31	0.236220
128	32	0.10	Model_A_Pairwise	1008	8128	0.031250	0.213867	6.47	42.34	232.25	0.015748
128	32	0.10	Model_B_Sparse_3Body	1008	8128	0.312500	0.012695	2.97	19.16	398.94	0.157480
128	32	0.10	Model_C_LowRank_CP	1008	4096	1.000000	0.000000	2.00	13.78	897.62	1.000000
128	32	0.10	Model_D_Sparse_4Body	1008	8128	0.500000	0.005371	2.97	18.53	367.84	0.251969
128	32	0.10	Model_A_Pairwise	1009	8128	0.000000	0.295410	6.81	52.31	304.53	0.000000
128	32	0.10	Model_B_Sparse_3Body	1009	8128	0.218750	0.015381	2.91	16.84	279.62	0.110236
128	32	0.10	Model_C_LowRank_CP	1009	4096	1.000000	0.000000	2.00	12.31	1281.78	1.000000
128	32	0.10	Model_D_Sparse_4Body	1009	8128	0.531250	0.009766	3.12	18.31	617.84	0.267717
128	32	0.10	Model_A_Pairwise	1010	8128	0.000000	0.191895	5.94	38.75	314.28	0.000000
128	32	0.10	Model_B_Sparse_3Body	1010	8128	0.156250	0.016846	3.19	17.84	337.84	0.078740
128	32	0.10	Model_C_LowRank_CP	1010	4096	1.000000	0.000000	2.00	12.25	745.16	1.000000
128	32	0.10	Model_D_Sparse_4Body	1010	8128	0.625000	0.006836	3.12	16.88	381.75	0.314961
128	32	0.10	Model_A_Pairwise	1011	8128	0.031250	0.210693	5.91	43.00	207.91	0.015748
128	32	0.10	Model_B_Sparse_3Body	1011	8128	0.093750	0.017822	3.00	19.12	243.03	0.047244
128	32	0.10	Model_C_LowRank_CP	1011	4096	1.000000	0.000000	2.00	14.03	914.62	1.000000
128	32	0.10	Model_D_Sparse_4Body	1011	8128	0.500000	0.007324	3.38	21.97	468.56	0.251969
128	32	0.10	Model_A_Pairwise	1012	8128	0.000000	0.210449	5.84	42.47	214.75	0.000000
128	32	0.10	Model_B_Sparse_3Body	1012	8128	0.156250	0.018555	3.09	18.59	358.41	0.078740
128	32	0.10	Model_C_LowRank_CP	1012	4096	1.000000	0.000000	2.00	12.84	687.81	1.000000
128	32	0.10	Model_D_Sparse_4Body	1012	8128	0.562500	0.006836	3.06	18.41	453.44	0.283465
128	32	0.10	Model_A_Pairwise	1013	8128	0.031250	0.190918	6.84	41.81	249.28	0.015748
128	32	0.10	Model_B_Sparse_3Body	1013	8128	0.062500	0.019043	3.22	18.88	350.25	0.031496
128	32	0.10	Model_C_LowRank_CP	1013	4096	1.000000	0.000000	2.00	13.44	1318.09	1.000000
128	32	0.10	Model_D_Sparse_4Body	1013	8128	0.468750	0.005371	3.06	19.56	630.00	0.236220
128	32	0.10	Model_A_Pairwise	1014	8128	0.062500	0.212891	6.34	44.34	339.16	0.031496
128	32	0.10	Model_B_Sparse_3Body	1014	8128	0.250000	0.015625	3.22	19.16	392.84	0.125984
128	32	0.10	Model_C_LowRank_CP	1014	4096	1.000000	0.000000	2.00	13.34	2087.34	1.000000
128	32	0.10	Model_D_Sparse_4Body	1014	8128	0.562500	0.006348	3.22	19.59	958.69	0.283465
128	32	0.10	Model_A_Pairwise	1015	8128	0.031250	0.214844	6.44	44.78	458.66	0.015748
128	32	0.10	Model_B_Sparse_3Body	1015	8128	0.031250	0.019043	3.00	18.91	424.44	0.015748
128	32	0.10	Model_C_LowRank_CP	1015	4096	1.000000	0.000000	2.00	13.34	869.06	1.000000
128	32	0.10	Model_D_Sparse_4Body	1015	8128	0.375000	0.013672	3.41	19.84	660.66	0.188976
128	32	0.10	Model_A_Pairwise	1016	8128	0.062500	0.237549	6.97	48.09	573.28	0.031496
128	32	0.10	Model_B_Sparse_3Body	1016	8128	0.093750	0.018066	3.09	19.75	723.16	0.047244
128	32	0.10	Model_C_LowRank_CP	1016	4096	1.000000	0.000000	2.00	13.00	1786.56	1.000000
128	32	0.10	Model_D_Sparse_4Body	1016	8128	0.593750	0.004639	3.06	18.66	1001.03	0.299213
128	32	0.10	Model_A_Pairwise	1017	8128	0.000000	0.239014	6.50	44.50	755.12	0.000000
128	32	0.10	Model_B_Sparse_3Body	1017	8128	0.156250	0.020264	2.94	17.06	236.53	0.078740
128	32	0.10	Model_C_LowRank_CP	1017	4096	1.000000	0.000000	2.00	11.84	927.50	1.000000
128	32	0.10	Model_D_Sparse_4Body	1017	8128	0.593750	0.005127	3.16	17.81	2008.75	0.299213
128	32	0.10	Model_A_Pairwise	1018	8128	0.000000	0.206543	6.44	42.44	449.94	0.000000
128	32	0.10	Model_B_Sparse_3Body	1018	8128	0.093750	0.020264	3.03	18.59	452.91	0.047244
128	32	0.10	Model_C_LowRank_CP	1018	4096	1.000000	0.000000	2.00	13.06	1439.00	1.000000
128	32	0.10	Model_D_Sparse_4Body	1018	8128	0.500000	0.007568	3.06	18.72	1037.38	0.251969
128	32	0.10	Model_A_Pairwise	1019	8128	0.000000	0.189697	5.91	38.09	559.22	0.000000
128	32	0.10	Model_B_Sparse_3Body	1019	8128	0.156250	0.015625	3.03	18.50	660.81	0.078740
128	32	0.10	Model_C_LowRank_CP	1019	4096	1.000000	0.000000	2.00	12.56	1347.06	1.000000
128	32	0.10	Model_D_Sparse_4Body	1019	8128	0.593750	0.004639	3.03	17.09	435.47	0.299213
128	32	0.10	Model_A_Pairwise	1020	8128	0.000000	0.224365	6.06	43.34	241.53	0.000000
128	32	0.10	Model_B_Sparse_3Body	1020	8128	0.125000	0.017578	3.00	17.12	286.03	0.062992
128	32	0.10	Model_C_LowRank_CP	1020	4096	1.000000	0.000000	2.00	12.44	2349.88	1.000000
128	32	0.10	Model_D_Sparse_4Body	1020	8128	0.406250	0.007080	2.97	17.41	549.62	0.204724
128	32	0.20	Model_A_Pairwise	1001	8128	0.000000	0.308838	7.31	67.06	819.03	0.000000
128	32	0.20	Model_B_Sparse_3Body	1001	8128	0.125000	0.037354	4.06	41.81	875.62	0.062992
128	32	0.20	Model_C_LowRank_CP	1001	4096	1.000000	0.000000	2.00	25.28	856.38	1.000000
128	32	0.20	Model_D_Sparse_4Body	1001	8128	0.218750	0.148438	4.94	42.72	1039.69	0.110236
128	32	0.20	Model_A_Pairwise	1002	8128	0.000000	0.242188	6.09	54.12	331.94	0.000000
128	32	0.20	Model_B_Sparse_3Body	1002	8128	0.156250	0.036865	3.84	37.34	469.12	0.078740
128	32	0.20	Model_C_LowRank_CP	1002	4096	1.000000	0.000000	2.00	24.31	777.28	1.000000
128	32	0.20	Model_D_Sparse_4Body	1002	8128	0.250000	0.150879	5.25	42.56	685.44	0.125984
128	32	0.20	Model_A_Pairwise	1003	8128	0.000000	0.234375	6.31	55.09	351.09	0.000000
128	32	0.20	Model_B_Sparse_3Body	1003	8128	0.125000	0.020508	3.94	40.78	453.09	0.062992
128	32	0.20	Model_C_LowRank_CP	1003	4096	1.000000	0.000000	2.00	26.28	612.69	1.000000
128	32	0.20	Model_D_Sparse_4Body	1003	8128	0.250000	0.165527	4.53	41.53	982.69	0.125984
128	32	0.20	Model_A_Pairwise	1004	8128	0.000000	0.248291	6.69	57.97	498.47	0.000000
128	32	0.20	Model_B_Sparse_3Body	1004	8128	0.218750	0.024902	3.94	38.38	406.81	0.110236
128	32	0.20	Model_C_LowRank_CP	1004	4096	1.000000	0.000000	2.00	25.19	784.72	1.000000
128	32	0.20	Model_D_Sparse_4Body	1004	8128	0.281250	0.113281	4.09	38.19	676.34	0.141732
128	32	0.20	Model_A_Pairwise	1005	8128	0.000000	0.255615	6.25	59.56	226.78	0.000000
128	32	0.20	Model_B_Sparse_3Body	1005	8128	0.125000	0.040283	4.81	47.19	568.34	0.062992
128	32	0.20	Model_C_LowRank_CP	1005	4096	1.000000	0.000000	2.00	26.09	909.97	1.000000
128	32	0.20	Model_D_Sparse_4Body	1005	8128	0.375000	0.113037	4.97	43.25	766.34	0.188976
128	32	0.20	Model_A_Pairwise	1006	8128	0.000000	0.303467	7.53	67.12	512.03	0.000000
128	32	0.20	Model_B_Sparse_3Body	1006	8128	0.156250	0.020264	4.00	38.81	634.28	0.078740
128	32	0.20	Model_C_LowRank_CP	1006	4096	1.000000	0.000000	2.00	24.59	1232.59	1.000000
128	32	0.20	Model_D_Sparse_4Body	1006	8128	0.312500	0.105469	4.81	42.16	706.66	0.157480
128	32	0.20	Model_A_Pairwise	1007	8128	0.000000	0.234131	5.81	52.72	206.56	0.000000
128	32	0.20	Model_B_Sparse_3Body	1007	8128	0.187500	0.031006	4.25	40.34	355.28	0.094488
128	32	0.20	Model_C_LowRank_CP	1007	4096	1.000000	0.000000	2.00	25.69	1180.06	1.000000
128	32	0.20	Model_D_Sparse_4Body	1007	8128	0.250000	0.126709	5.00	44.22	644.28	0.125984
128	32	0.20	Model_A_Pairwise	1008	8128	0.000000	0.284424	6.97	60.62	250.44	0.000000
128	32	0.20	Model_B_Sparse_3Body	1008	8128	0.218750	0.030518	3.97	40.56	334.00	0.110236
128	32	0.20	Model_C_LowRank_CP	1008	4096	1.000000	0.000000	2.00	25.97	1037.41	1.000000
128	32	0.20	Model_D_Sparse_4Body	1008	8128	0.281250	0.168701	4.91	42.56	979.38	0.141732
128	32	0.20	Model_A_Pairwise	1009	8128	0.000000	0.334717	6.84	66.34	409.03	0.000000
128	32	0.20	Model_B_Sparse_3Body	1009	8128	0.187500	0.016602	3.84	39.81	474.97	0.094488
128	32	0.20	Model_C_LowRank_CP	1009	4096	1.000000	0.000000	2.00	25.00	1518.09	1.000000
128	32	0.20	Model_D_Sparse_4Body	1009	8128	0.281250	0.132080	5.22	45.34	908.97	0.141732
128	32	0.20	Model_A_Pairwise	1010	8128	0.000000	0.220703	5.41	49.16	291.34	0.000000
128	32	0.20	Model_B_Sparse_3Body	1010	8128	0.156250	0.028809	3.78	36.78	508.25	0.078740
128	32	0.20	Model_C_LowRank_CP	1010	4096	1.000000	0.000000	2.00	24.16	1207.88	1.000000
128	32	0.20	Model_D_Sparse_4Body	1010	8128	0.437500	0.098877	4.62	39.25	701.22	0.220472
128	32	0.20	Model_A_Pairwise	1011	8128	0.031250	0.250732	6.12	60.00	325.69	0.015748
128	32	0.20	Model_B_Sparse_3Body	1011	8128	0.062500	0.034180	4.38	46.28	739.16	0.031496
128	32	0.20	Model_C_LowRank_CP	1011	4096	1.000000	0.000000	2.00	27.22	1265.00	1.000000
128	32	0.20	Model_D_Sparse_4Body	1011	8128	0.187500	0.177979	5.19	44.56	1555.94	0.094488
128	32	0.20	Model_A_Pairwise	1012	8128	0.000000	0.272217	6.75	61.25	379.94	0.000000
128	32	0.20	Model_B_Sparse_3Body	1012	8128	0.125000	0.032227	4.03	38.59	447.38	0.062992
128	32	0.20	Model_C_LowRank_CP	1012	4096	1.000000	0.000000	2.00	25.41	959.88	1.000000
128	32	0.20	Model_D_Sparse_4Body	1012	8128	0.312500	0.141846	4.91	42.75	795.50	0.157480
128	32	0.20	Model_A_Pairwise	1013	8128	0.000000	0.243896	7.03	61.88	374.84	0.000000
128	32	0.20	Model_B_Sparse_3Body	1013	8128	0.062500	0.061279	3.97	40.44	327.72	0.031496
128	32	0.20	Model_C_LowRank_CP	1013	4096	1.000000	0.000000	2.00	27.03	961.41	1.000000
128	32	0.20	Model_D_Sparse_4Body	1013	8128	0.156250	0.204346	5.50	47.81	1304.91	0.078740
128	32	0.20	Model_A_Pairwise	1014	8128	0.031250	0.280273	7.16	64.94	272.81	0.015748
128	32	0.20	Model_B_Sparse_3Body	1014	8128	0.187500	0.042480	3.97	40.19	359.28	0.094488
128	32	0.20	Model_C_LowRank_CP	1014	4096	1.000000	0.000000	2.00	25.88	1239.88	1.000000
128	32	0.20	Model_D_Sparse_4Body	1014	8128	0.250000	0.119629	5.06	45.44	612.72	0.125984
128	32	0.20	Model_A_Pairwise	1015	8128	0.000000	0.267090	6.25	61.34	340.47	0.000000
128	32	0.20	Model_B_Sparse_3Body	1015	8128	0.062500	0.045654	4.41	44.25	432.75	0.031496
128	32	0.20	Model_C_LowRank_CP	1015	4096	1.000000	0.000000	2.00	26.47	915.59	1.000000
128	32	0.20	Model_D_Sparse_4Body	1015	8128	0.218750	0.176514	5.25	46.25	1181.16	0.110236
128	32	0.20	Model_A_Pairwise	1016	8128	0.000000	0.308350	7.12	66.75	897.12	0.000000
128	32	0.20	Model_B_Sparse_3Body	1016	8128	0.125000	0.040283	4.47	44.88	1167.56	0.062992
128	32	0.20	Model_C_LowRank_CP	1016	4096	1.000000	0.000000	2.00	26.53	1389.91	1.000000
128	32	0.20	Model_D_Sparse_4Body	1016	8128	0.312500	0.151855	5.44	45.91	1176.22	0.157480
128	32	0.20	Model_A_Pairwise	1017	8128	0.000000	0.270264	6.81	59.50	253.50	0.000000
128	32	0.20	Model_B_Sparse_3Body	1017	8128	0.156250	0.030029	3.88	38.31	284.34	0.078740
128	32	0.20	Model_C_LowRank_CP	1017	4096	1.000000	0.000000	2.00	24.91	1445.41	1.000000
128	32	0.20	Model_D_Sparse_4Body	1017	8128	0.343750	0.145020	4.97	38.28	2298.91	0.173228
128	32	0.20	Model_A_Pairwise	1018	8128	0.000000	0.268555	6.31	62.19	393.69	0.000000
128	32	0.20	Model_B_Sparse_3Body	1018	8128	0.093750	0.034912	4.28	43.09	1698.97	0.047244
128	32	0.20	Model_C_LowRank_CP	1018	4096	1.000000	0.000000	2.00	26.44	1710.66	1.000000
128	32	0.20	Model_D_Sparse_4Body	1018	8128	0.250000	0.154297	5.03	43.75	1091.53	0.125984
128	32	0.20	Model_A_Pairwise	1019	8128	0.031250	0.243896	5.69	53.12	306.53	0.015748
128	32	0.20	Model_B_Sparse_3Body	1019	8128	0.062500	0.037842	4.00	42.69	1201.81	0.031496
128	32	0.20	Model_C_LowRank_CP	1019	4096	1.000000	0.000000	2.00	25.47	735.59	1.000000
128	32	0.20	Model_D_Sparse_4Body	1019	8128	0.343750	0.121826	5.31	44.44	837.09	0.173228
128	32	0.20	Model_A_Pairwise	1020	8128	0.000000	0.279785	6.88	59.88	233.41	0.000000
128	32	0.20	Model_B_Sparse_3Body	1020	8128	0.125000	0.017578	3.94	39.94	519.94	0.062992
128	32	0.20	Model_C_LowRank_CP	1020	4096	1.000000	0.000000	2.00	24.75	1065.22	1.000000
128	32	0.20	Model_D_Sparse_4Body	1020	8128	0.187500	0.142578	4.75	42.31	623.50	0.094488
128	32	0.30	Model_A_Pairwise	1001	8128	0.000000	0.352783	7.00	76.69	255.47	0.000000
128	32	0.30	Model_B_Sparse_3Body	1001	8128	0.031250	0.184082	5.72	60.16	499.78	0.015748
128	32	0.30	Model_C_LowRank_CP	1001	4096	1.000000	0.000000	2.06	36.78	731.88	1.000000
128	32	0.30	Model_D_Sparse_4Body	1001	8128	0.031250	0.345215	5.75	51.28	1976.72	0.015748
128	32	0.30	Model_A_Pairwise	1002	8128	0.000000	0.310791	6.34	68.19	353.69	0.000000
128	32	0.30	Model_B_Sparse_3Body	1002	8128	0.125000	0.204346	5.25	59.81	613.28	0.062992
128	32	0.30	Model_C_LowRank_CP	1002	4096	0.968750	0.011963	2.12	36.94	2520.88	0.968750
128	32	0.30	Model_D_Sparse_4Body	1002	8128	0.031250	0.345215	5.97	52.66	863.41	0.015748
128	32	0.30	Model_A_Pairwise	1003	8128	0.000000	0.302490	6.31	71.91	529.78	0.000000
128	32	0.30	Model_B_Sparse_3Body	1003	8128	0.093750	0.206055	5.69	61.00	834.53	0.047244
128	32	0.30	Model_C_LowRank_CP	1003	4096	1.000000	0.000000	2.12	39.69	1783.69	1.000000
128	32	0.30	Model_D_Sparse_4Body	1003	8128	0.031250	0.370361	5.56	48.03	997.28	0.015748
128	32	0.30	Model_A_Pairwise	1004	8128	0.000000	0.325684	6.28	72.56	222.81	0.000000
128	32	0.30	Model_B_Sparse_3Body	1004	8128	0.125000	0.225342	6.25	63.53	1150.84	0.062992
128	32	0.30	Model_C_LowRank_CP	1004	4096	1.000000	0.000000	2.09	38.00	977.69	1.000000
128	32	0.30	Model_D_Sparse_4Body	1004	8128	0.031250	0.348389	5.81	50.28	1391.97	0.015748
128	32	0.30	Model_A_Pairwise	1005	8128	0.000000	0.321777	6.44	72.41	354.94	0.000000
128	32	0.30	Model_B_Sparse_3Body	1005	8128	0.062500	0.269287	6.22	63.38	635.88	0.031496
128	32	0.30	Model_C_LowRank_CP	1005	4096	0.968750	0.015137	2.09	39.03	804.88	0.968750
128	32	0.30	Model_D_Sparse_4Body	1005	8128	0.031250	0.366211	6.47	52.72	1028.78	0.015748
128	32	0.30	Model_A_Pairwise	1006	8128	0.000000	0.335938	6.94	73.75	744.81	0.000000
128	32	0.30	Model_B_Sparse_3Body	1006	8128	0.156250	0.192383	6.22	63.62	1426.81	0.078740
128	32	0.30	Model_C_LowRank_CP	1006	4096	0.968750	0.014893	2.06	37.97	647.88	0.968750
128	32	0.30	Model_D_Sparse_4Body	1006	8128	0.000000	0.342773	6.28	51.44	1261.97	0.000000
128	32	0.30	Model_A_Pairwise	1007	8128	0.000000	0.316895	5.91	66.44	260.84	0.000000
128	32	0.30	Model_B_Sparse_3Body	1007	8128	0.125000	0.209473	6.06	61.38	817.06	0.062992
128	32	0.30	Model_C_LowRank_CP	1007	4096	1.000000	0.000000	2.12	38.06	2163.72	1.000000
128	32	0.30	Model_D_Sparse_4Body	1007	8128	0.093750	0.349365	6.28	53.41	1430.19	0.047244
128	32	0.30	Model_A_Pairwise	1008	8128	0.000000	0.314697	6.72	71.03	645.34	0.000000
128	32	0.30	Model_B_Sparse_3Body	1008	8128	0.156250	0.211426	6.03	60.00	521.81	0.078740
128	32	0.30	Model_C_LowRank_CP	1008	4096	1.000000	0.000000	2.09	38.75	649.12	1.000000
128	32	0.30	Model_D_Sparse_4Body	1008	8128	0.031250	0.364014	6.44	53.41	1582.00	0.015748
128	32	0.30	Model_A_Pairwise	1009	8128	0.000000	0.364014	6.19	72.06	324.91	0.000000
128	32	0.30	Model_B_Sparse_3Body	1009	8128	0.062500	0.259277	5.75	60.91	955.34	0.031496
128	32	0.30	Model_C_LowRank_CP	1009	4096	1.000000	0.000000	2.22	37.91	751.69	1.000000
128	32	0.30	Model_D_Sparse_4Body	1009	8128	0.062500	0.353760	5.66	50.88	993.06	0.031496
128	32	0.30	Model_A_Pairwise	1010	8128	0.000000	0.290039	5.47	63.06	216.09	0.000000
128	32	0.30	Model_B_Sparse_3Body	1010	8128	0.093750	0.164062	5.75	61.94	445.06	0.047244
128	32	0.30	Model_C_LowRank_CP	1010	4096	1.000000	0.000000	2.16	37.62	896.41	1.000000
128	32	0.30	Model_D_Sparse_4Body	1010	8128	0.031250	0.369141	5.88	50.12	878.44	0.015748
128	32	0.30	Model_A_Pairwise	1011	8128	0.000000	0.329590	6.00	72.62	215.47	0.000000
128	32	0.30	Model_B_Sparse_3Body	1011	8128	0.031250	0.228760	5.84	62.22	1340.44	0.015748
128	32	0.30	Model_C_LowRank_CP	1011	4096	0.906250	0.043213	2.22	40.53	844.00	0.906250
128	32	0.30	Model_D_Sparse_4Body	1011	8128	0.031250	0.368164	5.25	48.81	780.06	0.015748
128	32	0.30	Model_A_Pairwise	1012	8128	0.000000	0.344238	6.47	73.81	257.50	0.000000
128	32	0.30	Model_B_Sparse_3Body	1012	8128	0.062500	0.204834	6.19	62.53	902.81	0.031496
128	32	0.30	Model_C_LowRank_CP	1012	4096	1.000000	0.000000	2.06	38.25	1602.50	1.000000
128	32	0.30	Model_D_Sparse_4Body	1012	8128	0.000000	0.382812	5.34	48.25	1773.41	0.000000
128	32	0.30	Model_A_Pairwise	1013	8128	0.000000	0.320801	6.84	75.22	285.91	0.000000
128	32	0.30	Model_B_Sparse_3Body	1013	8128	0.031250	0.248047	5.72	61.84	513.06	0.015748
128	32	0.30	Model_C_LowRank_CP	1013	4096	1.000000	0.000000	2.22	40.03	2120.19	1.000000
128	32	0.30	Model_D_Sparse_4Body	1013	8128	0.000000	0.424805	6.12	50.34	1148.28	0.000000
128	32	0.30	Model_A_Pairwise	1014	8128	0.000000	0.341064	6.84	74.38	366.19	0.000000
128	32	0.30	Model_B_Sparse_3Body	1014	8128	0.062500	0.251709	6.34	64.44	986.34	0.031496
128	32	0.30	Model_C_LowRank_CP	1014	4096	0.968750	0.015869	2.19	39.62	1633.66	0.968750
128	32	0.30	Model_D_Sparse_4Body	1014	8128	0.000000	0.396729	5.94	51.19	874.56	0.000000
128	32	0.30	Model_A_Pairwise	1015	8128	0.000000	0.370361	7.44	79.12	514.75	0.000000
128	32	0.30	Model_B_Sparse_3Body	1015	8128	0.000000	0.270752	6.44	62.88	692.62	0.000000
128	32	0.30	Model_C_LowRank_CP	1015	4096	0.968750	0.007080	2.28	41.31	1091.53	0.968750
128	32	0.30	Model_D_Sparse_4Body	1015	8128	0.000000	0.398193	5.47	48.88	593.06	0.000000
128	32	0.30	Model_A_Pairwise	1016	8128	0.000000	0.379395	6.97	77.28	762.81	0.000000
128	32	0.30	Model_B_Sparse_3Body	1016	8128	0.031250	0.201660	6.25	66.09	1187.50	0.015748
128	32	0.30	Model_C_LowRank_CP	1016	4096	1.000000	0.000000	2.16	39.78	1846.31	1.000000
128	32	0.30	Model_D_Sparse_4Body	1016	8128	0.031250	0.385986	5.38	48.56	1739.88	0.015748
128	32	0.30	Model_A_Pairwise	1017	8128	0.000000	0.350098	6.81	73.81	284.81	0.000000
128	32	0.30	Model_B_Sparse_3Body	1017	8128	0.062500	0.194824	5.34	59.69	1500.84	0.031496
128	32	0.30	Model_C_LowRank_CP	1017	4096	0.937500	0.028076	2.16	38.66	1131.50	0.937500
128	32	0.30	Model_D_Sparse_4Body	1017	8128	0.031250	0.368408	5.91	49.53	1164.69	0.015748
128	32	0.30	Model_A_Pairwise	1018	8128	0.000000	0.330566	6.25	74.78	259.50	0.000000
128	32	0.30	Model_B_Sparse_3Body	1018	8128	0.062500	0.256104	6.56	63.31	702.31	0.031496
128	32	0.30	Model_C_LowRank_CP	1018	4096	1.000000	0.000000	2.12	39.41	1719.75	1.000000
128	32	0.30	Model_D_Sparse_4Body	1018	8128	0.031250	0.397217	6.22	52.19	1785.25	0.015748
128	32	0.30	Model_A_Pairwise	1019	8128	0.000000	0.313721	6.69	69.00	358.91	0.000000
128	32	0.30	Model_B_Sparse_3Body	1019	8128	0.062500	0.185059	5.97	65.47	717.34	0.031496
128	32	0.30	Model_C_LowRank_CP	1019	4096	0.937500	0.028076	2.12	39.62	1677.00	0.937500
128	32	0.30	Model_D_Sparse_4Body	1019	8128	0.031250	0.371826	5.56	48.50	1040.38	0.015748
128	32	0.30	Model_A_Pairwise	1020	8128	0.000000	0.321289	7.03	73.72	378.25	0.000000
128	32	0.30	Model_B_Sparse_3Body	1020	8128	0.062500	0.154297	5.59	60.16	621.81	0.031496
128	32	0.30	Model_C_LowRank_CP	1020	4096	1.000000	0.000000	2.03	37.03	1248.66	1.000000
128	32	0.30	Model_D_Sparse_4Body	1020	8128	0.031250	0.348389	5.50	47.56	656.69	0.015748
128	32	0.40	Model_A_Pairwise	1001	8128	0.000000	0.390381	7.34	89.09	902.00	0.000000
128	32	0.40	Model_B_Sparse_3Body	1001	8128	0.000000	0.407471	6.53	66.91	1420.94	0.000000
128	32	0.40	Model_C_LowRank_CP	1001	4096	0.687500	0.156250	2.72	51.12	1070.75	0.687500
128	32	0.40	Model_D_Sparse_4Body	1001	8128	0.000000	0.454834	6.28	52.28	1316.88	0.000000
128	32	0.40	Model_A_Pairwise	1002	8128	0.000000	0.420654	6.16	75.78	1368.81	0.000000
128	32	0.40	Model_B_Sparse_3Body	1002	8128	0.031250	0.386719	6.22	65.00	1067.00	0.015748
128	32	0.40	Model_C_LowRank_CP	1002	4096	0.625000	0.173584	2.72	53.16	850.09	0.625000
128	32	0.40	Model_D_Sparse_4Body	1002	8128	0.000000	0.449219	6.41	53.25	1196.06	0.000000
128	32	0.40	Model_A_Pairwise	1003	8128	0.000000	0.414551	6.41	76.44	280.56	0.000000
128	32	0.40	Model_B_Sparse_3Body	1003	8128	0.031250	0.430908	6.66	67.41	532.50	0.015748
128	32	0.40	Model_C_LowRank_CP	1003	4096	0.437500	0.272461	2.91	55.94	1815.53	0.437500
128	32	0.40	Model_D_Sparse_4Body	1003	8128	0.000000	0.468018	5.47	49.97	1845.97	0.000000
128	32	0.40	Model_A_Pairwise	1004	8128	0.000000	0.380127	6.34	78.06	1049.94	0.000000
128	32	0.40	Model_B_Sparse_3Body	1004	8128	0.000000	0.444336	6.38	63.97	985.44	0.000000
128	32	0.40	Model_C_LowRank_CP	1004	4096	0.625000	0.167480	2.78	53.53	2143.38	0.625000
128	32	0.40	Model_D_Sparse_4Body	1004	8128	0.000000	0.447266	5.88	52.78	1040.25	0.000000
128	32	0.40	Model_A_Pairwise	1005	8128	0.000000	0.398193	6.34	79.91	238.16	0.000000
128	32	0.40	Model_B_Sparse_3Body	1005	8128	0.000000	0.442871	6.50	66.75	632.38	0.000000
128	32	0.40	Model_C_LowRank_CP	1005	4096	0.531250	0.219238	2.88	55.69	1046.50	0.531250
128	32	0.40	Model_D_Sparse_4Body	1005	8128	0.000000	0.468994	5.62	48.72	704.66	0.000000
128	32	0.40	Model_A_Pairwise	1006	8128	0.000000	0.413818	6.91	82.31	909.81	0.000000
128	32	0.40	Model_B_Sparse_3Body	1006	8128	0.000000	0.403809	6.44	65.47	1412.72	0.000000
128	32	0.40	Model_C_LowRank_CP	1006	4096	0.562500	0.203857	2.75	51.44	2413.66	0.562500
128	32	0.40	Model_D_Sparse_4Body	1006	8128	0.000000	0.458740	5.84	51.12	982.12	0.000000
128	32	0.40	Model_A_Pairwise	1007	8128	0.000000	0.386963	6.75	76.66	377.97	0.000000
128	32	0.40	Model_B_Sparse_3Body	1007	8128	0.062500	0.417725	7.59	70.41	974.44	0.031496
128	32	0.40	Model_C_LowRank_CP	1007	4096	0.468750	0.255371	2.66	53.19	1976.31	0.468750
128	32	0.40	Model_D_Sparse_4Body	1007	8128	0.000000	0.461182	5.59	50.72	1058.00	0.000000
128	32	0.40	Model_A_Pairwise	1008	8128	0.000000	0.382812	6.84	80.09	490.75	0.000000
128	32	0.40	Model_B_Sparse_3Body	1008	8128	0.031250	0.412354	5.94	62.81	761.00	0.015748
128	32	0.40	Model_C_LowRank_CP	1008	4096	0.593750	0.187500	2.78	53.47	978.31	0.593750
128	32	0.40	Model_D_Sparse_4Body	1008	8128	0.000000	0.436279	5.47	50.88	812.59	0.000000
128	32	0.40	Model_A_Pairwise	1009	8128	0.000000	0.406006	6.44	82.25	383.47	0.000000
128	32	0.40	Model_B_Sparse_3Body	1009	8128	0.000000	0.402100	6.41	62.81	575.78	0.000000
128	32	0.40	Model_C_LowRank_CP	1009	4096	0.593750	0.200684	2.69	52.59	2040.09	0.593750
128	32	0.40	Model_D_Sparse_4Body	1009	8128	0.000000	0.469971	5.59	51.44	1196.31	0.000000
128	32	0.40	Model_A_Pairwise	1010	8128	0.000000	0.389404	6.12	74.88	328.47	0.000000
128	32	0.40	Model_B_Sparse_3Body	1010	8128	0.031250	0.413574	6.41	64.72	726.72	0.015748
128	32	0.40	Model_C_LowRank_CP	1010	4096	0.531250	0.215820	2.72	53.16	1755.75	0.531250
128	32	0.40	Model_D_Sparse_4Body	1010	8128	0.000000	0.454346	5.62	49.88	1021.19	0.000000
128	32	0.40	Model_A_Pairwise	1011	8128	0.000000	0.436035	6.88	82.16	379.06	0.000000
128	32	0.40	Model_B_Sparse_3Body	1011	8128	0.000000	0.404297	6.16	63.22	789.25	0.000000
128	32	0.40	Model_C_LowRank_CP	1011	4096	0.500000	0.249756	2.81	54.25	1747.94	0.500000
128	32	0.40	Model_D_Sparse_4Body	1011	8128	0.000000	0.462158	6.28	52.62	1298.50	0.000000
128	32	0.40	Model_A_Pairwise	1012	8128	0.000000	0.390137	7.31	86.19	446.16	0.000000
128	32	0.40	Model_B_Sparse_3Body	1012	8128	0.031250	0.400146	5.84	61.59	672.31	0.015748
128	32	0.40	Model_C_LowRank_CP	1012	4096	0.593750	0.186035	2.88	53.50	1059.47	0.593750
128	32	0.40	Model_D_Sparse_4Body	1012	8128	0.000000	0.456055	5.34	52.06	745.56	0.000000
128	32	0.40	Model_A_Pairwise	1013	8128	0.000000	0.430664	7.09	83.69	257.19	0.000000
128	32	0.40	Model_B_Sparse_3Body	1013	8128	0.000000	0.466797	6.59	63.56	789.47	0.000000
128	32	0.40	Model_C_LowRank_CP	1013	4096	0.406250	0.299805	2.75	53.81	1463.34	0.406250
128	32	0.40	Model_D_Sparse_4Body	1013	8128	0.000000	0.470215	5.78	47.94	1156.47	0.000000
128	32	0.40	Model_A_Pairwise	1014	8128	0.000000	0.433594	6.69	85.69	406.69	0.000000
128	32	0.40	Model_B_Sparse_3Body	1014	8128	0.031250	0.407227	6.62	64.19	572.75	0.015748
128	32	0.40	Model_C_LowRank_CP	1014	4096	0.437500	0.275635	2.75	53.78	1875.50	0.437500
128	32	0.40	Model_D_Sparse_4Body	1014	8128	0.000000	0.472168	5.91	50.06	1049.50	0.000000
128	32	0.40	Model_A_Pairwise	1015	8128	0.000000	0.419189	6.41	81.22	226.53	0.000000
128	32	0.40	Model_B_Sparse_3Body	1015	8128	0.000000	0.452881	5.78	62.59	421.91	0.000000
128	32	0.40	Model_C_LowRank_CP	1015	4096	0.500000	0.245117	2.88	55.12	1593.84	0.500000
128	32	0.40	Model_D_Sparse_4Body	1015	8128	0.000000	0.463379	5.47	51.00	938.62	0.000000
128	32	0.40	Model_A_Pairwise	1016	8128	0.000000	0.425049	6.47	82.03	352.91	0.000000
128	32	0.40	Model_B_Sparse_3Body	1016	8128	0.000000	0.430908	6.47	68.22	559.19	0.000000
128	32	0.40	Model_C_LowRank_CP	1016	4096	0.562500	0.217529	2.88	54.78	2672.28	0.562500
128	32	0.40	Model_D_Sparse_4Body	1016	8128	0.000000	0.464600	5.62	50.66	1349.41	0.000000
128	32	0.40	Model_A_Pairwise	1017	8128	0.000000	0.410400	6.25	79.62	651.81	0.000000
128	32	0.40	Model_B_Sparse_3Body	1017	8128	0.000000	0.405518	6.53	70.00	742.00	0.000000
128	32	0.40	Model_C_LowRank_CP	1017	4096	0.687500	0.147705	2.81	53.50	1878.19	0.687500
128	32	0.40	Model_D_Sparse_4Body	1017	8128	0.000000	0.443848	5.88	52.59	916.53	0.000000
128	32	0.40	Model_A_Pairwise	1018	8128	0.000000	0.447510	7.12	85.25	314.41	0.000000
128	32	0.40	Model_B_Sparse_3Body	1018	8128	0.000000	0.446777	6.66	65.84	560.66	0.000000
128	32	0.40	Model_C_LowRank_CP	1018	4096	0.406250	0.300781	2.84	56.47	1182.56	0.406250
128	32	0.40	Model_D_Sparse_4Body	1018	8128	0.000000	0.465576	6.56	51.94	807.59	0.000000
128	32	0.40	Model_A_Pairwise	1019	8128	0.000000	0.405518	6.03	74.59	319.78	0.000000
128	32	0.40	Model_B_Sparse_3Body	1019	8128	0.031250	0.432617	6.28	65.44	633.12	0.015748
128	32	0.40	Model_C_LowRank_CP	1019	4096	0.468750	0.256836	2.78	55.44	3191.41	0.468750
128	32	0.40	Model_D_Sparse_4Body	1019	8128	0.000000	0.437256	6.22	49.59	1302.94	0.000000
128	32	0.40	Model_A_Pairwise	1020	8128	0.000000	0.393066	7.41	83.19	397.31	0.000000
128	32	0.40	Model_B_Sparse_3Body	1020	8128	0.000000	0.416504	6.44	63.69	601.84	0.000000
128	32	0.40	Model_C_LowRank_CP	1020	4096	0.531250	0.227051	2.75	53.31	1891.25	0.531250
128	32	0.40	Model_D_Sparse_4Body	1020	8128	0.000000	0.459717	5.94	50.78	1225.44	0.000000
128	64	0.10	Model_A_Pairwise	1001	8128	0.000000	0.313965	6.98	57.42	514.64	0.000000
128	64	0.10	Model_B_Sparse_3Body	1001	8128	0.000000	0.091675	4.12	30.06	497.17	0.000000
128	64	0.10	Model_C_LowRank_CP	1001	8192	1.000000	0.000000	2.00	13.30	2047.34	1.000000
128	64	0.10	Model_D_Sparse_4Body	1001	8128	0.000000	0.091431	4.66	28.16	787.48	0.000000
128	64	0.10	Model_A_Pairwise	1002	8128	0.000000	0.289551	6.33	53.27	287.56	0.000000
128	64	0.10	Model_B_Sparse_3Body	1002	8128	0.000000	0.081665	4.34	28.31	423.95	0.000000
128	64	0.10	Model_C_LowRank_CP	1002	8192	1.000000	0.000000	2.00	12.77	1081.94	1.000000
128	64	0.10	Model_D_Sparse_4Body	1002	8128	0.015625	0.089722	4.59	28.25	971.31	0.015748
128	64	0.10	Model_A_Pairwise	1003	8128	0.000000	0.305054	6.62	55.55	860.47	0.000000
128	64	0.10	Model_B_Sparse_3Body	1003	8128	0.000000	0.093018	4.30	29.44	1025.84	0.000000
128	64	0.10	Model_C_LowRank_CP	1003	8192	1.000000	0.000000	2.00	12.62	1149.67	1.000000
128	64	0.10	Model_D_Sparse_4Body	1003	8128	0.031250	0.088501	4.66	28.58	927.98	0.031496
128	64	0.10	Model_A_Pairwise	1004	8128	0.000000	0.318604	7.38	59.72	253.59	0.000000
128	64	0.10	Model_B_Sparse_3Body	1004	8128	0.000000	0.093140	4.11	28.58	432.81	0.000000
128	64	0.10	Model_C_LowRank_CP	1004	8192	1.000000	0.000000	2.00	11.97	908.12	1.000000
128	64	0.10	Model_D_Sparse_4Body	1004	8128	0.000000	0.077271	4.44	26.52	1029.78	0.000000
128	64	0.10	Model_A_Pairwise	1005	8128	0.000000	0.314209	6.88	57.38	239.75	0.000000
128	64	0.10	Model_B_Sparse_3Body	1005	8128	0.000000	0.093140	4.22	28.89	312.88	0.000000
128	64	0.10	Model_C_LowRank_CP	1005	8192	1.000000	0.000000	2.00	12.50	1002.81	1.000000
128	64	0.10	Model_D_Sparse_4Body	1005	8128	0.046875	0.090942	4.69	28.11	1192.83	0.047244
128	64	0.10	Model_A_Pairwise	1006	8128	0.000000	0.315308	7.08	57.47	778.72	0.000000
128	64	0.10	Model_B_Sparse_3Body	1006	8128	0.000000	0.083984	4.23	28.36	401.86	0.000000
128	64	0.10	Model_C_LowRank_CP	1006	8192	1.000000	0.000000	2.00	12.86	1066.72	1.000000
128	64	0.10	Model_D_Sparse_4Body	1006	8128	0.015625	0.087158	4.80	28.64	1030.75	0.015748
128	64	0.10	Model_A_Pairwise	1007	8128	0.000000	0.308228	6.80	58.33	390.00	0.000000
128	64	0.10	Model_B_Sparse_3Body	1007	8128	0.000000	0.096802	4.17	28.98	507.62	0.000000
128	64	0.10	Model_C_LowRank_CP	1007	8192	1.000000	0.000000	2.00	13.31	1730.75	1.000000
128	64	0.10	Model_D_Sparse_4Body	1007	8128	0.000000	0.103760	4.66	30.22	976.33	0.000000
128	64	0.10	Model_A_Pairwise	1008	8128	0.000000	0.337524	7.39	61.69	401.02	0.000000
128	64	0.10	Model_B_Sparse_3Body	1008	8128	0.015625	0.101196	4.64	30.31	759.02	0.015748
128	64	0.10	Model_C_LowRank_CP	1008	8192	1.000000	0.000000	2.00	13.14	1676.56	1.000000
128	64	0.10	Model_D_Sparse_4Body	1008	8128	0.000000	0.091797	4.58	29.45	1630.36	0.000000
128	64	0.10	Model_A_Pairwise	1009	8128	0.000000	0.317505	6.75	57.64	405.61	0.000000
128	64	0.10	Model_B_Sparse_3Body	1009	8128	0.000000	0.084595	4.20	27.83	502.22	0.000000
128	64	0.10	Model_C_LowRank_CP	1009	8192	1.000000	0.000000	2.00	12.25	1012.44	1.000000
128	64	0.10	Model_D_Sparse_4Body	1009	8128	0.000000	0.104492	4.42	27.56	946.78	0.000000
128	64	0.10	Model_A_Pairwise	1010	8128	0.000000	0.302979	6.86	55.89	351.73	0.000000
128	64	0.10	Model_B_Sparse_3Body	1010	8128	0.000000	0.095459	4.16	27.89	290.72	0.000000
128	64	0.10	Model_C_LowRank_CP	1010	8192	1.000000	0.000000	2.00	12.77	770.70	1.000000
128	64	0.10	Model_D_Sparse_4Body	1010	8128	0.031250	0.087280	4.64	29.03	856.30	0.031496
128	64	0.10	Model_A_Pairwise	1011	8128	0.000000	0.315552	7.53	58.16	901.16	0.000000
128	64	0.10	Model_B_Sparse_3Body	1011	8128	0.000000	0.096191	4.33	30.42	439.47	0.000000
128	64	0.10	Model_C_LowRank_CP	1011	8192	1.000000	0.000000	2.00	13.73	905.95	1.000000
128	64	0.10	Model_D_Sparse_4Body	1011	8128	0.000000	0.096924	5.00	31.20	779.66	0.000000
128	64	0.10	Model_A_Pairwise	1012	8128	0.000000	0.328125	6.41	59.41	297.75	0.000000
128	64	0.10	Model_B_Sparse_3Body	1012	8128	0.000000	0.091919	4.25	29.11	415.06	0.000000
128	64	0.10	Model_C_LowRank_CP	1012	8192	1.000000	0.000000	2.00	12.22	1149.00	1.000000
128	64	0.10	Model_D_Sparse_4Body	1012	8128	0.000000	0.085205	4.33	26.94	820.22	0.000000
128	64	0.10	Model_A_Pairwise	1013	8128	0.000000	0.317383	7.23	59.20	260.42	0.000000
128	64	0.10	Model_B_Sparse_3Body	1013	8128	0.000000	0.090576	4.28	30.55	377.56	0.000000
128	64	0.10	Model_C_LowRank_CP	1013	8192	1.000000	0.000000	2.00	13.39	1000.84	1.000000
128	64	0.10	Model_D_Sparse_4Body	1013	8128	0.015625	0.091064	4.80	30.55	1783.39	0.015748
128	64	0.10	Model_A_Pairwise	1014	8128	0.000000	0.317017	6.83	57.84	259.17	0.000000
128	64	0.10	Model_B_Sparse_3Body	1014	8128	0.000000	0.092041	4.27	28.95	393.28	0.000000
128	64	0.10	Model_C_LowRank_CP	1014	8192	1.000000	0.000000	2.00	12.67	827.89	1.000000
128	64	0.10	Model_D_Sparse_4Body	1014	8128	0.015625	0.088745	4.64	29.38	1868.64	0.015748
128	64	0.10	Model_A_Pairwise	1015	8128	0.000000	0.322510	7.12	58.53	292.09	0.000000
128	64	0.10	Model_B_Sparse_3Body	1015	8128	0.000000	0.094116	4.53	30.95	374.75	0.000000
128	64	0.10	Model_C_LowRank_CP	1015	8192	1.000000	0.000000	2.00	12.62	1416.44	1.000000
128	64	0.10	Model_D_Sparse_4Body	1015	8128	0.031250	0.087402	4.50	28.16	1029.27	0.031496
128	64	0.10	Model_A_Pairwise	1016	8128	0.000000	0.320679	6.84	59.22	397.44	0.000000
128	64	0.10	Model_B_Sparse_3Body	1016	8128	0.000000	0.097778	4.12	28.47	488.06	0.000000
128	64	0.10	Model_C_LowRank_CP	1016	8192	1.000000	0.000000	2.00	12.30	1583.70	1.000000
128	64	0.10	Model_D_Sparse_4Body	1016	8128	0.015625	0.083252	4.47	27.73	984.58	0.015748
128	64	0.10	Model_A_Pairwise	1017	8128	0.000000	0.323242	6.98	58.05	258.44	0.000000
128	64	0.10	Model_B_Sparse_3Body	1017	8128	0.000000	0.093140	4.14	28.56	427.12	0.000000
128	64	0.10	Model_C_LowRank_CP	1017	8192	1.000000	0.000000	2.00	12.33	1300.77	1.000000
128	64	0.10	Model_D_Sparse_4Body	1017	8128	0.015625	0.079834	4.44	26.64	853.61	0.015748
128	64	0.10	Model_A_Pairwise	1018	8128	0.000000	0.293823	6.53	55.22	284.44	0.000000
128	64	0.10	Model_B_Sparse_3Body	1018	8128	0.000000	0.088623	4.14	29.48	611.28	0.000000
128	64	0.10	Model_C_LowRank_CP	1018	8192	1.000000	0.000000	2.00	12.83	1669.59	1.000000
128	64	0.10	Model_D_Sparse_4Body	1018	8128	0.015625	0.078857	4.97	28.92	956.03	0.015748
128	64	0.10	Model_A_Pairwise	1019	8128	0.000000	0.294434	6.11	53.16	410.31	0.000000
128	64	0.10	Model_B_Sparse_3Body	1019	8128	0.000000	0.092773	4.17	28.31	480.31	0.000000
128	64	0.10	Model_C_LowRank_CP	1019	8192	1.000000	0.000000	2.00	12.53	1507.72	1.000000
128	64	0.10	Model_D_Sparse_4Body	1019	8128	0.015625	0.091797	4.41	28.22	744.69	0.015748
128	64	0.10	Model_A_Pairwise	1020	8128	0.000000	0.342041	7.12	63.30	332.23	0.000000
128	64	0.10	Model_B_Sparse_3Body	1020	8128	0.000000	0.089355	4.36	28.64	548.94	0.000000
128	64	0.10	Model_C_LowRank_CP	1020	8192	1.000000	0.000000	2.00	12.48	1426.02	1.000000
128	64	0.10	Model_D_Sparse_4Body	1020	8128	0.031250	0.090820	4.83	29.95	768.59	0.031496
128	64	0.20	Model_A_Pairwise	1001	8128	0.000000	0.345337	7.16	68.91	994.14	0.000000
128	64	0.20	Model_B_Sparse_3Body	1001	8128	0.000000	0.195068	5.27	49.30	1341.47	0.000000
128	64	0.20	Model_C_LowRank_CP	1001	8192	1.000000	0.000000	2.00	26.33	2474.88	1.000000
128	64	0.20	Model_D_Sparse_4Body	1001	8128	0.000000	0.300781	5.38	45.77	793.52	0.000000
128	64	0.20	Model_A_Pairwise	1002	8128	0.000000	0.328735	6.75	66.14	661.47	0.000000
128	64	0.20	Model_B_Sparse_3Body	1002	8128	0.000000	0.177246	5.69	49.19	993.77	0.000000
128	64	0.20	Model_C_LowRank_CP	1002	8192	1.000000	0.000000	2.02	25.31	2393.84	1.000000
128	64	0.20	Model_D_Sparse_4Body	1002	8128	0.000000	0.264282	5.25	43.73	1491.45	0.000000
128	64	0.20	Model_A_Pairwise	1003	8128	0.000000	0.345215	7.19	68.44	600.56	0.000000
128	64	0.20	Model_B_Sparse_3Body	1003	8128	0.000000	0.188599	5.56	50.36	960.58	0.000000
128	64	0.20	Model_C_LowRank_CP	1003	8192	1.000000	0.000000	2.00	25.75	2133.72	1.000000
128	64	0.20	Model_D_Sparse_4Body	1003	8128	0.031250	0.278442	5.56	44.33	1624.05	0.031496
128	64	0.20	Model_A_Pairwise	1004	8128	0.000000	0.345337	7.03	69.08	398.89	0.000000
128	64	0.20	Model_B_Sparse_3Body	1004	8128	0.000000	0.190552	5.23	49.86	1051.19	0.000000
128	64	0.20	Model_C_LowRank_CP	1004	8192	1.000000	0.000000	2.05	25.38	1615.38	1.000000
128	64	0.20	Model_D_Sparse_4Body	1004	8128	0.000000	0.283447	5.83	44.75	1287.61	0.000000
128	64	0.20	Model_A_Pairwise	1005	8128	0.000000	0.343994	6.70	67.08	262.84	0.000000
128	64	0.20	Model_B_Sparse_3Body	1005	8128	0.000000	0.187866	5.73	50.38	791.58	0.000000
128	64	0.20	Model_C_LowRank_CP	1005	8192	1.000000	0.000000	2.03	25.39	1197.66	1.000000
128	64	0.20	Model_D_Sparse_4Body	1005	8128	0.000000	0.264404	5.73	44.89	1140.69	0.000000
128	64	0.20	Model_A_Pairwise	1006	8128	0.000000	0.334839	6.91	67.56	844.11	0.000000
128	64	0.20	Model_B_Sparse_3Body	1006	8128	0.000000	0.192749	5.25	46.75	810.03	0.000000
128	64	0.20	Model_C_LowRank_CP	1006	8192	1.000000	0.000000	2.02	25.55	1584.30	1.000000
128	64	0.20	Model_D_Sparse_4Body	1006	8128	0.000000	0.284546	5.56	46.28	811.23	0.000000
128	64	0.20	Model_A_Pairwise	1007	8128	0.000000	0.328125	6.50	67.14	233.50	0.000000
128	64	0.20	Model_B_Sparse_3Body	1007	8128	0.000000	0.207642	5.36	48.47	462.06	0.000000
128	64	0.20	Model_C_LowRank_CP	1007	8192	1.000000	0.000000	2.03	26.02	1844.80	1.000000
128	64	0.20	Model_D_Sparse_4Body	1007	8128	0.000000	0.292603	5.58	46.31	1483.91	0.000000
128	64	0.20	Model_A_Pairwise	1008	8128	0.000000	0.353149	6.97	70.92	326.50	0.000000
128	64	0.20	Model_B_Sparse_3Body	1008	8128	0.015625	0.177368	5.58	47.73	884.11	0.015748
128	64	0.20	Model_C_LowRank_CP	1008	8192	1.000000	0.000000	2.03	25.50	1343.73	1.000000
128	64	0.20	Model_D_Sparse_4Body	1008	8128	0.000000	0.271118	5.39	44.33	1455.84	0.000000
128	64	0.20	Model_A_Pairwise	1009	8128	0.000000	0.358154	6.70	67.08	248.53	0.000000
128	64	0.20	Model_B_Sparse_3Body	1009	8128	0.000000	0.189087	5.28	47.66	957.83	0.000000
128	64	0.20	Model_C_LowRank_CP	1009	8192	1.000000	0.000000	2.00	24.83	1130.69	1.000000
128	64	0.20	Model_D_Sparse_4Body	1009	8128	0.000000	0.277466	5.53	46.06	2881.45	0.000000
128	64	0.20	Model_A_Pairwise	1010	8128	0.000000	0.337891	7.42	67.62	664.52	0.000000
128	64	0.20	Model_B_Sparse_3Body	1010	8128	0.000000	0.180176	5.58	48.44	1692.33	0.000000
128	64	0.20	Model_C_LowRank_CP	1010	8192	1.000000	0.000000	2.00	24.72	2417.20	1.000000
128	64	0.20	Model_D_Sparse_4Body	1010	8128	0.000000	0.267334	5.59	44.75	1649.58	0.000000
128	64	0.20	Model_A_Pairwise	1011	8128	0.000000	0.333008	6.72	66.53	313.05	0.000000
128	64	0.20	Model_B_Sparse_3Body	1011	8128	0.000000	0.195312	5.73	49.81	990.77	0.000000
128	64	0.20	Model_C_LowRank_CP	1011	8192	1.000000	0.000000	2.02	26.78	2793.81	1.000000
128	64	0.20	Model_D_Sparse_4Body	1011	8128	0.000000	0.286865	5.47	45.62	1520.12	0.000000
128	64	0.20	Model_A_Pairwise	1012	8128	0.000000	0.349854	6.98	70.50	748.67	0.000000
128	64	0.20	Model_B_Sparse_3Body	1012	8128	0.000000	0.175293	5.31	48.53	1343.77	0.000000
128	64	0.20	Model_C_LowRank_CP	1012	8192	1.000000	0.000000	2.03	24.81	2863.38	1.000000
128	64	0.20	Model_D_Sparse_4Body	1012	8128	0.000000	0.258057	5.20	43.84	1344.33	0.000000
128	64	0.20	Model_A_Pairwise	1013	8128	0.000000	0.339600	6.91	70.14	745.05	0.000000
128	64	0.20	Model_B_Sparse_3Body	1013	8128	0.000000	0.207397	5.19	48.53	858.31	0.000000
128	64	0.20	Model_C_LowRank_CP	1013	8192	1.000000	0.000000	2.02	26.67	1553.14	1.000000
128	64	0.20	Model_D_Sparse_4Body	1013	8128	0.000000	0.318848	5.72	48.08	2158.72	0.000000
128	64	0.20	Model_A_Pairwise	1014	8128	0.000000	0.341919	6.38	65.81	249.92	0.000000
128	64	0.20	Model_B_Sparse_3Body	1014	8128	0.000000	0.181030	5.28	45.81	625.75	0.000000
128	64	0.20	Model_C_LowRank_CP	1014	8192	1.000000	0.000000	2.00	24.98	1785.61	1.000000
128	64	0.20	Model_D_Sparse_4Body	1014	8128	0.015625	0.261353	5.88	44.72	2146.72	0.015748
128	64	0.20	Model_A_Pairwise	1015	8128	0.000000	0.340210	6.64	68.11	588.00	0.000000
128	64	0.20	Model_B_Sparse_3Body	1015	8128	0.000000	0.198853	5.80	50.08	655.72	0.000000
128	64	0.20	Model_C_LowRank_CP	1015	8192	1.000000	0.000000	2.00	25.94	1206.03	1.000000
128	64	0.20	Model_D_Sparse_4Body	1015	8128	0.000000	0.293457	6.00	48.03	1476.00	0.000000
128	64	0.20	Model_A_Pairwise	1016	8128	0.000000	0.350708	6.77	69.52	433.16	0.000000
128	64	0.20	Model_B_Sparse_3Body	1016	8128	0.000000	0.188721	5.83	50.88	1031.78	0.000000
128	64	0.20	Model_C_LowRank_CP	1016	8192	1.000000	0.000000	2.00	25.25	1450.75	1.000000
128	64	0.20	Model_D_Sparse_4Body	1016	8128	0.015625	0.262451	5.86	47.59	1511.52	0.015748
128	64	0.20	Model_A_Pairwise	1017	8128	0.000000	0.344360	6.64	67.00	299.97	0.000000
128	64	0.20	Model_B_Sparse_3Body	1017	8128	0.000000	0.167603	5.42	48.84	586.50	0.000000
128	64	0.20	Model_C_LowRank_CP	1017	8192	1.000000	0.000000	2.03	25.20	1282.81	1.000000
128	64	0.20	Model_D_Sparse_4Body	1017	8128	0.000000	0.279541	5.31	43.52	1598.88	0.000000
128	64	0.20	Model_A_Pairwise	1018	8128	0.000000	0.327515	6.72	64.88	334.36	0.000000
128	64	0.20	Model_B_Sparse_3Body	1018	8128	0.000000	0.183472	5.44	50.53	808.27	0.000000
128	64	0.20	Model_C_LowRank_CP	1018	8192	1.000000	0.000000	2.00	25.36	1320.31	1.000000
128	64	0.20	Model_D_Sparse_4Body	1018	8128	0.000000	0.274414	5.92	46.86	1416.12	0.000000
128	64	0.20	Model_A_Pairwise	1019	8128	0.000000	0.334961	6.66	65.36	406.72	0.000000
128	64	0.20	Model_B_Sparse_3Body	1019	8128	0.000000	0.176025	5.56	49.70	576.61	0.000000
128	64	0.20	Model_C_LowRank_CP	1019	8192	1.000000	0.000000	2.02	25.17	1460.52	1.000000
128	64	0.20	Model_D_Sparse_4Body	1019	8128	0.000000	0.287109	5.48	46.36	1307.48	0.000000
128	64	0.20	Model_A_Pairwise	1020	8128	0.000000	0.362305	7.39	73.73	372.58	0.000000
128	64	0.20	Model_B_Sparse_3Body	1020	8128	0.000000	0.177490	5.44	48.58	1620.86	0.000000
128	64	0.20	Model_C_LowRank_CP	1020	8192	1.000000	0.000000	2.00	24.86	1962.56	1.000000
128	64	0.20	Model_D_Sparse_4Body	1020	8128	0.015625	0.265381	5.69	45.39	1455.09	0.015748
128	64	0.30	Model_A_Pairwise	1001	8128	0.000000	0.397339	7.31	78.81	840.11	0.000000
128	64	0.30	Model_B_Sparse_3Body	1001	8128	0.000000	0.372925	5.55	55.94	893.02	0.000000
128	64	0.30	Model_C_LowRank_CP	1001	8192	0.937500	0.031250	2.41	40.23	1274.86	0.937500
128	64	0.30	Model_D_Sparse_4Body	1001	8128	0.000000	0.405151	5.81	49.75	886.59	0.000000
128	64	0.30	Model_A_Pairwise	1002	8128	0.000000	0.381104	6.31	71.09	295.94	0.000000
128	64	0.30	Model_B_Sparse_3Body	1002	8128	0.000000	0.335083	5.77	58.14	642.47	0.000000
128	64	0.30	Model_C_LowRank_CP	1002	8192	0.953125	0.020508	2.36	39.47	1787.23	0.953125
128	64	0.30	Model_D_Sparse_4Body	1002	8128	0.000000	0.400024	6.12	50.83	1447.61	0.000000
128	64	0.30	Model_A_Pairwise	1003	8128	0.000000	0.384399	6.98	78.80	350.69	0.000000
128	64	0.30	Model_B_Sparse_3Body	1003	8128	0.000000	0.368286	5.69	57.20	1033.09	0.000000
128	64	0.30	Model_C_LowRank_CP	1003	8192	0.953125	0.023071	2.41	41.27	1751.47	0.953125
128	64	0.30	Model_D_Sparse_4Body	1003	8128	0.000000	0.406982	5.69	50.16	1097.55	0.000000
128	64	0.30	Model_A_Pairwise	1004	8128	0.000000	0.378784	6.58	76.84	353.45	0.000000
128	64	0.30	Model_B_Sparse_3Body	1004	8128	0.000000	0.350098	6.23	60.05	838.34	0.000000
128	64	0.30	Model_C_LowRank_CP	1004	8192	0.906250	0.042603	2.31	40.09	1969.45	0.906250
128	64	0.30	Model_D_Sparse_4Body	1004	8128	0.000000	0.409546	5.80	51.06	2204.34	0.000000
128	64	0.30	Model_A_Pairwise	1005	8128	0.000000	0.390137	7.25	79.56	481.66	0.000000
128	64	0.30	Model_B_Sparse_3Body	1005	8128	0.000000	0.353027	5.72	57.59	1342.64	0.000000
128	64	0.30	Model_C_LowRank_CP	1005	8192	0.937500	0.030151	2.36	39.52	2031.58	0.937500
128	64	0.30	Model_D_Sparse_4Body	1005	8128	0.000000	0.399536	5.89	50.89	1763.12	0.000000
128	64	0.30	Model_A_Pairwise	1006	8128	0.000000	0.380371	6.48	75.39	404.89	0.000000
128	64	0.30	Model_B_Sparse_3Body	1006	8128	0.000000	0.344360	5.97	58.25	674.83	0.000000
128	64	0.30	Model_C_LowRank_CP	1006	8192	0.921875	0.035889	2.36	40.70	1122.67	0.921875
128	64	0.30	Model_D_Sparse_4Body	1006	8128	0.000000	0.409424	5.75	50.52	2383.88	0.000000
128	64	0.30	Model_A_Pairwise	1007	8128	0.000000	0.381714	7.34	80.34	1041.12	0.000000
128	64	0.30	Model_B_Sparse_3Body	1007	8128	0.000000	0.367310	5.95	59.16	839.22	0.000000
128	64	0.30	Model_C_LowRank_CP	1007	8192	0.984375	0.007324	2.34	40.23	2409.47	0.984375
128	64	0.30	Model_D_Sparse_4Body	1007	8128	0.000000	0.411255	5.94	50.75	1021.72	0.000000
128	64	0.30	Model_A_Pairwise	1008	8128	0.000000	0.383911	6.55	74.89	278.78	0.000000
128	64	0.30	Model_B_Sparse_3Body	1008	8128	0.000000	0.347534	5.97	58.73	831.58	0.000000
128	64	0.30	Model_C_LowRank_CP	1008	8192	0.968750	0.011841	2.38	40.11	1785.11	0.968750
128	64	0.30	Model_D_Sparse_4Body	1008	8128	0.000000	0.393066	6.30	51.84	1406.09	0.000000
128	64	0.30	Model_A_Pairwise	1009	8128	0.000000	0.401245	6.73	77.34	506.44	0.000000
128	64	0.30	Model_B_Sparse_3Body	1009	8128	0.000000	0.333984	5.88	57.89	776.22	0.000000
128	64	0.30	Model_C_LowRank_CP	1009	8192	0.984375	0.007690	2.33	38.38	2582.83	0.984375
128	64	0.30	Model_D_Sparse_4Body	1009	8128	0.000000	0.402466	6.03	50.91	968.80	0.000000
128	64	0.30	Model_A_Pairwise	1010	8128	0.000000	0.377930	6.67	73.97	367.91	0.000000
128	64	0.30	Model_B_Sparse_3Body	1010	8128	0.000000	0.332153	6.22	58.33	1020.52	0.000000
128	64	0.30	Model_C_LowRank_CP	1010	8192	0.984375	0.007324	2.34	39.38	2324.77	0.984375
128	64	0.30	Model_D_Sparse_4Body	1010	8128	0.000000	0.389160	5.41	47.56	1283.31	0.000000
128	64	0.30	Model_A_Pairwise	1011	8128	0.000000	0.385132	6.47	75.45	362.12	0.000000
128	64	0.30	Model_B_Sparse_3Body	1011	8128	0.000000	0.362183	6.44	61.20	1224.09	0.000000
128	64	0.30	Model_C_LowRank_CP	1011	8192	0.906250	0.046509	2.47	42.64	2884.28	0.906250
128	64	0.30	Model_D_Sparse_4Body	1011	8128	0.000000	0.412598	5.98	51.22	1972.88	0.000000
128	64	0.30	Model_A_Pairwise	1012	8128	0.000000	0.375854	6.89	78.92	416.27	0.000000
128	64	0.30	Model_B_Sparse_3Body	1012	8128	0.000000	0.321167	5.94	58.58	992.05	0.000000
128	64	0.30	Model_C_LowRank_CP	1012	8192	0.953125	0.022339	2.30	37.83	2195.50	0.953125
128	64	0.30	Model_D_Sparse_4Body	1012	8128	0.000000	0.398193	6.02	51.22	2182.88	0.000000
128	64	0.30	Model_A_Pairwise	1013	8128	0.000000	0.373291	6.53	76.31	365.06	0.000000
128	64	0.30	Model_B_Sparse_3Body	1013	8128	0.000000	0.357056	5.98	58.14	666.42	0.000000
128	64	0.30	Model_C_LowRank_CP	1013	8192	0.937500	0.025879	2.38	40.75	1531.44	0.937500
128	64	0.30	Model_D_Sparse_4Body	1013	8128	0.000000	0.412720	6.08	50.64	1488.20	0.000000
128	64	0.30	Model_A_Pairwise	1014	8128	0.000000	0.374878	6.34	74.16	703.83	0.000000
128	64	0.30	Model_B_Sparse_3Body	1014	8128	0.000000	0.333618	6.47	59.88	1078.84	0.000000
128	64	0.30	Model_C_LowRank_CP	1014	8192	0.984375	0.007935	2.33	39.62	2117.56	0.984375
128	64	0.30	Model_D_Sparse_4Body	1014	8128	0.000000	0.406738	6.34	51.73	971.77	0.000000
128	64	0.30	Model_A_Pairwise	1015	8128	0.000000	0.368774	6.61	75.38	353.09	0.000000
128	64	0.30	Model_B_Sparse_3Body	1015	8128	0.000000	0.361938	6.31	58.75	970.30	0.000000
128	64	0.30	Model_C_LowRank_CP	1015	8192	0.937500	0.028687	2.39	40.81	1288.84	0.937500
128	64	0.30	Model_D_Sparse_4Body	1015	8128	0.000000	0.401733	5.88	50.97	1260.64	0.000000
128	64	0.30	Model_A_Pairwise	1016	8128	0.000000	0.381592	6.61	77.47	306.77	0.000000
128	64	0.30	Model_B_Sparse_3Body	1016	8128	0.000000	0.356323	6.28	59.36	1251.12	0.000000
128	64	0.30	Model_C_LowRank_CP	1016	8192	1.000000	0.000000	2.34	40.03	2427.56	1.000000
128	64	0.30	Model_D_Sparse_4Body	1016	8128	0.000000	0.413574	5.89	50.97	1685.73	0.000000
128	64	0.30	Model_A_Pairwise	1017	8128	0.000000	0.388306	7.25	78.28	564.80	0.000000
128	64	0.30	Model_B_Sparse_3Body	1017	8128	0.000000	0.343994	5.73	57.89	930.55	0.000000
128	64	0.30	Model_C_LowRank_CP	1017	8192	0.968750	0.014038	2.33	39.19	2667.88	0.968750
128	64	0.30	Model_D_Sparse_4Body	1017	8128	0.000000	0.399902	6.00	50.67	1406.27	0.000000
128	64	0.30	Model_A_Pairwise	1018	8128	0.000000	0.382446	6.50	74.59	765.67	0.000000
128	64	0.30	Model_B_Sparse_3Body	1018	8128	0.000000	0.353149	5.70	58.66	707.73	0.000000
128	64	0.30	Model_C_LowRank_CP	1018	8192	0.984375	0.006836	2.33	39.45	2915.72	0.984375
128	64	0.30	Model_D_Sparse_4Body	1018	8128	0.000000	0.401489	5.77	50.41	1739.80	0.000000
128	64	0.30	Model_A_Pairwise	1019	8128	0.000000	0.377563	6.56	74.17	325.47	0.000000
128	64	0.30	Model_B_Sparse_3Body	1019	8128	0.000000	0.359741	5.61	58.45	796.09	0.000000
128	64	0.30	Model_C_LowRank_CP	1019	8192	0.968750	0.014404	2.44	40.12	1431.83	0.968750
128	64	0.30	Model_D_Sparse_4Body	1019	8128	0.000000	0.398315	5.66	49.58	2116.62	0.000000
128	64	0.30	Model_A_Pairwise	1020	8128	0.000000	0.379639	7.31	79.78	567.11	0.000000
128	64	0.30	Model_B_Sparse_3Body	1020	8128	0.000000	0.338501	5.94	58.14	812.22	0.000000
128	64	0.30	Model_C_LowRank_CP	1020	8192	0.953125	0.021362	2.33	39.08	1475.33	0.953125
128	64	0.30	Model_D_Sparse_4Body	1020	8128	0.000000	0.402222	5.80	50.58	1141.97	0.000000
128	64	0.40	Model_A_Pairwise	1001	8128	0.000000	0.456299	7.50	86.94	443.03	0.000000
128	64	0.40	Model_B_Sparse_3Body	1001	8128	0.000000	0.464600	5.89	60.06	1337.02	0.000000
128	64	0.40	Model_C_LowRank_CP	1001	8192	0.359375	0.317139	3.08	59.19	2312.14	0.359375
128	64	0.40	Model_D_Sparse_4Body	1001	8128	0.000000	0.457031	5.86	52.22	2581.86	0.000000
128	64	0.40	Model_A_Pairwise	1002	8128	0.000000	0.439331	6.66	80.61	334.70	0.000000
128	64	0.40	Model_B_Sparse_3Body	1002	8128	0.000000	0.434814	5.92	61.47	704.42	0.000000
128	64	0.40	Model_C_LowRank_CP	1002	8192	0.437500	0.267578	3.03	58.56	2422.19	0.437500
128	64	0.40	Model_D_Sparse_4Body	1002	8128	0.000000	0.465454	5.89	51.92	1569.44	0.000000
128	64	0.40	Model_A_Pairwise	1003	8128	0.000000	0.426758	6.70	82.41	462.06	0.000000
128	64	0.40	Model_B_Sparse_3Body	1003	8128	0.000000	0.458984	6.19	62.97	1057.33	0.000000
128	64	0.40	Model_C_LowRank_CP	1003	8192	0.375000	0.297363	3.09	59.38	1952.00	0.375000
128	64	0.40	Model_D_Sparse_4Body	1003	8128	0.000000	0.461792	5.94	51.98	1226.58	0.000000
128	64	0.40	Model_A_Pairwise	1004	8128	0.000000	0.438232	7.08	82.53	676.58	0.000000
128	64	0.40	Model_B_Sparse_3Body	1004	8128	0.000000	0.441162	5.81	57.75	1434.52	0.000000
128	64	0.40	Model_C_LowRank_CP	1004	8192	0.406250	0.285889	3.08	59.69	3297.69	0.406250
128	64	0.40	Model_D_Sparse_4Body	1004	8128	0.000000	0.452881	6.36	52.28	2119.09	0.000000
128	64	0.40	Model_A_Pairwise	1005	8128	0.000000	0.444702	7.27	84.64	598.72	0.000000
128	64	0.40	Model_B_Sparse_3Body	1005	8128	0.000000	0.453857	5.89	62.47	1364.64	0.000000
128	64	0.40	Model_C_LowRank_CP	1005	8192	0.375000	0.307129	2.86	55.47	2882.58	0.375000
128	64	0.40	Model_D_Sparse_4Body	1005	8128	0.000000	0.462769	6.25	51.70	1763.80	0.000000
128	64	0.40	Model_A_Pairwise	1006	8128	0.000000	0.429077	6.73	79.97	423.39	0.000000
128	64	0.40	Model_B_Sparse_3Body	1006	8128	0.000000	0.456665	6.36	63.44	1610.50	0.000000
128	64	0.40	Model_C_LowRank_CP	1006	8192	0.406250	0.282471	3.06	58.14	3018.98	0.406250
128	64	0.40	Model_D_Sparse_4Body	1006	8128	0.000000	0.455811	6.16	51.64	1983.34	0.000000
128	64	0.40	Model_A_Pairwise	1007	8128	0.000000	0.452637	7.00	83.81	505.48	0.000000
128	64	0.40	Model_B_Sparse_3Body	1007	8128	0.000000	0.451904	6.28	63.19	1239.70	0.000000
128	64	0.40	Model_C_LowRank_CP	1007	8192	0.343750	0.328979	2.97	57.33	2486.30	0.343750
128	64	0.40	Model_D_Sparse_4Body	1007	8128	0.000000	0.465820	6.20	53.25	2914.25	0.000000
128	64	0.40	Model_A_Pairwise	1008	8128	0.000000	0.438721	6.70	81.59	757.06	0.000000
128	64	0.40	Model_B_Sparse_3Body	1008	8128	0.000000	0.460083	6.22	62.42	827.58	0.000000
128	64	0.40	Model_C_LowRank_CP	1008	8192	0.390625	0.292603	3.03	59.11	2830.02	0.390625
128	64	0.40	Model_D_Sparse_4Body	1008	8128	0.000000	0.467041	5.84	51.12	1287.67	0.000000
128	64	0.40	Model_A_Pairwise	1009	8128	0.000000	0.428467	6.61	80.27	562.64	0.000000
128	64	0.40	Model_B_Sparse_3Body	1009	8128	0.000000	0.447998	5.97	59.45	1061.69	0.000000
128	64	0.40	Model_C_LowRank_CP	1009	8192	0.421875	0.276245	3.00	56.97	2902.20	0.421875
128	64	0.40	Model_D_Sparse_4Body	1009	8128	0.000000	0.466675	6.28	53.41	1922.30	0.000000
128	64	0.40	Model_A_Pairwise	1010	8128	0.000000	0.446411	6.84	80.80	496.31	0.000000
128	64	0.40	Model_B_Sparse_3Body	1010	8128	0.000000	0.432739	5.98	60.77	1048.45	0.000000
128	64	0.40	Model_C_LowRank_CP	1010	8192	0.421875	0.274902	2.95	57.16	2172.42	0.421875
128	64	0.40	Model_D_Sparse_4Body	1010	8128	0.000000	0.443848	5.94	50.69	924.17	0.000000
128	64	0.40	Model_A_Pairwise	1011	8128	0.000000	0.448364	7.08	80.00	387.62	0.000000
128	64	0.40	Model_B_Sparse_3Body	1011	8128	0.000000	0.460815	6.09	61.53	787.89	0.000000
128	64	0.40	Model_C_LowRank_CP	1011	8192	0.375000	0.305054	3.03	58.41	2475.59	0.375000
128	64	0.40	Model_D_Sparse_4Body	1011	8128	0.000000	0.465698	5.84	51.44	934.28	0.000000
128	64	0.40	Model_A_Pairwise	1012	8128	0.000000	0.447754	6.81	86.45	492.64	0.000000
128	64	0.40	Model_B_Sparse_3Body	1012	8128	0.000000	0.424683	5.88	60.75	745.03	0.000000
128	64	0.40	Model_C_LowRank_CP	1012	8192	0.500000	0.232544	2.98	55.59	2409.17	0.500000
128	64	0.40	Model_D_Sparse_4Body	1012	8128	0.000000	0.455200	6.33	51.72	1089.89	0.000000
128	64	0.40	Model_A_Pairwise	1013	8128	0.000000	0.429932	6.83	82.78	701.53	0.000000
128	64	0.40	Model_B_Sparse_3Body	1013	8128	0.000000	0.470581	6.22	61.39	877.02	0.000000
128	64	0.40	Model_C_LowRank_CP	1013	8192	0.265625	0.366943	2.94	58.66	2311.84	0.265625
128	64	0.40	Model_D_Sparse_4Body	1013	8128	0.000000	0.465820	5.91	51.31	1135.06	0.000000
128	64	0.40	Model_A_Pairwise	1014	8128	0.000000	0.426147	6.72	82.38	319.27	0.000000
128	64	0.40	Model_B_Sparse_3Body	1014	8128	0.000000	0.451538	5.86	60.16	1339.23	0.000000
128	64	0.40	Model_C_LowRank_CP	1014	8192	0.468750	0.262451	2.89	54.89	2281.00	0.468750
128	64	0.40	Model_D_Sparse_4Body	1014	8128	0.000000	0.460083	6.00	50.81	1408.78	0.000000
128	64	0.40	Model_A_Pairwise	1015	8128	0.000000	0.436157	6.64	81.39	309.61	0.000000
128	64	0.40	Model_B_Sparse_3Body	1015	8128	0.000000	0.476440	6.05	61.92	740.75	0.000000
128	64	0.40	Model_C_LowRank_CP	1015	8192	0.343750	0.322266	3.00	57.38	1366.78	0.343750
128	64	0.40	Model_D_Sparse_4Body	1015	8128	0.000000	0.464966	6.05	52.55	1569.27	0.000000
128	64	0.40	Model_A_Pairwise	1016	8128	0.000000	0.437866	7.27	85.97	493.86	0.000000
128	64	0.40	Model_B_Sparse_3Body	1016	8128	0.000000	0.456665	6.17	61.72	1073.95	0.000000
128	64	0.40	Model_C_LowRank_CP	1016	8192	0.359375	0.309204	3.05	60.31	3212.86	0.359375
128	64	0.40	Model_D_Sparse_4Body	1016	8128	0.000000	0.465698	5.80	50.75	1351.11	0.000000
128	64	0.40	Model_A_Pairwise	1017	8128	0.000000	0.417480	6.70	81.17	688.39	0.000000
128	64	0.40	Model_B_Sparse_3Body	1017	8128	0.000000	0.436890	5.81	60.00	1058.42	0.000000
128	64	0.40	Model_C_LowRank_CP	1017	8192	0.484375	0.243164	3.00	56.95	4036.88	0.484375
128	64	0.40	Model_D_Sparse_4Body	1017	8128	0.000000	0.452271	5.94	51.62	1372.38	0.000000
128	64	0.40	Model_A_Pairwise	1018	8128	0.000000	0.451050	6.66	79.09	434.44	0.000000
128	64	0.40	Model_B_Sparse_3Body	1018	8128	0.000000	0.450928	5.91	61.02	1637.58	0.000000
128	64	0.40	Model_C_LowRank_CP	1018	8192	0.375000	0.304688	2.98	58.52	3996.27	0.375000
128	64	0.40	Model_D_Sparse_4Body	1018	8128	0.000000	0.457275	5.98	51.73	2378.98	0.000000
128	64	0.40	Model_A_Pairwise	1019	8128	0.000000	0.430176	6.92	80.53	453.98	0.000000
128	64	0.40	Model_B_Sparse_3Body	1019	8128	0.000000	0.461426	6.33	63.31	1299.95	0.000000
128	64	0.40	Model_C_LowRank_CP	1019	8192	0.359375	0.312744	3.09	58.12	3135.00	0.359375
128	64	0.40	Model_D_Sparse_4Body	1019	8128	0.000000	0.457275	5.66	49.72	2191.28	0.000000
128	64	0.40	Model_A_Pairwise	1020	8128	0.000000	0.433716	7.45	88.30	709.33	0.000000
128	64	0.40	Model_B_Sparse_3Body	1020	8128	0.000000	0.440430	5.73	58.56	785.98	0.000000
128	64	0.40	Model_C_LowRank_CP	1020	8192	0.359375	0.309448	3.08	56.61	1648.36	0.359375
128	64	0.40	Model_D_Sparse_4Body	1020	8128	0.000000	0.461914	5.70	49.34	1327.58	0.000000
128	128	0.10	Model_A_Pairwise	1001	8128	0.000000	0.338379	6.76	61.66	461.42	0.000000
128	128	0.10	Model_B_Sparse_3Body	1001	8128	0.000000	0.213379	5.12	41.84	836.42	0.000000
128	128	0.10	Model_C_LowRank_CP	1001	16384	1.000000	0.000000	2.00	13.25	2657.57	1.000000
128	128	0.10	Model_D_Sparse_4Body	1001	8128	0.000000	0.214478	5.06	36.42	1350.68	0.000000
128	128	0.10	Model_A_Pairwise	1002	8128	0.000000	0.333313	6.58	59.60	399.88	0.000000
128	128	0.10	Model_B_Sparse_3Body	1002	8128	0.000000	0.206604	5.24	39.54	1055.38	0.000000
128	128	0.10	Model_C_LowRank_CP	1002	16384	1.000000	0.000000	2.00	12.36	2572.10	1.000000
128	128	0.10	Model_D_Sparse_4Body	1002	8128	0.000000	0.205872	5.27	36.23	1043.56	0.000000
128	128	0.10	Model_A_Pairwise	1003	8128	0.000000	0.353333	7.16	64.50	485.77	0.000000
128	128	0.10	Model_B_Sparse_3Body	1003	8128	0.000000	0.206177	5.33	41.21	1106.85	0.000000
128	128	0.10	Model_C_LowRank_CP	1003	16384	1.000000	0.000000	2.00	12.74	2234.07	1.000000
128	128	0.10	Model_D_Sparse_4Body	1003	8128	0.000000	0.205933	5.58	37.15	1592.96	0.000000
128	128	0.10	Model_A_Pairwise	1004	8128	0.000000	0.351440	6.95	63.80	427.84	0.000000
128	128	0.10	Model_B_Sparse_3Body	1004	8128	0.000000	0.207031	5.31	41.84	980.80	0.000000
128	128	0.10	Model_C_LowRank_CP	1004	16384	1.000000	0.000000	2.00	12.44	2438.07	1.000000
128	128	0.10	Model_D_Sparse_4Body	1004	8128	0.000000	0.199341	5.27	36.59	773.52	0.000000
128	128	0.10	Model_A_Pairwise	1005	8128	0.000000	0.337708	6.81	62.98	296.51	0.000000
128	128	0.10	Model_B_Sparse_3Body	1005	8128	0.000000	0.204468	5.01	39.13	724.02	0.000000
128	128	0.10	Model_C_LowRank_CP	1005	16384	1.000000	0.000000	2.00	12.55	1905.86	1.000000
128	128	0.10	Model_D_Sparse_4Body	1005	8128	0.000000	0.215088	5.28	36.48	746.67	0.000000
128	128	0.10	Model_A_Pairwise	1006	8128	0.000000	0.356628	6.95	65.41	568.85	0.000000
128	128	0.10	Model_B_Sparse_3Body	1006	8128	0.000000	0.204834	5.27	39.23	1318.52	0.000000
128	128	0.10	Model_C_LowRank_CP	1006	16384	1.000000	0.000000	2.00	12.55	2809.06	1.000000
128	128	0.10	Model_D_Sparse_4Body	1006	8128	0.000000	0.216919	5.14	36.67	1216.45	0.000000
128	128	0.10	Model_A_Pairwise	1007	8128	0.000000	0.362854	7.57	69.02	546.21	0.000000
128	128	0.10	Model_B_Sparse_3Body	1007	8128	0.000000	0.209167	5.37	40.84	715.58	0.000000
128	128	0.10	Model_C_LowRank_CP	1007	16384	1.000000	0.000000	2.00	13.05	1879.38	1.000000
128	128	0.10	Model_D_Sparse_4Body	1007	8128	0.000000	0.209229	5.55	37.99	1079.38	0.000000
128	128	0.10	Model_A_Pairwise	1008	8128	0.000000	0.354553	7.05	66.27	250.78	0.000000
128	128	0.10	Model_B_Sparse_3Body	1008	8128	0.000000	0.211975	5.12	40.58	526.45	0.000000
128	128	0.10	Model_C_LowRank_CP	1008	16384	1.000000	0.000000	2.00	12.79	1876.79	1.000000
128	128	0.10	Model_D_Sparse_4Body	1008	8128	0.000000	0.210327	5.29	37.82	786.01	0.000000
128	128	0.10	Model_A_Pairwise	1009	8128	0.000000	0.347961	7.05	64.43	386.00	0.000000
128	128	0.10	Model_B_Sparse_3Body	1009	8128	0.000000	0.198792	5.16	39.90	943.67	0.000000
128	128	0.10	Model_C_LowRank_CP	1009	16384	1.000000	0.000000	2.00	12.42	2362.16	1.000000
128	128	0.10	Model_D_Sparse_4Body	1009	8128	0.000000	0.217957	5.39	37.60	869.96	0.000000
128	128	0.10	Model_A_Pairwise	1010	8128	0.000000	0.349792	6.70	62.84	275.98	0.000000
128	128	0.10	Model_B_Sparse_3Body	1010	8128	0.000000	0.218323	5.09	41.93	391.10	0.000000
128	128	0.10	Model_C_LowRank_CP	1010	16384	1.000000	0.000000	2.00	13.00	1832.40	1.000000
128	128	0.10	Model_D_Sparse_4Body	1010	8128	0.000000	0.216248	5.62	39.23	811.12	0.000000
128	128	0.10	Model_A_Pairwise	1011	8128	0.000000	0.342346	7.26	64.18	557.48	0.000000
128	128	0.10	Model_B_Sparse_3Body	1011	8128	0.000000	0.199097	5.06	41.00	677.34	0.000000
128	128	0.10	Model_C_LowRank_CP	1011	16384	1.000000	0.000000	2.00	13.47	3537.17	1.000000
128	128	0.10	Model_D_Sparse_4Body	1011	8128	0.000000	0.219116	5.50	37.69	2445.95	0.000000
128	128	0.10	Model_A_Pairwise	1012	8128	0.000000	0.336792	6.47	60.57	289.31	0.000000
128	128	0.10	Model_B_Sparse_3Body	1012	8128	0.000000	0.210449	5.37	41.68	821.77	0.000000
128	128	0.10	Model_C_LowRank_CP	1012	16384	1.000000	0.000000	2.00	12.82	2079.00	1.000000
128	128	0.10	Model_D_Sparse_4Body	1012	8128	0.000000	0.207153	5.44	36.96	911.47	0.000000
128	128	0.10	Model_A_Pairwise	1013	8128	0.000000	0.336365	6.55	60.76	292.70	0.000000
128	128	0.10	Model_B_Sparse_3Body	1013	8128	0.000000	0.210632	5.53	41.32	664.70	0.000000
128	128	0.10	Model_C_LowRank_CP	1013	16384	1.000000	0.000000	2.00	12.95	2435.41	1.000000
128	128	0.10	Model_D_Sparse_4Body	1013	8128	0.000000	0.214905	5.12	37.13	963.82	0.000000
128	128	0.10	Model_A_Pairwise	1014	8128	0.000000	0.342346	6.74	63.36	365.28	0.000000
128	128	0.10	Model_B_Sparse_3Body	1014	8128	0.000000	0.206543	5.19	40.74	443.09	0.000000
128	128	0.10	Model_C_LowRank_CP	1014	16384	1.000000	0.000000	2.00	12.52	1497.51	1.000000
128	128	0.10	Model_D_Sparse_4Body	1014	8128	0.000000	0.204529	5.41	37.11	1483.80	0.000000
128	128	0.10	Model_A_Pairwise	1015	8128	0.000000	0.361511	7.41	67.13	461.68	0.000000
128	128	0.10	Model_B_Sparse_3Body	1015	8128	0.000000	0.209290	5.17	40.32	638.70	0.000000
128	128	0.10	Model_C_LowRank_CP	1015	16384	1.000000	0.000000	2.00	12.62	2151.48	1.000000
128	128	0.10	Model_D_Sparse_4Body	1015	8128	0.000000	0.210938	5.56	37.55	752.72	0.000000
128	128	0.10	Model_A_Pairwise	1016	8128	0.000000	0.344299	6.85	62.67	239.87	0.000000
128	128	0.10	Model_B_Sparse_3Body	1016	8128	0.000000	0.203735	5.03	39.93	506.39	0.000000
128	128	0.10	Model_C_LowRank_CP	1016	16384	1.000000	0.000000	2.00	12.45	1853.97	1.000000
128	128	0.10	Model_D_Sparse_4Body	1016	8128	0.000000	0.208191	5.36	37.80	1030.09	0.000000
128	128	0.10	Model_A_Pairwise	1017	8128	0.000000	0.366333	7.36	68.11	263.41	0.000000
128	128	0.10	Model_B_Sparse_3Body	1017	8128	0.000000	0.204712	5.23	40.33	532.93	0.000000
128	128	0.10	Model_C_LowRank_CP	1017	16384	1.000000	0.000000	2.00	12.69	2890.38	1.000000
128	128	0.10	Model_D_Sparse_4Body	1017	8128	0.000000	0.203430	5.11	36.05	704.27	0.000000
128	128	0.10	Model_A_Pairwise	1018	8128	0.000000	0.348816	6.51	64.20	237.08	0.000000
128	128	0.10	Model_B_Sparse_3Body	1018	8128	0.000000	0.203064	5.17	40.46	539.41	0.000000
128	128	0.10	Model_C_LowRank_CP	1018	16384	1.000000	0.000000	2.00	12.95	1424.10	1.000000
128	128	0.10	Model_D_Sparse_4Body	1018	8128	0.000000	0.214600	5.58	39.08	748.98	0.000000
128	128	0.10	Model_A_Pairwise	1019	8128	0.000000	0.360779	6.85	65.62	460.32	0.000000
128	128	0.10	Model_B_Sparse_3Body	1019	8128	0.000000	0.210876	5.23	40.52	790.54	0.000000
128	128	0.10	Model_C_LowRank_CP	1019	16384	1.000000	0.000000	2.00	12.97	1736.01	1.000000
128	128	0.10	Model_D_Sparse_4Body	1019	8128	0.000000	0.211060	5.49	37.61	778.09	0.000000
128	128	0.10	Model_A_Pairwise	1020	8128	0.000000	0.347900	6.96	64.24	309.01	0.000000
128	128	0.10	Model_B_Sparse_3Body	1020	8128	0.000000	0.205017	5.23	40.44	1136.48	0.000000
128	128	0.10	Model_C_LowRank_CP	1020	16384	1.000000	0.000000	2.00	12.66	2250.87	1.000000
128	128	0.10	Model_D_Sparse_4Body	1020	8128	0.000000	0.213257	5.42	38.02	750.39	0.000000
128	128	0.20	Model_A_Pairwise	1001	8128	0.000000	0.362732	6.63	70.28	470.99	0.000000
128	128	0.20	Model_B_Sparse_3Body	1001	8128	0.000000	0.310364	5.79	54.27	584.30	0.000000
128	128	0.20	Model_C_LowRank_CP	1001	16384	1.000000	0.000000	2.07	26.54	1732.77	1.000000
128	128	0.20	Model_D_Sparse_4Body	1001	8128	0.000000	0.341919	5.90	49.09	1152.99	0.000000
128	128	0.20	Model_A_Pairwise	1002	8128	0.000000	0.365906	6.75	68.75	376.56	0.000000
128	128	0.20	Model_B_Sparse_3Body	1002	8128	0.000000	0.305786	5.80	52.40	581.46	0.000000
128	128	0.20	Model_C_LowRank_CP	1002	16384	1.000000	0.000000	2.05	25.21	2552.09	1.000000
128	128	0.20	Model_D_Sparse_4Body	1002	8128	0.000000	0.331726	5.59	47.36	905.77	0.000000
128	128	0.20	Model_A_Pairwise	1003	8128	0.000000	0.377319	6.80	72.63	244.48	0.000000
128	128	0.20	Model_B_Sparse_3Body	1003	8128	0.000000	0.297546	5.73	53.36	417.03	0.000000
128	128	0.20	Model_C_LowRank_CP	1003	16384	1.000000	0.000000	2.11	26.18	1419.14	1.000000
128	128	0.20	Model_D_Sparse_4Body	1003	8128	0.000000	0.337463	5.69	47.20	819.64	0.000000
128	128	0.20	Model_A_Pairwise	1004	8128	0.000000	0.370056	6.94	72.34	241.79	0.000000
128	128	0.20	Model_B_Sparse_3Body	1004	8128	0.000000	0.309570	5.89	54.13	542.76	0.000000
128	128	0.20	Model_C_LowRank_CP	1004	16384	1.000000	0.000000	2.07	25.68	1868.95	1.000000
128	128	0.20	Model_D_Sparse_4Body	1004	8128	0.000000	0.341797	5.88	48.30	1039.42	0.000000
128	128	0.20	Model_A_Pairwise	1005	8128	0.000000	0.370178	7.01	71.12	256.46	0.000000
128	128	0.20	Model_B_Sparse_3Body	1005	8128	0.000000	0.300415	5.81	52.05	955.07	0.000000
128	128	0.20	Model_C_LowRank_CP	1005	16384	0.992188	0.003357	2.08	25.56	2141.12	0.992188
128	128	0.20	Model_D_Sparse_4Body	1005	8128	0.000000	0.326538	5.79	47.66	783.06	0.000000
128	128	0.20	Model_A_Pairwise	1006	8128	0.000000	0.375671	7.14	71.70	602.46	0.000000
128	128	0.20	Model_B_Sparse_3Body	1006	8128	0.000000	0.311829	5.84	52.38	631.88	0.000000
128	128	0.20	Model_C_LowRank_CP	1006	16384	1.000000	0.000000	2.06	25.42	2739.88	1.000000
128	128	0.20	Model_D_Sparse_4Body	1006	8128	0.000000	0.330017	5.83	47.70	1049.66	0.000000
128	128	0.20	Model_A_Pairwise	1007	8128	0.000000	0.376160	6.96	74.61	239.43	0.000000
128	128	0.20	Model_B_Sparse_3Body	1007	8128	0.000000	0.296143	5.73	52.68	490.79	0.000000
128	128	0.20	Model_C_LowRank_CP	1007	16384	1.000000	0.000000	2.12	26.15	1218.18	1.000000
128	128	0.20	Model_D_Sparse_4Body	1007	8128	0.000000	0.339661	5.59	49.28	733.37	0.000000
128	128	0.20	Model_A_Pairwise	1008	8128	0.000000	0.383179	6.97	73.91	687.67	0.000000
128	128	0.20	Model_B_Sparse_3Body	1008	8128	0.000000	0.300537	5.88	52.09	503.46	0.000000
128	128	0.20	Model_C_LowRank_CP	1008	16384	1.000000	0.000000	2.09	25.45	1507.78	1.000000
128	128	0.20	Model_D_Sparse_4Body	1008	8128	0.000000	0.331787	5.59	47.48	979.01	0.000000
128	128	0.20	Model_A_Pairwise	1009	8128	0.000000	0.384399	7.09	74.03	405.22	0.000000
128	128	0.20	Model_B_Sparse_3Body	1009	8128	0.000000	0.296814	5.72	52.52	399.52	0.000000
128	128	0.20	Model_C_LowRank_CP	1009	16384	1.000000	0.000000	2.06	25.28	1808.40	1.000000
128	128	0.20	Model_D_Sparse_4Body	1009	8128	0.000000	0.335266	5.85	49.34	737.75	0.000000
128	128	0.20	Model_A_Pairwise	1010	8128	0.000000	0.385071	7.34	72.92	349.45	0.000000
128	128	0.20	Model_B_Sparse_3Body	1010	8128	0.000000	0.303955	5.41	52.34	516.44	0.000000
128	128	0.20	Model_C_LowRank_CP	1010	16384	1.000000	0.000000	2.04	25.63	1946.24	1.000000
128	128	0.20	Model_D_Sparse_4Body	1010	8128	0.000000	0.337524	5.72	47.62	1222.02	0.000000
128	128	0.20	Model_A_Pairwise	1011	8128	0.000000	0.378296	7.39	74.72	380.03	0.000000
128	128	0.20	Model_B_Sparse_3Body	1011	8128	0.000000	0.307251	5.64	52.97	734.89	0.000000
128	128	0.20	Model_C_LowRank_CP	1011	16384	1.000000	0.000000	2.12	26.27	1946.38	1.000000
128	128	0.20	Model_D_Sparse_4Body	1011	8128	0.000000	0.351746	6.06	49.59	1427.60	0.000000
128	128	0.20	Model_A_Pairwise	1012	8128	0.000000	0.363464	6.88	68.70	372.11	0.000000
128	128	0.20	Model_B_Sparse_3Body	1012	8128	0.000000	0.307556	5.70	53.89	588.96	0.000000
128	128	0.20	Model_C_LowRank_CP	1012	16384	1.000000	0.000000	2.11	26.35	2278.17	1.000000
128	128	0.20	Model_D_Sparse_4Body	1012	8128	0.000000	0.339539	5.83	47.66	1508.25	0.000000
128	128	0.20	Model_A_Pairwise	1013	8128	0.000000	0.369568	6.66	70.01	380.93	0.000000
128	128	0.20	Model_B_Sparse_3Body	1013	8128	0.000000	0.317749	5.88	54.69	649.45	0.000000
128	128	0.20	Model_C_LowRank_CP	1013	16384	1.000000	0.000000	2.11	26.47	2121.66	1.000000
128	128	0.20	Model_D_Sparse_4Body	1013	8128	0.000000	0.346191	5.82	48.70	1031.94	0.000000
128	128	0.20	Model_A_Pairwise	1014	8128	0.000000	0.369141	6.92	71.55	241.20	0.000000
128	128	0.20	Model_B_Sparse_3Body	1014	8128	0.000000	0.304565	5.84	53.48	763.98	0.000000
128	128	0.20	Model_C_LowRank_CP	1014	16384	1.000000	0.000000	2.06	25.51	1937.91	1.000000
128	128	0.20	Model_D_Sparse_4Body	1014	8128	0.000000	0.337891	5.95	48.98	1456.45	0.000000
128	128	0.20	Model_A_Pairwise	1015	8128	0.000000	0.387756	7.09	75.14	383.91	0.000000
128	128	0.20	Model_B_Sparse_3Body	1015	8128	0.000000	0.310547	5.80	54.12	660.50	0.000000
128	128	0.20	Model_C_LowRank_CP	1015	16384	1.000000	0.000000	2.08	26.12	2600.91	1.000000
128	128	0.20	Model_D_Sparse_4Body	1015	8128	0.000000	0.348328	6.25	49.62	1628.06	0.000000
128	128	0.20	Model_A_Pairwise	1016	8128	0.000000	0.367737	6.71	71.13	503.22	0.000000
128	128	0.20	Model_B_Sparse_3Body	1016	8128	0.000000	0.310364	5.91	53.66	604.13	0.000000
128	128	0.20	Model_C_LowRank_CP	1016	16384	1.000000	0.000000	2.06	25.89	1868.88	1.000000
128	128	0.20	Model_D_Sparse_4Body	1016	8128	0.000000	0.345032	5.95	49.41	1332.26	0.000000
128	128	0.20	Model_A_Pairwise	1017	8128	0.000000	0.385010	7.37	75.61	277.80	0.000000
128	128	0.20	Model_B_Sparse_3Body	1017	8128	0.000000	0.305176	5.76	53.00	533.00	0.000000
128	128	0.20	Model_C_LowRank_CP	1017	16384	1.000000	0.000000	2.07	25.58	2097.84	1.000000
128	128	0.20	Model_D_Sparse_4Body	1017	8128	0.000000	0.337158	5.95	48.78	1679.91	0.000000
128	128	0.20	Model_A_Pairwise	1018	8128	0.000000	0.379700	6.98	72.40	247.34	0.000000
128	128	0.20	Model_B_Sparse_3Body	1018	8128	0.000000	0.295715	5.80	52.63	507.20	0.000000
128	128	0.20	Model_C_LowRank_CP	1018	16384	1.000000	0.000000	2.08	25.70	1964.48	1.000000
128	128	0.20	Model_D_Sparse_4Body	1018	8128	0.000000	0.336487	6.00	49.12	1264.68	0.000000
128	128	0.20	Model_A_Pairwise	1019	8128	0.000000	0.393250	7.30	76.12	258.97	0.000000
128	128	0.20	Model_B_Sparse_3Body	1019	8128	0.000000	0.310547	5.70	52.95	540.64	0.000000
128	128	0.20	Model_C_LowRank_CP	1019	16384	1.000000	0.000000	2.09	26.05	2706.67	1.000000
128	128	0.20	Model_D_Sparse_4Body	1019	8128	0.000000	0.339233	5.77	49.03	851.08	0.000000
128	128	0.20	Model_A_Pairwise	1020	8128	0.000000	0.369690	6.77	71.80	573.09	0.000000
128	128	0.20	Model_B_Sparse_3Body	1020	8128	0.000000	0.304932	5.66	53.28	1139.99	0.000000
128	128	0.20	Model_C_LowRank_CP	1020	16384	1.000000	0.000000	2.05	25.48	2491.05	1.000000
128	128	0.20	Model_D_Sparse_4Body	1020	8128	0.000000	0.334656	6.01	49.20	1189.81	0.000000
128	128	0.30	Model_A_Pairwise	1001	8128	0.000000	0.405640	6.96	77.47	834.65	0.000000
128	128	0.30	Model_B_Sparse_3Body	1001	8128	0.000000	0.409058	5.81	58.56	683.46	0.000000
128	128	0.30	Model_C_LowRank_CP	1001	16384	0.875000	0.058167	2.76	43.95	3540.30	0.875000
128	128	0.30	Model_D_Sparse_4Body	1001	8128	0.000000	0.417786	5.94	51.63	1556.51	0.000000
128	128	0.30	Model_A_Pairwise	1002	8128	0.000000	0.390381	6.57	74.35	325.21	0.000000
128	128	0.30	Model_B_Sparse_3Body	1002	8128	0.000000	0.390991	5.86	58.12	609.76	0.000000
128	128	0.30	Model_C_LowRank_CP	1002	16384	0.898438	0.046814	2.83	44.11	3527.27	0.898438
128	128	0.30	Model_D_Sparse_4Body	1002	8128	0.000000	0.409302	6.04	50.99	1580.13	0.000000
128	128	0.30	Model_A_Pairwise	1003	8128	0.000000	0.404114	6.68	78.23	449.38	0.000000
128	128	0.30	Model_B_Sparse_3Body	1003	8128	0.000000	0.415710	6.06	60.69	873.86	0.000000
128	128	0.30	Model_C_LowRank_CP	1003	16384	0.906250	0.043396	2.72	44.95	2588.19	0.906250
128	128	0.30	Model_D_Sparse_4Body	1003	8128	0.000000	0.412476	5.92	50.76	1078.92	0.000000
128	128	0.30	Model_A_Pairwise	1004	8128	0.000000	0.416687	6.96	79.40	363.64	0.000000
128	128	0.30	Model_B_Sparse_3Body	1004	8128	0.000000	0.395752	5.88	58.88	644.38	0.000000
128	128	0.30	Model_C_LowRank_CP	1004	16384	0.898438	0.047180	2.73	42.66	2852.13	0.898438
128	128	0.30	Model_D_Sparse_4Body	1004	8128	0.000000	0.411072	5.97	51.20	1248.24	0.000000
128	128	0.30	Model_A_Pairwise	1005	8128	0.000000	0.404663	6.92	78.28	253.62	0.000000
128	128	0.30	Model_B_Sparse_3Body	1005	8128	0.000000	0.398865	6.16	60.57	593.78	0.000000
128	128	0.30	Model_C_LowRank_CP	1005	16384	0.890625	0.049988	2.80	42.80	2439.59	0.890625
128	128	0.30	Model_D_Sparse_4Body	1005	8128	0.000000	0.410889	5.82	51.17	1104.55	0.000000
128	128	0.30	Model_A_Pairwise	1006	8128	0.000000	0.412476	6.85	77.75	391.94	0.000000
128	128	0.30	Model_B_Sparse_3Body	1006	8128	0.000000	0.393616	5.77	58.71	1016.04	0.000000
128	128	0.30	Model_C_LowRank_CP	1006	16384	0.867188	0.060852	2.70	43.79	3680.17	0.867188
128	128	0.30	Model_D_Sparse_4Body	1006	8128	0.000000	0.416138	5.87	50.53	1563.87	0.000000
128	128	0.30	Model_A_Pairwise	1007	8128	0.000000	0.414917	7.32	82.71	457.15	0.000000
128	128	0.30	Model_B_Sparse_3Body	1007	8128	0.000000	0.393860	6.02	59.67	670.16	0.000000
128	128	0.30	Model_C_LowRank_CP	1007	16384	0.914062	0.037903	2.81	44.28	3022.08	0.914062
128	128	0.30	Model_D_Sparse_4Body	1007	8128	0.000000	0.419312	5.88	51.91	1546.14	0.000000
128	128	0.30	Model_A_Pairwise	1008	8128	0.000000	0.405334	6.77	78.51	243.98	0.000000
128	128	0.30	Model_B_Sparse_3Body	1008	8128	0.000000	0.394226	5.86	58.18	512.00	0.000000
128	128	0.30	Model_C_LowRank_CP	1008	16384	0.914062	0.038269	2.77	42.93	3445.62	0.914062
128	128	0.30	Model_D_Sparse_4Body	1008	8128	0.000000	0.416260	6.12	51.98	892.38	0.000000
128	128	0.30	Model_A_Pairwise	1009	8128	0.000000	0.420410	7.05	80.55	251.95	0.000000
128	128	0.30	Model_B_Sparse_3Body	1009	8128	0.000000	0.397644	6.08	59.17	710.09	0.000000
128	128	0.30	Model_C_LowRank_CP	1009	16384	0.960938	0.017944	2.75	42.23	3192.30	0.960938
128	128	0.30	Model_D_Sparse_4Body	1009	8128	0.000000	0.416626	5.95	52.01	1089.01	0.000000
128	128	0.30	Model_A_Pairwise	1010	8128	0.000000	0.417542	6.83	77.69	249.52	0.000000
128	128	0.30	Model_B_Sparse_3Body	1010	8128	0.000000	0.399780	5.79	58.55	579.45	0.000000
128	128	0.30	Model_C_LowRank_CP	1010	16384	0.890625	0.049988	2.82	44.30	2801.42	0.890625
128	128	0.30	Model_D_Sparse_4Body	1010	8128	0.000000	0.409302	6.01	50.46	810.77	0.000000
128	128	0.30	Model_A_Pairwise	1011	8128	0.000000	0.411072	6.41	76.52	313.30	0.000000
128	128	0.30	Model_B_Sparse_3Body	1011	8128	0.000000	0.395447	5.98	59.36	881.14	0.000000
128	128	0.30	Model_C_LowRank_CP	1011	16384	0.867188	0.062012	2.75	44.60	2833.59	0.867188
128	128	0.30	Model_D_Sparse_4Body	1011	8128	0.000000	0.410095	5.96	51.19	1387.01	0.000000
128	128	0.30	Model_A_Pairwise	1012	8128	0.000000	0.401611	6.95	75.79	409.94	0.000000
128	128	0.30	Model_B_Sparse_3Body	1012	8128	0.000000	0.393555	5.95	59.43	741.52	0.000000
128	128	0.30	Model_C_LowRank_CP	1012	16384	0.882812	0.052979	2.73	43.02	2612.20	0.882812
128	128	0.30	Model_D_Sparse_4Body	1012	8128	0.000000	0.409607	5.84	51.11	1013.22	0.000000
128	128	0.30	Model_A_Pairwise	1013	8128	0.000000	0.400391	6.70	74.74	290.05	0.000000
128	128	0.30	Model_B_Sparse_3Body	1013	8128	0.000000	0.406067	6.02	59.05	692.40	0.000000
128	128	0.30	Model_C_LowRank_CP	1013	16384	0.859375	0.066406	2.79	44.10	3194.05	0.859375
128	128	0.30	Model_D_Sparse_4Body	1013	8128	0.000000	0.423828	5.88	51.91	1395.53	0.000000
128	128	0.30	Model_A_Pairwise	1014	8128	0.000000	0.409424	7.12	78.02	526.72	0.000000
128	128	0.30	Model_B_Sparse_3Body	1014	8128	0.000000	0.404785	6.05	59.47	776.73	0.000000
128	128	0.30	Model_C_LowRank_CP	1014	16384	0.906250	0.043457	2.72	43.69	2927.08	0.906250
128	128	0.30	Model_D_Sparse_4Body	1014	8128	0.000000	0.411743	5.87	50.67	902.52	0.000000
128	128	0.30	Model_A_Pairwise	1015	8128	0.000000	0.419312	7.59	83.95	423.34	0.000000
128	128	0.30	Model_B_Sparse_3Body	1015	8128	0.000000	0.400452	5.84	58.77	642.76	0.000000
128	128	0.30	Model_C_LowRank_CP	1015	16384	0.875000	0.058228	2.74	43.63	2859.05	0.875000
128	128	0.30	Model_D_Sparse_4Body	1015	8128	0.000000	0.410522	6.02	51.66	991.18	0.000000
128	128	0.30	Model_A_Pairwise	1016	8128	0.000000	0.401550	6.41	75.41	286.07	0.000000
128	128	0.30	Model_B_Sparse_3Body	1016	8128	0.000000	0.402222	6.01	60.23	678.55	0.000000
128	128	0.30	Model_C_LowRank_CP	1016	16384	0.906250	0.043274	2.73	43.16	2748.72	0.906250
128	128	0.30	Model_D_Sparse_4Body	1016	8128	0.000000	0.414917	5.88	51.01	1095.13	0.000000
128	128	0.30	Model_A_Pairwise	1017	8128	0.000000	0.417236	7.05	81.79	338.03	0.000000
128	128	0.30	Model_B_Sparse_3Body	1017	8128	0.000000	0.392761	5.92	58.94	807.34	0.000000
128	128	0.30	Model_C_LowRank_CP	1017	16384	0.914062	0.039917	2.63	42.02	2039.57	0.914062
128	128	0.30	Model_D_Sparse_4Body	1017	8128	0.000000	0.413391	5.84	52.17	1319.29	0.000000
128	128	0.30	Model_A_Pairwise	1018	8128	0.000000	0.420044	6.98	79.38	360.50	0.000000
128	128	0.30	Model_B_Sparse_3Body	1018	8128	0.000000	0.399292	5.87	59.99	639.14	0.000000
128	128	0.30	Model_C_LowRank_CP	1018	16384	0.906250	0.043213	2.70	42.41	4032.85	0.906250
128	128	0.30	Model_D_Sparse_4Body	1018	8128	0.000000	0.412354	6.20	52.23	1542.98	0.000000
128	128	0.30	Model_A_Pairwise	1019	8128	0.000000	0.414734	7.51	82.93	363.88	0.000000
128	128	0.30	Model_B_Sparse_3Body	1019	8128	0.000000	0.407166	5.48	57.02	660.25	0.000000
128	128	0.30	Model_C_LowRank_CP	1019	16384	0.882812	0.054993	2.84	44.15	3256.30	0.882812
128	128	0.30	Model_D_Sparse_4Body	1019	8128	0.000000	0.415344	5.88	51.23	1107.09	0.000000
128	128	0.30	Model_A_Pairwise	1020	8128	0.000000	0.402222	6.66	76.82	373.69	0.000000
128	128	0.30	Model_B_Sparse_3Body	1020	8128	0.000000	0.395813	5.67	57.98	554.24	0.000000
128	128	0.30	Model_C_LowRank_CP	1020	16384	0.898438	0.044312	2.73	42.49	2261.70	0.898438
128	128	0.30	Model_D_Sparse_4Body	1020	8128	0.000000	0.409790	6.15	52.59	945.55	0.000000
128	128	0.40	Model_A_Pairwise	1001	8128	0.000000	0.446838	7.02	81.73	357.91	0.000000
128	128	0.40	Model_B_Sparse_3Body	1001	8128	0.000000	0.467773	6.05	61.76	1321.39	0.000000
128	128	0.40	Model_C_LowRank_CP	1001	16384	0.226562	0.369019	3.38	65.80	2883.06	0.226562
128	128	0.40	Model_D_Sparse_4Body	1001	8128	0.000000	0.467407	6.12	52.76	1295.32	0.000000
128	128	0.40	Model_A_Pairwise	1002	8128	0.000000	0.448364	7.12	81.10	481.52	0.000000
128	128	0.40	Model_B_Sparse_3Body	1002	8128	0.000000	0.456604	6.20	61.42	571.20	0.000000
128	128	0.40	Model_C_LowRank_CP	1002	16384	0.304688	0.330933	3.29	63.76	2552.01	0.304688
128	128	0.40	Model_D_Sparse_4Body	1002	8128	0.000000	0.457947	6.21	51.73	860.80	0.000000
128	128	0.40	Model_A_Pairwise	1003	8128	0.000000	0.453735	7.05	83.43	248.33	0.000000
128	128	0.40	Model_B_Sparse_3Body	1003	8128	0.000000	0.464539	6.23	63.62	666.63	0.000000
128	128	0.40	Model_C_LowRank_CP	1003	16384	0.179688	0.398254	3.38	64.83	3633.49	0.179688
128	128	0.40	Model_D_Sparse_4Body	1003	8128	0.000000	0.457031	5.73	50.85	996.88	0.000000
128	128	0.40	Model_A_Pairwise	1004	8128	0.000000	0.451721	7.05	83.10	245.92	0.000000
128	128	0.40	Model_B_Sparse_3Body	1004	8128	0.000000	0.469177	6.05	60.95	917.52	0.000000
128	128	0.40	Model_C_LowRank_CP	1004	16384	0.296875	0.339905	3.17	62.66	2969.80	0.296875
128	128	0.40	Model_D_Sparse_4Body	1004	8128	0.000000	0.455383	5.77	51.68	897.21	0.000000
128	128	0.40	Model_A_Pairwise	1005	8128	0.000000	0.454834	7.06	83.13	301.95	0.000000
128	128	0.40	Model_B_Sparse_3Body	1005	8128	0.000000	0.467285	6.06	61.35	501.49	0.000000
128	128	0.40	Model_C_LowRank_CP	1005	16384	0.203125	0.383850	3.26	63.75	3233.45	0.203125
128	128	0.40	Model_D_Sparse_4Body	1005	8128	0.000000	0.459778	6.30	53.23	1441.54	0.000000
128	128	0.40	Model_A_Pairwise	1006	8128	0.000000	0.447449	6.76	81.22	540.07	0.000000
128	128	0.40	Model_B_Sparse_3Body	1006	8128	0.000000	0.458923	5.95	60.14	736.99	0.000000
128	128	0.40	Model_C_LowRank_CP	1006	16384	0.304688	0.333984	3.17	61.45	3533.38	0.304688
128	128	0.40	Model_D_Sparse_4Body	1006	8128	0.000000	0.454651	5.84	51.98	1161.57	0.000000
128	128	0.40	Model_A_Pairwise	1007	8128	0.000000	0.466431	7.35	86.95	267.48	0.000000
128	128	0.40	Model_B_Sparse_3Body	1007	8128	0.000000	0.461426	6.09	60.80	1162.82	0.000000
128	128	0.40	Model_C_LowRank_CP	1007	16384	0.250000	0.363159	3.26	63.84	1939.77	0.250000
128	128	0.40	Model_D_Sparse_4Body	1007	8128	0.000000	0.466614	5.68	50.70	889.33	0.000000
128	128	0.40	Model_A_Pairwise	1008	8128	0.000000	0.449341	7.31	83.56	399.93	0.000000
128	128	0.40	Model_B_Sparse_3Body	1008	8128	0.000000	0.458008	6.09	61.53	703.35	0.000000
128	128	0.40	Model_C_LowRank_CP	1008	16384	0.218750	0.372314	3.16	62.41	3278.16	0.218750
128	128	0.40	Model_D_Sparse_4Body	1008	8128	0.000000	0.462830	6.15	53.16	2275.99	0.000000
128	128	0.40	Model_A_Pairwise	1009	8128	0.000000	0.472900	6.66	83.24	281.49	0.000000
128	128	0.40	Model_B_Sparse_3Body	1009	8128	0.000000	0.455078	5.95	60.90	829.42	0.000000
128	128	0.40	Model_C_LowRank_CP	1009	16384	0.257812	0.351379	3.27	64.41	2981.30	0.257812
128	128	0.40	Model_D_Sparse_4Body	1009	8128	0.000000	0.460510	5.77	51.52	676.79	0.000000
128	128	0.40	Model_A_Pairwise	1010	8128	0.000000	0.467102	6.79	79.36	370.24	0.000000
128	128	0.40	Model_B_Sparse_3Body	1010	8128	0.000000	0.462708	6.23	62.53	668.14	0.000000
128	128	0.40	Model_C_LowRank_CP	1010	16384	0.257812	0.355591	3.30	63.21	2400.62	0.257812
128	128	0.40	Model_D_Sparse_4Body	1010	8128	0.000000	0.459961	5.89	51.88	851.87	0.000000
128	128	0.40	Model_A_Pairwise	1011	8128	0.000000	0.455933	7.05	82.12	544.59	0.000000
128	128	0.40	Model_B_Sparse_3Body	1011	8128	0.000000	0.462891	5.88	61.30	1374.31	0.000000
128	128	0.40	Model_C_LowRank_CP	1011	16384	0.289062	0.343201	3.34	62.71	3580.62	0.289062
128	128	0.40	Model_D_Sparse_4Body	1011	8128	0.000000	0.464539	5.97	52.85	1317.68	0.000000
128	128	0.40	Model_A_Pairwise	1012	8128	0.000000	0.456177	6.80	79.61	330.66	0.000000
128	128	0.40	Model_B_Sparse_3Body	1012	8128	0.000000	0.453552	6.05	62.73	760.88	0.000000
128	128	0.40	Model_C_LowRank_CP	1012	16384	0.289062	0.338562	3.23	62.30	3349.75	0.289062
128	128	0.40	Model_D_Sparse_4Body	1012	8128	0.000000	0.456360	5.66	50.91	958.86	0.000000
128	128	0.40	Model_A_Pairwise	1013	8128	0.000000	0.445190	6.61	80.38	647.55	0.000000
128	128	0.40	Model_B_Sparse_3Body	1013	8128	0.000000	0.460938	5.98	61.92	1282.95	0.000000
128	128	0.40	Model_C_LowRank_CP	1013	16384	0.195312	0.390442	3.27	63.49	3552.91	0.195312
128	128	0.40	Model_D_Sparse_4Body	1013	8128	0.000000	0.462158	5.90	51.89	768.84	0.000000
128	128	0.40	Model_A_Pairwise	1014	8128	0.000000	0.445618	6.78	80.38	449.80	0.000000
128	128	0.40	Model_B_Sparse_3Body	1014	8128	0.000000	0.461914	6.06	61.15	803.39	0.000000
128	128	0.40	Model_C_LowRank_CP	1014	16384	0.312500	0.334167	3.29	62.30	2989.07	0.312500
128	128	0.40	Model_D_Sparse_4Body	1014	8128	0.000000	0.468445	5.90	51.91	748.23	0.000000
128	128	0.40	Model_A_Pairwise	1015	8128	0.000000	0.454712	7.14	86.23	237.47	0.000000
128	128	0.40	Model_B_Sparse_3Body	1015	8128	0.000000	0.463318	6.05	61.12	724.16	0.000000
128	128	0.40	Model_C_LowRank_CP	1015	16384	0.320312	0.326294	3.30	65.46	3019.50	0.320312
128	128	0.40	Model_D_Sparse_4Body	1015	8128	0.000000	0.459595	6.04	52.35	992.45	0.000000
128	128	0.40	Model_A_Pairwise	1016	8128	0.000000	0.440918	6.77	80.34	420.40	0.000000
128	128	0.40	Model_B_Sparse_3Body	1016	8128	0.000000	0.464600	6.07	61.37	715.36	0.000000
128	128	0.40	Model_C_LowRank_CP	1016	16384	0.218750	0.378479	3.36	65.66	3087.22	0.218750
128	128	0.40	Model_D_Sparse_4Body	1016	8128	0.000000	0.465759	6.08	52.17	1349.22	0.000000
128	128	0.40	Model_A_Pairwise	1017	8128	0.000000	0.442139	7.33	86.22	329.12	0.000000
128	128	0.40	Model_B_Sparse_3Body	1017	8128	0.000000	0.450562	6.01	60.48	574.88	0.000000
128	128	0.40	Model_C_LowRank_CP	1017	16384	0.328125	0.322327	3.30	62.16	3583.59	0.328125
128	128	0.40	Model_D_Sparse_4Body	1017	8128	0.000000	0.455383	5.90	50.15	929.48	0.000000
128	128	0.40	Model_A_Pairwise	1018	8128	0.000000	0.460083	7.16	82.97	381.91	0.000000
128	128	0.40	Model_B_Sparse_3Body	1018	8128	0.000000	0.457275	5.91	60.98	698.14	0.000000
128	128	0.40	Model_C_LowRank_CP	1018	16384	0.351562	0.320862	3.22	62.85	2299.50	0.351562
128	128	0.40	Model_D_Sparse_4Body	1018	8128	0.000000	0.465881	5.91	51.37	784.93	0.000000
128	128	0.40	Model_A_Pairwise	1019	8128	0.000000	0.455627	6.91	83.38	343.67	0.000000
128	128	0.40	Model_B_Sparse_3Body	1019	8128	0.000000	0.452698	6.27	62.02	606.87	0.000000
128	128	0.40	Model_C_LowRank_CP	1019	16384	0.273438	0.351135	3.28	63.18	3851.85	0.273438
128	128	0.40	Model_D_Sparse_4Body	1019	8128	0.000000	0.462585	5.82	51.32	1048.34	0.000000
128	128	0.40	Model_A_Pairwise	1020	8128	0.000000	0.438965	7.07	82.55	265.45	0.000000
128	128	0.40	Model_B_Sparse_3Body	1020	8128	0.000000	0.461792	5.96	61.25	695.32	0.000000
128	128	0.40	Model_C_LowRank_CP	1020	16384	0.296875	0.341003	3.21	62.80	2334.73	0.296875
128	128	0.40	Model_D_Sparse_4Body	1020	8128	0.000000	0.460693	5.99	51.62	1020.99	0.000000
256	26	0.10	Model_A_Pairwise	1001	32640	0.846154	0.001803	2.46	28.00	1122.77	0.172549
256	26	0.10	Model_B_Sparse_3Body	1001	32640	0.923077	0.000300	2.27	27.23	2079.65	0.188235
256	26	0.10	Model_C_LowRank_CP	1001	6656	1.000000	0.000000	2.00	26.77	4071.88	1.000000
256	26	0.10	Model_D_Sparse_4Body	1001	32640	1.000000	0.000000	2.12	27.00	3695.46	0.203922
256	26	0.10	Model_A_Pairwise	1002	32640	0.692308	0.006761	2.42	26.15	624.88	0.141176
256	26	0.10	Model_B_Sparse_3Body	1002	32640	0.923077	0.000300	2.27	24.88	1684.73	0.188235
256	26	0.10	Model_C_LowRank_CP	1002	6656	1.000000	0.000000	2.00	24.42	4056.15	1.000000
256	26	0.10	Model_D_Sparse_4Body	1002	32640	1.000000	0.000000	2.27	24.96	3720.73	0.203922
256	26	0.10	Model_A_Pairwise	1003	32640	0.884615	0.000751	2.35	26.19	443.54	0.180392
256	26	0.10	Model_B_Sparse_3Body	1003	32640	0.884615	0.000451	2.15	26.12	847.38	0.180392
256	26	0.10	Model_C_LowRank_CP	1003	6656	1.000000	0.000000	2.00	25.46	1828.50	1.000000
256	26	0.10	Model_D_Sparse_4Body	1003	32640	1.000000	0.000000	2.23	26.15	1914.58	0.203922
256	26	0.10	Model_A_Pairwise	1004	32640	0.884615	0.001352	2.31	25.38	531.35	0.180392
256	26	0.10	Model_B_Sparse_3Body	1004	32640	0.923077	0.000451	2.27	24.85	2038.00	0.188235
256	26	0.10	Model_C_LowRank_CP	1004	6656	1.000000	0.000000	2.00	24.12	3317.81	1.000000
256	26	0.10	Model_D_Sparse_4Body	1004	32640	1.000000	0.000000	2.27	24.65	1950.85	0.203922
256	26	0.10	Model_A_Pairwise	1005	32640	0.846154	0.002103	2.58	27.12	675.73	0.172549
256	26	0.10	Model_B_Sparse_3Body	1005	32640	0.730769	0.001052	2.27	25.85	1256.88	0.149020
256	26	0.10	Model_C_LowRank_CP	1005	6656	1.000000	0.000000	2.00	25.35	2051.54	1.000000
256	26	0.10	Model_D_Sparse_4Body	1005	32640	1.000000	0.000000	2.15	25.65	1871.77	0.203922
256	26	0.10	Model_A_Pairwise	1006	32640	0.846154	0.000601	2.35	25.88	551.35	0.172549
256	26	0.10	Model_B_Sparse_3Body	1006	32640	0.769231	0.001052	2.27	25.69	1766.81	0.156863
256	26	0.10	Model_C_LowRank_CP	1006	6656	1.000000	0.000000	2.00	24.96	2313.88	1.000000
256	26	0.10	Model_D_Sparse_4Body	1006	32640	1.000000	0.000000	2.23	25.27	1680.58	0.203922
256	26	0.10	Model_A_Pairwise	1007	32640	0.923077	0.000300	2.27	26.88	569.77	0.188235
256	26	0.10	Model_B_Sparse_3Body	1007	32640	0.961538	0.000150	2.12	25.92	1540.15	0.196078
256	26	0.10	Model_C_LowRank_CP	1007	6656	1.000000	0.000000	2.00	25.65	3655.96	1.000000
256	26	0.10	Model_D_Sparse_4Body	1007	32640	1.000000	0.000000	2.12	25.81	1974.92	0.203922
256	26	0.10	Model_A_Pairwise	1008	32640	0.807692	0.001202	2.35	27.62	526.31	0.164706
256	26	0.10	Model_B_Sparse_3Body	1008	32640	0.846154	0.000601	2.15	26.92	1370.50	0.172549
256	26	0.10	Model_C_LowRank_CP	1008	6656	1.000000	0.000000	2.00	26.46	2111.35	1.000000
256	26	0.10	Model_D_Sparse_4Body	1008	32640	1.000000	0.000000	2.12	27.08	3597.31	0.203922
256	26	0.10	Model_A_Pairwise	1009	32640	0.692308	0.009916	2.85	28.23	565.73	0.141176
256	26	0.10	Model_B_Sparse_3Body	1009	32640	0.884615	0.000601	2.15	25.15	1052.62	0.180392
256	26	0.10	Model_C_LowRank_CP	1009	6656	1.000000	0.000000	2.00	24.69	1861.00	1.000000
256	26	0.10	Model_D_Sparse_4Body	1009	32640	1.000000	0.000000	2.23	25.15	1984.81	0.203922
256	26	0.10	Model_A_Pairwise	1010	32640	0.846154	0.002404	2.54	27.19	435.46	0.172549
256	26	0.10	Model_B_Sparse_3Body	1010	32640	1.000000	0.000000	2.19	26.04	1176.35	0.203922
256	26	0.10	Model_C_LowRank_CP	1010	6656	1.000000	0.000000	2.00	25.65	2273.92	1.000000
256	26	0.10	Model_D_Sparse_4Body	1010	32640	1.000000	0.000000	2.19	25.96	2435.81	0.203922
256	26	0.10	Model_A_Pairwise	1011	32640	0.846154	0.001352	2.65	29.54	454.15	0.172549
256	26	0.10	Model_B_Sparse_3Body	1011	32640	0.961538	0.000150	2.08	27.77	1881.88	0.196078
256	26	0.10	Model_C_LowRank_CP	1011	6656	1.000000	0.000000	2.00	27.65	3434.19	1.000000
256	26	0.10	Model_D_Sparse_4Body	1011	32640	1.000000	0.000000	2.12	27.96	1715.73	0.203922
256	26	0.10	Model_A_Pairwise	1012	32640	0.846154	0.001052	2.42	25.73	1242.58	0.172549
256	26	0.10	Model_B_Sparse_3Body	1012	32640	0.923077	0.000300	2.04	24.69	1877.08	0.188235
256	26	0.10	Model_C_LowRank_CP	1012	6656	1.000000	0.000000	2.00	24.62	1649.23	1.000000
256	26	0.10	Model_D_Sparse_4Body	1012	32640	1.000000	0.000000	2.27	25.31	1860.62	0.203922
256	26	0.10	Model_A_Pairwise	1013	32640	0.769231	0.004357	2.65	30.42	417.19	0.156863
256	26	0.10	Model_B_Sparse_3Body	1013	32640	0.884615	0.000451	2.23	27.81	1242.96	0.180392
256	26	0.10	Model_C_LowRank_CP	1013	6656	1.000000	0.000000	2.00	27.31	2735.04	1.000000
256	26	0.10	Model_D_Sparse_4Body	1013	32640	1.000000	0.000000	2.19	27.69	1637.12	0.203922
256	26	0.10	Model_A_Pairwise	1014	32640	0.653846	0.019832	2.85	31.19	652.77	0.133333
256	26	0.10	Model_B_Sparse_3Body	1014	32640	0.884615	0.000451	2.23	26.08	1196.62	0.180392
256	26	0.10	Model_C_LowRank_CP	1014	6656	1.000000	0.000000	2.00	25.58	2202.38	1.000000
256	26	0.10	Model_D_Sparse_4Body	1014	32640	1.000000	0.000000	2.15	25.88	1622.88	0.203922
256	26	0.10	Model_A_Pairwise	1015	32640	0.807692	0.011869	3.12	30.65	542.15	0.164706
256	26	0.10	Model_B_Sparse_3Body	1015	32640	0.923077	0.000300	2.19	26.08	1229.15	0.188235
256	26	0.10	Model_C_LowRank_CP	1015	6656	1.000000	0.000000	2.00	25.69	1873.42	1.000000
256	26	0.10	Model_D_Sparse_4Body	1015	32640	1.000000	0.000000	2.19	26.00	2115.54	0.203922
256	26	0.10	Model_A_Pairwise	1016	32640	0.961538	0.000601	2.46	25.88	723.23	0.196078
256	26	0.10	Model_B_Sparse_3Body	1016	32640	0.923077	0.000300	2.15	24.73	1135.62	0.188235
256	26	0.10	Model_C_LowRank_CP	1016	6656	1.000000	0.000000	2.00	24.42	2513.92	1.000000
256	26	0.10	Model_D_Sparse_4Body	1016	32640	1.000000	0.000000	2.15	24.73	2061.08	0.203922
256	26	0.10	Model_A_Pairwise	1017	32640	0.846154	0.000601	2.42	26.23	584.12	0.172549
256	26	0.10	Model_B_Sparse_3Body	1017	32640	0.961538	0.000150	2.35	25.58	1321.85	0.196078
256	26	0.10	Model_C_LowRank_CP	1017	6656	1.000000	0.000000	2.00	24.85	4152.08	1.000000
256	26	0.10	Model_D_Sparse_4Body	1017	32640	1.000000	0.000000	2.08	24.92	2359.42	0.203922
256	26	0.10	Model_A_Pairwise	1018	32640	0.923077	0.000601	2.35	27.31	567.88	0.188235
256	26	0.10	Model_B_Sparse_3Body	1018	32640	0.846154	0.000751	2.35	26.73	1868.62	0.172549
256	26	0.10	Model_C_LowRank_CP	1018	6656	1.000000	0.000000	2.00	26.00	2732.00	1.000000
256	26	0.10	Model_D_Sparse_4Body	1018	32640	0.961538	0.000150	2.08	26.19	3713.69	0.196078
256	26	0.10	Model_A_Pairwise	1019	32640	0.807692	0.013371	2.81	29.23	613.92	0.164706
256	26	0.10	Model_B_Sparse_3Body	1019	32640	0.846154	0.000601	2.27	25.58	1298.46	0.172549
256	26	0.10	Model_C_LowRank_CP	1019	6656	1.000000	0.000000	2.00	25.12	4378.46	1.000000
256	26	0.10	Model_D_Sparse_4Body	1019	32640	1.000000	0.000000	2.12	25.42	1361.88	0.203922
256	26	0.10	Model_A_Pairwise	1020	32640	0.730769	0.005258	2.50	27.19	782.77	0.149020
256	26	0.10	Model_B_Sparse_3Body	1020	32640	1.000000	0.000000	2.31	25.69	1309.42	0.203922
256	26	0.10	Model_C_LowRank_CP	1020	6656	1.000000	0.000000	2.00	24.85	3540.62	1.000000
256	26	0.10	Model_D_Sparse_4Body	1020	32640	1.000000	0.000000	2.15	25.31	2045.35	0.203922
256	26	0.20	Model_A_Pairwise	1001	32640	0.769231	0.021935	3.65	62.81	1798.23	0.156863
256	26	0.20	Model_B_Sparse_3Body	1001	32640	0.923077	0.000300	2.77	55.12	1778.58	0.188235
256	26	0.20	Model_C_LowRank_CP	1001	6656	1.000000	0.000000	2.00	52.73	3569.50	1.000000
256	26	0.20	Model_D_Sparse_4Body	1001	32640	0.961538	0.009615	3.23	64.58	2541.77	0.196078
256	26	0.20	Model_A_Pairwise	1002	32640	0.653846	0.008263	3.15	55.31	487.12	0.133333
256	26	0.20	Model_B_Sparse_3Body	1002	32640	0.923077	0.000300	2.81	52.73	1391.42	0.188235
256	26	0.20	Model_C_LowRank_CP	1002	6656	1.000000	0.000000	2.00	49.96	3162.15	1.000000
256	26	0.20	Model_D_Sparse_4Body	1002	32640	1.000000	0.000000	3.00	61.12	3063.62	0.203922
256	26	0.20	Model_A_Pairwise	1003	32640	0.846154	0.001202	3.12	58.62	1501.15	0.172549
256	26	0.20	Model_B_Sparse_3Body	1003	32640	0.884615	0.000451	2.77	56.42	2432.96	0.180392
256	26	0.20	Model_C_LowRank_CP	1003	6656	1.000000	0.000000	2.00	52.00	2023.85	1.000000
256	26	0.20	Model_D_Sparse_4Body	1003	32640	1.000000	0.000000	2.96	65.23	3283.77	0.203922
256	26	0.20	Model_A_Pairwise	1004	32640	0.846154	0.002404	2.81	54.38	753.15	0.172549
256	26	0.20	Model_B_Sparse_3Body	1004	32640	0.923077	0.000451	2.69	52.19	1707.58	0.188235
256	26	0.20	Model_C_LowRank_CP	1004	6656	1.000000	0.000000	2.00	49.31	2244.50	1.000000
256	26	0.20	Model_D_Sparse_4Body	1004	32640	1.000000	0.000000	3.12	63.00	3525.12	0.203922
256	26	0.20	Model_A_Pairwise	1005	32640	0.730769	0.019832	3.85	62.88	795.88	0.149020
256	26	0.20	Model_B_Sparse_3Body	1005	32640	0.730769	0.001052	2.77	55.15	1771.96	0.149020
256	26	0.20	Model_C_LowRank_CP	1005	6656	1.000000	0.000000	2.00	51.27	3675.58	1.000000
256	26	0.20	Model_D_Sparse_4Body	1005	32640	0.961538	0.010517	2.92	62.19	3238.27	0.196078
256	26	0.20	Model_A_Pairwise	1006	32640	0.846154	0.000601	2.65	53.31	441.88	0.172549
256	26	0.20	Model_B_Sparse_3Body	1006	32640	0.769231	0.001052	2.77	52.73	1233.23	0.156863
256	26	0.20	Model_C_LowRank_CP	1006	6656	1.000000	0.000000	2.00	50.15	2765.58	1.000000
256	26	0.20	Model_D_Sparse_4Body	1006	32640	1.000000	0.000000	2.88	59.00	2130.81	0.203922
256	26	0.20	Model_A_Pairwise	1007	32640	0.846154	0.004357	3.08	56.50	546.88	0.172549
256	26	0.20	Model_B_Sparse_3Body	1007	32640	0.961538	0.000150	2.77	56.12	1438.38	0.196078
256	26	0.20	Model_C_LowRank_CP	1007	6656	1.000000	0.000000	2.00	51.15	3107.81	1.000000
256	26	0.20	Model_D_Sparse_4Body	1007	32640	1.000000	0.000000	3.38	65.62	3080.58	0.203922
256	26	0.20	Model_A_Pairwise	1008	32640	0.769231	0.008263	3.19	59.04	807.77	0.156863
256	26	0.20	Model_B_Sparse_3Body	1008	32640	0.846154	0.000601	2.85	54.69	1781.54	0.172549
256	26	0.20	Model_C_LowRank_CP	1008	6656	1.000000	0.000000	2.00	51.15	2254.46	1.000000
256	26	0.20	Model_D_Sparse_4Body	1008	32640	1.000000	0.000000	3.08	64.85	2902.96	0.203922
256	26	0.20	Model_A_Pairwise	1009	32640	0.615385	0.033203	3.73	62.69	1409.19	0.125490
256	26	0.20	Model_B_Sparse_3Body	1009	32640	0.884615	0.000601	2.81	52.96	1774.92	0.180392
256	26	0.20	Model_C_LowRank_CP	1009	6656	1.000000	0.000000	2.00	49.73	1739.00	1.000000
256	26	0.20	Model_D_Sparse_4Body	1009	32640	1.000000	0.000000	2.92	59.81	2597.27	0.203922
256	26	0.20	Model_A_Pairwise	1010	32640	0.769231	0.010968	3.42	57.54	757.31	0.156863
256	26	0.20	Model_B_Sparse_3Body	1010	32640	1.000000	0.000000	2.65	52.27	1767.73	0.203922
256	26	0.20	Model_C_LowRank_CP	1010	6656	1.000000	0.000000	2.00	49.42	2421.50	1.000000
256	26	0.20	Model_D_Sparse_4Body	1010	32640	1.000000	0.000000	3.00	59.96	2605.00	0.203922
256	26	0.20	Model_A_Pairwise	1011	32640	0.807692	0.012169	3.88	64.50	1039.77	0.164706
256	26	0.20	Model_B_Sparse_3Body	1011	32640	0.961538	0.000150	2.88	58.19	2767.85	0.196078
256	26	0.20	Model_C_LowRank_CP	1011	6656	1.000000	0.000000	2.00	54.08	1732.58	1.000000
256	26	0.20	Model_D_Sparse_4Body	1011	32640	1.000000	0.000000	3.15	68.92	3422.38	0.203922
256	26	0.20	Model_A_Pairwise	1012	32640	0.769231	0.009014	3.42	58.35	880.92	0.156863
256	26	0.20	Model_B_Sparse_3Body	1012	32640	0.923077	0.000300	2.77	52.73	2819.04	0.188235
256	26	0.20	Model_C_LowRank_CP	1012	6656	1.000000	0.000000	2.00	49.58	1706.04	1.000000
256	26	0.20	Model_D_Sparse_4Body	1012	32640	1.000000	0.000000	3.00	61.50	3548.00	0.203922
256	26	0.20	Model_A_Pairwise	1013	32640	0.653846	0.036508	3.62	65.88	923.54	0.133333
256	26	0.20	Model_B_Sparse_3Body	1013	32640	0.923077	0.000300	2.85	58.77	1271.96	0.188235
256	26	0.20	Model_C_LowRank_CP	1013	6656	1.000000	0.000000	2.00	53.85	2871.88	1.000000
256	26	0.20	Model_D_Sparse_4Body	1013	32640	0.961538	0.013972	3.27	70.58	4830.77	0.196078
256	26	0.20	Model_A_Pairwise	1014	32640	0.692308	0.008564	3.23	56.81	790.19	0.141176
256	26	0.20	Model_B_Sparse_3Body	1014	32640	0.884615	0.000451	2.92	53.35	1485.35	0.180392
256	26	0.20	Model_C_LowRank_CP	1014	6656	1.000000	0.000000	2.00	49.92	3902.54	1.000000
256	26	0.20	Model_D_Sparse_4Body	1014	32640	1.000000	0.000000	2.92	58.23	2954.88	0.203922
256	26	0.20	Model_A_Pairwise	1015	32640	0.807692	0.011869	3.81	61.46	857.58	0.164706
256	26	0.20	Model_B_Sparse_3Body	1015	32640	0.923077	0.000300	2.77	55.04	1819.08	0.188235
256	26	0.20	Model_C_LowRank_CP	1015	6656	1.000000	0.000000	2.00	51.88	3275.50	1.000000
256	26	0.20	Model_D_Sparse_4Body	1015	32640	1.000000	0.000000	3.15	67.50	2651.19	0.203922
256	26	0.20	Model_A_Pairwise	1016	32640	0.884615	0.001502	3.15	57.19	706.08	0.180392
256	26	0.20	Model_B_Sparse_3Body	1016	32640	0.923077	0.000300	2.65	53.19	1131.35	0.188235
256	26	0.20	Model_C_LowRank_CP	1016	6656	1.000000	0.000000	2.00	51.04	2542.96	1.000000
256	26	0.20	Model_D_Sparse_4Body	1016	32640	0.961538	0.011719	3.46	67.58	4154.69	0.196078
256	26	0.20	Model_A_Pairwise	1017	32640	0.807692	0.002103	3.23	57.85	596.54	0.164706
256	26	0.20	Model_B_Sparse_3Body	1017	32640	0.961538	0.000150	2.85	54.96	1104.19	0.196078
256	26	0.20	Model_C_LowRank_CP	1017	6656	1.000000	0.000000	2.00	50.85	2716.35	1.000000
256	26	0.20	Model_D_Sparse_4Body	1017	32640	0.961538	0.012770	3.15	61.58	4173.85	0.196078
256	26	0.20	Model_A_Pairwise	1018	32640	0.846154	0.013371	2.81	57.62	791.42	0.172549
256	26	0.20	Model_B_Sparse_3Body	1018	32640	0.846154	0.000751	2.88	55.92	2524.38	0.172549
256	26	0.20	Model_C_LowRank_CP	1018	6656	1.000000	0.000000	2.00	51.88	2176.73	1.000000
256	26	0.20	Model_D_Sparse_4Body	1018	32640	0.961538	0.000150	2.92	58.92	3219.38	0.196078
256	26	0.20	Model_A_Pairwise	1019	32640	0.692308	0.041617	4.12	64.77	625.23	0.141176
256	26	0.20	Model_B_Sparse_3Body	1019	32640	0.846154	0.000601	2.69	52.96	1215.92	0.172549
256	26	0.20	Model_C_LowRank_CP	1019	6656	1.000000	0.000000	2.00	50.50	3238.04	1.000000
256	26	0.20	Model_D_Sparse_4Body	1019	32640	1.000000	0.000000	2.96	58.42	2533.69	0.203922
256	26	0.20	Model_A_Pairwise	1020	32640	0.653846	0.009916	3.23	55.27	744.27	0.133333
256	26	0.20	Model_B_Sparse_3Body	1020	32640	1.000000	0.000000	2.88	52.19	1801.00	0.203922
256	26	0.20	Model_C_LowRank_CP	1020	6656	1.000000	0.000000	2.00	49.19	1649.62	1.000000
256	26	0.20	Model_D_Sparse_4Body	1020	32640	1.000000	0.000000	2.85	58.35	2888.77	0.203922
256	26	0.30	Model_A_Pairwise	1001	32640	0.538462	0.097206	5.31	106.69	1215.31	0.109804
256	26	0.30	Model_B_Sparse_3Body	1001	32640	0.884615	0.015925	3.46	99.35	2609.54	0.180392
256	26	0.30	Model_C_LowRank_CP	1001	6656	1.000000	0.000000	2.00	76.58	3685.65	1.000000
256	26	0.30	Model_D_Sparse_4Body	1001	32640	0.269231	0.283654	6.85	102.12	6803.15	0.054902
256	26	0.30	Model_A_Pairwise	1002	32640	0.384615	0.094802	5.54	108.92	1260.46	0.078431
256	26	0.30	Model_B_Sparse_3Body	1002	32640	0.923077	0.000300	3.27	94.58	1196.23	0.188235
256	26	0.30	Model_C_LowRank_CP	1002	6656	1.000000	0.000000	2.00	75.19	2296.42	1.000000
256	26	0.30	Model_D_Sparse_4Body	1002	32640	0.346154	0.249549	7.54	111.15	6023.54	0.070588
256	26	0.30	Model_A_Pairwise	1003	32640	0.538462	0.109976	5.42	116.12	1864.58	0.109804
256	26	0.30	Model_B_Sparse_3Body	1003	32640	0.846154	0.033504	3.73	110.15	2943.31	0.172549
256	26	0.30	Model_C_LowRank_CP	1003	6656	1.000000	0.000000	2.00	78.65	1779.62	1.000000
256	26	0.30	Model_D_Sparse_4Body	1003	32640	0.230769	0.305288	7.77	114.27	6689.58	0.047059
256	26	0.30	Model_A_Pairwise	1004	32640	0.653846	0.060998	4.85	103.42	1080.04	0.133333
256	26	0.30	Model_B_Sparse_3Body	1004	32640	0.884615	0.018029	3.46	96.65	1646.96	0.180392
256	26	0.30	Model_C_LowRank_CP	1004	6656	1.000000	0.000000	2.00	75.42	3045.73	1.000000
256	26	0.30	Model_D_Sparse_4Body	1004	32640	0.384615	0.230168	6.69	106.65	6715.19	0.078431
256	26	0.30	Model_A_Pairwise	1005	32640	0.384615	0.118690	5.50	107.08	925.73	0.078431
256	26	0.30	Model_B_Sparse_3Body	1005	32640	0.730769	0.013071	3.46	103.81	1942.38	0.149020
256	26	0.30	Model_C_LowRank_CP	1005	6656	1.000000	0.000000	2.00	76.23	2496.00	1.000000
256	26	0.30	Model_D_Sparse_4Body	1005	32640	0.230769	0.295373	6.77	105.54	11436.46	0.047059
256	26	0.30	Model_A_Pairwise	1006	32640	0.730769	0.032903	4.35	95.88	781.00	0.149020
256	26	0.30	Model_B_Sparse_3Body	1006	32640	0.692308	0.028996	3.96	101.58	2272.15	0.141176
256	26	0.30	Model_C_LowRank_CP	1006	6656	1.000000	0.000000	2.00	77.08	3135.69	1.000000
256	26	0.30	Model_D_Sparse_4Body	1006	32640	0.307692	0.268179	7.23	114.27	8762.27	0.062745
256	26	0.30	Model_A_Pairwise	1007	32640	0.576923	0.069411	5.12	101.58	1253.96	0.117647
256	26	0.30	Model_B_Sparse_3Body	1007	32640	0.884615	0.032452	3.69	101.04	2075.92	0.180392
256	26	0.30	Model_C_LowRank_CP	1007	6656	1.000000	0.000000	2.00	76.88	2097.69	1.000000
256	26	0.30	Model_D_Sparse_4Body	1007	32640	0.307692	0.274489	7.31	117.15	10156.42	0.062745
256	26	0.30	Model_A_Pairwise	1008	32640	0.500000	0.102764	5.92	117.77	930.46	0.101961
256	26	0.30	Model_B_Sparse_3Body	1008	32640	0.846154	0.000601	3.42	109.15	2077.81	0.172549
256	26	0.30	Model_C_LowRank_CP	1008	6656	1.000000	0.000000	2.00	76.85	7563.77	1.000000
256	26	0.30	Model_D_Sparse_4Body	1008	32640	0.269231	0.282452	6.73	107.77	5941.00	0.054902
256	26	0.30	Model_A_Pairwise	1009	32640	0.192308	0.184195	6.50	120.54	2965.19	0.039216
256	26	0.30	Model_B_Sparse_3Body	1009	32640	0.884615	0.000601	3.35	99.62	1942.19	0.180392
256	26	0.30	Model_C_LowRank_CP	1009	6656	1.000000	0.000000	2.00	75.08	2177.00	1.000000
256	26	0.30	Model_D_Sparse_4Body	1009	32640	0.423077	0.212290	6.85	114.73	5650.54	0.086275
256	26	0.30	Model_A_Pairwise	1010	32640	0.461538	0.129657	6.65	121.77	1758.58	0.094118
256	26	0.30	Model_B_Sparse_3Body	1010	32640	1.000000	0.000000	3.38	97.73	1276.85	0.203922
256	26	0.30	Model_C_LowRank_CP	1010	6656	1.000000	0.000000	2.00	75.42	1615.46	1.000000
256	26	0.30	Model_D_Sparse_4Body	1010	32640	0.269231	0.271785	7.46	112.08	4822.77	0.054902
256	26	0.30	Model_A_Pairwise	1011	32640	0.461538	0.114333	6.04	115.08	1216.38	0.094118
256	26	0.30	Model_B_Sparse_3Body	1011	32640	0.884615	0.030349	3.88	111.50	3507.65	0.180392
256	26	0.30	Model_C_LowRank_CP	1011	6656	1.000000	0.000000	2.04	79.50	3990.54	1.000000
256	26	0.30	Model_D_Sparse_4Body	1011	32640	0.153846	0.323618	6.85	107.04	7207.04	0.031373
256	26	0.30	Model_A_Pairwise	1012	32640	0.461538	0.129657	6.27	118.85	1059.69	0.094118
256	26	0.30	Model_B_Sparse_3Body	1012	32640	0.923077	0.000300	3.50	97.27	2915.35	0.188235
256	26	0.30	Model_C_LowRank_CP	1012	6656	1.000000	0.000000	2.00	74.27	3904.15	1.000000
256	26	0.30	Model_D_Sparse_4Body	1012	32640	0.461538	0.210938	6.31	111.12	7096.38	0.094118
256	26	0.30	Model_A_Pairwise	1013	32640	0.307692	0.152494	6.38	119.12	1527.15	0.062745
256	26	0.30	Model_B_Sparse_3Body	1013	32640	0.884615	0.018930	4.00	114.00	2745.31	0.180392
256	26	0.30	Model_C_LowRank_CP	1013	6656	1.000000	0.000000	2.04	77.69	4903.46	1.000000
256	26	0.30	Model_D_Sparse_4Body	1013	32640	0.192308	0.319712	7.12	104.08	7247.35	0.039216
256	26	0.30	Model_A_Pairwise	1014	32640	0.423077	0.128005	6.77	116.19	1079.08	0.086275
256	26	0.30	Model_B_Sparse_3Body	1014	32640	0.846154	0.016827	3.62	103.65	1472.73	0.172549
256	26	0.30	Model_C_LowRank_CP	1014	6656	1.000000	0.000000	2.00	76.04	1973.19	1.000000
256	26	0.30	Model_D_Sparse_4Body	1014	32640	0.269231	0.280950	6.77	110.12	6138.15	0.054902
256	26	0.30	Model_A_Pairwise	1015	32640	0.538462	0.112079	6.31	115.19	1436.27	0.109804
256	26	0.30	Model_B_Sparse_3Body	1015	32640	0.884615	0.017127	3.73	108.96	2006.69	0.180392
256	26	0.30	Model_C_LowRank_CP	1015	6656	1.000000	0.000000	2.00	77.65	3020.23	1.000000
256	26	0.30	Model_D_Sparse_4Body	1015	32640	0.230769	0.302284	7.62	113.04	10868.50	0.047059
256	26	0.30	Model_A_Pairwise	1016	32640	0.500000	0.114934	5.81	113.81	1261.19	0.101961
256	26	0.30	Model_B_Sparse_3Body	1016	32640	0.846154	0.031100	3.58	97.65	1992.54	0.172549
256	26	0.30	Model_C_LowRank_CP	1016	6656	1.000000	0.000000	2.00	76.77	1919.12	1.000000
256	26	0.30	Model_D_Sparse_4Body	1016	32640	0.307692	0.266827	8.65	119.38	6758.65	0.062745
256	26	0.30	Model_A_Pairwise	1017	32640	0.423077	0.112079	5.77	113.27	1784.15	0.086275
256	26	0.30	Model_B_Sparse_3Body	1017	32640	0.923077	0.000300	3.46	102.73	1820.38	0.188235
256	26	0.30	Model_C_LowRank_CP	1017	6656	1.000000	0.000000	2.00	75.96	3886.12	1.000000
256	26	0.30	Model_D_Sparse_4Body	1017	32640	0.269231	0.269231	7.42	109.88	7136.58	0.054902
256	26	0.30	Model_A_Pairwise	1018	32640	0.576923	0.065805	5.15	110.73	2094.92	0.117647
256	26	0.30	Model_B_Sparse_3Body	1018	32640	0.807692	0.017278	3.65	104.15	1692.04	0.164706
256	26	0.30	Model_C_LowRank_CP	1018	6656	1.000000	0.000000	2.00	78.19	2135.50	1.000000
256	26	0.30	Model_D_Sparse_4Body	1018	32640	0.115385	0.340745	8.38	112.73	8627.62	0.023529
256	26	0.30	Model_A_Pairwise	1019	32640	0.384615	0.129958	6.19	112.42	1249.38	0.078431
256	26	0.30	Model_B_Sparse_3Body	1019	32640	0.807692	0.020583	3.50	98.96	2637.58	0.164706
256	26	0.30	Model_C_LowRank_CP	1019	6656	1.000000	0.000000	2.00	76.69	2942.42	1.000000
256	26	0.30	Model_D_Sparse_4Body	1019	32640	0.230769	0.294621	7.50	106.58	8152.73	0.047059
256	26	0.30	Model_A_Pairwise	1020	32640	0.500000	0.075871	4.81	102.12	1095.77	0.101961
256	26	0.30	Model_B_Sparse_3Body	1020	32640	0.961538	0.016226	3.62	98.00	1621.23	0.196078
256	26	0.30	Model_C_LowRank_CP	1020	6656	1.000000	0.000000	2.00	74.00	1633.23	1.000000
256	26	0.30	Model_D_Sparse_4Body	1020	32640	0.423077	0.215895	5.81	107.12	4121.42	0.086275
256	26	0.40	Model_A_Pairwise	1001	32640	0.115385	0.323468	8.15	163.73	2138.58	0.023529
256	26	0.40	Model_B_Sparse_3Body	1001	32640	0.307692	0.309495	7.31	140.54	5481.35	0.062745
256	26	0.40	Model_C_LowRank_CP	1001	6656	0.846154	0.076472	2.54	104.50	6871.12	0.846154
256	26	0.40	Model_D_Sparse_4Body	1001	32640	0.000000	0.451923	8.00	108.62	9200.27	0.000000
256	26	0.40	Model_A_Pairwise	1002	32640	0.115385	0.291917	7.73	156.00	2522.73	0.023529
256	26	0.40	Model_B_Sparse_3Body	1002	32640	0.384615	0.280349	7.35	152.88	3725.12	0.078431
256	26	0.40	Model_C_LowRank_CP	1002	6656	0.884615	0.055288	2.46	103.73	3151.77	0.884615
256	26	0.40	Model_D_Sparse_4Body	1002	32640	0.000000	0.450571	8.50	111.31	10302.00	0.000000
256	26	0.40	Model_A_Pairwise	1003	32640	0.076923	0.383864	8.31	173.65	2251.96	0.015686
256	26	0.40	Model_B_Sparse_3Body	1003	32640	0.230769	0.362981	7.08	147.23	4650.19	0.047059
256	26	0.40	Model_C_LowRank_CP	1003	6656	0.769231	0.117488	2.77	107.69	4335.88	0.769231
256	26	0.40	Model_D_Sparse_4Body	1003	32640	0.000000	0.465294	7.12	106.58	13306.15	0.000000
256	26	0.40	Model_A_Pairwise	1004	32640	0.076923	0.320763	9.42	161.04	3527.08	0.015686
256	26	0.40	Model_B_Sparse_3Body	1004	32640	0.423077	0.240535	6.38	155.58	6297.81	0.086275
256	26	0.40	Model_C_LowRank_CP	1004	6656	0.807692	0.093149	2.50	102.69	4613.27	0.807692
256	26	0.40	Model_D_Sparse_4Body	1004	32640	0.000000	0.444111	7.42	104.38	10232.19	0.000000
256	26	0.40	Model_A_Pairwise	1005	32640	0.076923	0.310697	7.92	155.23	1728.92	0.015686
256	26	0.40	Model_B_Sparse_3Body	1005	32640	0.269231	0.291466	7.54	151.31	4378.12	0.054902
256	26	0.40	Model_C_LowRank_CP	1005	6656	0.846154	0.070463	2.38	104.04	4784.62	0.846154
256	26	0.40	Model_D_Sparse_4Body	1005	32640	0.000000	0.454477	8.31	112.65	8632.81	0.000000
256	26	0.40	Model_A_Pairwise	1006	32640	0.153846	0.305288	7.92	167.04	2125.77	0.031373
256	26	0.40	Model_B_Sparse_3Body	1006	32640	0.230769	0.308143	6.69	143.54	4646.23	0.047059
256	26	0.40	Model_C_LowRank_CP	1006	6656	0.884615	0.053786	2.50	106.12	3501.31	0.884615
256	26	0.40	Model_D_Sparse_4Body	1006	32640	0.000000	0.460337	7.38	109.35	14323.38	0.000000
256	26	0.40	Model_A_Pairwise	1007	32640	0.000000	0.316857	8.50	163.96	1405.69	0.000000
256	26	0.40	Model_B_Sparse_3Body	1007	32640	0.307692	0.311749	7.50	148.27	3862.62	0.062745
256	26	0.40	Model_C_LowRank_CP	1007	6656	0.769231	0.109826	2.62	103.81	4034.62	0.769231
256	26	0.40	Model_D_Sparse_4Body	1007	32640	0.000000	0.461088	8.81	109.65	10690.27	0.000000
256	26	0.40	Model_A_Pairwise	1008	32640	0.000000	0.332632	8.65	169.54	1656.31	0.000000
256	26	0.40	Model_B_Sparse_3Body	1008	32640	0.269231	0.283504	7.38	154.04	3983.69	0.054902
256	26	0.40	Model_C_LowRank_CP	1008	6656	0.846154	0.073167	2.58	104.88	6991.12	0.846154
256	26	0.40	Model_D_Sparse_4Body	1008	32640	0.000000	0.466196	8.04	108.88	11715.58	0.000000
256	26	0.40	Model_A_Pairwise	1009	32640	0.000000	0.393329	7.96	169.50	2011.65	0.000000
256	26	0.40	Model_B_Sparse_3Body	1009	32640	0.346154	0.301082	7.00	150.35	4760.35	0.070588
256	26	0.40	Model_C_LowRank_CP	1009	6656	0.807692	0.093750	2.54	103.96	3495.23	0.807692
256	26	0.40	Model_D_Sparse_4Body	1009	32640	0.000000	0.444261	7.85	106.77	12659.85	0.000000
256	26	0.40	Model_A_Pairwise	1010	32640	0.038462	0.344050	8.65	163.15	1671.08	0.007843
256	26	0.40	Model_B_Sparse_3Body	1010	32640	0.346154	0.297175	6.81	146.85	4471.00	0.070588
256	26	0.40	Model_C_LowRank_CP	1010	6656	0.730769	0.131611	2.42	103.62	3987.96	0.730769
256	26	0.40	Model_D_Sparse_4Body	1010	32640	0.000000	0.436148	7.77	111.73	7104.00	0.000000
256	26	0.40	Model_A_Pairwise	1011	32640	0.076923	0.339694	8.62	161.85	3896.58	0.015686
256	26	0.40	Model_B_Sparse_3Body	1011	32640	0.153846	0.397085	8.15	151.38	6043.19	0.031373
256	26	0.40	Model_C_LowRank_CP	1011	6656	0.846154	0.074519	2.65	106.81	6169.38	0.846154
256	26	0.40	Model_D_Sparse_4Body	1011	32640	0.000000	0.462440	8.04	109.12	12177.19	0.000000
256	26	0.40	Model_A_Pairwise	1012	32640	0.000000	0.357272	8.35	168.69	1343.27	0.000000
256	26	0.40	Model_B_Sparse_3Body	1012	32640	0.307692	0.294020	7.62	157.19	2953.88	0.062745
256	26	0.40	Model_C_LowRank_CP	1012	6656	0.846154	0.074820	2.35	100.23	3683.77	0.846154
256	26	0.40	Model_D_Sparse_4Body	1012	32640	0.000000	0.457782	8.08	110.27	8970.54	0.000000
256	26	0.40	Model_A_Pairwise	1013	32640	0.076923	0.325871	8.15	165.54	2179.50	0.015686
256	26	0.40	Model_B_Sparse_3Body	1013	32640	0.153846	0.379507	8.96	161.42	5015.23	0.031373
256	26	0.40	Model_C_LowRank_CP	1013	6656	0.576923	0.208233	2.62	107.58	5304.81	0.576923
256	26	0.40	Model_D_Sparse_4Body	1013	32640	0.000000	0.462740	6.88	105.73	14611.54	0.000000
256	26	0.40	Model_A_Pairwise	1014	32640	0.038462	0.364333	8.65	177.62	2327.65	0.007843
256	26	0.40	Model_B_Sparse_3Body	1014	32640	0.269231	0.316256	7.73	150.31	4562.23	0.054902
256	26	0.40	Model_C_LowRank_CP	1014	6656	0.884615	0.058293	2.50	103.27	5126.92	0.884615
256	26	0.40	Model_D_Sparse_4Body	1014	32640	0.000000	0.458834	7.35	108.27	10815.23	0.000000
256	26	0.40	Model_A_Pairwise	1015	32640	0.076923	0.356220	9.62	178.65	3157.88	0.015686
256	26	0.40	Model_B_Sparse_3Body	1015	32640	0.307692	0.301232	8.96	152.58	7215.77	0.062745
256	26	0.40	Model_C_LowRank_CP	1015	6656	0.884615	0.051232	2.46	105.58	4386.92	0.884615
256	26	0.40	Model_D_Sparse_4Body	1015	32640	0.000000	0.463191	8.38	109.19	7570.23	0.000000
256	26	0.40	Model_A_Pairwise	1016	32640	0.000000	0.382512	9.19	186.50	2193.50	0.000000
256	26	0.40	Model_B_Sparse_3Body	1016	32640	0.307692	0.329026	7.62	152.04	5415.08	0.062745
256	26	0.40	Model_C_LowRank_CP	1016	6656	0.923077	0.036809	2.58	106.38	2494.15	0.923077
256	26	0.40	Model_D_Sparse_4Body	1016	32640	0.000000	0.464243	8.27	106.81	12132.54	0.000000
256	26	0.40	Model_A_Pairwise	1017	32640	0.076923	0.308143	8.77	164.15	1706.42	0.015686
256	26	0.40	Model_B_Sparse_3Body	1017	32640	0.230769	0.324970	7.58	150.08	5225.12	0.047059
256	26	0.40	Model_C_LowRank_CP	1017	6656	0.846154	0.064303	2.35	100.27	3764.81	0.846154
256	26	0.40	Model_D_Sparse_4Body	1017	32640	0.000000	0.437049	7.69	106.77	10031.88	0.000000
256	26	0.40	Model_A_Pairwise	1018	32640	0.000000	0.364784	8.81	176.50	1992.27	0.000000
256	26	0.40	Model_B_Sparse_3Body	1018	32640	0.115385	0.410457	7.50	144.73	5408.62	0.023529
256	26	0.40	Model_C_LowRank_CP	1018	6656	0.692308	0.154147	2.46	105.65	3064.42	0.692308
256	26	0.40	Model_D_Sparse_4Body	1018	32640	0.000000	0.470703	8.58	110.77	12761.00	0.000000
256	26	0.40	Model_A_Pairwise	1019	32640	0.038462	0.342248	8.23	164.54	1909.96	0.007843
256	26	0.40	Model_B_Sparse_3Body	1019	32640	0.307692	0.289062	6.73	153.54	7570.31	0.062745
256	26	0.40	Model_C_LowRank_CP	1019	6656	0.807692	0.085487	2.54	103.88	3454.00	0.807692
256	26	0.40	Model_D_Sparse_4Body	1019	32640	0.000000	0.455078	8.46	110.04	12559.73	0.000000
256	26	0.40	Model_A_Pairwise	1020	32640	0.000000	0.341947	8.38	167.88	1630.65	0.000000
256	26	0.40	Model_B_Sparse_3Body	1020	32640	0.384615	0.271184	6.35	139.69	4058.31	0.078431
256	26	0.40	Model_C_LowRank_CP	1020	6656	0.923077	0.036508	2.46	102.85	3584.00	0.923077
256	26	0.40	Model_D_Sparse_4Body	1020	32640	0.000000	0.450270	8.12	111.15	9334.27	0.000000
256	64	0.10	Model_A_Pairwise	1001	32640	0.000000	0.283203	10.09	113.78	1961.30	0.000000
256	64	0.10	Model_B_Sparse_3Body	1001	32640	0.031250	0.018372	3.56	36.95	3155.33	0.015686
256	64	0.10	Model_C_LowRank_CP	1001	16384	1.000000	0.000000	2.00	26.50	6895.47	1.000000
256	64	0.10	Model_D_Sparse_4Body	1001	32640	0.312500	0.005798	3.47	37.73	5046.06	0.156863
256	64	0.10	Model_A_Pairwise	1002	32640	0.000000	0.277771	10.16	104.95	2858.58	0.000000
256	64	0.10	Model_B_Sparse_3Body	1002	32640	0.015625	0.016418	3.42	34.86	2540.52	0.007843
256	64	0.10	Model_C_LowRank_CP	1002	16384	1.000000	0.000000	2.00	24.72	5482.70	1.000000
256	64	0.10	Model_D_Sparse_4Body	1002	32640	0.265625	0.006653	3.42	36.89	3725.91	0.133333
256	64	0.10	Model_A_Pairwise	1003	32640	0.000000	0.264587	9.55	103.75	2222.64	0.000000
256	64	0.10	Model_B_Sparse_3Body	1003	32640	0.015625	0.017639	3.52	34.75	1813.56	0.007843
256	64	0.10	Model_C_LowRank_CP	1003	16384	1.000000	0.000000	2.00	25.48	5337.89	1.000000
256	64	0.10	Model_D_Sparse_4Body	1003	32640	0.265625	0.005188	3.36	34.19	3279.28	0.133333
256	64	0.10	Model_A_Pairwise	1004	32640	0.000000	0.247620	9.70	98.80	2405.75	0.000000
256	64	0.10	Model_B_Sparse_3Body	1004	32640	0.031250	0.017151	3.45	35.17	2459.59	0.015686
256	64	0.10	Model_C_LowRank_CP	1004	16384	1.000000	0.000000	2.00	24.88	6161.33	1.000000
256	64	0.10	Model_D_Sparse_4Body	1004	32640	0.203125	0.006165	3.33	34.42	3688.88	0.101961
256	64	0.10	Model_A_Pairwise	1005	32640	0.000000	0.287964	9.95	113.27	2773.58	0.000000
256	64	0.10	Model_B_Sparse_3Body	1005	32640	0.031250	0.016907	3.39	35.56	2256.75	0.015686
256	64	0.10	Model_C_LowRank_CP	1005	16384	1.000000	0.000000	2.00	25.11	5798.19	1.000000
256	64	0.10	Model_D_Sparse_4Body	1005	32640	0.234375	0.006470	3.25	34.08	2809.92	0.117647
256	64	0.10	Model_A_Pairwise	1006	32640	0.000000	0.234375	9.33	96.94	2305.33	0.000000
256	64	0.10	Model_B_Sparse_3Body	1006	32640	0.000000	0.015442	3.38	34.77	2646.92	0.000000
256	64	0.10	Model_C_LowRank_CP	1006	16384	1.000000	0.000000	2.00	25.09	5628.83	1.000000
256	64	0.10	Model_D_Sparse_4Body	1006	32640	0.265625	0.006348	3.45	35.53	4167.61	0.133333
256	64	0.10	Model_A_Pairwise	1007	32640	0.000000	0.279907	10.38	112.08	2181.30	0.000000
256	64	0.10	Model_B_Sparse_3Body	1007	32640	0.062500	0.016968	3.48	37.73	2482.62	0.031373
256	64	0.10	Model_C_LowRank_CP	1007	16384	1.000000	0.000000	2.00	26.11	5256.30	1.000000
256	64	0.10	Model_D_Sparse_4Body	1007	32640	0.218750	0.005981	3.34	35.98	3295.31	0.109804
256	64	0.10	Model_A_Pairwise	1008	32640	0.000000	0.279846	10.11	112.22	3502.66	0.000000
256	64	0.10	Model_B_Sparse_3Body	1008	32640	0.062500	0.017578	3.67	38.52	2354.28	0.031373
256	64	0.10	Model_C_LowRank_CP	1008	16384	1.000000	0.000000	2.00	25.58	4782.53	1.000000
256	64	0.10	Model_D_Sparse_4Body	1008	32640	0.312500	0.005554	3.44	36.41	4171.91	0.156863
256	64	0.10	Model_A_Pairwise	1009	32640	0.000000	0.255981	10.14	104.00	2108.70	0.000000
256	64	0.10	Model_B_Sparse_3Body	1009	32640	0.046875	0.016174	3.36	34.14	1501.19	0.023529
256	64	0.10	Model_C_LowRank_CP	1009	16384	1.000000	0.000000	2.00	24.84	7899.27	1.000000
256	64	0.10	Model_D_Sparse_4Body	1009	32640	0.328125	0.004944	3.42	33.89	4161.33	0.164706
256	64	0.10	Model_A_Pairwise	1010	32640	0.000000	0.279053	11.12	110.28	2474.36	0.000000
256	64	0.10	Model_B_Sparse_3Body	1010	32640	0.015625	0.015259	3.62	36.44	2402.81	0.007843
256	64	0.10	Model_C_LowRank_CP	1010	16384	1.000000	0.000000	2.00	26.00	4600.47	1.000000
256	64	0.10	Model_D_Sparse_4Body	1010	32640	0.265625	0.005737	3.42	36.28	3528.58	0.133333
256	64	0.10	Model_A_Pairwise	1011	32640	0.000000	0.274414	10.38	111.53	4395.59	0.000000
256	64	0.10	Model_B_Sparse_3Body	1011	32640	0.031250	0.016724	3.47	37.12	2138.61	0.015686
256	64	0.10	Model_C_LowRank_CP	1011	16384	1.000000	0.000000	2.00	26.94	5865.97	1.000000
256	64	0.10	Model_D_Sparse_4Body	1011	32640	0.265625	0.006165	3.66	38.33	4351.53	0.133333
256	64	0.10	Model_A_Pairwise	1012	32640	0.000000	0.271301	9.62	105.66	2894.27	0.000000
256	64	0.10	Model_B_Sparse_3Body	1012	32640	0.000000	0.015991	3.30	35.83	2217.34	0.000000
256	64	0.10	Model_C_LowRank_CP	1012	16384	1.000000	0.000000	2.00	25.64	4839.80	1.000000
256	64	0.10	Model_D_Sparse_4Body	1012	32640	0.187500	0.006287	3.31	36.25	4081.86	0.094118
256	64	0.10	Model_A_Pairwise	1013	32640	0.000000	0.274048	10.17	107.16	2182.91	0.000000
256	64	0.10	Model_B_Sparse_3Body	1013	32640	0.031250	0.015137	3.47	35.62	2554.12	0.015686
256	64	0.10	Model_C_LowRank_CP	1013	16384	1.000000	0.000000	2.00	25.91	7748.80	1.000000
256	64	0.10	Model_D_Sparse_4Body	1013	32640	0.203125	0.007141	3.48	37.27	3914.48	0.101961
256	64	0.10	Model_A_Pairwise	1014	32640	0.000000	0.256470	9.72	101.98	2742.19	0.000000
256	64	0.10	Model_B_Sparse_3Body	1014	32640	0.015625	0.017639	3.38	35.00	2058.62	0.007843
256	64	0.10	Model_C_LowRank_CP	1014	16384	1.000000	0.000000	2.00	25.05	4556.84	1.000000
256	64	0.10	Model_D_Sparse_4Body	1014	32640	0.312500	0.006104	3.25	34.05	4116.12	0.156863
256	64	0.10	Model_A_Pairwise	1015	32640	0.000000	0.259705	9.88	104.33	1827.89	0.000000
256	64	0.10	Model_B_Sparse_3Body	1015	32640	0.046875	0.016602	3.41	35.59	2540.47	0.023529
256	64	0.10	Model_C_LowRank_CP	1015	16384	1.000000	0.000000	2.00	25.25	4877.80	1.000000
256	64	0.10	Model_D_Sparse_4Body	1015	32640	0.265625	0.007080	3.31	34.69	3265.78	0.133333
256	64	0.10	Model_A_Pairwise	1016	32640	0.000000	0.261108	9.80	101.77	2082.27	0.000000
256	64	0.10	Model_B_Sparse_3Body	1016	32640	0.015625	0.016174	3.50	35.25	1861.70	0.007843
256	64	0.10	Model_C_LowRank_CP	1016	16384	1.000000	0.000000	2.00	24.89	6678.86	1.000000
256	64	0.10	Model_D_Sparse_4Body	1016	32640	0.265625	0.005798	3.30	33.97	2733.80	0.133333
256	64	0.10	Model_A_Pairwise	1017	32640	0.000000	0.266602	9.19	105.31	1951.88	0.000000
256	64	0.10	Model_B_Sparse_3Body	1017	32640	0.031250	0.017151	3.56	35.45	1963.36	0.015686
256	64	0.10	Model_C_LowRank_CP	1017	16384	1.000000	0.000000	2.00	25.38	6413.83	1.000000
256	64	0.10	Model_D_Sparse_4Body	1017	32640	0.156250	0.006531	3.55	36.61	3046.56	0.078431
256	64	0.10	Model_A_Pairwise	1018	32640	0.000000	0.283325	10.62	112.81	2792.22	0.000000
256	64	0.10	Model_B_Sparse_3Body	1018	32640	0.031250	0.017029	3.55	36.48	2384.27	0.015686
256	64	0.10	Model_C_LowRank_CP	1018	16384	1.000000	0.000000	2.00	25.91	5702.31	1.000000
256	64	0.10	Model_D_Sparse_4Body	1018	32640	0.343750	0.005493	3.38	35.53	3757.58	0.172549
256	64	0.10	Model_A_Pairwise	1019	32640	0.000000	0.312805	10.55	122.39	2175.94	0.000000
256	64	0.10	Model_B_Sparse_3Body	1019	32640	0.000000	0.018494	3.70	37.77	2720.59	0.000000
256	64	0.10	Model_C_LowRank_CP	1019	16384	1.000000	0.000000	2.00	25.94	6178.41	1.000000
256	64	0.10	Model_D_Sparse_4Body	1019	32640	0.281250	0.005615	3.39	36.19	2831.05	0.141176
256	64	0.10	Model_A_Pairwise	1020	32640	0.000000	0.299927	10.28	117.30	2749.08	0.000000
256	64	0.10	Model_B_Sparse_3Body	1020	32640	0.031250	0.016541	3.30	35.62	1713.84	0.015686
256	64	0.10	Model_C_LowRank_CP	1020	16384	1.000000	0.000000	2.00	25.33	4369.53	1.000000
256	64	0.10	Model_D_Sparse_4Body	1020	32640	0.187500	0.005859	3.33	34.73	2932.42	0.094118
256	64	0.20	Model_A_Pairwise	1001	32640	0.000000	0.308472	9.67	138.83	2798.30	0.000000
256	64	0.20	Model_B_Sparse_3Body	1001	32640	0.031250	0.025208	4.64	83.97	3181.19	0.015686
256	64	0.20	Model_C_LowRank_CP	1001	16384	1.000000	0.000000	2.00	52.64	4542.88	1.000000
256	64	0.20	Model_D_Sparse_4Body	1001	32640	0.125000	0.141479	6.70	95.52	7323.75	0.062745
256	64	0.20	Model_A_Pairwise	1002	32640	0.000000	0.295288	8.89	130.14	2426.50	0.000000
256	64	0.20	Model_B_Sparse_3Body	1002	32640	0.015625	0.016785	4.25	77.59	6358.48	0.007843
256	64	0.20	Model_C_LowRank_CP	1002	16384	1.000000	0.000000	2.00	50.30	13941.48	1.000000
256	64	0.20	Model_D_Sparse_4Body	1002	32640	0.171875	0.120728	6.30	92.14	18294.58	0.086275
256	64	0.20	Model_A_Pairwise	1003	32640	0.000000	0.298767	9.72	135.53	2636.78	0.000000
256	64	0.20	Model_B_Sparse_3Body	1003	32640	0.015625	0.018188	4.62	82.39	4666.00	0.007843
256	64	0.20	Model_C_LowRank_CP	1003	16384	1.000000	0.000000	2.00	51.73	5127.94	1.000000
256	64	0.20	Model_D_Sparse_4Body	1003	32640	0.140625	0.127747	6.44	94.16	8777.69	0.070588
256	64	0.20	Model_A_Pairwise	1004	32640	0.000000	0.286316	8.92	128.69	3524.17	0.000000
256	64	0.20	Model_B_Sparse_3Body	1004	32640	0.031250	0.023438	4.27	79.64	10154.03	0.015686
256	64	0.20	Model_C_LowRank_CP	1004	16384	1.000000	0.000000	2.00	50.92	19797.05	1.000000
256	64	0.20	Model_D_Sparse_4Body	1004	32640	0.109375	0.116028	6.42	93.59	19549.81	0.054902
256	64	0.20	Model_A_Pairwise	1005	32640	0.000000	0.313171	9.95	142.12	4673.14	0.000000
256	64	0.20	Model_B_Sparse_3Body	1005	32640	0.031250	0.016968	4.55	82.27	8581.05	0.015686
256	64	0.20	Model_C_LowRank_CP	1005	16384	1.000000	0.000000	2.00	50.52	10871.72	1.000000
256	64	0.20	Model_D_Sparse_4Body	1005	32640	0.140625	0.095398	6.66	97.34	19590.23	0.070588
256	64	0.20	Model_A_Pairwise	1006	32640	0.000000	0.294678	9.42	133.62	2452.31	0.000000
256	64	0.20	Model_B_Sparse_3Body	1006	32640	0.000000	0.016052	4.31	79.11	3489.66	0.000000
256	64	0.20	Model_C_LowRank_CP	1006	16384	1.000000	0.000000	2.00	50.59	7015.56	1.000000
256	64	0.20	Model_D_Sparse_4Body	1006	32640	0.156250	0.109863	6.11	93.97	12303.06	0.078431
256	64	0.20	Model_A_Pairwise	1007	32640	0.000000	0.308655	9.83	139.06	9884.67	0.000000
256	64	0.20	Model_B_Sparse_3Body	1007	32640	0.062500	0.016785	4.62	83.47	10526.64	0.031373
256	64	0.20	Model_C_LowRank_CP	1007	16384	1.000000	0.000000	2.00	51.89	19472.61	1.000000
256	64	0.20	Model_D_Sparse_4Body	1007	32640	0.125000	0.112854	6.45	95.84	13582.45	0.062745
256	64	0.20	Model_A_Pairwise	1008	32640	0.000000	0.327148	10.06	145.88	3271.23	0.000000
256	64	0.20	Model_B_Sparse_3Body	1008	32640	0.062500	0.017639	4.70	82.42	8044.72	0.031373
256	64	0.20	Model_C_LowRank_CP	1008	16384	1.000000	0.000000	2.00	50.59	14338.27	1.000000
256	64	0.20	Model_D_Sparse_4Body	1008	32640	0.203125	0.100525	5.78	93.14	13398.59	0.101961
256	64	0.20	Model_A_Pairwise	1009	32640	0.000000	0.291382	9.64	136.03	6720.28	0.000000
256	64	0.20	Model_B_Sparse_3Body	1009	32640	0.046875	0.015991	4.20	77.84	7694.03	0.023529
256	64	0.20	Model_C_LowRank_CP	1009	16384	1.000000	0.000000	2.00	50.25	11872.92	1.000000
256	64	0.20	Model_D_Sparse_4Body	1009	32640	0.218750	0.108337	6.00	92.27	15837.86	0.109804
256	64	0.20	Model_A_Pairwise	1010	32640	0.000000	0.293884	9.66	133.25	4613.34	0.000000
256	64	0.20	Model_B_Sparse_3Body	1010	32640	0.015625	0.015869	4.69	79.17	4280.59	0.007843
256	64	0.20	Model_C_LowRank_CP	1010	16384	1.000000	0.000000	2.00	51.08	8322.36	1.000000
256	64	0.20	Model_D_Sparse_4Body	1010	32640	0.187500	0.108032	6.39	95.30	12156.92	0.094118
256	64	0.20	Model_A_Pairwise	1011	32640	0.000000	0.310547	10.44	146.53	2509.88	0.000000
256	64	0.20	Model_B_Sparse_3Body	1011	32640	0.031250	0.023804	4.73	84.66	3693.47	0.015686
256	64	0.20	Model_C_LowRank_CP	1011	16384	1.000000	0.000000	2.00	52.03	4506.88	1.000000
256	64	0.20	Model_D_Sparse_4Body	1011	32640	0.203125	0.100647	6.25	96.95	9125.58	0.101961
256	64	0.20	Model_A_Pairwise	1012	32640	0.000000	0.304810	9.81	139.17	5860.56	0.000000
256	64	0.20	Model_B_Sparse_3Body	1012	32640	0.000000	0.017212	4.44	81.42	11714.50	0.000000
256	64	0.20	Model_C_LowRank_CP	1012	16384	1.000000	0.000000	2.00	51.39	19396.22	1.000000
256	64	0.20	Model_D_Sparse_4Body	1012	32640	0.125000	0.109070	6.39	93.84	16299.66	0.062745
256	64	0.20	Model_A_Pairwise	1013	32640	0.000000	0.300171	9.31	131.78	4605.36	0.000000
256	64	0.20	Model_B_Sparse_3Body	1013	32640	0.031250	0.016235	4.53	86.41	6828.17	0.015686
256	64	0.20	Model_C_LowRank_CP	1013	16384	1.000000	0.000000	2.00	52.50	13069.20	1.000000
256	64	0.20	Model_D_Sparse_4Body	1013	32640	0.156250	0.128967	7.02	100.30	19551.98	0.078431
256	64	0.20	Model_A_Pairwise	1014	32640	0.000000	0.299500	9.66	134.59	6091.44	0.000000
256	64	0.20	Model_B_Sparse_3Body	1014	32640	0.015625	0.018677	4.30	80.83	5313.84	0.007843
256	64	0.20	Model_C_LowRank_CP	1014	16384	1.000000	0.000000	2.00	50.70	13244.61	1.000000
256	64	0.20	Model_D_Sparse_4Body	1014	32640	0.218750	0.097717	6.19	95.09	17847.58	0.109804
256	64	0.20	Model_A_Pairwise	1015	32640	0.000000	0.299683	9.64	137.86	4814.47	0.000000
256	64	0.20	Model_B_Sparse_3Body	1015	32640	0.015625	0.017456	4.55	85.67	4163.28	0.007843
256	64	0.20	Model_C_LowRank_CP	1015	16384	1.000000	0.000000	2.00	51.95	11130.91	1.000000
256	64	0.20	Model_D_Sparse_4Body	1015	32640	0.156250	0.126038	6.53	98.41	9411.38	0.078431
256	64	0.20	Model_A_Pairwise	1016	32640	0.000000	0.286926	8.91	128.73	4170.25	0.000000
256	64	0.20	Model_B_Sparse_3Body	1016	32640	0.015625	0.016479	4.44	80.47	6573.89	0.007843
256	64	0.20	Model_C_LowRank_CP	1016	16384	1.000000	0.000000	2.00	51.19	11497.58	1.000000
256	64	0.20	Model_D_Sparse_4Body	1016	32640	0.171875	0.132446	6.41	96.25	13876.45	0.086275
256	64	0.20	Model_A_Pairwise	1017	32640	0.000000	0.293152	9.31	134.83	2871.20	0.000000
256	64	0.20	Model_B_Sparse_3Body	1017	32640	0.046875	0.017334	4.30	80.28	3913.97	0.023529
256	64	0.20	Model_C_LowRank_CP	1017	16384	1.000000	0.000000	2.00	50.81	10471.56	1.000000
256	64	0.20	Model_D_Sparse_4Body	1017	32640	0.109375	0.097961	6.33	95.48	8540.69	0.054902
256	64	0.20	Model_A_Pairwise	1018	32640	0.000000	0.296692	10.09	141.14	5050.53	0.000000
256	64	0.20	Model_B_Sparse_3Body	1018	32640	0.031250	0.020508	4.58	82.03	8276.69	0.015686
256	64	0.20	Model_C_LowRank_CP	1018	16384	1.000000	0.000000	2.00	51.22	11254.23	1.000000
256	64	0.20	Model_D_Sparse_4Body	1018	32640	0.218750	0.083130	6.27	96.62	18710.16	0.109804
256	64	0.20	Model_A_Pairwise	1019	32640	0.000000	0.337646	10.14	147.22	2692.38	0.000000
256	64	0.20	Model_B_Sparse_3Body	1019	32640	0.000000	0.026611	4.88	86.47	5094.33	0.000000
256	64	0.20	Model_C_LowRank_CP	1019	16384	1.000000	0.000000	2.00	51.66	10760.84	1.000000
256	64	0.20	Model_D_Sparse_4Body	1019	32640	0.140625	0.098083	5.95	91.80	10954.55	0.070588
256	64	0.20	Model_A_Pairwise	1020	32640	0.000000	0.311768	9.44	139.69	5099.39	0.000000
256	64	0.20	Model_B_Sparse_3Body	1020	32640	0.031250	0.017273	4.56	81.80	7677.44	0.015686
256	64	0.20	Model_C_LowRank_CP	1020	16384	1.000000	0.000000	2.00	50.69	8166.09	1.000000
256	64	0.20	Model_D_Sparse_4Body	1020	32640	0.125000	0.113953	6.05	91.61	9664.22	0.062745
256	64	0.30	Model_A_Pairwise	1001	32640	0.000000	0.362427	9.95	166.34	3481.97	0.000000
256	64	0.30	Model_B_Sparse_3Body	1001	32640	0.031250	0.178833	7.89	139.28	8883.12	0.015686
256	64	0.30	Model_C_LowRank_CP	1001	16384	1.000000	0.000000	2.05	77.75	10012.28	1.000000
256	64	0.30	Model_D_Sparse_4Body	1001	32640	0.000000	0.392639	8.19	108.55	11980.27	0.000000
256	64	0.30	Model_A_Pairwise	1002	32640	0.000000	0.344971	8.78	153.73	3456.33	0.000000
256	64	0.30	Model_B_Sparse_3Body	1002	32640	0.015625	0.160217	7.56	130.84	7433.81	0.007843
256	64	0.30	Model_C_LowRank_CP	1002	16384	1.000000	0.000000	2.02	76.11	8555.72	1.000000
256	64	0.30	Model_D_Sparse_4Body	1002	32640	0.000000	0.377991	8.48	108.97	9885.81	0.000000
256	64	0.30	Model_A_Pairwise	1003	32640	0.000000	0.352905	8.86	158.48	2537.31	0.000000
256	64	0.30	Model_B_Sparse_3Body	1003	32640	0.015625	0.174866	7.44	136.44	7395.73	0.007843
256	64	0.30	Model_C_LowRank_CP	1003	16384	1.000000	0.000000	2.05	78.92	7150.84	1.000000
256	64	0.30	Model_D_Sparse_4Body	1003	32640	0.000000	0.388367	8.45	111.25	10761.94	0.000000
256	64	0.30	Model_A_Pairwise	1004	32640	0.000000	0.343628	8.97	151.81	2188.61	0.000000
256	64	0.30	Model_B_Sparse_3Body	1004	32640	0.031250	0.169067	7.69	136.62	5630.34	0.015686
256	64	0.30	Model_C_LowRank_CP	1004	16384	1.000000	0.000000	2.02	76.56	4303.22	1.000000
256	64	0.30	Model_D_Sparse_4Body	1004	32640	0.000000	0.386780	7.88	106.64	7502.27	0.000000
256	64	0.30	Model_A_Pairwise	1005	32640	0.000000	0.359009	9.36	160.53	2587.06	0.000000
256	64	0.30	Model_B_Sparse_3Body	1005	32640	0.015625	0.154968	7.52	135.33	5359.14	0.007843
256	64	0.30	Model_C_LowRank_CP	1005	16384	1.000000	0.000000	2.06	75.97	6020.53	1.000000
256	64	0.30	Model_D_Sparse_4Body	1005	32640	0.000000	0.390076	8.02	106.80	8476.41	0.000000
256	64	0.30	Model_A_Pairwise	1006	32640	0.000000	0.354431	9.28	161.02	1776.38	0.000000
256	64	0.30	Model_B_Sparse_3Body	1006	32640	0.000000	0.183105	6.95	128.97	6559.55	0.000000
256	64	0.30	Model_C_LowRank_CP	1006	16384	1.000000	0.000000	2.02	77.25	10303.00	1.000000
256	64	0.30	Model_D_Sparse_4Body	1006	32640	0.015625	0.381287	7.89	106.36	10282.97	0.007843
256	64	0.30	Model_A_Pairwise	1007	32640	0.000000	0.356628	9.61	161.53	2358.56	0.000000
256	64	0.30	Model_B_Sparse_3Body	1007	32640	0.046875	0.140198	7.89	141.44	5129.31	0.023529
256	64	0.30	Model_C_LowRank_CP	1007	16384	1.000000	0.000000	2.02	77.33	5433.20	1.000000
256	64	0.30	Model_D_Sparse_4Body	1007	32640	0.000000	0.407410	7.81	106.47	9023.45	0.000000
256	64	0.30	Model_A_Pairwise	1008	32640	0.000000	0.352051	9.47	161.69	3432.98	0.000000
256	64	0.30	Model_B_Sparse_3Body	1008	32640	0.015625	0.176392	7.75	133.94	4926.44	0.007843
256	64	0.30	Model_C_LowRank_CP	1008	16384	1.000000	0.000000	2.00	76.25	6475.19	1.000000
256	64	0.30	Model_D_Sparse_4Body	1008	32640	0.015625	0.375000	7.70	105.66	7578.89	0.007843
256	64	0.30	Model_A_Pairwise	1009	32640	0.000000	0.351135	9.12	160.22	2776.84	0.000000
256	64	0.30	Model_B_Sparse_3Body	1009	32640	0.015625	0.167175	7.34	131.09	3893.56	0.007843
256	64	0.30	Model_C_LowRank_CP	1009	16384	1.000000	0.000000	2.00	75.67	4824.48	1.000000
256	64	0.30	Model_D_Sparse_4Body	1009	32640	0.000000	0.398621	8.48	110.12	9560.39	0.000000
256	64	0.30	Model_A_Pairwise	1010	32640	0.000000	0.341309	8.70	155.05	1763.66	0.000000
256	64	0.30	Model_B_Sparse_3Body	1010	32640	0.015625	0.158813	7.27	133.05	3802.91	0.007843
256	64	0.30	Model_C_LowRank_CP	1010	16384	1.000000	0.000000	2.05	77.39	6049.38	1.000000
256	64	0.30	Model_D_Sparse_4Body	1010	32640	0.000000	0.401001	8.09	107.27	7032.52	0.000000
256	64	0.30	Model_A_Pairwise	1011	32640	0.000000	0.358704	10.02	170.25	3568.98	0.000000
256	64	0.30	Model_B_Sparse_3Body	1011	32640	0.015625	0.202820	7.22	130.34	6459.86	0.007843
256	64	0.30	Model_C_LowRank_CP	1011	16384	1.000000	0.000000	2.05	76.77	6843.39	1.000000
256	64	0.30	Model_D_Sparse_4Body	1011	32640	0.015625	0.385010	7.52	108.42	10873.05	0.007843
256	64	0.30	Model_A_Pairwise	1012	32640	0.000000	0.361816	9.80	162.05	2379.48	0.000000
256	64	0.30	Model_B_Sparse_3Body	1012	32640	0.000000	0.149780	7.83	136.67	7402.77	0.000000
256	64	0.30	Model_C_LowRank_CP	1012	16384	1.000000	0.000000	2.08	76.14	5731.39	1.000000
256	64	0.30	Model_D_Sparse_4Body	1012	32640	0.000000	0.385742	8.27	109.20	13525.03	0.000000
256	64	0.30	Model_A_Pairwise	1013	32640	0.000000	0.346130	8.58	152.03	3450.67	0.000000
256	64	0.30	Model_B_Sparse_3Body	1013	32640	0.031250	0.175842	7.36	130.75	4952.12	0.015686
256	64	0.30	Model_C_LowRank_CP	1013	16384	1.000000	0.000000	2.05	77.20	7215.45	1.000000
256	64	0.30	Model_D_Sparse_4Body	1013	32640	0.000000	0.398193	7.92	106.11	9763.34	0.000000
256	64	0.30	Model_A_Pairwise	1014	32640	0.000000	0.350098	9.78	158.59	2535.23	0.000000
256	64	0.30	Model_B_Sparse_3Body	1014	32640	0.015625	0.196228	7.06	131.33	4871.02	0.007843
256	64	0.30	Model_C_LowRank_CP	1014	16384	1.000000	0.000000	2.03	77.38	5343.14	1.000000
256	64	0.30	Model_D_Sparse_4Body	1014	32640	0.015625	0.399658	8.02	110.03	15316.05	0.007843
256	64	0.30	Model_A_Pairwise	1015	32640	0.000000	0.340637	9.12	157.72	2519.48	0.000000
256	64	0.30	Model_B_Sparse_3Body	1015	32640	0.031250	0.182800	7.75	135.00	7029.83	0.015686
256	64	0.30	Model_C_LowRank_CP	1015	16384	1.000000	0.000000	2.06	77.58	11155.72	1.000000
256	64	0.30	Model_D_Sparse_4Body	1015	32640	0.000000	0.386902	7.95	106.38	10758.34	0.000000
256	64	0.30	Model_A_Pairwise	1016	32640	0.000000	0.339478	8.38	152.05	2295.69	0.000000
256	64	0.30	Model_B_Sparse_3Body	1016	32640	0.000000	0.136292	7.86	140.53	5487.56	0.000000
256	64	0.30	Model_C_LowRank_CP	1016	16384	1.000000	0.000000	2.05	76.67	9140.78	1.000000
256	64	0.30	Model_D_Sparse_4Body	1016	32640	0.000000	0.403076	7.86	106.61	10120.09	0.000000
256	64	0.30	Model_A_Pairwise	1017	32640	0.000000	0.336975	9.33	158.78	3883.36	0.000000
256	64	0.30	Model_B_Sparse_3Body	1017	32640	0.031250	0.192627	7.39	129.45	5971.25	0.015686
256	64	0.30	Model_C_LowRank_CP	1017	16384	1.000000	0.000000	2.03	75.86	8387.08	1.000000
256	64	0.30	Model_D_Sparse_4Body	1017	32640	0.000000	0.393799	7.98	105.30	9343.05	0.000000
256	64	0.30	Model_A_Pairwise	1018	32640	0.000000	0.358826	9.59	162.31	1980.25	0.000000
256	64	0.30	Model_B_Sparse_3Body	1018	32640	0.031250	0.139526	7.47	138.42	6086.61	0.015686
256	64	0.30	Model_C_LowRank_CP	1018	16384	1.000000	0.000000	2.00	76.11	5743.50	1.000000
256	64	0.30	Model_D_Sparse_4Body	1018	32640	0.000000	0.397400	9.03	111.81	12408.97	0.000000
256	64	0.30	Model_A_Pairwise	1019	32640	0.000000	0.367493	9.72	168.05	2912.53	0.000000
256	64	0.30	Model_B_Sparse_3Body	1019	32640	0.000000	0.177246	7.95	140.09	5809.91	0.000000
256	64	0.30	Model_C_LowRank_CP	1019	16384	1.000000	0.000000	2.05	77.62	6103.19	1.000000
256	64	0.30	Model_D_Sparse_4Body	1019	32640	0.000000	0.403809	8.28	108.16	9293.41	0.000000
256	64	0.30	Model_A_Pairwise	1020	32640	0.000000	0.367859	9.84	163.34	1863.36	0.000000
256	64	0.30	Model_B_Sparse_3Body	1020	32640	0.031250	0.153503	7.41	129.03	4283.36	0.015686
256	64	0.30	Model_C_LowRank_CP	1020	16384	1.000000	0.000000	2.06	75.73	5008.23	1.000000
256	64	0.30	Model_D_Sparse_4Body	1020	32640	0.000000	0.393982	8.23	110.28	7368.42	0.000000
256	64	0.40	Model_A_Pairwise	1001	32640	0.000000	0.416016	8.94	181.80	2568.41	0.000000
256	64	0.40	Model_B_Sparse_3Body	1001	32640	0.000000	0.434204	8.50	135.67	6810.44	0.000000
256	64	0.40	Model_C_LowRank_CP	1001	16384	0.671875	0.156250	2.88	111.86	9707.05	0.671875
256	64	0.40	Model_D_Sparse_4Body	1001	32640	0.000000	0.456238	8.44	112.22	11896.34	0.000000
256	64	0.40	Model_A_Pairwise	1002	32640	0.000000	0.426880	8.89	169.64	2179.23	0.000000
256	64	0.40	Model_B_Sparse_3Body	1002	32640	0.000000	0.410278	7.97	131.67	5742.95	0.000000
256	64	0.40	Model_C_LowRank_CP	1002	16384	0.656250	0.162476	2.77	109.86	6450.06	0.656250
256	64	0.40	Model_D_Sparse_4Body	1002	32640	0.000000	0.468567	7.67	107.28	9853.09	0.000000
256	64	0.40	Model_A_Pairwise	1003	32640	0.000000	0.431580	9.22	173.09	2382.17	0.000000
256	64	0.40	Model_B_Sparse_3Body	1003	32640	0.000000	0.431274	8.34	137.30	5242.72	0.000000
256	64	0.40	Model_C_LowRank_CP	1003	16384	0.687500	0.149658	2.84	110.98	9023.03	0.687500
256	64	0.40	Model_D_Sparse_4Body	1003	32640	0.000000	0.461243	7.88	108.06	9137.33	0.000000
256	64	0.40	Model_A_Pairwise	1004	32640	0.000000	0.414307	9.02	168.56	2160.02	0.000000
256	64	0.40	Model_B_Sparse_3Body	1004	32640	0.000000	0.436951	8.14	129.05	6481.31	0.000000
256	64	0.40	Model_C_LowRank_CP	1004	16384	0.671875	0.157043	2.78	107.36	8207.78	0.671875
256	64	0.40	Model_D_Sparse_4Body	1004	32640	0.000000	0.455444	7.70	108.25	8930.66	0.000000
256	64	0.40	Model_A_Pairwise	1005	32640	0.000000	0.424072	9.86	181.36	2683.89	0.000000
256	64	0.40	Model_B_Sparse_3Body	1005	32640	0.000000	0.444946	8.58	133.89	4619.72	0.000000
256	64	0.40	Model_C_LowRank_CP	1005	16384	0.671875	0.157043	2.86	110.88	5651.25	0.671875
256	64	0.40	Model_D_Sparse_4Body	1005	32640	0.000000	0.451355	7.81	107.41	5878.59	0.000000
256	64	0.40	Model_A_Pairwise	1006	32640	0.000000	0.411316	9.17	175.56	2905.33	0.000000
256	64	0.40	Model_B_Sparse_3Body	1006	32640	0.000000	0.437439	9.00	135.94	6362.88	0.000000
256	64	0.40	Model_C_LowRank_CP	1006	16384	0.796875	0.098206	2.77	110.34	7285.94	0.796875
256	64	0.40	Model_D_Sparse_4Body	1006	32640	0.000000	0.462585	8.22	112.12	11785.94	0.000000
256	64	0.40	Model_A_Pairwise	1007	32640	0.000000	0.415771	8.97	173.86	2344.92	0.000000
256	64	0.40	Model_B_Sparse_3Body	1007	32640	0.000000	0.437439	9.02	133.84	8054.31	0.000000
256	64	0.40	Model_C_LowRank_CP	1007	16384	0.687500	0.146118	2.86	109.58	7286.50	0.687500
256	64	0.40	Model_D_Sparse_4Body	1007	32640	0.000000	0.462341	7.69	109.91	8543.05	0.000000
256	64	0.40	Model_A_Pairwise	1008	32640	0.000000	0.422302	9.36	177.52	2051.27	0.000000
256	64	0.40	Model_B_Sparse_3Body	1008	32640	0.000000	0.443420	7.92	132.30	6290.14	0.000000
256	64	0.40	Model_C_LowRank_CP	1008	16384	0.781250	0.103271	2.81	110.94	9790.41	0.781250
256	64	0.40	Model_D_Sparse_4Body	1008	32640	0.000000	0.461609	8.20	109.89	12502.20	0.000000
256	64	0.40	Model_A_Pairwise	1009	32640	0.000000	0.433960	9.19	178.61	2623.70	0.000000
256	64	0.40	Model_B_Sparse_3Body	1009	32640	0.000000	0.433716	7.97	128.61	6861.20	0.000000
256	64	0.40	Model_C_LowRank_CP	1009	16384	0.765625	0.114990	2.73	107.98	11236.41	0.765625
256	64	0.40	Model_D_Sparse_4Body	1009	32640	0.000000	0.462280	8.06	108.77	9920.89	0.000000
256	64	0.40	Model_A_Pairwise	1010	32640	0.000000	0.416260	9.16	173.45	3089.61	0.000000
256	64	0.40	Model_B_Sparse_3Body	1010	32640	0.000000	0.459351	7.83	130.39	4138.42	0.000000
256	64	0.40	Model_C_LowRank_CP	1010	16384	0.687500	0.153015	2.80	109.06	10111.95	0.687500
256	64	0.40	Model_D_Sparse_4Body	1010	32640	0.000000	0.461365	7.92	108.28	9571.28	0.000000
256	64	0.40	Model_A_Pairwise	1011	32640	0.000000	0.429749	9.67	183.67	2208.36	0.000000
256	64	0.40	Model_B_Sparse_3Body	1011	32640	0.000000	0.435608	8.61	133.64	6797.75	0.000000
256	64	0.40	Model_C_LowRank_CP	1011	16384	0.671875	0.157593	2.77	108.44	9467.73	0.671875
256	64	0.40	Model_D_Sparse_4Body	1011	32640	0.000000	0.463806	8.52	113.55	9933.00	0.000000
256	64	0.40	Model_A_Pairwise	1012	32640	0.000000	0.433777	9.73	178.11	3745.72	0.000000
256	64	0.40	Model_B_Sparse_3Body	1012	32640	0.000000	0.428589	8.61	136.84	5803.41	0.000000
256	64	0.40	Model_C_LowRank_CP	1012	16384	0.750000	0.118408	2.75	107.28	8440.14	0.750000
256	64	0.40	Model_D_Sparse_4Body	1012	32640	0.000000	0.456238	7.91	111.61	10036.03	0.000000
256	64	0.40	Model_A_Pairwise	1013	32640	0.000000	0.430542	9.47	173.16	2433.30	0.000000
256	64	0.40	Model_B_Sparse_3Body	1013	32640	0.000000	0.445679	8.22	132.34	5914.02	0.000000
256	64	0.40	Model_C_LowRank_CP	1013	16384	0.640625	0.178101	2.88	110.91	9088.61	0.640625
256	64	0.40	Model_D_Sparse_4Body	1013	32640	0.000000	0.467163	8.09	109.72	8870.94	0.000000
256	64	0.40	Model_A_Pairwise	1014	32640	0.000000	0.421692	9.31	174.84	2361.22	0.000000
256	64	0.40	Model_B_Sparse_3Body	1014	32640	0.000000	0.437378	7.80	129.27	5669.78	0.000000
256	64	0.40	Model_C_LowRank_CP	1014	16384	0.703125	0.144592	2.80	110.16	7430.92	0.703125
256	64	0.40	Model_D_Sparse_4Body	1014	32640	0.000000	0.459229	7.55	107.55	7736.69	0.000000
256	64	0.40	Model_A_Pairwise	1015	32640	0.000000	0.428040	9.20	176.91	1840.64	0.000000
256	64	0.40	Model_B_Sparse_3Body	1015	32640	0.000000	0.443726	8.17	131.67	5148.05	0.000000
256	64	0.40	Model_C_LowRank_CP	1015	16384	0.718750	0.138611	2.80	110.88	8285.98	0.718750
256	64	0.40	Model_D_Sparse_4Body	1015	32640	0.000000	0.468506	8.05	110.02	6798.27	0.000000
256	64	0.40	Model_A_Pairwise	1016	32640	0.000000	0.413147	8.64	168.28	3409.30	0.000000
256	64	0.40	Model_B_Sparse_3Body	1016	32640	0.000000	0.438232	8.47	135.02	6975.66	0.000000
256	64	0.40	Model_C_LowRank_CP	1016	16384	0.750000	0.116516	2.81	112.03	6724.05	0.750000
256	64	0.40	Model_D_Sparse_4Body	1016	32640	0.000000	0.460693	8.08	109.20	9246.44	0.000000
256	64	0.40	Model_A_Pairwise	1017	32640	0.000000	0.404175	9.92	176.56	3125.20	0.000000
256	64	0.40	Model_B_Sparse_3Body	1017	32640	0.000000	0.429993	8.36	131.61	5039.30	0.000000
256	64	0.40	Model_C_LowRank_CP	1017	16384	0.875000	0.054016	2.72	105.92	5835.80	0.875000
256	64	0.40	Model_D_Sparse_4Body	1017	32640	0.000000	0.463806	8.52	111.58	6177.06	0.000000
256	64	0.40	Model_A_Pairwise	1018	32640	0.000000	0.418457	10.23	183.53	2385.06	0.000000
256	64	0.40	Model_B_Sparse_3Body	1018	32640	0.015625	0.440857	8.34	131.61	5749.77	0.007843
256	64	0.40	Model_C_LowRank_CP	1018	16384	0.703125	0.136841	2.83	108.34	7495.58	0.703125
256	64	0.40	Model_D_Sparse_4Body	1018	32640	0.000000	0.456726	8.30	110.11	10199.33	0.000000
256	64	0.40	Model_A_Pairwise	1019	32640	0.000000	0.418518	9.42	184.42	1631.02	0.000000
256	64	0.40	Model_B_Sparse_3Body	1019	32640	0.000000	0.443420	7.78	130.05	5125.89	0.000000
256	64	0.40	Model_C_LowRank_CP	1019	16384	0.656250	0.166748	2.83	110.12	10423.50	0.656250
256	64	0.40	Model_D_Sparse_4Body	1019	32640	0.000000	0.462585	8.00	110.70	7097.88	0.000000
256	64	0.40	Model_A_Pairwise	1020	32640	0.000000	0.412659	9.58	176.33	1612.42	0.000000
256	64	0.40	Model_B_Sparse_3Body	1020	32640	0.000000	0.437317	8.72	128.95	5378.00	0.000000
256	64	0.40	Model_C_LowRank_CP	1020	16384	0.781250	0.105957	2.77	106.12	5050.47	0.781250
256	64	0.40	Model_D_Sparse_4Body	1020	32640	0.000000	0.460632	8.17	111.77	7268.92	0.000000
256	128	0.10	Model_A_Pairwise	1001	32640	0.000000	0.313446	9.25	118.97	1953.45	0.000000
256	128	0.10	Model_B_Sparse_3Body	1001	32640	0.000000	0.089691	5.65	62.11	3666.43	0.000000
256	128	0.10	Model_C_LowRank_CP	1001	32768	1.000000	0.000000	2.00	25.91	9686.07	1.000000
256	128	0.10	Model_D_Sparse_4Body	1001	32640	0.000000	0.085205	6.07	61.76	8687.26	0.000000
256	128	0.10	Model_A_Pairwise	1002	32640	0.000000	0.331421	9.73	129.48	2260.91	0.000000
256	128	0.10	Model_B_Sparse_3Body	1002	32640	0.000000	0.090302	5.59	60.01	3585.26	0.000000
256	128	0.10	Model_C_LowRank_CP	1002	32768	1.000000	0.000000	2.00	24.95	9256.32	1.000000
256	128	0.10	Model_D_Sparse_4Body	1002	32640	0.000000	0.078369	5.82	59.47	6553.30	0.000000
256	128	0.10	Model_A_Pairwise	1003	32640	0.000000	0.334564	9.45	125.18	2566.75	0.000000
256	128	0.10	Model_B_Sparse_3Body	1003	32640	0.000000	0.092072	5.32	61.05	3387.02	0.000000
256	128	0.10	Model_C_LowRank_CP	1003	32768	1.000000	0.000000	2.00	25.70	7501.11	1.000000
256	128	0.10	Model_D_Sparse_4Body	1003	32640	0.000000	0.079132	6.01	61.04	6056.08	0.000000
256	128	0.10	Model_A_Pairwise	1004	32640	0.000000	0.330322	9.35	125.16	2074.90	0.000000
256	128	0.10	Model_B_Sparse_3Body	1004	32640	0.000000	0.089478	5.74	62.30	3710.02	0.000000
256	128	0.10	Model_C_LowRank_CP	1004	32768	1.000000	0.000000	2.00	25.17	6919.95	1.000000
256	128	0.10	Model_D_Sparse_4Body	1004	32640	0.000000	0.074005	5.79	58.95	6675.97	0.000000
256	128	0.10	Model_A_Pairwise	1005	32640	0.000000	0.350586	10.62	137.08	2497.98	0.000000
256	128	0.10	Model_B_Sparse_3Body	1005	32640	0.000000	0.088379	5.38	60.02	3089.39	0.000000
256	128	0.10	Model_C_LowRank_CP	1005	32768	1.000000	0.000000	2.00	25.44	9167.75	1.000000
256	128	0.10	Model_D_Sparse_4Body	1005	32640	0.000000	0.077911	6.01	61.04	7000.47	0.000000
256	128	0.10	Model_A_Pairwise	1006	32640	0.000000	0.336426	9.64	129.94	2029.62	0.000000
256	128	0.10	Model_B_Sparse_3Body	1006	32640	0.000000	0.091309	5.63	61.95	3249.74	0.000000
256	128	0.10	Model_C_LowRank_CP	1006	32768	1.000000	0.000000	2.00	25.36	7538.38	1.000000
256	128	0.10	Model_D_Sparse_4Body	1006	32640	0.000000	0.083191	6.04	61.47	8580.38	0.000000
256	128	0.10	Model_A_Pairwise	1007	32640	0.000000	0.346954	9.80	132.32	3063.87	0.000000
256	128	0.10	Model_B_Sparse_3Body	1007	32640	0.000000	0.091675	5.55	62.70	3664.57	0.000000
256	128	0.10	Model_C_LowRank_CP	1007	32768	1.000000	0.000000	2.00	26.03	9284.48	1.000000
256	128	0.10	Model_D_Sparse_4Body	1007	32640	0.000000	0.093140	6.21	62.97	5862.67	0.000000
256	128	0.10	Model_A_Pairwise	1008	32640	0.000000	0.346802	9.89	132.55	2128.79	0.000000
256	128	0.10	Model_B_Sparse_3Body	1008	32640	0.000000	0.090118	5.43	60.95	3110.14	0.000000
256	128	0.10	Model_C_LowRank_CP	1008	32768	1.000000	0.000000	2.00	25.68	7491.94	1.000000
256	128	0.10	Model_D_Sparse_4Body	1008	32640	0.000000	0.083649	6.18	63.53	7812.84	0.000000
256	128	0.10	Model_A_Pairwise	1009	32640	0.000000	0.334259	9.62	128.20	2192.42	0.000000
256	128	0.10	Model_B_Sparse_3Body	1009	32640	0.000000	0.088531	5.51	59.87	3341.74	0.000000
256	128	0.10	Model_C_LowRank_CP	1009	32768	1.000000	0.000000	2.00	24.95	7391.99	1.000000
256	128	0.10	Model_D_Sparse_4Body	1009	32640	0.000000	0.079254	5.72	59.26	6407.67	0.000000
256	128	0.10	Model_A_Pairwise	1010	32640	0.000000	0.342468	9.98	132.98	2248.38	0.000000
256	128	0.10	Model_B_Sparse_3Body	1010	32640	0.000000	0.088440	5.55	62.72	3693.85	0.000000
256	128	0.10	Model_C_LowRank_CP	1010	32768	1.000000	0.000000	2.00	26.09	6944.91	1.000000
256	128	0.10	Model_D_Sparse_4Body	1010	32640	0.000000	0.092010	6.09	63.13	7542.88	0.000000
256	128	0.10	Model_A_Pairwise	1011	32640	0.000000	0.320190	9.56	123.66	2270.84	0.000000
256	128	0.10	Model_B_Sparse_3Body	1011	32640	0.000000	0.087921	5.52	61.83	3551.47	0.000000
256	128	0.10	Model_C_LowRank_CP	1011	32768	1.000000	0.000000	2.00	26.41	7255.22	1.000000
256	128	0.10	Model_D_Sparse_4Body	1011	32640	0.000000	0.093719	6.33	62.80	10536.27	0.000000
256	128	0.10	Model_A_Pairwise	1012	32640	0.000000	0.354401	10.81	140.33	4433.78	0.000000
256	128	0.10	Model_B_Sparse_3Body	1012	32640	0.000000	0.090179	5.79	63.62	4700.84	0.000000
256	128	0.10	Model_C_LowRank_CP	1012	32768	1.000000	0.000000	2.00	26.02	8754.13	1.000000
256	128	0.10	Model_D_Sparse_4Body	1012	32640	0.000000	0.087402	6.32	63.32	6317.52	0.000000
256	128	0.10	Model_A_Pairwise	1013	32640	0.000000	0.327972	9.81	126.69	1840.73	0.000000
256	128	0.10	Model_B_Sparse_3Body	1013	32640	0.000000	0.085785	5.33	60.67	2605.75	0.000000
256	128	0.10	Model_C_LowRank_CP	1013	32768	1.000000	0.000000	2.00	25.20	9787.73	1.000000
256	128	0.10	Model_D_Sparse_4Body	1013	32640	0.000000	0.086334	6.08	62.03	6485.05	0.000000
256	128	0.10	Model_A_Pairwise	1014	32640	0.000000	0.317932	9.27	120.25	1700.41	0.000000
256	128	0.10	Model_B_Sparse_3Body	1014	32640	0.000000	0.090729	5.66	61.70	2873.92	0.000000
256	128	0.10	Model_C_LowRank_CP	1014	32768	1.000000	0.000000	2.00	25.05	8830.36	1.000000
256	128	0.10	Model_D_Sparse_4Body	1014	32640	0.000000	0.077637	6.12	60.67	5875.22	0.000000
256	128	0.10	Model_A_Pairwise	1015	32640	0.000000	0.335205	9.77	128.87	1736.05	0.000000
256	128	0.10	Model_B_Sparse_3Body	1015	32640	0.000000	0.087646	5.23	60.55	2041.61	0.000000
256	128	0.10	Model_C_LowRank_CP	1015	32768	1.000000	0.000000	2.00	25.05	8601.67	1.000000
256	128	0.10	Model_D_Sparse_4Body	1015	32640	0.000000	0.079926	6.08	61.09	6163.05	0.000000
256	128	0.10	Model_A_Pairwise	1016	32640	0.000000	0.324249	9.05	124.01	1696.87	0.000000
256	128	0.10	Model_B_Sparse_3Body	1016	32640	0.000000	0.088898	5.59	62.93	2943.07	0.000000
256	128	0.10	Model_C_LowRank_CP	1016	32768	1.000000	0.000000	2.00	25.22	9243.76	1.000000
256	128	0.10	Model_D_Sparse_4Body	1016	32640	0.000000	0.077301	6.02	61.07	8044.19	0.000000
256	128	0.10	Model_A_Pairwise	1017	32640	0.000000	0.359467	10.67	139.81	2716.30	0.000000
256	128	0.10	Model_B_Sparse_3Body	1017	32640	0.000000	0.090576	5.51	60.76	3880.82	0.000000
256	128	0.10	Model_C_LowRank_CP	1017	32768	1.000000	0.000000	2.00	25.45	8384.09	1.000000
256	128	0.10	Model_D_Sparse_4Body	1017	32640	0.000000	0.083435	6.33	62.79	7298.49	0.000000
256	128	0.10	Model_A_Pairwise	1018	32640	0.000000	0.337463	10.24	132.67	2212.75	0.000000
256	128	0.10	Model_B_Sparse_3Body	1018	32640	0.000000	0.091278	5.53	62.27	3093.18	0.000000
256	128	0.10	Model_C_LowRank_CP	1018	32768	1.000000	0.000000	2.00	25.75	8609.81	1.000000
256	128	0.10	Model_D_Sparse_4Body	1018	32640	0.000000	0.082336	6.10	63.23	6345.85	0.000000
256	128	0.10	Model_A_Pairwise	1019	32640	0.000000	0.355408	10.14	137.23	1863.52	0.000000
256	128	0.10	Model_B_Sparse_3Body	1019	32640	0.000000	0.097351	5.55	63.02	3341.56	0.000000
256	128	0.10	Model_C_LowRank_CP	1019	32768	1.000000	0.000000	2.00	26.03	7504.87	1.000000
256	128	0.10	Model_D_Sparse_4Body	1019	32640	0.000000	0.087097	6.12	62.36	6782.60	0.000000
256	128	0.10	Model_A_Pairwise	1020	32640	0.000000	0.339508	9.75	130.54	2523.30	0.000000
256	128	0.10	Model_B_Sparse_3Body	1020	32640	0.000000	0.093597	5.48	62.77	3461.23	0.000000
256	128	0.10	Model_C_LowRank_CP	1020	32768	1.000000	0.000000	2.00	25.62	7495.30	1.000000
256	128	0.10	Model_D_Sparse_4Body	1020	32640	0.000000	0.083374	5.74	60.17	6685.50	0.000000
256	128	0.20	Model_A_Pairwise	1001	32640	0.000000	0.343353	9.25	141.73	1834.62	0.000000
256	128	0.20	Model_B_Sparse_3Body	1001	32640	0.000000	0.187164	7.56	107.26	4395.46	0.000000
256	128	0.20	Model_C_LowRank_CP	1001	32768	1.000000	0.000000	2.00	52.14	8302.36	1.000000
256	128	0.20	Model_D_Sparse_4Body	1001	32640	0.000000	0.302032	8.34	101.15	8605.84	0.000000
256	128	0.20	Model_A_Pairwise	1002	32640	0.000000	0.358673	9.69	151.59	2906.97	0.000000
256	128	0.20	Model_B_Sparse_3Body	1002	32640	0.000000	0.163483	7.41	104.61	3709.05	0.000000
256	128	0.20	Model_C_LowRank_CP	1002	32768	1.000000	0.000000	2.00	50.48	8541.87	1.000000
256	128	0.20	Model_D_Sparse_4Body	1002	32640	0.000000	0.288452	7.95	99.51	9848.84	0.000000
256	128	0.20	Model_A_Pairwise	1003	32640	0.000000	0.353149	9.36	145.98	2135.59	0.000000
256	128	0.20	Model_B_Sparse_3Body	1003	32640	0.000000	0.173798	7.67	108.61	3654.82	0.000000
256	128	0.20	Model_C_LowRank_CP	1003	32768	1.000000	0.000000	2.00	51.24	10330.41	1.000000
256	128	0.20	Model_D_Sparse_4Body	1003	32640	0.000000	0.294067	8.18	99.88	14973.24	0.000000
256	128	0.20	Model_A_Pairwise	1004	32640	0.000000	0.359833	9.05	147.46	3804.33	0.000000
256	128	0.20	Model_B_Sparse_3Body	1004	32640	0.000000	0.176819	7.40	106.33	5426.25	0.000000
256	128	0.20	Model_C_LowRank_CP	1004	32768	1.000000	0.000000	2.00	51.14	10729.70	1.000000
256	128	0.20	Model_D_Sparse_4Body	1004	32640	0.000000	0.282532	7.84	98.31	10620.56	0.000000
256	128	0.20	Model_A_Pairwise	1005	32640	0.000000	0.374420	10.63	159.42	3619.52	0.000000
256	128	0.20	Model_B_Sparse_3Body	1005	32640	0.000000	0.173828	7.22	105.13	4975.86	0.000000
256	128	0.20	Model_C_LowRank_CP	1005	32768	1.000000	0.000000	2.00	50.80	11733.41	1.000000
256	128	0.20	Model_D_Sparse_4Body	1005	32640	0.000000	0.288239	7.79	97.66	7609.88	0.000000
256	128	0.20	Model_A_Pairwise	1006	32640	0.000000	0.360992	9.73	151.33	1995.73	0.000000
256	128	0.20	Model_B_Sparse_3Body	1006	32640	0.000000	0.179474	7.13	104.22	3994.80	0.000000
256	128	0.20	Model_C_LowRank_CP	1006	32768	1.000000	0.000000	2.00	51.43	5736.67	1.000000
256	128	0.20	Model_D_Sparse_4Body	1006	32640	0.000000	0.293457	7.88	99.37	7898.23	0.000000
256	128	0.20	Model_A_Pairwise	1007	32640	0.000000	0.364990	9.50	151.67	2049.55	0.000000
256	128	0.20	Model_B_Sparse_3Body	1007	32640	0.000000	0.172729	7.34	104.48	4458.62	0.000000
256	128	0.20	Model_C_LowRank_CP	1007	32768	1.000000	0.000000	2.00	51.42	9077.73	1.000000
256	128	0.20	Model_D_Sparse_4Body	1007	32640	0.000000	0.299225	7.75	99.70	7123.23	0.000000
256	128	0.20	Model_A_Pairwise	1008	32640	0.000000	0.356232	9.04	148.44	2164.51	0.000000
256	128	0.20	Model_B_Sparse_3Body	1008	32640	0.000000	0.171631	7.09	105.68	4642.17	0.000000
256	128	0.20	Model_C_LowRank_CP	1008	32768	1.000000	0.000000	2.00	50.88	7154.46	1.000000
256	128	0.20	Model_D_Sparse_4Body	1008	32640	0.000000	0.287415	7.88	98.02	8481.55	0.000000
256	128	0.20	Model_A_Pairwise	1009	32640	0.000000	0.354614	9.91	151.65	2998.70	0.000000
256	128	0.20	Model_B_Sparse_3Body	1009	32640	0.000000	0.172668	7.27	104.26	9269.16	0.000000
256	128	0.20	Model_C_LowRank_CP	1009	32768	1.000000	0.000000	2.00	50.32	10091.30	1.000000
256	128	0.20	Model_D_Sparse_4Body	1009	32640	0.000000	0.285522	7.41	96.68	9673.26	0.000000
256	128	0.20	Model_A_Pairwise	1010	32640	0.000000	0.367188	9.55	152.14	2347.65	0.000000
256	128	0.20	Model_B_Sparse_3Body	1010	32640	0.000000	0.168579	7.40	105.25	7023.12	0.000000
256	128	0.20	Model_C_LowRank_CP	1010	32768	1.000000	0.000000	2.00	51.53	10904.16	1.000000
256	128	0.20	Model_D_Sparse_4Body	1010	32640	0.000000	0.297943	7.98	99.77	11041.68	0.000000
256	128	0.20	Model_A_Pairwise	1011	32640	0.000000	0.350525	9.57	144.67	2731.47	0.000000
256	128	0.20	Model_B_Sparse_3Body	1011	32640	0.000000	0.184540	7.29	107.48	3950.09	0.000000
256	128	0.20	Model_C_LowRank_CP	1011	32768	1.000000	0.000000	2.00	52.06	7646.19	1.000000
256	128	0.20	Model_D_Sparse_4Body	1011	32640	0.000000	0.286163	8.11	98.02	8939.82	0.000000
256	128	0.20	Model_A_Pairwise	1012	32640	0.000000	0.372467	10.18	159.19	2590.20	0.000000
256	128	0.20	Model_B_Sparse_3Body	1012	32640	0.000000	0.172546	7.31	104.70	3761.46	0.000000
256	128	0.20	Model_C_LowRank_CP	1012	32768	1.000000	0.000000	2.00	51.40	6618.24	1.000000
256	128	0.20	Model_D_Sparse_4Body	1012	32640	0.000000	0.284149	7.77	97.16	8331.60	0.000000
256	128	0.20	Model_A_Pairwise	1013	32640	0.000000	0.353851	9.23	145.38	1855.23	0.000000
256	128	0.20	Model_B_Sparse_3Body	1013	32640	0.000000	0.188721	7.66	107.44	3687.04	0.000000
256	128	0.20	Model_C_LowRank_CP	1013	32768	1.000000	0.000000	2.00	51.17	11004.87	1.000000
256	128	0.20	Model_D_Sparse_4Body	1013	32640	0.000000	0.288361	7.59	96.91	11075.97	0.000000
256	128	0.20	Model_A_Pairwise	1014	32640	0.000000	0.346527	9.48	142.60	3331.52	0.000000
256	128	0.20	Model_B_Sparse_3Body	1014	32640	0.000000	0.182129	7.40	106.64	5577.60	0.000000
256	128	0.20	Model_C_LowRank_CP	1014	32768	1.000000	0.000000	2.00	50.92	11247.41	1.000000
256	128	0.20	Model_D_Sparse_4Body	1014	32640	0.000000	0.288849	7.88	100.01	9663.32	0.000000
256	128	0.20	Model_A_Pairwise	1015	32640	0.000000	0.358002	9.62	153.11	2754.63	0.000000
256	128	0.20	Model_B_Sparse_3Body	1015	32640	0.000000	0.166931	7.31	105.09	5486.22	0.000000
256	128	0.20	Model_C_LowRank_CP	1015	32768	1.000000	0.000000	2.00	51.02	13358.98	1.000000
256	128	0.20	Model_D_Sparse_4Body	1015	32640	0.000000	0.290955	7.73	97.76	10375.66	0.000000
256	128	0.20	Model_A_Pairwise	1016	32640	0.000000	0.348724	9.48	146.02	2137.33	0.000000
256	128	0.20	Model_B_Sparse_3Body	1016	32640	0.000000	0.183197	7.45	107.26	4353.14	0.000000
256	128	0.20	Model_C_LowRank_CP	1016	32768	1.000000	0.000000	2.00	51.08	9309.38	1.000000
256	128	0.20	Model_D_Sparse_4Body	1016	32640	0.000000	0.294586	8.12	100.10	8945.92	0.000000
256	128	0.20	Model_A_Pairwise	1017	32640	0.000000	0.372864	9.81	154.42	1865.95	0.000000
256	128	0.20	Model_B_Sparse_3Body	1017	32640	0.000000	0.168579	7.43	105.50	3642.92	0.000000
256	128	0.20	Model_C_LowRank_CP	1017	32768	1.000000	0.000000	2.00	50.92	9873.90	1.000000
256	128	0.20	Model_D_Sparse_4Body	1017	32640	0.000000	0.295410	7.66	98.56	8585.52	0.000000
256	128	0.20	Model_A_Pairwise	1018	32640	0.000000	0.358795	9.99	152.62	2023.15	0.000000
256	128	0.20	Model_B_Sparse_3Body	1018	32640	0.000000	0.171661	7.27	106.38	3928.34	0.000000
256	128	0.20	Model_C_LowRank_CP	1018	32768	1.000000	0.000000	2.00	51.31	11320.90	1.000000
256	128	0.20	Model_D_Sparse_4Body	1018	32640	0.000000	0.295166	8.23	100.69	12492.51	0.000000
256	128	0.20	Model_A_Pairwise	1019	32640	0.000000	0.376709	10.05	156.29	3469.20	0.000000
256	128	0.20	Model_B_Sparse_3Body	1019	32640	0.000000	0.179779	7.34	106.23	6158.00	0.000000
256	128	0.20	Model_C_LowRank_CP	1019	32768	1.000000	0.000000	2.00	51.60	12622.30	1.000000
256	128	0.20	Model_D_Sparse_4Body	1019	32640	0.000000	0.300415	7.74	98.62	11054.58	0.000000
256	128	0.20	Model_A_Pairwise	1020	32640	0.000000	0.364624	9.67	150.01	3628.09	0.000000
256	128	0.20	Model_B_Sparse_3Body	1020	32640	0.000000	0.190796	7.30	106.26	6624.51	0.000000
256	128	0.20	Model_C_LowRank_CP	1020	32768	1.000000	0.000000	2.00	51.59	10895.81	1.000000
256	128	0.20	Model_D_Sparse_4Body	1020	32640	0.000000	0.296326	7.58	98.27	5735.27	0.000000
256	128	0.30	Model_A_Pairwise	1001	32640	0.000000	0.381287	9.05	156.42	1895.85	0.000000
256	128	0.30	Model_B_Sparse_3Body	1001	32640	0.000000	0.356720	8.01	123.80	4740.31	0.000000
256	128	0.30	Model_C_LowRank_CP	1001	32768	1.000000	0.000000	2.16	78.03	10311.42	1.000000
256	128	0.30	Model_D_Sparse_4Body	1001	32640	0.000000	0.413727	8.59	110.80	11079.19	0.000000
256	128	0.30	Model_A_Pairwise	1002	32640	0.000000	0.399384	9.59	167.58	2192.06	0.000000
256	128	0.30	Model_B_Sparse_3Body	1002	32640	0.000000	0.355072	8.20	125.44	4824.09	0.000000
256	128	0.30	Model_C_LowRank_CP	1002	32768	1.000000	0.000000	2.14	76.87	10886.72	1.000000
256	128	0.30	Model_D_Sparse_4Body	1002	32640	0.000000	0.413055	8.24	110.59	11699.39	0.000000
256	128	0.30	Model_A_Pairwise	1003	32640	0.000000	0.393524	9.63	166.84	2668.30	0.000000
256	128	0.30	Model_B_Sparse_3Body	1003	32640	0.000000	0.363434	7.68	123.12	5223.24	0.000000
256	128	0.30	Model_C_LowRank_CP	1003	32768	1.000000	0.000000	2.16	78.11	10541.89	1.000000
256	128	0.30	Model_D_Sparse_4Body	1003	32640	0.000000	0.412384	8.43	109.96	9201.49	0.000000
256	128	0.30	Model_A_Pairwise	1004	32640	0.000000	0.399994	9.62	168.27	2387.85	0.000000
256	128	0.30	Model_B_Sparse_3Body	1004	32640	0.000000	0.359070	8.33	126.77	7698.75	0.000000
256	128	0.30	Model_C_LowRank_CP	1004	32768	1.000000	0.000000	2.19	77.84	11161.58	1.000000
256	128	0.30	Model_D_Sparse_4Body	1004	32640	0.000000	0.408936	7.65	107.93	8004.40	0.000000
256	128	0.30	Model_A_Pairwise	1005	32640	0.000000	0.395599	10.01	170.42	2438.17	0.000000
256	128	0.30	Model_B_Sparse_3Body	1005	32640	0.000000	0.362457	8.50	125.70	4116.21	0.000000
256	128	0.30	Model_C_LowRank_CP	1005	32768	1.000000	0.000000	2.19	76.62	10852.85	1.000000
256	128	0.30	Model_D_Sparse_4Body	1005	32640	0.000000	0.406464	8.02	108.28	6677.73	0.000000
256	128	0.30	Model_A_Pairwise	1006	32640	0.000000	0.398376	10.29	170.06	2083.57	0.000000
256	128	0.30	Model_B_Sparse_3Body	1006	32640	0.000000	0.359497	8.16	124.45	4956.20	0.000000
256	128	0.30	Model_C_LowRank_CP	1006	32768	0.992188	0.003906	2.19	77.83	13152.57	0.992188
256	128	0.30	Model_D_Sparse_4Body	1006	32640	0.000000	0.414856	8.20	108.50	8400.52	0.000000
256	128	0.30	Model_A_Pairwise	1007	32640	0.000000	0.397675	10.11	173.42	2146.29	0.000000
256	128	0.30	Model_B_Sparse_3Body	1007	32640	0.000000	0.354248	7.96	123.37	4200.06	0.000000
256	128	0.30	Model_C_LowRank_CP	1007	32768	1.000000	0.000000	2.12	76.88	10387.52	1.000000
256	128	0.30	Model_D_Sparse_4Body	1007	32640	0.000000	0.411621	8.35	110.13	8159.13	0.000000
256	128	0.30	Model_A_Pairwise	1008	32640	0.000000	0.398438	9.79	168.94	2294.16	0.000000
256	128	0.30	Model_B_Sparse_3Body	1008	32640	0.000000	0.352112	8.27	125.48	8361.51	0.000000
256	128	0.30	Model_C_LowRank_CP	1008	32768	1.000000	0.000000	2.11	76.64	7955.05	1.000000
256	128	0.30	Model_D_Sparse_4Body	1008	32640	0.000000	0.405212	8.12	107.89	7590.31	0.000000
256	128	0.30	Model_A_Pairwise	1009	32640	0.000000	0.390747	9.52	168.81	1916.73	0.000000
256	128	0.30	Model_B_Sparse_3Body	1009	32640	0.000000	0.351349	7.85	124.71	4743.88	0.000000
256	128	0.30	Model_C_LowRank_CP	1009	32768	1.000000	0.000000	2.12	76.39	7957.38	1.000000
256	128	0.30	Model_D_Sparse_4Body	1009	32640	0.000000	0.409119	7.66	107.56	7609.42	0.000000
256	128	0.30	Model_A_Pairwise	1010	32640	0.000000	0.397308	9.74	172.79	2299.55	0.000000
256	128	0.30	Model_B_Sparse_3Body	1010	32640	0.000000	0.366150	8.21	125.98	4437.69	0.000000
256	128	0.30	Model_C_LowRank_CP	1010	32768	1.000000	0.000000	2.16	78.23	9440.45	1.000000
256	128	0.30	Model_D_Sparse_4Body	1010	32640	0.000000	0.414459	8.31	110.40	7486.92	0.000000
256	128	0.30	Model_A_Pairwise	1011	32640	0.000000	0.396454	9.43	162.93	2350.34	0.000000
256	128	0.30	Model_B_Sparse_3Body	1011	32640	0.000000	0.368958	7.60	123.44	5361.33	0.000000
256	128	0.30	Model_C_LowRank_CP	1011	32768	1.000000	0.000000	2.16	77.86	10157.72	1.000000
256	128	0.30	Model_D_Sparse_4Body	1011	32640	0.000000	0.407257	7.92	108.80	10873.73	0.000000
256	128	0.30	Model_A_Pairwise	1012	32640	0.000000	0.398346	9.98	173.95	1968.60	0.000000
256	128	0.30	Model_B_Sparse_3Body	1012	32640	0.000000	0.346558	8.05	125.43	4607.52	0.000000
256	128	0.30	Model_C_LowRank_CP	1012	32768	1.000000	0.000000	2.12	76.57	10467.12	1.000000
256	128	0.30	Model_D_Sparse_4Body	1012	32640	0.000000	0.409576	7.80	109.03	10233.99	0.000000
256	128	0.30	Model_A_Pairwise	1013	32640	0.000000	0.388031	9.09	159.94	3029.42	0.000000
256	128	0.30	Model_B_Sparse_3Body	1013	32640	0.000000	0.367126	8.30	126.34	7081.70	0.000000
256	128	0.30	Model_C_LowRank_CP	1013	32768	1.000000	0.000000	2.20	76.96	11779.48	1.000000
256	128	0.30	Model_D_Sparse_4Body	1013	32640	0.000000	0.409851	8.17	109.70	8265.23	0.000000
256	128	0.30	Model_A_Pairwise	1014	32640	0.000000	0.385468	8.98	159.17	2035.82	0.000000
256	128	0.30	Model_B_Sparse_3Body	1014	32640	0.000000	0.365845	7.80	123.90	4245.04	0.000000
256	128	0.30	Model_C_LowRank_CP	1014	32768	1.000000	0.000000	2.18	77.45	10522.48	1.000000
256	128	0.30	Model_D_Sparse_4Body	1014	32640	0.000000	0.404999	7.84	108.03	8472.61	0.000000
256	128	0.30	Model_A_Pairwise	1015	32640	0.000000	0.392334	9.77	170.20	2535.87	0.000000
256	128	0.30	Model_B_Sparse_3Body	1015	32640	0.000000	0.363861	7.99	125.09	4758.70	0.000000
256	128	0.30	Model_C_LowRank_CP	1015	32768	1.000000	0.000000	2.20	77.65	14264.16	1.000000
256	128	0.30	Model_D_Sparse_4Body	1015	32640	0.000000	0.406952	7.97	108.25	7611.00	0.000000
256	128	0.30	Model_A_Pairwise	1016	32640	0.000000	0.393158	9.56	163.95	2324.05	0.000000
256	128	0.30	Model_B_Sparse_3Body	1016	32640	0.000000	0.367371	8.02	124.90	5495.12	0.000000
256	128	0.30	Model_C_LowRank_CP	1016	32768	1.000000	0.000000	2.17	76.91	9516.43	1.000000
256	128	0.30	Model_D_Sparse_4Body	1016	32640	0.000000	0.416901	8.30	109.84	10245.93	0.000000
256	128	0.30	Model_A_Pairwise	1017	32640	0.000000	0.408417	9.94	173.10	2011.95	0.000000
256	128	0.30	Model_B_Sparse_3Body	1017	32640	0.000000	0.371857	8.09	125.26	4345.21	0.000000
256	128	0.30	Model_C_LowRank_CP	1017	32768	1.000000	0.000000	2.12	77.25	7429.83	1.000000
256	128	0.30	Model_D_Sparse_4Body	1017	32640	0.000000	0.408722	8.19	108.45	8154.72	0.000000
256	128	0.30	Model_A_Pairwise	1018	32640	0.000000	0.398560	10.16	171.73	2006.98	0.000000
256	128	0.30	Model_B_Sparse_3Body	1018	32640	0.000000	0.355469	8.20	125.10	4286.41	0.000000
256	128	0.30	Model_C_LowRank_CP	1018	32768	1.000000	0.000000	2.16	76.95	7975.33	1.000000
256	128	0.30	Model_D_Sparse_4Body	1018	32640	0.000000	0.407074	7.99	107.95	7636.73	0.000000
256	128	0.30	Model_A_Pairwise	1019	32640	0.000000	0.415833	9.62	172.83	2039.85	0.000000
256	128	0.30	Model_B_Sparse_3Body	1019	32640	0.000000	0.369659	8.10	124.16	6217.39	0.000000
256	128	0.30	Model_C_LowRank_CP	1019	32768	1.000000	0.000000	2.21	78.39	10517.20	1.000000
256	128	0.30	Model_D_Sparse_4Body	1019	32640	0.000000	0.410339	7.97	106.67	9868.07	0.000000
256	128	0.30	Model_A_Pairwise	1020	32640	0.000000	0.399689	9.91	171.12	3425.65	0.000000
256	128	0.30	Model_B_Sparse_3Body	1020	32640	0.000000	0.369110	7.60	122.66	5944.18	0.000000
256	128	0.30	Model_C_LowRank_CP	1020	32768	1.000000	0.000000	2.19	77.37	8335.42	1.000000
256	128	0.30	Model_D_Sparse_4Body	1020	32640	0.000000	0.408752	7.87	108.43	7228.63	0.000000
256	128	0.40	Model_A_Pairwise	1001	32640	0.000000	0.426605	9.20	168.91	2028.98	0.000000
256	128	0.40	Model_B_Sparse_3Body	1001	32640	0.000000	0.462341	8.62	134.45	6782.41	0.000000
256	128	0.40	Model_C_LowRank_CP	1001	32768	0.617188	0.182831	3.02	118.95	14101.45	0.617188
256	128	0.40	Model_D_Sparse_4Body	1001	32640	0.000000	0.461945	8.43	111.80	12613.18	0.000000
256	128	0.40	Model_A_Pairwise	1002	32640	0.000000	0.443390	9.62	181.38	2061.17	0.000000
256	128	0.40	Model_B_Sparse_3Body	1002	32640	0.000000	0.450378	8.27	131.91	5842.88	0.000000
256	128	0.40	Model_C_LowRank_CP	1002	32768	0.625000	0.181549	3.00	116.57	14161.52	0.625000
256	128	0.40	Model_D_Sparse_4Body	1002	32640	0.000000	0.463806	8.29	112.47	9211.09	0.000000
256	128	0.40	Model_A_Pairwise	1003	32640	0.000000	0.444031	9.53	175.32	2056.41	0.000000
256	128	0.40	Model_B_Sparse_3Body	1003	32640	0.000000	0.461700	8.70	134.50	6605.22	0.000000
256	128	0.40	Model_C_LowRank_CP	1003	32768	0.570312	0.207184	3.01	117.95	16195.05	0.570312
256	128	0.40	Model_D_Sparse_4Body	1003	32640	0.000000	0.461975	7.94	109.66	10166.61	0.000000
256	128	0.40	Model_A_Pairwise	1004	32640	0.000000	0.446014	9.38	175.55	2069.17	0.000000
256	128	0.40	Model_B_Sparse_3Body	1004	32640	0.000000	0.457886	8.31	132.52	5134.19	0.000000
256	128	0.40	Model_C_LowRank_CP	1004	32768	0.578125	0.202148	2.95	116.27	14535.86	0.578125
256	128	0.40	Model_D_Sparse_4Body	1004	32640	0.000000	0.459381	7.94	108.59	8153.30	0.000000
256	128	0.40	Model_A_Pairwise	1005	32640	0.000000	0.439789	10.02	184.10	2641.73	0.000000
256	128	0.40	Model_B_Sparse_3Body	1005	32640	0.000000	0.454102	7.93	130.42	6051.07	0.000000
256	128	0.40	Model_C_LowRank_CP	1005	32768	0.585938	0.197815	2.98	116.44	16162.43	0.585938
256	128	0.40	Model_D_Sparse_4Body	1005	32640	0.000000	0.462036	7.72	108.47	9321.74	0.000000
256	128	0.40	Model_A_Pairwise	1006	32640	0.000000	0.444977	10.05	183.39	2447.99	0.000000
256	128	0.40	Model_B_Sparse_3Body	1006	32640	0.000000	0.452209	8.16	130.63	5980.55	0.000000
256	128	0.40	Model_C_LowRank_CP	1006	32768	0.632812	0.179779	2.99	118.22	13607.15	0.632812
256	128	0.40	Model_D_Sparse_4Body	1006	32640	0.000000	0.458527	8.16	110.09	11120.23	0.000000
256	128	0.40	Model_A_Pairwise	1007	32640	0.000000	0.440094	9.96	181.74	2737.84	0.000000
256	128	0.40	Model_B_Sparse_3Body	1007	32640	0.000000	0.449158	8.21	132.31	4917.45	0.000000
256	128	0.40	Model_C_LowRank_CP	1007	32768	0.609375	0.184174	3.02	117.96	13248.73	0.609375
256	128	0.40	Model_D_Sparse_4Body	1007	32640	0.000000	0.458221	8.02	109.35	8223.84	0.000000
256	128	0.40	Model_A_Pairwise	1008	32640	0.000000	0.441223	10.08	181.91	2386.65	0.000000
256	128	0.40	Model_B_Sparse_3Body	1008	32640	0.000000	0.458252	7.84	129.09	4332.70	0.000000
256	128	0.40	Model_C_LowRank_CP	1008	32768	0.632812	0.177277	3.00	118.03	16238.11	0.632812
256	128	0.40	Model_D_Sparse_4Body	1008	32640	0.000000	0.459625	8.08	111.58	10121.45	0.000000
256	128	0.40	Model_A_Pairwise	1009	32640	0.000000	0.447266	9.91	181.83	2351.06	0.000000
256	128	0.40	Model_B_Sparse_3Body	1009	32640	0.000000	0.455963	8.22	130.48	5383.64	0.000000
256	128	0.40	Model_C_LowRank_CP	1009	32768	0.625000	0.178864	2.98	115.99	12849.90	0.625000
256	128	0.40	Model_D_Sparse_4Body	1009	32640	0.000000	0.457977	8.09	111.80	7909.59	0.000000
256	128	0.40	Model_A_Pairwise	1010	32640	0.000000	0.443390	10.29	185.22	2523.17	0.000000
256	128	0.40	Model_B_Sparse_3Body	1010	32640	0.000000	0.460175	8.08	129.58	5176.09	0.000000
256	128	0.40	Model_C_LowRank_CP	1010	32768	0.609375	0.187378	2.99	117.43	12994.54	0.609375
256	128	0.40	Model_D_Sparse_4Body	1010	32640	0.000000	0.458313	8.12	110.21	7854.34	0.000000
256	128	0.40	Model_A_Pairwise	1011	32640	0.000000	0.447388	9.47	172.00	2133.97	0.000000
256	128	0.40	Model_B_Sparse_3Body	1011	32640	0.000000	0.463074	8.54	132.44	6621.70	0.000000
256	128	0.40	Model_C_LowRank_CP	1011	32768	0.578125	0.204315	3.01	118.23	13374.54	0.578125
256	128	0.40	Model_D_Sparse_4Body	1011	32640	0.000000	0.457153	8.12	110.03	11276.23	0.000000
256	128	0.40	Model_A_Pairwise	1012	32640	0.000000	0.442993	9.75	180.23	3111.19	0.000000
256	128	0.40	Model_B_Sparse_3Body	1012	32640	0.000000	0.454315	8.38	132.70	5699.01	0.000000
256	128	0.40	Model_C_LowRank_CP	1012	32768	0.593750	0.192993	3.01	116.10	11066.22	0.593750
256	128	0.40	Model_D_Sparse_4Body	1012	32640	0.000000	0.461243	8.27	110.77	10228.52	0.000000
256	128	0.40	Model_A_Pairwise	1013	32640	0.000000	0.439087	9.08	169.56	2369.87	0.000000
256	128	0.40	Model_B_Sparse_3Body	1013	32640	0.000000	0.456573	8.38	131.09	4955.55	0.000000
256	128	0.40	Model_C_LowRank_CP	1013	32768	0.609375	0.190643	2.94	116.20	15573.16	0.609375
256	128	0.40	Model_D_Sparse_4Body	1013	32640	0.000000	0.463196	8.20	111.06	9403.15	0.000000
256	128	0.40	Model_A_Pairwise	1014	32640	0.000000	0.437164	9.78	173.44	2210.69	0.000000
256	128	0.40	Model_B_Sparse_3Body	1014	32640	0.000000	0.457428	8.07	130.72	5791.43	0.000000
256	128	0.40	Model_C_LowRank_CP	1014	32768	0.593750	0.192657	3.02	119.42	12745.98	0.593750
256	128	0.40	Model_D_Sparse_4Body	1014	32640	0.000000	0.466797	8.23	111.79	6796.88	0.000000
256	128	0.40	Model_A_Pairwise	1015	32640	0.000000	0.433899	9.85	182.85	2329.77	0.000000
256	128	0.40	Model_B_Sparse_3Body	1015	32640	0.000000	0.458405	8.32	130.73	5858.03	0.000000
256	128	0.40	Model_C_LowRank_CP	1015	32768	0.546875	0.215912	3.03	117.12	12444.03	0.546875
256	128	0.40	Model_D_Sparse_4Body	1015	32640	0.000000	0.458923	8.08	109.79	7256.07	0.000000
256	128	0.40	Model_A_Pairwise	1016	32640	0.000000	0.442291	9.83	178.68	2350.36	0.000000
256	128	0.40	Model_B_Sparse_3Body	1016	32640	0.000000	0.461273	8.66	133.30	6349.04	0.000000
256	128	0.40	Model_C_LowRank_CP	1016	32768	0.648438	0.166260	3.01	117.55	15635.82	0.648438
256	128	0.40	Model_D_Sparse_4Body	1016	32640	0.000000	0.466614	8.25	112.42	9796.74	0.000000
256	128	0.40	Model_A_Pairwise	1017	32640	0.000000	0.451996	10.16	185.53	3126.44	0.000000
256	128	0.40	Model_B_Sparse_3Body	1017	32640	0.000000	0.455292	8.23	132.39	4930.31	0.000000
256	128	0.40	Model_C_LowRank_CP	1017	32768	0.625000	0.179352	2.98	116.86	13384.56	0.625000
256	128	0.40	Model_D_Sparse_4Body	1017	32640	0.000000	0.463867	8.29	110.57	9514.70	0.000000
256	128	0.40	Model_A_Pairwise	1018	32640	0.000000	0.447632	10.41	185.44	2481.81	0.000000
256	128	0.40	Model_B_Sparse_3Body	1018	32640	0.000000	0.454407	8.67	133.91	5374.84	0.000000
256	128	0.40	Model_C_LowRank_CP	1018	32768	0.632812	0.179474	3.02	116.45	14131.17	0.632812
256	128	0.40	Model_D_Sparse_4Body	1018	32640	0.000000	0.466217	8.09	110.74	9647.44	0.000000
256	128	0.40	Model_A_Pairwise	1019	32640	0.000000	0.451569	10.66	189.22	2122.52	0.000000
256	128	0.40	Model_B_Sparse_3Body	1019	32640	0.000000	0.459686	8.12	132.23	4266.66	0.000000
256	128	0.40	Model_C_LowRank_CP	1019	32768	0.632812	0.180725	2.99	118.88	13540.13	0.632812
256	128	0.40	Model_D_Sparse_4Body	1019	32640	0.000000	0.462372	8.22	111.42	6433.29	0.000000
256	128	0.40	Model_A_Pairwise	1020	32640	0.000000	0.438232	9.59	178.50	1977.18	0.000000
256	128	0.40	Model_B_Sparse_3Body	1020	32640	0.000000	0.457733	8.49	133.30	3915.62	0.000000
256	128	0.40	Model_C_LowRank_CP	1020	32768	0.648438	0.168335	3.05	118.77	11221.53	0.648438
256	128	0.40	Model_D_Sparse_4Body	1020	32640	0.000000	0.461456	8.02	110.46	7359.06	0.000000
256	256	0.10	Model_A_Pairwise	1001	32640	0.000000	0.360733	9.86	139.87	2106.55	0.000000
256	256	0.10	Model_B_Sparse_3Body	1001	32640	0.000000	0.211990	7.08	88.20	3954.71	0.000000
256	256	0.10	Model_C_LowRank_CP	1001	65536	1.000000	0.000000	2.00	25.96	18835.07	1.000000
256	256	0.10	Model_D_Sparse_4Body	1001	32640	0.000000	0.219910	7.63	83.54	8545.04	0.000000
256	256	0.10	Model_A_Pairwise	1002	32640	0.000000	0.364624	9.75	138.99	2441.50	0.000000
256	256	0.10	Model_B_Sparse_3Body	1002	32640	0.000000	0.208206	7.21	87.43	4173.12	0.000000
256	256	0.10	Model_C_LowRank_CP	1002	65536	1.000000	0.000000	2.00	24.93	20882.18	1.000000
256	256	0.10	Model_D_Sparse_4Body	1002	32640	0.000000	0.214798	7.49	80.66	8777.30	0.000000
256	256	0.10	Model_A_Pairwise	1003	32640	0.000000	0.364670	10.05	141.68	2237.85	0.000000
256	256	0.10	Model_B_Sparse_3Body	1003	32640	0.000000	0.211121	7.20	87.72	4658.45	0.000000
256	256	0.10	Model_C_LowRank_CP	1003	65536	1.000000	0.000000	2.00	25.73	23324.05	1.000000
256	256	0.10	Model_D_Sparse_4Body	1003	32640	0.000000	0.219772	7.46	80.79	8833.20	0.000000
256	256	0.10	Model_A_Pairwise	1004	32640	0.000000	0.358521	9.40	135.26	2269.32	0.000000
256	256	0.10	Model_B_Sparse_3Body	1004	32640	0.000000	0.211212	7.24	87.30	3361.05	0.000000
256	256	0.10	Model_C_LowRank_CP	1004	65536	1.000000	0.000000	2.00	25.35	16753.94	1.000000
256	256	0.10	Model_D_Sparse_4Body	1004	32640	0.000000	0.215012	7.30	80.71	13133.08	0.000000
256	256	0.10	Model_A_Pairwise	1005	32640	0.000000	0.355698	9.85	139.67	3210.18	0.000000
256	256	0.10	Model_B_Sparse_3Body	1005	32640	0.000000	0.210205	7.17	87.65	5803.54	0.000000
256	256	0.10	Model_C_LowRank_CP	1005	65536	1.000000	0.000000	2.00	25.85	19247.46	1.000000
256	256	0.10	Model_D_Sparse_4Body	1005	32640	0.000000	0.218002	7.50	81.61	6426.29	0.000000
256	256	0.10	Model_A_Pairwise	1006	32640	0.000000	0.357437	9.41	137.32	1750.69	0.000000
256	256	0.10	Model_B_Sparse_3Body	1006	32640	0.000000	0.208618	7.18	87.16	3752.37	0.000000
256	256	0.10	Model_C_LowRank_CP	1006	65536	1.000000	0.000000	2.00	25.31	16404.98	1.000000
256	256	0.10	Model_D_Sparse_4Body	1006	32640	0.000000	0.222229	7.57	82.57	8238.54	0.000000
256	256	0.10	Model_A_Pairwise	1007	32640	0.000000	0.366867	9.84	142.66	1972.51	0.000000
256	256	0.10	Model_B_Sparse_3Body	1007	32640	0.000000	0.211411	6.99	87.74	4661.13	0.000000
256	256	0.10	Model_C_LowRank_CP	1007	65536	1.000000	0.000000	2.00	25.85	19655.27	1.000000
256	256	0.10	Model_D_Sparse_4Body	1007	32640	0.000000	0.223251	7.55	82.39	8767.75	0.000000
256	256	0.10	Model_A_Pairwise	1008	32640	0.000000	0.353409	9.30	136.23	1561.15	0.000000
256	256	0.10	Model_B_Sparse_3Body	1008	32640	0.000000	0.214233	7.19	88.09	4840.64	0.000000
256	256	0.10	Model_C_LowRank_CP	1008	65536	1.000000	0.000000	2.00	25.69	15625.34	1.000000
256	256	0.10	Model_D_Sparse_4Body	1008	32640	0.000000	0.216354	7.15	80.48	7462.89	0.000000
256	256	0.10	Model_A_Pairwise	1009	32640	0.000000	0.359436	9.57	137.41	2280.42	0.000000
256	256	0.10	Model_B_Sparse_3Body	1009	32640	0.000000	0.210236	7.04	86.32	4342.50	0.000000
256	256	0.10	Model_C_LowRank_CP	1009	65536	1.000000	0.000000	2.00	25.14	18171.95	1.000000
256	256	0.10	Model_D_Sparse_4Body	1009	32640	0.000000	0.214432	7.59	81.34	10082.75	0.000000
256	256	0.10	Model_A_Pairwise	1010	32640	0.000000	0.359619	9.63	137.25	2215.98	0.000000
256	256	0.10	Model_B_Sparse_3Body	1010	32640	0.000000	0.212173	7.30	89.39	5094.36	0.000000
256	256	0.10	Model_C_LowRank_CP	1010	65536	1.000000	0.000000	2.00	25.86	24033.10	1.000000
256	256	0.10	Model_D_Sparse_4Body	1010	32640	0.000000	0.214401	7.36	80.20	10488.70	0.000000
256	256	0.10	Model_A_Pairwise	1011	32640	0.000000	0.361069	9.96	140.30	2440.64	0.000000
256	256	0.10	Model_B_Sparse_3Body	1011	32640	0.000000	0.216583	7.32	89.00	4325.81	0.000000
256	256	0.10	Model_C_LowRank_CP	1011	65536	1.000000	0.000000	2.00	25.93	12863.56	1.000000
256	256	0.10	Model_D_Sparse_4Body	1011	32640	0.000000	0.216766	7.33	81.24	8234.79	0.000000
256	256	0.10	Model_A_Pairwise	1012	32640	0.000000	0.372437	10.24	147.25	2422.72	0.000000
256	256	0.10	Model_B_Sparse_3Body	1012	32640	0.000000	0.210815	7.11	88.66	4035.03	0.000000
256	256	0.10	Model_C_LowRank_CP	1012	65536	1.000000	0.000000	2.00	25.94	21346.15	1.000000
256	256	0.10	Model_D_Sparse_4Body	1012	32640	0.000000	0.216782	7.40	80.18	9721.88	0.000000
256	256	0.10	Model_A_Pairwise	1013	32640	0.000000	0.352341	9.44	133.45	2338.34	0.000000
256	256	0.10	Model_B_Sparse_3Body	1013	32640	0.000000	0.214127	7.16	88.02	5793.16	0.000000
256	256	0.10	Model_C_LowRank_CP	1013	65536	1.000000	0.000000	2.00	25.49	19260.83	1.000000
256	256	0.10	Model_D_Sparse_4Body	1013	32640	0.000000	0.217377	7.45	81.35	10746.96	0.000000
256	256	0.10	Model_A_Pairwise	1014	32640	0.000000	0.357529	9.62	137.23	2807.36	0.000000
256	256	0.10	Model_B_Sparse_3Body	1014	32640	0.000000	0.213623	7.05	87.34	3770.77	0.000000
256	256	0.10	Model_C_LowRank_CP	1014	65536	1.000000	0.000000	2.00	24.99	15328.27	1.000000
256	256	0.10	Model_D_Sparse_4Body	1014	32640	0.000000	0.221527	7.64	81.59	8242.89	0.000000
256	256	0.10	Model_A_Pairwise	1015	32640	0.000000	0.369736	10.37	145.01	2565.76	0.000000
256	256	0.10	Model_B_Sparse_3Body	1015	32640	0.000000	0.210938	7.03	86.86	3870.66	0.000000
256	256	0.10	Model_C_LowRank_CP	1015	65536	1.000000	0.000000	2.00	25.21	17200.70	1.000000
256	256	0.10	Model_D_Sparse_4Body	1015	32640	0.000000	0.217514	7.45	80.84	11098.32	0.000000
256	256	0.10	Model_A_Pairwise	1016	32640	0.000000	0.369125	9.67	141.04	1994.49	0.000000
256	256	0.10	Model_B_Sparse_3Body	1016	32640	0.000000	0.210678	7.12	88.11	6471.30	0.000000
256	256	0.10	Model_C_LowRank_CP	1016	65536	1.000000	0.000000	2.00	25.52	21645.07	1.000000
256	256	0.10	Model_D_Sparse_4Body	1016	32640	0.000000	0.218338	7.38	80.89	9561.98	0.000000
256	256	0.10	Model_A_Pairwise	1017	32640	0.000000	0.356216	9.46	136.86	2454.78	0.000000
256	256	0.10	Model_B_Sparse_3Body	1017	32640	0.000000	0.209106	6.78	85.62	3792.07	0.000000
256	256	0.10	Model_C_LowRank_CP	1017	65536	1.000000	0.000000	2.00	25.38	12834.63	1.000000
256	256	0.10	Model_D_Sparse_4Body	1017	32640	0.000000	0.218262	7.55	81.98	8849.16	0.000000
256	256	0.10	Model_A_Pairwise	1018	32640	0.000000	0.356857	9.59	137.70	2248.05	0.000000
256	256	0.10	Model_B_Sparse_3Body	1018	32640	0.000000	0.211670	6.93	86.57	7577.50	0.000000
256	256	0.10	Model_C_LowRank_CP	1018	65536	1.000000	0.000000	2.00	25.54	19889.52	1.000000
256	256	0.10	Model_D_Sparse_4Body	1018	32640	0.000000	0.216171	7.30	80.41	7203.34	0.000000
256	256	0.10	Model_A_Pairwise	1019	32640	0.000000	0.364761	9.51	141.71	2286.50	0.000000
256	256	0.10	Model_B_Sparse_3Body	1019	32640	0.000000	0.216934	7.33	89.16	8527.26	0.000000
256	256	0.10	Model_C_LowRank_CP	1019	65536	1.000000	0.000000	2.00	25.80	20027.35	1.000000
256	256	0.10	Model_D_Sparse_4Body	1019	32640	0.000000	0.220123	7.42	80.94	7070.68	0.000000
256	256	0.10	Model_A_Pairwise	1020	32640	0.000000	0.372910	9.95	145.73	3430.68	0.000000
256	256	0.10	Model_B_Sparse_3Body	1020	32640	0.000000	0.212708	7.13	87.97	5851.29	0.000000
256	256	0.10	Model_C_LowRank_CP	1020	65536	1.000000	0.000000	2.00	25.80	17457.10	1.000000
256	256	0.10	Model_D_Sparse_4Body	1020	32640	0.000000	0.217697	7.35	81.14	5910.82	0.000000
256	256	0.20	Model_A_Pairwise	1001	32640	0.000000	0.380569	9.84	156.14	2330.49	0.000000
256	256	0.20	Model_B_Sparse_3Body	1001	32640	0.000000	0.315674	7.83	115.61	5071.64	0.000000
256	256	0.20	Model_C_LowRank_CP	1001	65536	1.000000	0.000000	2.00	51.78	13755.88	1.000000
256	256	0.20	Model_D_Sparse_4Body	1001	32640	0.000000	0.350754	7.79	102.95	8715.84	0.000000
256	256	0.20	Model_A_Pairwise	1002	32640	0.000000	0.382828	9.19	152.63	1946.16	0.000000
256	256	0.20	Model_B_Sparse_3Body	1002	32640	0.000000	0.309296	7.86	115.57	4129.50	0.000000
256	256	0.20	Model_C_LowRank_CP	1002	65536	1.000000	0.000000	2.00	50.57	15828.64	1.000000
256	256	0.20	Model_D_Sparse_4Body	1002	32640	0.000000	0.341949	8.37	103.68	9665.85	0.000000
256	256	0.20	Model_A_Pairwise	1003	32640	0.000000	0.389603	9.90	159.05	2392.74	0.000000
256	256	0.20	Model_B_Sparse_3Body	1003	32640	0.000000	0.311798	8.09	116.95	5213.46	0.000000
256	256	0.20	Model_C_LowRank_CP	1003	65536	1.000000	0.000000	2.00	51.57	15671.97	1.000000
256	256	0.20	Model_D_Sparse_4Body	1003	32640	0.000000	0.346405	8.09	104.84	8778.49	0.000000
256	256	0.20	Model_A_Pairwise	1004	32640	0.000000	0.383209	9.19	151.80	2075.54	0.000000
256	256	0.20	Model_B_Sparse_3Body	1004	32640	0.000000	0.308960	8.25	115.63	4037.18	0.000000
256	256	0.20	Model_C_LowRank_CP	1004	65536	1.000000	0.000000	2.00	51.44	14445.39	1.000000
256	256	0.20	Model_D_Sparse_4Body	1004	32640	0.000000	0.347015	8.37	104.48	8828.95	0.000000
256	256	0.20	Model_A_Pairwise	1005	32640	0.000000	0.381210	9.36	152.59	2495.73	0.000000
256	256	0.20	Model_B_Sparse_3Body	1005	32640	0.000000	0.308395	7.77	113.71	4835.40	0.000000
256	256	0.20	Model_C_LowRank_CP	1005	65536	1.000000	0.000000	2.01	51.51	15361.91	1.000000
256	256	0.20	Model_D_Sparse_4Body	1005	32640	0.000000	0.348938	8.22	104.78	8516.38	0.000000
256	256	0.20	Model_A_Pairwise	1006	32640	0.000000	0.387039	9.66	155.50	2038.73	0.000000
256	256	0.20	Model_B_Sparse_3Body	1006	32640	0.000000	0.317184	7.85	115.12	4620.17	0.000000
256	256	0.20	Model_C_LowRank_CP	1006	65536	1.000000	0.000000	2.00	51.09	14503.04	1.000000
256	256	0.20	Model_D_Sparse_4Body	1006	32640	0.000000	0.346191	7.96	103.53	9451.46	0.000000
256	256	0.20	Model_A_Pairwise	1007	32640	0.000000	0.390076	9.85	158.39	2052.33	0.000000
256	256	0.20	Model_B_Sparse_3Body	1007	32640	0.000000	0.311401	7.79	114.42	3653.50	0.000000
256	256	0.20	Model_C_LowRank_CP	1007	65536	1.000000	0.000000	2.00	51.84	15917.83	1.000000
256	256	0.20	Model_D_Sparse_4Body	1007	32640	0.000000	0.347748	7.90	102.56	8412.41	0.000000
256	256	0.20	Model_A_Pairwise	1008	32640	0.000000	0.379700	9.41	151.26	1615.65	0.000000
256	256	0.20	Model_B_Sparse_3Body	1008	32640	0.000000	0.307800	8.00	115.14	4574.63	0.000000
256	256	0.20	Model_C_LowRank_CP	1008	65536	1.000000	0.000000	2.00	50.34	16211.64	1.000000
256	256	0.20	Model_D_Sparse_4Body	1008	32640	0.000000	0.339905	7.91	103.36	8920.51	0.000000
256	256	0.20	Model_A_Pairwise	1009	32640	0.000000	0.380615	9.06	152.39	1989.19	0.000000
256	256	0.20	Model_B_Sparse_3Body	1009	32640	0.000000	0.306290	7.87	113.07	5241.66	0.000000
256	256	0.20	Model_C_LowRank_CP	1009	65536	1.000000	0.000000	2.00	50.35	15360.33	1.000000
256	256	0.20	Model_D_Sparse_4Body	1009	32640	0.000000	0.340454	8.02	103.77	8754.39	0.000000
256	256	0.20	Model_A_Pairwise	1010	32640	0.000000	0.385849	9.68	155.14	2003.15	0.000000
256	256	0.20	Model_B_Sparse_3Body	1010	32640	0.000000	0.313416	7.66	113.13	4234.48	0.000000
256	256	0.20	Model_C_LowRank_CP	1010	65536	1.000000	0.000000	2.01	51.48	15302.93	1.000000
256	256	0.20	Model_D_Sparse_4Body	1010	32640	0.000000	0.342072	8.00	103.25	14421.02	0.000000
256	256	0.20	Model_A_Pairwise	1011	32640	0.000000	0.390472	9.91	157.00	2101.27	0.000000
256	256	0.20	Model_B_Sparse_3Body	1011	32640	0.000000	0.314636	7.98	116.67	5273.75	0.000000
256	256	0.20	Model_C_LowRank_CP	1011	65536	1.000000	0.000000	2.00	51.78	13942.96	1.000000
256	256	0.20	Model_D_Sparse_4Body	1011	32640	0.000000	0.344849	7.96	102.73	9112.92	0.000000
256	256	0.20	Model_A_Pairwise	1012	32640	0.000000	0.393097	10.60	164.44	1888.56	0.000000
256	256	0.20	Model_B_Sparse_3Body	1012	32640	0.000000	0.308456	7.79	114.47	4594.10	0.000000
256	256	0.20	Model_C_LowRank_CP	1012	65536	1.000000	0.000000	2.00	51.25	15885.63	1.000000
256	256	0.20	Model_D_Sparse_4Body	1012	32640	0.000000	0.343979	8.01	102.61	8416.43	0.000000
256	256	0.20	Model_A_Pairwise	1013	32640	0.000000	0.379105	9.22	149.46	2048.71	0.000000
256	256	0.20	Model_B_Sparse_3Body	1013	32640	0.000000	0.312790	8.04	116.00	5224.89	0.000000
256	256	0.20	Model_C_LowRank_CP	1013	65536	1.000000	0.000000	2.01	51.38	16891.55	1.000000
256	256	0.20	Model_D_Sparse_4Body	1013	32640	0.000000	0.348572	7.94	104.49	9138.64	0.000000
256	256	0.20	Model_A_Pairwise	1014	32640	0.000000	0.383484	9.20	152.50	2196.83	0.000000
256	256	0.20	Model_B_Sparse_3Body	1014	32640	0.000000	0.310837	7.63	113.46	4292.49	0.000000
256	256	0.20	Model_C_LowRank_CP	1014	65536	1.000000	0.000000	2.01	50.84	16335.68	1.000000
256	256	0.20	Model_D_Sparse_4Body	1014	32640	0.000000	0.344330	7.96	103.06	13767.42	0.000000
256	256	0.20	Model_A_Pairwise	1015	32640	0.000000	0.390137	9.95	161.20	2384.34	0.000000
256	256	0.20	Model_B_Sparse_3Body	1015	32640	0.000000	0.311996	7.97	115.45	5709.76	0.000000
256	256	0.20	Model_C_LowRank_CP	1015	65536	1.000000	0.000000	2.01	50.88	30840.68	1.000000
256	256	0.20	Model_D_Sparse_4Body	1015	32640	0.000000	0.345306	7.96	104.52	15352.03	0.000000
256	256	0.20	Model_A_Pairwise	1016	32640	0.000000	0.389450	9.51	156.01	2081.96	0.000000
256	256	0.20	Model_B_Sparse_3Body	1016	32640	0.000000	0.314560	7.75	115.45	4442.42	0.000000
256	256	0.20	Model_C_LowRank_CP	1016	65536	1.000000	0.000000	2.00	51.55	15427.90	1.000000
256	256	0.20	Model_D_Sparse_4Body	1016	32640	0.000000	0.344620	8.04	103.53	14036.62	0.000000
256	256	0.20	Model_A_Pairwise	1017	32640	0.000000	0.383392	9.47	153.19	2945.00	0.000000
256	256	0.20	Model_B_Sparse_3Body	1017	32640	0.000000	0.310654	7.82	114.30	8448.25	0.000000
256	256	0.20	Model_C_LowRank_CP	1017	65536	1.000000	0.000000	2.00	50.94	38192.16	1.000000
256	256	0.20	Model_D_Sparse_4Body	1017	32640	0.000000	0.345505	8.16	103.64	11698.99	0.000000
256	256	0.20	Model_A_Pairwise	1018	32640	0.000000	0.383560	9.41	155.33	1852.64	0.000000
256	256	0.20	Model_B_Sparse_3Body	1018	32640	0.000000	0.310944	7.73	113.93	4515.69	0.000000
256	256	0.20	Model_C_LowRank_CP	1018	65536	1.000000	0.000000	2.01	51.18	15886.64	1.000000
256	256	0.20	Model_D_Sparse_4Body	1018	32640	0.000000	0.346588	8.09	104.41	13750.69	0.000000
256	256	0.20	Model_A_Pairwise	1019	32640	0.000000	0.391296	10.08	160.31	3149.49	0.000000
256	256	0.20	Model_B_Sparse_3Body	1019	32640	0.000000	0.311493	8.27	117.24	9246.09	0.000000
256	256	0.20	Model_C_LowRank_CP	1019	65536	1.000000	0.000000	2.02	51.26	30912.63	1.000000
256	256	0.20	Model_D_Sparse_4Body	1019	32640	0.000000	0.344559	8.05	103.98	15203.97	0.000000
256	256	0.20	Model_A_Pairwise	1020	32640	0.000000	0.394897	10.11	161.02	3739.61	0.000000
256	256	0.20	Model_B_Sparse_3Body	1020	32640	0.000000	0.311432	7.68	113.26	9220.95	0.000000
256	256	0.20	Model_C_LowRank_CP	1020	65536	1.000000	0.000000	2.00	51.44	30090.64	1.000000
256	256	0.20	Model_D_Sparse_4Body	1020	32640	0.000000	0.347900	8.00	105.05	12877.45	0.000000
256	256	0.30	Model_A_Pairwise	1001	32640	0.000000	0.413193	9.52	166.23	3282.18	0.000000
256	256	0.30	Model_B_Sparse_3Body	1001	32640	0.000000	0.413742	8.34	128.74	6819.96	0.000000
256	256	0.30	Model_C_LowRank_CP	1001	65536	0.992188	0.003708	2.55	80.20	22652.75	0.992188
256	256	0.30	Model_D_Sparse_4Body	1001	32640	0.000000	0.416351	8.27	110.97	11301.77	0.000000
256	256	0.30	Model_A_Pairwise	1002	32640	0.000000	0.415283	9.82	168.94	3297.27	0.000000
256	256	0.30	Model_B_Sparse_3Body	1002	32640	0.000000	0.404739	8.21	127.21	7390.17	0.000000
256	256	0.30	Model_C_LowRank_CP	1002	65536	0.996094	0.001801	2.45	78.29	26273.05	0.996094
256	256	0.30	Model_D_Sparse_4Body	1002	32640	0.000000	0.416489	8.18	111.70	12963.61	0.000000
256	256	0.30	Model_A_Pairwise	1003	32640	0.000000	0.424774	9.68	169.64	2945.32	0.000000
256	256	0.30	Model_B_Sparse_3Body	1003	32640	0.000000	0.406036	8.06	127.27	6947.69	0.000000
256	256	0.30	Model_C_LowRank_CP	1003	65536	0.996094	0.002014	2.54	79.80	31319.66	0.996094
256	256	0.30	Model_D_Sparse_4Body	1003	32640	0.000000	0.416306	8.16	110.00	12386.13	0.000000
256	256	0.30	Model_A_Pairwise	1004	32640	0.000000	0.418137	9.54	167.19	2541.23	0.000000
256	256	0.30	Model_B_Sparse_3Body	1004	32640	0.000000	0.403198	8.13	128.24	5000.02	0.000000
256	256	0.30	Model_C_LowRank_CP	1004	65536	0.996094	0.001816	2.49	79.48	18784.02	0.996094
256	256	0.30	Model_D_Sparse_4Body	1004	32640	0.000000	0.417953	8.16	110.64	8003.62	0.000000
256	256	0.30	Model_A_Pairwise	1005	32640	0.000000	0.411835	9.54	165.87	2257.28	0.000000
256	256	0.30	Model_B_Sparse_3Body	1005	32640	0.000000	0.407578	8.21	127.09	4328.77	0.000000
256	256	0.30	Model_C_LowRank_CP	1005	65536	0.996094	0.001877	2.48	79.20	23535.19	0.996094
256	256	0.30	Model_D_Sparse_4Body	1005	32640	0.000000	0.420883	8.41	111.56	7886.92	0.000000
256	256	0.30	Model_A_Pairwise	1006	32640	0.000000	0.422028	9.83	169.25	2892.33	0.000000
256	256	0.30	Model_B_Sparse_3Body	1006	32640	0.000000	0.408722	8.45	129.06	7233.29	0.000000
256	256	0.30	Model_C_LowRank_CP	1006	65536	0.992188	0.003723	2.47	79.20	27962.06	0.992188
256	256	0.30	Model_D_Sparse_4Body	1006	32640	0.000000	0.413101	8.10	110.37	11143.66	0.000000
256	256	0.30	Model_A_Pairwise	1007	32640	0.000000	0.419327	9.94	172.64	2863.20	0.000000
256	256	0.30	Model_B_Sparse_3Body	1007	32640	0.000000	0.402649	8.14	127.27	7027.49	0.000000
256	256	0.30	Model_C_LowRank_CP	1007	65536	1.000000	0.000000	2.46	78.88	28342.75	1.000000
256	256	0.30	Model_D_Sparse_4Body	1007	32640	0.000000	0.415421	8.31	110.29	10702.20	0.000000
256	256	0.30	Model_A_Pairwise	1008	32640	0.000000	0.415070	9.50	166.38	2639.73	0.000000
256	256	0.30	Model_B_Sparse_3Body	1008	32640	0.000000	0.395508	8.09	125.98	6276.93	0.000000
256	256	0.30	Model_C_LowRank_CP	1008	65536	1.000000	0.000000	2.45	77.42	30930.00	1.000000
256	256	0.30	Model_D_Sparse_4Body	1008	32640	0.000000	0.415192	8.09	111.14	11720.52	0.000000
256	256	0.30	Model_A_Pairwise	1009	32640	0.000000	0.412781	9.53	166.12	2543.92	0.000000
256	256	0.30	Model_B_Sparse_3Body	1009	32640	0.000000	0.397980	8.25	127.09	4820.92	0.000000
256	256	0.30	Model_C_LowRank_CP	1009	65536	1.000000	0.000000	2.46	77.95	19990.58	1.000000
256	256	0.30	Model_D_Sparse_4Body	1009	32640	0.000000	0.416016	8.14	109.70	8530.57	0.000000
256	256	0.30	Model_A_Pairwise	1010	32640	0.000000	0.421356	9.61	168.46	2560.72	0.000000
256	256	0.30	Model_B_Sparse_3Body	1010	32640	0.000000	0.410782	8.23	127.74	4448.69	0.000000
256	256	0.30	Model_C_LowRank_CP	1010	65536	0.996094	0.001923	2.47	78.77	21786.48	0.996094
256	256	0.30	Model_D_Sparse_4Body	1010	32640	0.000000	0.415115	8.10	109.52	6934.35	0.000000
256	256	0.30	Model_A_Pairwise	1011	32640	0.000000	0.418655	9.81	169.06	3564.96	0.000000
256	256	0.30	Model_B_Sparse_3Body	1011	32640	0.000000	0.408981	8.34	127.86	6759.43	0.000000
256	256	0.30	Model_C_LowRank_CP	1011	65536	1.000000	0.000000	2.49	79.59	21854.41	1.000000
256	256	0.30	Model_D_Sparse_4Body	1011	32640	0.000000	0.417618	8.16	109.01	13859.14	0.000000
256	256	0.30	Model_A_Pairwise	1012	32640	0.000000	0.421707	10.49	177.44	2966.25	0.000000
256	256	0.30	Model_B_Sparse_3Body	1012	32640	0.000000	0.401062	8.32	126.94	7534.84	0.000000
256	256	0.30	Model_C_LowRank_CP	1012	65536	0.996094	0.001907	2.48	78.37	29580.39	0.996094
256	256	0.30	Model_D_Sparse_4Body	1012	32640	0.000000	0.413681	8.10	109.67	10804.14	0.000000
256	256	0.30	Model_A_Pairwise	1013	32640	0.000000	0.412186	9.64	165.38	2681.12	0.000000
256	256	0.30	Model_B_Sparse_3Body	1013	32640	0.000000	0.405945	8.10	125.25	6469.21	0.000000
256	256	0.30	Model_C_LowRank_CP	1013	65536	1.000000	0.000000	2.52	79.06	35157.46	1.000000
256	256	0.30	Model_D_Sparse_4Body	1013	32640	0.000000	0.414108	8.10	110.04	9562.41	0.000000
256	256	0.30	Model_A_Pairwise	1014	32640	0.000000	0.417847	9.79	168.01	2860.32	0.000000
256	256	0.30	Model_B_Sparse_3Body	1014	32640	0.000000	0.405228	8.04	126.42	4459.35	0.000000
256	256	0.30	Model_C_LowRank_CP	1014	65536	1.000000	0.000000	2.48	78.54	16661.50	1.000000
256	256	0.30	Model_D_Sparse_4Body	1014	32640	0.000000	0.417114	8.39	111.39	7673.47	0.000000
256	256	0.30	Model_A_Pairwise	1015	32640	0.000000	0.419342	9.83	170.32	2046.11	0.000000
256	256	0.30	Model_B_Sparse_3Body	1015	32640	0.000000	0.402954	8.25	128.02	4703.72	0.000000
256	256	0.30	Model_C_LowRank_CP	1015	65536	1.000000	0.000000	2.52	78.87	19794.69	1.000000
256	256	0.30	Model_D_Sparse_4Body	1015	32640	0.000000	0.418533	8.05	109.88	7842.77	0.000000
256	256	0.30	Model_A_Pairwise	1016	32640	0.000000	0.425186	9.73	169.26	2986.98	0.000000
256	256	0.30	Model_B_Sparse_3Body	1016	32640	0.000000	0.407120	8.07	126.93	6390.29	0.000000
256	256	0.30	Model_C_LowRank_CP	1016	65536	0.996094	0.001877	2.52	79.44	28773.34	0.996094
256	256	0.30	Model_D_Sparse_4Body	1016	32640	0.000000	0.420319	8.10	110.14	13044.88	0.000000
256	256	0.30	Model_A_Pairwise	1017	32640	0.000000	0.419662	9.26	165.85	2908.62	0.000000
256	256	0.30	Model_B_Sparse_3Body	1017	32640	0.000000	0.406830	8.22	126.96	6891.78	0.000000
256	256	0.30	Model_C_LowRank_CP	1017	65536	0.992188	0.002457	2.45	78.50	28363.02	0.992188
256	256	0.30	Model_D_Sparse_4Body	1017	32640	0.000000	0.416840	8.36	110.64	12288.31	0.000000
256	256	0.30	Model_A_Pairwise	1018	32640	0.000000	0.413788	9.52	167.86	2843.26	0.000000
256	256	0.30	Model_B_Sparse_3Body	1018	32640	0.000000	0.405487	8.17	127.80	8298.62	0.000000
256	256	0.30	Model_C_LowRank_CP	1018	65536	0.996094	0.001755	2.46	78.21	33081.03	0.996094
256	256	0.30	Model_D_Sparse_4Body	1018	32640	0.000000	0.417435	8.30	110.52	8963.07	0.000000
256	256	0.30	Model_A_Pairwise	1019	32640	0.000000	0.425430	10.05	174.20	2117.67	0.000000
256	256	0.30	Model_B_Sparse_3Body	1019	32640	0.000000	0.406418	8.36	129.22	4129.48	0.000000
256	256	0.30	Model_C_LowRank_CP	1019	65536	1.000000	0.000000	2.51	79.55	19861.15	1.000000
256	256	0.30	Model_D_Sparse_4Body	1019	32640	0.000000	0.416992	8.04	109.51	8256.74	0.000000
256	256	0.30	Model_A_Pairwise	1020	32640	0.000000	0.422684	9.84	171.18	2373.84	0.000000
256	256	0.30	Model_B_Sparse_3Body	1020	32640	0.000000	0.408142	8.15	126.82	4537.64	0.000000
256	256	0.30	Model_C_LowRank_CP	1020	65536	0.996094	0.001785	2.52	79.28	23749.51	0.996094
256	256	0.30	Model_D_Sparse_4Body	1020	32640	0.000000	0.417358	8.20	110.37	6230.57	0.000000
256	256	0.40	Model_A_Pairwise	1001	32640	0.000000	0.456024	9.68	176.02	2895.64	0.000000
256	256	0.40	Model_B_Sparse_3Body	1001	32640	0.000000	0.462601	8.34	132.34	5952.52	0.000000
256	256	0.40	Model_C_LowRank_CP	1001	65536	0.460938	0.262543	3.19	128.59	27626.16	0.460938
256	256	0.40	Model_D_Sparse_4Body	1001	32640	0.000000	0.465271	8.05	110.93	9753.83	0.000000
256	256	0.40	Model_A_Pairwise	1002	32640	0.000000	0.453827	9.31	172.81	2059.53	0.000000
256	256	0.40	Model_B_Sparse_3Body	1002	32640	0.000000	0.464371	8.25	132.17	4943.12	0.000000
256	256	0.40	Model_C_LowRank_CP	1002	65536	0.531250	0.224640	3.20	127.36	27420.11	0.531250
256	256	0.40	Model_D_Sparse_4Body	1002	32640	0.000000	0.460770	7.77	109.79	7069.42	0.000000
256	256	0.40	Model_A_Pairwise	1003	32640	0.000000	0.460190	9.90	180.24	2713.38	0.000000
256	256	0.40	Model_B_Sparse_3Body	1003	32640	0.000000	0.464920	8.25	132.51	5027.36	0.000000
256	256	0.40	Model_C_LowRank_CP	1003	65536	0.437500	0.272491	3.25	130.05	29454.44	0.437500
256	256	0.40	Model_D_Sparse_4Body	1003	32640	0.000000	0.462814	8.12	110.93	10612.83	0.000000
256	256	0.40	Model_A_Pairwise	1004	32640	0.000000	0.450729	9.71	174.12	2475.36	0.000000
256	256	0.40	Model_B_Sparse_3Body	1004	32640	0.000000	0.462723	8.37	132.02	5905.14	0.000000
256	256	0.40	Model_C_LowRank_CP	1004	65536	0.460938	0.259583	3.27	130.86	29169.53	0.460938
256	256	0.40	Model_D_Sparse_4Body	1004	32640	0.000000	0.464096	8.04	111.73	8471.98	0.000000
256	256	0.40	Model_A_Pairwise	1005	32640	0.000000	0.453232	9.67	174.86	2366.28	0.000000
256	256	0.40	Model_B_Sparse_3Body	1005	32640	0.000000	0.463318	8.08	131.09	4834.09	0.000000
256	256	0.40	Model_C_LowRank_CP	1005	65536	0.476562	0.254166	3.19	129.11	27663.44	0.476562
256	256	0.40	Model_D_Sparse_4Body	1005	32640	0.000000	0.463806	8.16	111.41	9742.47	0.000000
256	256	0.40	Model_A_Pairwise	1006	32640	0.000000	0.457962	9.66	176.55	2886.58	0.000000
256	256	0.40	Model_B_Sparse_3Body	1006	32640	0.000000	0.464874	8.31	132.18	5236.12	0.000000
256	256	0.40	Model_C_LowRank_CP	1006	65536	0.523438	0.230362	3.21	129.76	28621.36	0.523438
256	256	0.40	Model_D_Sparse_4Body	1006	32640	0.000000	0.462234	8.30	110.64	10724.28	0.000000
256	256	0.40	Model_A_Pairwise	1007	32640	0.000000	0.457428	9.51	179.21	2461.60	0.000000
256	256	0.40	Model_B_Sparse_3Body	1007	32640	0.000000	0.460098	8.44	131.18	6063.87	0.000000
256	256	0.40	Model_C_LowRank_CP	1007	65536	0.476562	0.251297	3.20	129.02	24818.22	0.476562
256	256	0.40	Model_D_Sparse_4Body	1007	32640	0.000000	0.460602	8.19	111.09	9003.37	0.000000
256	256	0.40	Model_A_Pairwise	1008	32640	0.000000	0.455597	9.68	174.88	2349.89	0.000000
256	256	0.40	Model_B_Sparse_3Body	1008	32640	0.000000	0.462631	8.40	132.40	5890.43	0.000000
256	256	0.40	Model_C_LowRank_CP	1008	65536	0.503906	0.241074	3.23	127.91	26728.65	0.503906
256	256	0.40	Model_D_Sparse_4Body	1008	32640	0.000000	0.455780	7.96	110.10	10351.40	0.000000
256	256	0.40	Model_A_Pairwise	1009	32640	0.000000	0.455368	9.36	172.41	2300.33	0.000000
256	256	0.40	Model_B_Sparse_3Body	1009	32640	0.000000	0.460831	8.18	130.03	5538.67	0.000000
256	256	0.40	Model_C_LowRank_CP	1009	65536	0.511719	0.235855	3.19	128.27	49471.82	0.511719
256	256	0.40	Model_D_Sparse_4Body	1009	32640	0.000000	0.463959	8.17	112.29	10100.01	0.000000
256	256	0.40	Model_A_Pairwise	1010	32640	0.000000	0.457367	9.60	173.58	2383.09	0.000000
256	256	0.40	Model_B_Sparse_3Body	1010	32640	0.000000	0.467300	8.30	131.13	4739.33	0.000000
256	256	0.40	Model_C_LowRank_CP	1010	65536	0.468750	0.257538	3.24	129.67	50793.19	0.468750
256	256	0.40	Model_D_Sparse_4Body	1010	32640	0.000000	0.462738	8.20	112.02	10359.30	0.000000
256	256	0.40	Model_A_Pairwise	1011	32640	0.000000	0.456696	9.88	176.90	2054.20	0.000000
256	256	0.40	Model_B_Sparse_3Body	1011	32640	0.000000	0.464767	8.05	130.04	5965.51	0.000000
256	256	0.40	Model_C_LowRank_CP	1011	65536	0.472656	0.255936	3.20	127.52	30271.58	0.472656
256	256	0.40	Model_D_Sparse_4Body	1011	32640	0.000000	0.463150	8.27	112.27	9910.34	0.000000
256	256	0.40	Model_A_Pairwise	1012	32640	0.000000	0.456100	10.39	184.47	2540.41	0.000000
256	256	0.40	Model_B_Sparse_3Body	1012	32640	0.000000	0.464600	8.37	131.89	5051.63	0.000000
256	256	0.40	Model_C_LowRank_CP	1012	65536	0.492188	0.244415	3.26	129.42	27623.80	0.492188
256	256	0.40	Model_D_Sparse_4Body	1012	32640	0.000000	0.460831	8.20	111.27	8859.89	0.000000
256	256	0.40	Model_A_Pairwise	1013	32640	0.000000	0.454666	9.65	173.60	2320.92	0.000000
256	256	0.40	Model_B_Sparse_3Body	1013	32640	0.000000	0.462021	8.23	130.78	5318.71	0.000000
256	256	0.40	Model_C_LowRank_CP	1013	65536	0.484375	0.247055	3.25	130.70	27491.27	0.484375
256	256	0.40	Model_D_Sparse_4Body	1013	32640	0.000000	0.466766	8.25	112.95	11348.57	0.000000
256	256	0.40	Model_A_Pairwise	1014	32640	0.000000	0.459991	9.64	176.39	2529.55	0.000000
256	256	0.40	Model_B_Sparse_3Body	1014	32640	0.000000	0.459473	8.47	132.21	5692.77	0.000000
256	256	0.40	Model_C_LowRank_CP	1014	65536	0.496094	0.242615	3.24	130.89	45581.70	0.496094
256	256	0.40	Model_D_Sparse_4Body	1014	32640	0.000000	0.462128	8.22	111.10	12985.07	0.000000
256	256	0.40	Model_A_Pairwise	1015	32640	0.000000	0.455734	9.86	179.57	2842.73	0.000000
256	256	0.40	Model_B_Sparse_3Body	1015	32640	0.000000	0.462708	8.41	133.56	6194.80	0.000000
256	256	0.40	Model_C_LowRank_CP	1015	65536	0.472656	0.254776	3.28	130.49	29108.20	0.472656
256	256	0.40	Model_D_Sparse_4Body	1015	32640	0.000000	0.459869	8.54	112.16	8734.86	0.000000
256	256	0.40	Model_A_Pairwise	1016	32640	0.000000	0.458557	9.71	178.09	2305.82	0.000000
256	256	0.40	Model_B_Sparse_3Body	1016	32640	0.000000	0.462112	8.70	133.37	5073.66	0.000000
256	256	0.40	Model_C_LowRank_CP	1016	65536	0.480469	0.245850	3.25	129.54	23021.06	0.480469
256	256	0.40	Model_D_Sparse_4Body	1016	32640	0.000000	0.466171	8.32	111.14	9155.75	0.000000
256	256	0.40	Model_A_Pairwise	1017	32640	0.000000	0.452118	9.53	174.76	2605.87	0.000000
256	256	0.40	Model_B_Sparse_3Body	1017	32640	0.000000	0.465027	8.03	129.95	5227.67	0.000000
256	256	0.40	Model_C_LowRank_CP	1017	65536	0.496094	0.241425	3.21	129.64	43404.80	0.496094
256	256	0.40	Model_D_Sparse_4Body	1017	32640	0.000000	0.462860	8.23	111.43	11557.06	0.000000
256	256	0.40	Model_A_Pairwise	1018	32640	0.000000	0.458969	9.53	177.13	2514.48	0.000000
256	256	0.40	Model_B_Sparse_3Body	1018	32640	0.000000	0.461853	8.29	131.32	6763.33	0.000000
256	256	0.40	Model_C_LowRank_CP	1018	65536	0.523438	0.230576	3.22	129.05	22930.63	0.523438
256	256	0.40	Model_D_Sparse_4Body	1018	32640	0.000000	0.462997	8.05	111.79	7984.48	0.000000
256	256	0.40	Model_A_Pairwise	1019	32640	0.000000	0.457794	9.64	179.36	3033.86	0.000000
256	256	0.40	Model_B_Sparse_3Body	1019	32640	0.000000	0.462204	8.46	131.74	4383.68	0.000000
256	256	0.40	Model_C_LowRank_CP	1019	65536	0.507812	0.234558	3.26	129.83	27295.98	0.507812
256	256	0.40	Model_D_Sparse_4Body	1019	32640	0.000000	0.461594	8.44	112.30	8533.37	0.000000
256	256	0.40	Model_A_Pairwise	1020	32640	0.000000	0.461487	10.23	182.84	2185.62	0.000000
256	256	0.40	Model_B_Sparse_3Body	1020	32640	0.000000	0.465485	8.16	131.09	3611.09	0.000000
256	256	0.40	Model_C_LowRank_CP	1020	65536	0.507812	0.236374	3.21	128.94	27522.16	0.507812
256	256	0.40	Model_D_Sparse_4Body	1020	32640	0.000000	0.460083	8.39	112.25	8390.43	0.000000
512	51	0.10	Model_A_Pairwise	1001	130816	0.745098	0.001187	2.65	54.45	2812.57	0.148728
512	51	0.10	Model_B_Sparse_3Body	1001	130816	0.725490	0.000536	2.33	52.35	7035.57	0.144814
512	51	0.10	Model_C_LowRank_CP	1001	26112	1.000000	0.000000	2.00	51.49	12582.98	1.000000
512	51	0.10	Model_D_Sparse_4Body	1001	130816	0.980392	0.000038	2.29	52.25	10757.71	0.195695
512	51	0.10	Model_A_Pairwise	1002	130816	0.764706	0.001953	2.78	52.63	3504.45	0.152642
512	51	0.10	Model_B_Sparse_3Body	1002	130816	0.803922	0.000460	2.39	50.92	8108.53	0.160470
512	51	0.10	Model_C_LowRank_CP	1002	26112	1.000000	0.000000	2.00	49.78	12692.88	1.000000
512	51	0.10	Model_D_Sparse_4Body	1002	130816	1.000000	0.000000	2.12	50.10	9429.51	0.199609
512	51	0.10	Model_A_Pairwise	1003	130816	0.764706	0.000728	2.65	53.22	3129.22	0.152642
512	51	0.10	Model_B_Sparse_3Body	1003	130816	0.725490	0.000651	2.33	51.57	8158.18	0.144814
512	51	0.10	Model_C_LowRank_CP	1003	26112	1.000000	0.000000	2.00	50.65	12486.00	1.000000
512	51	0.10	Model_D_Sparse_4Body	1003	130816	0.980392	0.000038	2.27	51.22	11698.80	0.195695
512	51	0.10	Model_A_Pairwise	1004	130816	0.784314	0.001953	2.75	53.78	3739.57	0.156556
512	51	0.10	Model_B_Sparse_3Body	1004	130816	0.803922	0.000460	2.31	51.29	6768.90	0.160470
512	51	0.10	Model_C_LowRank_CP	1004	26112	1.000000	0.000000	2.00	50.67	15699.92	1.000000
512	51	0.10	Model_D_Sparse_4Body	1004	130816	1.000000	0.000000	2.24	51.14	13728.43	0.199609
512	51	0.10	Model_A_Pairwise	1005	130816	0.784314	0.000957	2.73	53.35	3607.20	0.156556
512	51	0.10	Model_B_Sparse_3Body	1005	130816	0.745098	0.000536	2.45	51.45	7787.84	0.148728
512	51	0.10	Model_C_LowRank_CP	1005	26112	1.000000	0.000000	2.00	50.31	12455.84	1.000000
512	51	0.10	Model_D_Sparse_4Body	1005	130816	0.980392	0.000038	2.29	51.00	11920.71	0.195695
512	51	0.10	Model_A_Pairwise	1006	130816	0.823529	0.000498	2.61	52.55	5087.29	0.164384
512	51	0.10	Model_B_Sparse_3Body	1006	130816	0.803922	0.000460	2.39	51.63	8220.29	0.160470
512	51	0.10	Model_C_LowRank_CP	1006	26112	1.000000	0.000000	2.00	50.69	15598.69	1.000000
512	51	0.10	Model_D_Sparse_4Body	1006	130816	1.000000	0.000000	2.29	51.24	11368.61	0.199609
512	51	0.10	Model_A_Pairwise	1007	130816	0.725490	0.005476	2.96	57.55	4213.22	0.144814
512	51	0.10	Model_B_Sparse_3Body	1007	130816	0.843137	0.000306	2.37	53.14	6795.10	0.168297
512	51	0.10	Model_C_LowRank_CP	1007	26112	1.000000	0.000000	2.00	52.31	11949.14	1.000000
512	51	0.10	Model_D_Sparse_4Body	1007	130816	0.980392	0.000038	2.33	53.16	10954.92	0.195695
512	51	0.10	Model_A_Pairwise	1008	130816	0.607843	0.006549	3.08	57.29	5802.57	0.121331
512	51	0.10	Model_B_Sparse_3Body	1008	130816	0.843137	0.000345	2.31	51.80	7202.84	0.168297
512	51	0.10	Model_C_LowRank_CP	1008	26112	1.000000	0.000000	2.00	51.00	14594.24	1.000000
512	51	0.10	Model_D_Sparse_4Body	1008	130816	0.960784	0.000077	2.22	51.43	11314.84	0.191781
512	51	0.10	Model_A_Pairwise	1009	130816	0.803922	0.000957	2.67	52.43	4825.08	0.160470
512	51	0.10	Model_B_Sparse_3Body	1009	130816	0.823529	0.000383	2.47	51.67	8057.88	0.164384
512	51	0.10	Model_C_LowRank_CP	1009	26112	1.000000	0.000000	2.00	50.41	12442.88	1.000000
512	51	0.10	Model_D_Sparse_4Body	1009	130816	0.980392	0.000038	2.37	51.18	11124.08	0.195695
512	51	0.10	Model_A_Pairwise	1010	130816	0.647059	0.001608	2.86	55.75	2957.24	0.129159
512	51	0.10	Model_B_Sparse_3Body	1010	130816	0.862745	0.000306	2.45	53.59	6614.73	0.172211
512	51	0.10	Model_C_LowRank_CP	1010	26112	1.000000	0.000000	2.00	52.33	12214.33	1.000000
512	51	0.10	Model_D_Sparse_4Body	1010	130816	0.980392	0.000038	2.37	53.25	10253.24	0.195695
512	51	0.10	Model_A_Pairwise	1011	130816	0.862745	0.000728	2.75	55.45	3355.55	0.172211
512	51	0.10	Model_B_Sparse_3Body	1011	130816	0.862745	0.000345	2.35	53.69	8579.06	0.172211
512	51	0.10	Model_C_LowRank_CP	1011	26112	1.000000	0.000000	2.00	52.69	11891.33	1.000000
512	51	0.10	Model_D_Sparse_4Body	1011	130816	1.000000	0.000000	2.37	53.47	12128.55	0.199609
512	51	0.10	Model_A_Pairwise	1012	130816	0.666667	0.003715	3.06	55.47	4988.69	0.133072
512	51	0.10	Model_B_Sparse_3Body	1012	130816	0.705882	0.000613	2.43	52.24	8541.86	0.140900
512	51	0.10	Model_C_LowRank_CP	1012	26112	1.000000	0.000000	2.00	51.29	13980.39	1.000000
512	51	0.10	Model_D_Sparse_4Body	1012	130816	0.921569	0.000153	2.35	52.04	12509.41	0.183953
512	51	0.10	Model_A_Pairwise	1013	130816	0.686275	0.001455	2.67	53.69	5388.67	0.136986
512	51	0.10	Model_B_Sparse_3Body	1013	130816	0.862745	0.000268	2.29	51.63	7659.43	0.172211
512	51	0.10	Model_C_LowRank_CP	1013	26112	1.000000	0.000000	2.00	50.90	14160.86	1.000000
512	51	0.10	Model_D_Sparse_4Body	1013	130816	0.960784	0.000077	2.24	51.49	13234.18	0.191781
512	51	0.10	Model_A_Pairwise	1014	130816	0.686275	0.000881	2.63	52.33	3577.00	0.136986
512	51	0.10	Model_B_Sparse_3Body	1014	130816	0.725490	0.000574	2.41	51.20	6127.82	0.144814
512	51	0.10	Model_C_LowRank_CP	1014	26112	1.000000	0.000000	2.00	50.24	10280.55	1.000000
512	51	0.10	Model_D_Sparse_4Body	1014	130816	1.000000	0.000000	2.29	50.82	13035.69	0.199609
512	51	0.10	Model_A_Pairwise	1015	130816	0.725490	0.001570	2.92	53.78	3950.00	0.144814
512	51	0.10	Model_B_Sparse_3Body	1015	130816	0.745098	0.000536	2.22	50.71	7433.78	0.148728
512	51	0.10	Model_C_LowRank_CP	1015	26112	1.000000	0.000000	2.00	50.08	12648.41	1.000000
512	51	0.10	Model_D_Sparse_4Body	1015	130816	0.980392	0.000038	2.25	50.61	13027.39	0.195695
512	51	0.10	Model_A_Pairwise	1016	130816	0.784314	0.003906	2.80	54.49	3386.55	0.156556
512	51	0.10	Model_B_Sparse_3Body	1016	130816	0.823529	0.000383	2.37	51.63	8351.35	0.164384
512	51	0.10	Model_C_LowRank_CP	1016	26112	1.000000	0.000000	2.00	50.76	14756.06	1.000000
512	51	0.10	Model_D_Sparse_4Body	1016	130816	1.000000	0.000000	2.27	51.24	9682.80	0.199609
512	51	0.10	Model_A_Pairwise	1017	130816	0.803922	0.000536	2.57	52.65	3358.73	0.160470
512	51	0.10	Model_B_Sparse_3Body	1017	130816	0.745098	0.000498	2.43	51.80	10324.86	0.148728
512	51	0.10	Model_C_LowRank_CP	1017	26112	1.000000	0.000000	2.00	50.65	14144.80	1.000000
512	51	0.10	Model_D_Sparse_4Body	1017	130816	0.960784	0.000077	2.22	51.00	10201.41	0.191781
512	51	0.10	Model_A_Pairwise	1018	130816	0.745098	0.000843	2.73	54.78	3589.53	0.148728
512	51	0.10	Model_B_Sparse_3Body	1018	130816	0.784314	0.000421	2.27	52.53	6606.67	0.156556
512	51	0.10	Model_C_LowRank_CP	1018	26112	1.000000	0.000000	2.00	51.84	12689.43	1.000000
512	51	0.10	Model_D_Sparse_4Body	1018	130816	0.980392	0.000038	2.16	52.29	12905.76	0.195695
512	51	0.10	Model_A_Pairwise	1019	130816	0.784314	0.000881	2.65	55.92	2906.41	0.156556
512	51	0.10	Model_B_Sparse_3Body	1019	130816	0.745098	0.000651	2.27	53.10	5715.10	0.148728
512	51	0.10	Model_C_LowRank_CP	1019	26112	1.000000	0.000000	2.00	52.25	15368.80	1.000000
512	51	0.10	Model_D_Sparse_4Body	1019	130816	1.000000	0.000000	2.31	53.04	11325.67	0.199609
512	51	0.10	Model_A_Pairwise	1020	130816	0.705882	0.001111	2.75	53.84	2916.02	0.140900
512	51	0.10	Model_B_Sparse_3Body	1020	130816	0.823529	0.000345	2.47	52.59	8252.37	0.164384
512	51	0.10	Model_C_LowRank_CP	1020	26112	1.000000	0.000000	2.00	51.51	15235.04	1.000000
512	51	0.10	Model_D_Sparse_4Body	1020	130816	0.980392	0.000038	2.24	52.00	9595.76	0.195695
512	51	0.20	Model_A_Pairwise	1001	130816	0.725490	0.002681	3.45	117.96	4936.33	0.144814
512	51	0.20	Model_B_Sparse_3Body	1001	130816	0.725490	0.000536	3.00	111.61	10646.57	0.144814
512	51	0.20	Model_C_LowRank_CP	1001	26112	1.000000	0.000000	2.00	104.00	12715.06	1.000000
512	51	0.20	Model_D_Sparse_4Body	1001	130816	0.980392	0.000038	3.04	129.16	17023.12	0.195695
512	51	0.20	Model_A_Pairwise	1002	130816	0.764706	0.001991	3.53	113.47	4630.16	0.152642
512	51	0.20	Model_B_Sparse_3Body	1002	130816	0.803922	0.000460	2.94	105.78	8949.16	0.160470
512	51	0.20	Model_C_LowRank_CP	1002	26112	1.000000	0.000000	2.00	100.41	15255.24	1.000000
512	51	0.20	Model_D_Sparse_4Body	1002	130816	1.000000	0.000000	3.04	117.63	15653.84	0.199609
512	51	0.20	Model_A_Pairwise	1003	130816	0.745098	0.007200	3.67	114.33	3404.39	0.148728
512	51	0.20	Model_B_Sparse_3Body	1003	130816	0.725490	0.000651	2.98	108.00	8846.49	0.144814
512	51	0.20	Model_C_LowRank_CP	1003	26112	1.000000	0.000000	2.00	101.86	14715.31	1.000000
512	51	0.20	Model_D_Sparse_4Body	1003	130816	0.980392	0.000038	3.04	123.53	16309.25	0.195695
512	51	0.20	Model_A_Pairwise	1004	130816	0.784314	0.002987	3.41	114.96	3677.02	0.156556
512	51	0.20	Model_B_Sparse_3Body	1004	130816	0.803922	0.000460	2.92	107.90	8670.57	0.160470
512	51	0.20	Model_C_LowRank_CP	1004	26112	1.000000	0.000000	2.00	102.49	12637.51	1.000000
512	51	0.20	Model_D_Sparse_4Body	1004	130816	1.000000	0.000000	3.04	123.82	18881.22	0.199609
512	51	0.20	Model_A_Pairwise	1005	130816	0.784314	0.002068	3.22	112.25	3322.51	0.156556
512	51	0.20	Model_B_Sparse_3Body	1005	130816	0.725490	0.000574	3.00	107.80	11011.02	0.144814
512	51	0.20	Model_C_LowRank_CP	1005	26112	1.000000	0.000000	2.00	101.16	11818.73	1.000000
512	51	0.20	Model_D_Sparse_4Body	1005	130816	0.980392	0.000038	3.02	119.88	14785.16	0.195695
512	51	0.20	Model_A_Pairwise	1006	130816	0.803922	0.000651	3.25	113.39	4551.33	0.160470
512	51	0.20	Model_B_Sparse_3Body	1006	130816	0.803922	0.000460	2.92	108.59	12053.47	0.160470
512	51	0.20	Model_C_LowRank_CP	1006	26112	1.000000	0.000000	2.00	102.43	13195.45	1.000000
512	51	0.20	Model_D_Sparse_4Body	1006	130816	1.000000	0.000000	3.08	125.02	15768.08	0.199609
512	51	0.20	Model_A_Pairwise	1007	130816	0.725490	0.005783	3.82	117.69	5733.88	0.144814
512	51	0.20	Model_B_Sparse_3Body	1007	130816	0.843137	0.000306	2.98	107.43	7980.47	0.168297
512	51	0.20	Model_C_LowRank_CP	1007	26112	1.000000	0.000000	2.00	102.45	13686.51	1.000000
512	51	0.20	Model_D_Sparse_4Body	1007	130816	0.980392	0.000038	3.08	125.80	12461.29	0.195695
512	51	0.20	Model_A_Pairwise	1008	130816	0.588235	0.006970	3.75	115.90	4279.73	0.117417
512	51	0.20	Model_B_Sparse_3Body	1008	130816	0.843137	0.000345	2.90	106.98	10427.35	0.168297
512	51	0.20	Model_C_LowRank_CP	1008	26112	1.000000	0.000000	2.00	101.16	10830.90	1.000000
512	51	0.20	Model_D_Sparse_4Body	1008	130816	0.960784	0.000077	3.06	120.22	14225.65	0.191781
512	51	0.20	Model_A_Pairwise	1009	130816	0.784314	0.002106	3.33	112.57	3737.65	0.156556
512	51	0.20	Model_B_Sparse_3Body	1009	130816	0.823529	0.000383	3.02	107.61	10241.73	0.164384
512	51	0.20	Model_C_LowRank_CP	1009	26112	1.000000	0.000000	2.00	101.22	12785.92	1.000000
512	51	0.20	Model_D_Sparse_4Body	1009	130816	0.980392	0.000038	3.04	123.47	14308.88	0.195695
512	51	0.20	Model_A_Pairwise	1010	130816	0.588235	0.015778	3.94	122.65	4310.02	0.117417
512	51	0.20	Model_B_Sparse_3Body	1010	130816	0.862745	0.000306	2.96	110.57	9374.98	0.172211
512	51	0.20	Model_C_LowRank_CP	1010	26112	1.000000	0.000000	2.00	103.04	15862.63	1.000000
512	51	0.20	Model_D_Sparse_4Body	1010	130816	0.980392	0.000038	3.10	124.16	15327.57	0.195695
512	51	0.20	Model_A_Pairwise	1011	130816	0.862745	0.000728	3.47	115.94	4740.80	0.172211
512	51	0.20	Model_B_Sparse_3Body	1011	130816	0.862745	0.000345	2.92	110.25	9382.00	0.172211
512	51	0.20	Model_C_LowRank_CP	1011	26112	1.000000	0.000000	2.00	104.08	10255.37	1.000000
512	51	0.20	Model_D_Sparse_4Body	1011	130816	1.000000	0.000000	3.00	126.27	15582.78	0.199609
512	51	0.20	Model_A_Pairwise	1012	130816	0.627451	0.010340	3.96	117.90	5065.92	0.125245
512	51	0.20	Model_B_Sparse_3Body	1012	130816	0.705882	0.000613	2.98	108.33	8512.75	0.140900
512	51	0.20	Model_C_LowRank_CP	1012	26112	1.000000	0.000000	2.00	101.98	12074.84	1.000000
512	51	0.20	Model_D_Sparse_4Body	1012	130816	0.921569	0.000153	3.08	124.06	17590.82	0.183953
512	51	0.20	Model_A_Pairwise	1013	130816	0.666667	0.004213	3.35	116.75	3908.20	0.133072
512	51	0.20	Model_B_Sparse_3Body	1013	130816	0.862745	0.000268	2.94	108.96	9320.27	0.172211
512	51	0.20	Model_C_LowRank_CP	1013	26112	1.000000	0.000000	2.00	103.41	11642.18	1.000000
512	51	0.20	Model_D_Sparse_4Body	1013	130816	0.960784	0.000077	3.08	127.25	17138.71	0.191781
512	51	0.20	Model_A_Pairwise	1014	130816	0.686275	0.003485	3.37	115.16	5031.86	0.136986
512	51	0.20	Model_B_Sparse_3Body	1014	130816	0.725490	0.000574	3.08	108.53	10764.06	0.144814
512	51	0.20	Model_C_LowRank_CP	1014	26112	1.000000	0.000000	2.00	102.12	12763.71	1.000000
512	51	0.20	Model_D_Sparse_4Body	1014	130816	1.000000	0.000000	3.02	122.04	17991.76	0.199609
512	51	0.20	Model_A_Pairwise	1015	130816	0.686275	0.013748	4.06	122.90	6234.10	0.136986
512	51	0.20	Model_B_Sparse_3Body	1015	130816	0.725490	0.000651	2.96	108.12	10312.92	0.144814
512	51	0.20	Model_C_LowRank_CP	1015	26112	1.000000	0.000000	2.00	102.10	11966.31	1.000000
512	51	0.20	Model_D_Sparse_4Body	1015	130816	0.980392	0.000038	3.06	122.67	15060.55	0.195695
512	51	0.20	Model_A_Pairwise	1016	130816	0.745098	0.006625	3.51	119.33	3461.98	0.148728
512	51	0.20	Model_B_Sparse_3Body	1016	130816	0.823529	0.000383	3.00	108.25	8057.55	0.164384
512	51	0.20	Model_C_LowRank_CP	1016	26112	1.000000	0.000000	2.00	103.04	15583.14	1.000000
512	51	0.20	Model_D_Sparse_4Body	1016	130816	1.000000	0.000000	3.06	126.69	16277.80	0.199609
512	51	0.20	Model_A_Pairwise	1017	130816	0.764706	0.000843	3.18	111.33	4433.37	0.152642
512	51	0.20	Model_B_Sparse_3Body	1017	130816	0.745098	0.000498	2.88	107.63	10042.35	0.148728
512	51	0.20	Model_C_LowRank_CP	1017	26112	1.000000	0.000000	2.00	101.45	12255.20	1.000000
512	51	0.20	Model_D_Sparse_4Body	1017	130816	0.960784	0.000077	3.06	122.39	18362.04	0.191781
512	51	0.20	Model_A_Pairwise	1018	130816	0.705882	0.003408	3.59	115.73	4924.63	0.140900
512	51	0.20	Model_B_Sparse_3Body	1018	130816	0.784314	0.000421	2.98	109.29	10262.00	0.156556
512	51	0.20	Model_C_LowRank_CP	1018	26112	1.000000	0.000000	2.00	102.92	13615.37	1.000000
512	51	0.20	Model_D_Sparse_4Body	1018	130816	0.980392	0.000038	3.04	121.06	17709.06	0.195695
512	51	0.20	Model_A_Pairwise	1019	130816	0.784314	0.002068	3.53	119.31	4446.14	0.156556
512	51	0.20	Model_B_Sparse_3Body	1019	130816	0.745098	0.000651	2.94	109.69	9650.65	0.148728
512	51	0.20	Model_C_LowRank_CP	1019	26112	1.000000	0.000000	2.00	103.67	12604.67	1.000000
512	51	0.20	Model_D_Sparse_4Body	1019	130816	1.000000	0.000000	3.06	128.22	16119.82	0.199609
512	51	0.20	Model_A_Pairwise	1020	130816	0.686275	0.001647	3.75	116.61	4898.37	0.136986
512	51	0.20	Model_B_Sparse_3Body	1020	130816	0.823529	0.000345	3.00	109.24	9931.61	0.164384
512	51	0.20	Model_C_LowRank_CP	1020	26112	1.000000	0.000000	2.00	102.78	12179.04	1.000000
512	51	0.20	Model_D_Sparse_4Body	1020	130816	0.980392	0.000038	3.10	124.37	13619.22	0.195695
512	51	0.30	Model_A_Pairwise	1001	130816	0.529412	0.080691	5.98	221.82	4929.08	0.105675
512	51	0.30	Model_B_Sparse_3Body	1001	130816	0.686275	0.007583	3.47	203.53	10300.16	0.136986
512	51	0.30	Model_C_LowRank_CP	1001	26112	1.000000	0.000000	2.00	154.43	11933.29	1.000000
512	51	0.30	Model_D_Sparse_4Body	1001	130816	0.196078	0.297066	9.49	231.51	47918.27	0.039139
512	51	0.30	Model_A_Pairwise	1002	130816	0.588235	0.076248	6.25	222.61	6036.39	0.117417
512	51	0.30	Model_B_Sparse_3Body	1002	130816	0.803922	0.000460	3.45	202.24	10812.80	0.160470
512	51	0.30	Model_C_LowRank_CP	1002	26112	1.000000	0.000000	2.00	152.43	13369.94	1.000000
512	51	0.30	Model_D_Sparse_4Body	1002	130816	0.254902	0.275620	10.59	245.39	53959.49	0.050881
512	51	0.30	Model_A_Pairwise	1003	130816	0.509804	0.080461	7.02	236.98	7615.41	0.101761
512	51	0.30	Model_B_Sparse_3Body	1003	130816	0.725490	0.000651	3.41	204.43	11506.80	0.144814
512	51	0.30	Model_C_LowRank_CP	1003	26112	1.000000	0.000000	2.00	154.53	12615.00	1.000000
512	51	0.30	Model_D_Sparse_4Body	1003	130816	0.176471	0.312538	9.88	232.59	52961.43	0.035225
512	51	0.30	Model_A_Pairwise	1004	130816	0.509804	0.097158	7.71	241.16	11281.18	0.101761
512	51	0.30	Model_B_Sparse_3Body	1004	130816	0.803922	0.000460	3.37	200.27	10558.31	0.160470
512	51	0.30	Model_C_LowRank_CP	1004	26112	1.000000	0.000000	2.00	154.12	12801.73	1.000000
512	51	0.30	Model_D_Sparse_4Body	1004	130816	0.333333	0.248660	10.22	247.31	57750.51	0.066536
512	51	0.30	Model_A_Pairwise	1005	130816	0.627451	0.061811	6.84	219.24	9353.20	0.125245
512	51	0.30	Model_B_Sparse_3Body	1005	130816	0.725490	0.000574	3.39	195.45	10699.10	0.144814
512	51	0.30	Model_C_LowRank_CP	1005	26112	1.000000	0.000000	2.00	151.78	12756.53	1.000000
512	51	0.30	Model_D_Sparse_4Body	1005	130816	0.294118	0.267502	10.20	238.86	44652.76	0.058708
512	51	0.30	Model_A_Pairwise	1006	130816	0.607843	0.065640	6.92	227.31	7016.59	0.121331
512	51	0.30	Model_B_Sparse_3Body	1006	130816	0.803922	0.000460	3.73	209.39	10915.41	0.160470
512	51	0.30	Model_C_LowRank_CP	1006	26112	1.000000	0.000000	2.00	154.65	10548.47	1.000000
512	51	0.30	Model_D_Sparse_4Body	1006	130816	0.235294	0.284658	10.45	244.47	52971.16	0.046967
512	51	0.30	Model_A_Pairwise	1007	130816	0.490196	0.105162	8.41	242.24	9057.00	0.097847
512	51	0.30	Model_B_Sparse_3Body	1007	130816	0.843137	0.000306	3.29	195.22	10190.43	0.168297
512	51	0.30	Model_C_LowRank_CP	1007	26112	1.000000	0.000000	2.00	152.55	13344.43	1.000000
512	51	0.30	Model_D_Sparse_4Body	1007	130816	0.235294	0.290671	11.06	244.75	56409.96	0.046967
512	51	0.30	Model_A_Pairwise	1008	130816	0.431373	0.079274	6.98	229.92	7170.90	0.086106
512	51	0.30	Model_B_Sparse_3Body	1008	130816	0.862745	0.000306	3.37	199.10	11346.33	0.172211
512	51	0.30	Model_C_LowRank_CP	1008	26112	1.000000	0.000000	2.00	151.80	12560.24	1.000000
512	51	0.30	Model_D_Sparse_4Body	1008	130816	0.274510	0.262600	9.92	239.98	46912.49	0.054795
512	51	0.30	Model_A_Pairwise	1009	130816	0.588235	0.052543	6.10	219.63	6164.18	0.117417
512	51	0.30	Model_B_Sparse_3Body	1009	130816	0.823529	0.000383	3.25	198.45	9080.69	0.164384
512	51	0.30	Model_C_LowRank_CP	1009	26112	1.000000	0.000000	2.00	152.18	11962.92	1.000000
512	51	0.30	Model_D_Sparse_4Body	1009	130816	0.196078	0.303615	10.24	234.14	58244.51	0.039139
512	51	0.30	Model_A_Pairwise	1010	130816	0.352941	0.122396	8.80	250.86	12697.51	0.070450
512	51	0.30	Model_B_Sparse_3Body	1010	130816	0.843137	0.006893	3.69	209.29	11071.45	0.168297
512	51	0.30	Model_C_LowRank_CP	1010	26112	1.000000	0.000000	2.00	154.82	15914.18	1.000000
512	51	0.30	Model_D_Sparse_4Body	1010	130816	0.215686	0.302773	11.02	250.24	58659.88	0.043053
512	51	0.30	Model_A_Pairwise	1011	130816	0.529412	0.111213	7.88	243.84	7852.14	0.105675
512	51	0.30	Model_B_Sparse_3Body	1011	130816	0.862745	0.000345	3.45	204.18	10218.53	0.172211
512	51	0.30	Model_C_LowRank_CP	1011	26112	1.000000	0.000000	2.00	154.27	9586.86	1.000000
512	51	0.30	Model_D_Sparse_4Body	1011	130816	0.176471	0.312079	10.45	229.12	56484.71	0.035225
512	51	0.30	Model_A_Pairwise	1012	130816	0.352941	0.111290	8.55	247.47	8131.94	0.070450
512	51	0.30	Model_B_Sparse_3Body	1012	130816	0.705882	0.000613	3.37	199.59	8372.16	0.140900
512	51	0.30	Model_C_LowRank_CP	1012	26112	1.000000	0.000000	2.00	151.78	11502.20	1.000000
512	51	0.30	Model_D_Sparse_4Body	1012	130816	0.196078	0.304726	9.14	229.45	46738.39	0.039139
512	51	0.30	Model_A_Pairwise	1013	130816	0.549020	0.072036	6.73	227.43	7939.02	0.109589
512	51	0.30	Model_B_Sparse_3Body	1013	130816	0.862745	0.000268	3.39	203.12	11982.94	0.172211
512	51	0.30	Model_C_LowRank_CP	1013	26112	1.000000	0.000000	2.00	153.65	13074.10	1.000000
512	51	0.30	Model_D_Sparse_4Body	1013	130816	0.274510	0.274433	9.96	241.41	51176.08	0.054795
512	51	0.30	Model_A_Pairwise	1014	130816	0.411765	0.092831	7.22	233.71	9312.55	0.082192
512	51	0.30	Model_B_Sparse_3Body	1014	130816	0.725490	0.000574	3.47	202.31	10429.45	0.144814
512	51	0.30	Model_C_LowRank_CP	1014	26112	1.000000	0.000000	2.00	154.65	11558.39	1.000000
512	51	0.30	Model_D_Sparse_4Body	1014	130816	0.235294	0.287760	10.63	241.67	54623.55	0.046967
512	51	0.30	Model_A_Pairwise	1015	130816	0.490196	0.086052	7.20	232.53	6938.96	0.097847
512	51	0.30	Model_B_Sparse_3Body	1015	130816	0.725490	0.000574	3.33	200.80	10399.67	0.144814
512	51	0.30	Model_C_LowRank_CP	1015	26112	1.000000	0.000000	2.00	153.73	16742.02	1.000000
512	51	0.30	Model_D_Sparse_4Body	1015	130816	0.235294	0.273438	10.43	247.65	53341.61	0.046967
512	51	0.30	Model_A_Pairwise	1016	130816	0.509804	0.072266	6.65	224.47	7719.02	0.101761
512	51	0.30	Model_B_Sparse_3Body	1016	130816	0.843137	0.000345	3.31	200.51	10067.37	0.168297
512	51	0.30	Model_C_LowRank_CP	1016	26112	1.000000	0.000000	2.00	153.78	15277.20	1.000000
512	51	0.30	Model_D_Sparse_4Body	1016	130816	0.196078	0.300015	10.06	236.06	54487.90	0.039139
512	51	0.30	Model_A_Pairwise	1017	130816	0.647059	0.048215	6.33	220.06	6554.76	0.129159
512	51	0.30	Model_B_Sparse_3Body	1017	130816	0.745098	0.000498	3.47	209.43	8834.02	0.148728
512	51	0.30	Model_C_LowRank_CP	1017	26112	1.000000	0.000000	2.00	153.69	16596.71	1.000000
512	51	0.30	Model_D_Sparse_4Body	1017	130816	0.254902	0.282820	9.69	232.10	51745.82	0.050881
512	51	0.30	Model_A_Pairwise	1018	130816	0.411765	0.119600	9.14	252.29	10927.00	0.082192
512	51	0.30	Model_B_Sparse_3Body	1018	130816	0.764706	0.009995	3.55	202.45	12829.57	0.152642
512	51	0.30	Model_C_LowRank_CP	1018	26112	1.000000	0.000000	2.00	153.53	15622.33	1.000000
512	51	0.30	Model_D_Sparse_4Body	1018	130816	0.274510	0.260034	10.04	244.71	44134.33	0.054795
512	51	0.30	Model_A_Pairwise	1019	130816	0.509804	0.100682	7.84	241.47	9651.18	0.101761
512	51	0.30	Model_B_Sparse_3Body	1019	130816	0.764706	0.000613	3.53	214.16	10269.61	0.152642
512	51	0.30	Model_C_LowRank_CP	1019	26112	1.000000	0.000000	2.00	155.92	14566.55	1.000000
512	51	0.30	Model_D_Sparse_4Body	1019	130816	0.176471	0.319891	9.37	230.33	43526.29	0.035225
512	51	0.30	Model_A_Pairwise	1020	130816	0.431373	0.071921	7.10	224.27	7579.76	0.086106
512	51	0.30	Model_B_Sparse_3Body	1020	130816	0.823529	0.000345	3.33	194.76	10590.24	0.164384
512	51	0.30	Model_C_LowRank_CP	1020	26112	1.000000	0.000000	2.00	153.10	12165.88	1.000000
512	51	0.30	Model_D_Sparse_4Body	1020	130816	0.254902	0.286152	9.47	234.71	40745.33	0.050881
512	51	0.40	Model_A_Pairwise	1001	130816	0.019608	0.358762	12.14	364.84	14915.18	0.003914
512	51	0.40	Model_B_Sparse_3Body	1001	130816	0.274510	0.270450	10.43	319.78	33192.37	0.054795
512	51	0.40	Model_C_LowRank_CP	1001	26112	0.921569	0.038335	2.31	207.49	14021.76	0.921569
512	51	0.40	Model_D_Sparse_4Body	1001	130816	0.000000	0.461052	11.80	236.12	60156.10	0.000000
512	51	0.40	Model_A_Pairwise	1002	130816	0.019608	0.367570	12.86	380.76	13022.78	0.003914
512	51	0.40	Model_B_Sparse_3Body	1002	130816	0.313725	0.275429	10.47	326.92	32508.29	0.062622
512	51	0.40	Model_C_LowRank_CP	1002	26112	0.980392	0.009421	2.31	204.37	16039.55	0.980392
512	51	0.40	Model_D_Sparse_4Body	1002	130816	0.000000	0.459903	11.45	240.63	58372.00	0.000000
512	51	0.40	Model_A_Pairwise	1003	130816	0.000000	0.396293	14.06	389.75	15866.35	0.000000
512	51	0.40	Model_B_Sparse_3Body	1003	130816	0.196078	0.327895	11.18	318.80	34213.06	0.039139
512	51	0.40	Model_C_LowRank_CP	1003	26112	0.960784	0.020029	2.37	207.69	14664.63	0.960784
512	51	0.40	Model_D_Sparse_4Body	1003	130816	0.000000	0.464805	12.33	240.16	61516.16	0.000000
512	51	0.40	Model_A_Pairwise	1004	130816	0.058824	0.358532	12.61	375.18	14421.67	0.011742
512	51	0.40	Model_B_Sparse_3Body	1004	130816	0.333333	0.265204	9.84	322.88	30802.02	0.066536
512	51	0.40	Model_C_LowRank_CP	1004	26112	0.980392	0.009536	2.37	207.90	18350.61	0.980392
512	51	0.40	Model_D_Sparse_4Body	1004	130816	0.000000	0.455308	11.96	239.59	61519.71	0.000000
512	51	0.40	Model_A_Pairwise	1005	130816	0.039216	0.336742	12.59	362.35	13942.59	0.007828
512	51	0.40	Model_B_Sparse_3Body	1005	130816	0.215686	0.335018	11.39	308.80	31171.10	0.043053
512	51	0.40	Model_C_LowRank_CP	1005	26112	0.960784	0.018727	2.35	205.49	15032.84	0.960784
512	51	0.40	Model_D_Sparse_4Body	1005	130816	0.000000	0.460018	10.37	230.61	45460.14	0.000000
512	51	0.40	Model_A_Pairwise	1006	130816	0.000000	0.357345	12.71	372.67	12551.29	0.000000
512	51	0.40	Model_B_Sparse_3Body	1006	130816	0.196078	0.337929	11.14	314.92	37842.96	0.039139
512	51	0.40	Model_C_LowRank_CP	1006	26112	0.980392	0.004174	2.22	206.12	11097.92	0.980392
512	51	0.40	Model_D_Sparse_4Body	1006	130816	0.000000	0.461052	11.78	240.67	59636.80	0.000000
512	51	0.40	Model_A_Pairwise	1007	130816	0.000000	0.395450	14.02	386.24	12691.08	0.000000
512	51	0.40	Model_B_Sparse_3Body	1007	130816	0.313725	0.290135	10.14	310.71	33035.43	0.062622
512	51	0.40	Model_C_LowRank_CP	1007	26112	0.960784	0.019876	2.33	207.12	13170.80	0.960784
512	51	0.40	Model_D_Sparse_4Body	1007	130816	0.000000	0.459214	10.67	230.06	58726.57	0.000000
512	51	0.40	Model_A_Pairwise	1008	130816	0.019608	0.358494	12.53	371.88	13665.02	0.003914
512	51	0.40	Model_B_Sparse_3Body	1008	130816	0.392157	0.251417	8.88	309.57	25683.16	0.078278
512	51	0.40	Model_C_LowRank_CP	1008	26112	0.980392	0.010225	2.35	203.88	15426.00	0.980392
512	51	0.40	Model_D_Sparse_4Body	1008	130816	0.000000	0.455729	11.33	233.20	51938.06	0.000000
512	51	0.40	Model_A_Pairwise	1009	130816	0.019608	0.355354	11.69	359.96	12226.80	0.003914
512	51	0.40	Model_B_Sparse_3Body	1009	130816	0.294118	0.303079	10.57	312.18	33942.18	0.058708
512	51	0.40	Model_C_LowRank_CP	1009	26112	1.000000	0.000000	2.29	205.08	15009.29	1.000000
512	51	0.40	Model_D_Sparse_4Body	1009	130816	0.000000	0.462661	11.90	235.25	55532.84	0.000000
512	51	0.40	Model_A_Pairwise	1010	130816	0.019608	0.359413	11.82	363.31	14488.02	0.003914
512	51	0.40	Model_B_Sparse_3Body	1010	130816	0.215686	0.325559	11.02	306.61	31296.75	0.043053
512	51	0.40	Model_C_LowRank_CP	1010	26112	0.941176	0.029297	2.37	209.39	15966.98	0.941176
512	51	0.40	Model_D_Sparse_4Body	1010	130816	0.000000	0.457721	12.18	240.20	57361.96	0.000000
512	51	0.40	Model_A_Pairwise	1011	130816	0.019608	0.356503	12.43	365.82	11987.96	0.003914
512	51	0.40	Model_B_Sparse_3Body	1011	130816	0.235294	0.319470	10.51	305.45	33175.18	0.046967
512	51	0.40	Model_C_LowRank_CP	1011	26112	0.941176	0.029297	2.35	208.02	14002.98	0.941176
512	51	0.40	Model_D_Sparse_4Body	1011	130816	0.000000	0.460248	11.39	237.96	60177.35	0.000000
512	51	0.40	Model_A_Pairwise	1012	130816	0.000000	0.384536	13.59	390.84	13098.31	0.000000
512	51	0.40	Model_B_Sparse_3Body	1012	130816	0.254902	0.283318	9.73	313.73	30082.86	0.050881
512	51	0.40	Model_C_LowRank_CP	1012	26112	0.960784	0.014170	2.29	204.78	15335.63	0.960784
512	51	0.40	Model_D_Sparse_4Body	1012	130816	0.000000	0.459176	11.57	235.84	62753.02	0.000000
512	51	0.40	Model_A_Pairwise	1013	130816	0.019608	0.373430	11.71	364.96	11916.53	0.003914
512	51	0.40	Model_B_Sparse_3Body	1013	130816	0.235294	0.342716	9.98	305.71	31293.02	0.046967
512	51	0.40	Model_C_LowRank_CP	1013	26112	0.941176	0.028684	2.33	209.20	18064.37	0.941176
512	51	0.40	Model_D_Sparse_4Body	1013	130816	0.000000	0.460746	11.35	237.51	56277.41	0.000000
512	51	0.40	Model_A_Pairwise	1014	130816	0.039216	0.357767	13.14	368.35	13857.08	0.007828
512	51	0.40	Model_B_Sparse_3Body	1014	130816	0.294118	0.285080	9.55	302.47	31959.82	0.058708
512	51	0.40	Model_C_LowRank_CP	1014	26112	0.980392	0.009804	2.35	207.18	16988.92	0.980392
512	51	0.40	Model_D_Sparse_4Body	1014	130816	0.000000	0.458142	11.12	235.24	52507.04	0.000000
512	51	0.40	Model_A_Pairwise	1015	130816	0.000000	0.379787	13.24	380.35	15769.59	0.000000
512	51	0.40	Model_B_Sparse_3Body	1015	130816	0.235294	0.319891	10.67	317.41	32693.47	0.046967
512	51	0.40	Model_C_LowRank_CP	1015	26112	0.960784	0.019608	2.39	207.63	17332.22	0.960784
512	51	0.40	Model_D_Sparse_4Body	1015	130816	0.000000	0.463350	11.53	239.02	58446.59	0.000000
512	51	0.40	Model_A_Pairwise	1016	130816	0.000000	0.390089	13.43	377.37	14086.08	0.000000
512	51	0.40	Model_B_Sparse_3Body	1016	130816	0.274510	0.297181	11.31	316.90	36686.14	0.054795
512	51	0.40	Model_C_LowRank_CP	1016	26112	0.941176	0.022901	2.35	206.67	14574.08	0.941176
512	51	0.40	Model_D_Sparse_4Body	1016	130816	0.000000	0.460861	12.20	238.31	59745.18	0.000000
512	51	0.40	Model_A_Pairwise	1017	130816	0.098039	0.313994	13.25	380.94	14336.59	0.019569
512	51	0.40	Model_B_Sparse_3Body	1017	130816	0.254902	0.318627	9.92	311.94	29581.31	0.050881
512	51	0.40	Model_C_LowRank_CP	1017	26112	1.000000	0.000000	2.27	204.65	16164.82	1.000000
512	51	0.40	Model_D_Sparse_4Body	1017	130816	0.000000	0.460057	12.37	244.78	58169.35	0.000000
512	51	0.40	Model_A_Pairwise	1018	130816	0.019608	0.360179	11.94	372.41	12067.14	0.003914
512	51	0.40	Model_B_Sparse_3Body	1018	130816	0.274510	0.274203	10.29	315.57	29926.39	0.054795
512	51	0.40	Model_C_LowRank_CP	1018	26112	0.960784	0.018650	2.27	206.76	14685.37	0.960784
512	51	0.40	Model_D_Sparse_4Body	1018	130816	0.000000	0.453316	11.04	232.84	55241.82	0.000000
512	51	0.40	Model_A_Pairwise	1019	130816	0.019608	0.366460	12.27	359.10	14635.43	0.003914
512	51	0.40	Model_B_Sparse_3Body	1019	130816	0.196078	0.345780	10.00	303.45	32008.04	0.039139
512	51	0.40	Model_C_LowRank_CP	1019	26112	0.901961	0.033471	2.33	209.31	14393.25	0.901961
512	51	0.40	Model_D_Sparse_4Body	1019	130816	0.000000	0.463388	11.39	240.61	53243.10	0.000000
512	51	0.40	Model_A_Pairwise	1020	130816	0.000000	0.365694	13.47	369.41	15157.55	0.000000
512	51	0.40	Model_B_Sparse_3Body	1020	130816	0.235294	0.308441	9.45	303.24	31216.47	0.046967
512	51	0.40	Model_C_LowRank_CP	1020	26112	0.960784	0.014017	2.31	206.10	16526.18	0.960784
512	51	0.40	Model_D_Sparse_4Body	1020	130816	0.000000	0.458065	10.80	229.80	56239.76	0.000000
512	128	0.10	Model_A_Pairwise	1001	130816	0.000000	0.319580	15.88	264.07	17723.52	0.000000
512	128	0.10	Model_B_Sparse_3Body	1001	130816	0.000000	0.017136	4.09	73.88	12753.77	0.000000
512	128	0.10	Model_C_LowRank_CP	1001	65536	1.000000	0.000000	2.00	51.93	32824.23	1.000000
512	128	0.10	Model_D_Sparse_4Body	1001	130816	0.078125	0.006256	3.73	71.34	19726.43	0.039139
512	128	0.10	Model_A_Pairwise	1002	130816	0.000000	0.321213	14.59	255.92	15178.07	0.000000
512	128	0.10	Model_B_Sparse_3Body	1002	130816	0.000000	0.017426	4.03	71.62	11474.64	0.000000
512	128	0.10	Model_C_LowRank_CP	1002	65536	1.000000	0.000000	2.00	49.85	38174.41	1.000000
512	128	0.10	Model_D_Sparse_4Body	1002	130816	0.078125	0.006073	3.72	67.63	18822.46	0.039139
512	128	0.10	Model_A_Pairwise	1003	130816	0.000000	0.340164	16.30	279.05	20463.06	0.000000
512	128	0.10	Model_B_Sparse_3Body	1003	130816	0.000000	0.017288	4.08	73.38	17178.21	0.000000
512	128	0.10	Model_C_LowRank_CP	1003	65536	1.000000	0.000000	2.00	51.47	51562.90	1.000000
512	128	0.10	Model_D_Sparse_4Body	1003	130816	0.085938	0.006226	3.79	72.03	25083.98	0.043053
512	128	0.10	Model_A_Pairwise	1004	130816	0.000000	0.317535	15.25	258.80	15551.39	0.000000
512	128	0.10	Model_B_Sparse_3Body	1004	130816	0.007812	0.018204	3.98	72.21	15975.49	0.003914
512	128	0.10	Model_C_LowRank_CP	1004	65536	1.000000	0.000000	2.00	50.70	53671.51	1.000000
512	128	0.10	Model_D_Sparse_4Body	1004	130816	0.093750	0.005692	3.84	70.01	27309.41	0.046967
512	128	0.10	Model_A_Pairwise	1005	130816	0.000000	0.316101	15.09	261.57	22414.34	0.000000
512	128	0.10	Model_B_Sparse_3Body	1005	130816	0.000000	0.018372	4.01	72.57	16467.08	0.000000
512	128	0.10	Model_C_LowRank_CP	1005	65536	1.000000	0.000000	2.00	51.70	48187.09	1.000000
512	128	0.10	Model_D_Sparse_4Body	1005	130816	0.070312	0.005524	3.79	72.01	25768.38	0.035225
512	128	0.10	Model_A_Pairwise	1006	130816	0.000000	0.316772	15.43	258.24	15648.30	0.000000
512	128	0.10	Model_B_Sparse_3Body	1006	130816	0.007812	0.017517	4.18	72.74	13191.98	0.003914
512	128	0.10	Model_C_LowRank_CP	1006	65536	1.000000	0.000000	2.00	50.62	32082.40	1.000000
512	128	0.10	Model_D_Sparse_4Body	1006	130816	0.046875	0.006531	3.80	70.37	19884.98	0.023483
512	128	0.10	Model_A_Pairwise	1007	130816	0.000000	0.328888	15.99	272.81	15168.85	0.000000
512	128	0.10	Model_B_Sparse_3Body	1007	130816	0.000000	0.017609	4.03	73.27	12085.48	0.000000
512	128	0.10	Model_C_LowRank_CP	1007	65536	1.000000	0.000000	2.00	51.70	30144.81	1.000000
512	128	0.10	Model_D_Sparse_4Body	1007	130816	0.093750	0.005936	3.84	72.34	20110.55	0.046967
512	128	0.10	Model_A_Pairwise	1008	130816	0.000000	0.306473	14.37	246.27	15548.77	0.000000
512	128	0.10	Model_B_Sparse_3Body	1008	130816	0.000000	0.017181	4.16	73.35	14470.29	0.000000
512	128	0.10	Model_C_LowRank_CP	1008	65536	1.000000	0.000000	2.00	51.38	30653.43	1.000000
512	128	0.10	Model_D_Sparse_4Body	1008	130816	0.078125	0.006256	3.91	72.02	20332.47	0.039139
512	128	0.10	Model_A_Pairwise	1009	130816	0.000000	0.311127	14.56	250.05	12378.38	0.000000
512	128	0.10	Model_B_Sparse_3Body	1009	130816	0.000000	0.017639	4.01	71.64	12662.02	0.000000
512	128	0.10	Model_C_LowRank_CP	1009	65536	1.000000	0.000000	2.00	50.28	32694.88	1.000000
512	128	0.10	Model_D_Sparse_4Body	1009	130816	0.062500	0.005981	3.72	69.19	21840.99	0.031311
512	128	0.10	Model_A_Pairwise	1010	130816	0.000000	0.305710	14.64	249.11	17211.12	0.000000
512	128	0.10	Model_B_Sparse_3Body	1010	130816	0.000000	0.017120	4.20	74.66	17694.54	0.000000
512	128	0.10	Model_C_LowRank_CP	1010	65536	1.000000	0.000000	2.00	51.73	48078.98	1.000000
512	128	0.10	Model_D_Sparse_4Body	1010	130816	0.062500	0.006271	3.71	71.98	23592.12	0.031311
512	128	0.10	Model_A_Pairwise	1011	130816	0.000000	0.323959	15.77	263.00	16016.61	0.000000
512	128	0.10	Model_B_Sparse_3Body	1011	130816	0.000000	0.018570	4.10	75.06	14264.43	0.000000
512	128	0.10	Model_C_LowRank_CP	1011	65536	1.000000	0.000000	2.00	51.85	30953.84	1.000000
512	128	0.10	Model_D_Sparse_4Body	1011	130816	0.070312	0.006088	3.70	71.41	19527.29	0.035225
512	128	0.10	Model_A_Pairwise	1012	130816	0.000000	0.319870	15.32	263.68	12669.32	0.000000
512	128	0.10	Model_B_Sparse_3Body	1012	130816	0.000000	0.018036	4.02	73.50	11764.11	0.000000
512	128	0.10	Model_C_LowRank_CP	1012	65536	1.000000	0.000000	2.00	51.88	35460.99	1.000000
512	128	0.10	Model_D_Sparse_4Body	1012	130816	0.031250	0.006348	3.89	72.78	19015.73	0.015656
512	128	0.10	Model_A_Pairwise	1013	130816	0.000000	0.307327	14.88	251.33	22426.38	0.000000
512	128	0.10	Model_B_Sparse_3Body	1013	130816	0.000000	0.017654	4.02	71.50	16764.52	0.000000
512	128	0.10	Model_C_LowRank_CP	1013	65536	1.000000	0.000000	2.00	50.98	43861.52	1.000000
512	128	0.10	Model_D_Sparse_4Body	1013	130816	0.046875	0.006378	3.90	70.27	20499.52	0.023483
512	128	0.10	Model_A_Pairwise	1014	130816	0.000000	0.309937	15.25	249.12	19437.27	0.000000
512	128	0.10	Model_B_Sparse_3Body	1014	130816	0.000000	0.018188	4.01	71.66	14501.33	0.000000
512	128	0.10	Model_C_LowRank_CP	1014	65536	1.000000	0.000000	2.00	49.98	45868.88	1.000000
512	128	0.10	Model_D_Sparse_4Body	1014	130816	0.093750	0.005646	3.73	69.66	20757.33	0.046967
512	128	0.10	Model_A_Pairwise	1015	130816	0.000000	0.328018	15.85	268.06	23012.40	0.000000
512	128	0.10	Model_B_Sparse_3Body	1015	130816	0.000000	0.019135	4.12	72.41	14365.32	0.000000
512	128	0.10	Model_C_LowRank_CP	1015	65536	1.000000	0.000000	2.00	50.43	56845.44	1.000000
512	128	0.10	Model_D_Sparse_4Body	1015	130816	0.085938	0.006256	3.82	68.73	25906.84	0.043053
512	128	0.10	Model_A_Pairwise	1016	130816	0.000000	0.320465	14.85	259.41	20219.94	0.000000
512	128	0.10	Model_B_Sparse_3Body	1016	130816	0.000000	0.018158	4.04	71.67	13821.81	0.000000
512	128	0.10	Model_C_LowRank_CP	1016	65536	1.000000	0.000000	2.00	51.03	55693.34	1.000000
512	128	0.10	Model_D_Sparse_4Body	1016	130816	0.078125	0.006653	3.77	71.19	25587.74	0.039139
512	128	0.10	Model_A_Pairwise	1017	130816	0.000000	0.328262	14.92	265.48	21147.65	0.000000
512	128	0.10	Model_B_Sparse_3Body	1017	130816	0.000000	0.018082	4.19	72.87	13694.25	0.000000
512	128	0.10	Model_C_LowRank_CP	1017	65536	1.000000	0.000000	2.00	50.75	42398.39	1.000000
512	128	0.10	Model_D_Sparse_4Body	1017	130816	0.046875	0.006424	3.86	70.55	15409.56	0.023483
512	128	0.10	Model_A_Pairwise	1018	130816	0.000000	0.319946	15.39	258.91	25781.02	0.000000
512	128	0.10	Model_B_Sparse_3Body	1018	130816	0.000000	0.018082	4.12	73.55	16123.27	0.000000
512	128	0.10	Model_C_LowRank_CP	1018	65536	1.000000	0.000000	2.00	51.09	41060.11	1.000000
512	128	0.10	Model_D_Sparse_4Body	1018	130816	0.046875	0.006012	3.84	70.91	17252.17	0.023483
512	128	0.10	Model_A_Pairwise	1019	130816	0.000000	0.314194	15.02	255.68	17586.02	0.000000
512	128	0.10	Model_B_Sparse_3Body	1019	130816	0.000000	0.019165	4.13	75.27	16446.64	0.000000
512	128	0.10	Model_C_LowRank_CP	1019	65536	1.000000	0.000000	2.00	51.61	43110.23	1.000000
512	128	0.10	Model_D_Sparse_4Body	1019	130816	0.062500	0.006180	3.77	71.16	15546.97	0.031311
512	128	0.10	Model_A_Pairwise	1020	130816	0.000000	0.304382	14.52	246.91	20229.41	0.000000
512	128	0.10	Model_B_Sparse_3Body	1020	130816	0.000000	0.018265	4.01	73.95	10510.27	0.000000
512	128	0.10	Model_C_LowRank_CP	1020	65536	1.000000	0.000000	2.00	51.60	42750.95	1.000000
512	128	0.10	Model_D_Sparse_4Body	1020	130816	0.070312	0.005783	3.70	70.83	13604.91	0.035225
512	128	0.20	Model_A_Pairwise	1001	130816	0.000000	0.335175	14.62	313.77	15614.93	0.000000
512	128	0.20	Model_B_Sparse_3Body	1001	130816	0.000000	0.017517	5.12	166.60	19159.37	0.000000
512	128	0.20	Model_C_LowRank_CP	1001	65536	1.000000	0.000000	2.00	103.55	41835.88	1.000000
512	128	0.20	Model_D_Sparse_4Body	1001	130816	0.031250	0.088882	8.39	211.23	41889.01	0.015656
512	128	0.20	Model_A_Pairwise	1002	130816	0.000000	0.336823	14.31	307.84	16254.14	0.000000
512	128	0.20	Model_B_Sparse_3Body	1002	130816	0.000000	0.017609	4.88	160.79	14758.66	0.000000
512	128	0.20	Model_C_LowRank_CP	1002	65536	1.000000	0.000000	2.00	101.15	43183.68	1.000000
512	128	0.20	Model_D_Sparse_4Body	1002	130816	0.039062	0.087189	8.06	202.09	40510.60	0.019569
512	128	0.20	Model_A_Pairwise	1003	130816	0.000000	0.360703	15.52	335.57	16145.69	0.000000
512	128	0.20	Model_B_Sparse_3Body	1003	130816	0.000000	0.017548	5.18	165.30	18320.98	0.000000
512	128	0.20	Model_C_LowRank_CP	1003	65536	1.000000	0.000000	2.00	103.12	38079.08	1.000000
512	128	0.20	Model_D_Sparse_4Body	1003	130816	0.070312	0.096100	7.78	203.14	41077.98	0.035225
512	128	0.20	Model_A_Pairwise	1004	130816	0.000000	0.336090	14.29	307.39	14739.26	0.000000
512	128	0.20	Model_B_Sparse_3Body	1004	130816	0.007812	0.018814	4.88	162.66	15501.63	0.003914
512	128	0.20	Model_C_LowRank_CP	1004	65536	1.000000	0.000000	2.00	102.86	33348.51	1.000000
512	128	0.20	Model_D_Sparse_4Body	1004	130816	0.054688	0.091568	8.01	204.51	41630.93	0.027397
512	128	0.20	Model_A_Pairwise	1005	130816	0.000000	0.335419	14.61	314.52	16464.45	0.000000
512	128	0.20	Model_B_Sparse_3Body	1005	130816	0.000000	0.018311	5.10	165.16	14700.15	0.000000
512	128	0.20	Model_C_LowRank_CP	1005	65536	1.000000	0.000000	2.00	102.99	38328.30	1.000000
512	128	0.20	Model_D_Sparse_4Body	1005	130816	0.062500	0.080261	8.62	217.90	42136.41	0.031311
512	128	0.20	Model_A_Pairwise	1006	130816	0.000000	0.326996	14.12	304.09	15260.70	0.000000
512	128	0.20	Model_B_Sparse_3Body	1006	130816	0.007812	0.017960	5.00	162.49	17989.24	0.003914
512	128	0.20	Model_C_LowRank_CP	1006	65536	1.000000	0.000000	2.00	102.17	38186.70	1.000000
512	128	0.20	Model_D_Sparse_4Body	1006	130816	0.039062	0.076904	7.91	207.72	39968.38	0.019569
512	128	0.20	Model_A_Pairwise	1007	130816	0.000000	0.345200	14.41	318.03	15306.24	0.000000
512	128	0.20	Model_B_Sparse_3Body	1007	130816	0.000000	0.017883	5.23	166.68	17551.45	0.000000
512	128	0.20	Model_C_LowRank_CP	1007	65536	1.000000	0.000000	2.00	103.66	41842.08	1.000000
512	128	0.20	Model_D_Sparse_4Body	1007	130816	0.054688	0.086670	8.47	216.18	45033.24	0.027397
512	128	0.20	Model_A_Pairwise	1008	130816	0.000000	0.324005	13.90	298.98	14157.14	0.000000
512	128	0.20	Model_B_Sparse_3Body	1008	130816	0.000000	0.017914	4.88	158.37	14602.69	0.000000
512	128	0.20	Model_C_LowRank_CP	1008	65536	1.000000	0.000000	2.00	100.68	41774.93	1.000000
512	128	0.20	Model_D_Sparse_4Body	1008	130816	0.054688	0.085190	8.01	203.55	39347.99	0.027397
512	128	0.20	Model_A_Pairwise	1009	130816	0.000000	0.324753	13.47	297.09	13689.54	0.000000
512	128	0.20	Model_B_Sparse_3Body	1009	130816	0.000000	0.017792	4.88	156.56	14951.95	0.000000
512	128	0.20	Model_C_LowRank_CP	1009	65536	1.000000	0.000000	2.00	100.70	44680.97	1.000000
512	128	0.20	Model_D_Sparse_4Body	1009	130816	0.039062	0.076126	7.91	202.84	36096.66	0.019569
512	128	0.20	Model_A_Pairwise	1010	130816	0.000000	0.320511	13.54	296.24	15005.20	0.000000
512	128	0.20	Model_B_Sparse_3Body	1010	130816	0.000000	0.017670	5.11	163.88	15436.95	0.000000
512	128	0.20	Model_C_LowRank_CP	1010	65536	1.000000	0.000000	2.00	102.91	40759.23	1.000000
512	128	0.20	Model_D_Sparse_4Body	1010	130816	0.054688	0.095444	8.55	210.87	41444.34	0.027397
512	128	0.20	Model_A_Pairwise	1011	130816	0.000000	0.337463	14.07	312.11	14234.98	0.000000
512	128	0.20	Model_B_Sparse_3Body	1011	130816	0.000000	0.021042	5.23	166.32	17842.66	0.000000
512	128	0.20	Model_C_LowRank_CP	1011	65536	1.000000	0.000000	2.00	103.55	38816.41	1.000000
512	128	0.20	Model_D_Sparse_4Body	1011	130816	0.054688	0.098938	8.02	207.92	40880.39	0.027397
512	128	0.20	Model_A_Pairwise	1012	130816	0.000000	0.333893	14.48	311.98	14428.03	0.000000
512	128	0.20	Model_B_Sparse_3Body	1012	130816	0.000000	0.018539	5.23	163.31	15299.45	0.000000
512	128	0.20	Model_C_LowRank_CP	1012	65536	1.000000	0.000000	2.00	102.48	37784.64	1.000000
512	128	0.20	Model_D_Sparse_4Body	1012	130816	0.023438	0.086349	8.06	210.61	40355.52	0.011742
512	128	0.20	Model_A_Pairwise	1013	130816	0.000000	0.337173	14.35	308.27	14199.73	0.000000
512	128	0.20	Model_B_Sparse_3Body	1013	130816	0.000000	0.018219	5.12	161.73	14388.94	0.000000
512	128	0.20	Model_C_LowRank_CP	1013	65536	1.000000	0.000000	2.00	102.77	43780.00	1.000000
512	128	0.20	Model_D_Sparse_4Body	1013	130816	0.046875	0.084625	8.41	210.97	42331.05	0.023483
512	128	0.20	Model_A_Pairwise	1014	130816	0.000000	0.322342	14.34	298.61	15691.38	0.000000
512	128	0.20	Model_B_Sparse_3Body	1014	130816	0.000000	0.018753	5.04	162.42	16000.66	0.000000
512	128	0.20	Model_C_LowRank_CP	1014	65536	1.000000	0.000000	2.00	101.65	41825.95	1.000000
512	128	0.20	Model_D_Sparse_4Body	1014	130816	0.085938	0.080292	8.20	210.66	42654.69	0.043053
512	128	0.20	Model_A_Pairwise	1015	130816	0.000000	0.336044	14.44	312.38	16796.30	0.000000
512	128	0.20	Model_B_Sparse_3Body	1015	130816	0.000000	0.019867	4.95	161.03	15324.47	0.000000
512	128	0.20	Model_C_LowRank_CP	1015	65536	1.000000	0.000000	2.00	101.72	36619.09	1.000000
512	128	0.20	Model_D_Sparse_4Body	1015	130816	0.078125	0.073212	8.09	211.95	38609.24	0.039139
512	128	0.20	Model_A_Pairwise	1016	130816	0.000000	0.340668	13.51	309.60	16395.86	0.000000
512	128	0.20	Model_B_Sparse_3Body	1016	130816	0.000000	0.018799	4.99	162.48	16603.46	0.000000
512	128	0.20	Model_C_LowRank_CP	1016	65536	1.000000	0.000000	2.00	103.09	37734.23	1.000000
512	128	0.20	Model_D_Sparse_4Body	1016	130816	0.046875	0.102448	8.42	210.34	41780.93	0.023483
512	128	0.20	Model_A_Pairwise	1017	130816	0.000000	0.339539	13.77	308.95	15984.71	0.000000
512	128	0.20	Model_B_Sparse_3Body	1017	130816	0.000000	0.018356	5.19	163.78	15511.96	0.000000
512	128	0.20	Model_C_LowRank_CP	1017	65536	1.000000	0.000000	2.00	101.87	35169.89	1.000000
512	128	0.20	Model_D_Sparse_4Body	1017	130816	0.023438	0.081711	8.12	207.92	33710.32	0.011742
512	128	0.20	Model_A_Pairwise	1018	130816	0.000000	0.337982	14.04	308.22	17790.56	0.000000
512	128	0.20	Model_B_Sparse_3Body	1018	130816	0.000000	0.019119	5.02	162.23	15214.04	0.000000
512	128	0.20	Model_C_LowRank_CP	1018	65536	1.000000	0.000000	2.00	102.33	41322.91	1.000000
512	128	0.20	Model_D_Sparse_4Body	1018	130816	0.031250	0.083542	8.22	209.51	43317.55	0.015656
512	128	0.20	Model_A_Pairwise	1019	130816	0.000000	0.324051	13.77	300.76	15057.21	0.000000
512	128	0.20	Model_B_Sparse_3Body	1019	130816	0.000000	0.019028	5.00	162.66	15430.03	0.000000
512	128	0.20	Model_C_LowRank_CP	1019	65536	1.000000	0.000000	2.00	102.44	36479.74	1.000000
512	128	0.20	Model_D_Sparse_4Body	1019	130816	0.054688	0.078308	7.94	204.42	35306.24	0.027397
512	128	0.20	Model_A_Pairwise	1020	130816	0.000000	0.321365	13.74	293.20	13352.34	0.000000
512	128	0.20	Model_B_Sparse_3Body	1020	130816	0.000000	0.018112	5.11	164.95	14015.40	0.000000
512	128	0.20	Model_C_LowRank_CP	1020	65536	1.000000	0.000000	2.00	102.88	40792.84	1.000000
512	128	0.20	Model_D_Sparse_4Body	1020	130816	0.023438	0.079712	8.22	212.78	35996.81	0.011742
512	128	0.30	Model_A_Pairwise	1001	130816	0.000000	0.365753	13.84	355.38	13376.95	0.000000
512	128	0.30	Model_B_Sparse_3Body	1001	130816	0.000000	0.140900	10.20	301.02	31890.04	0.000000
512	128	0.30	Model_C_LowRank_CP	1001	65536	1.000000	0.000000	2.01	154.49	34282.22	1.000000
512	128	0.30	Model_D_Sparse_4Body	1001	130816	0.000000	0.398666	11.73	234.30	57153.58	0.000000
512	128	0.30	Model_A_Pairwise	1002	130816	0.000000	0.372498	13.48	349.60	12562.53	0.000000
512	128	0.30	Model_B_Sparse_3Body	1002	130816	0.000000	0.138931	10.53	305.22	34783.23	0.000000
512	128	0.30	Model_C_LowRank_CP	1002	65536	1.000000	0.000000	2.00	153.23	36436.92	1.000000
512	128	0.30	Model_D_Sparse_4Body	1002	130816	0.000000	0.399933	11.50	231.98	54502.06	0.000000
512	128	0.30	Model_A_Pairwise	1003	130816	0.000000	0.391983	14.24	369.35	14251.36	0.000000
512	128	0.30	Model_B_Sparse_3Body	1003	130816	0.000000	0.157455	10.45	301.93	33136.38	0.000000
512	128	0.30	Model_C_LowRank_CP	1003	65536	1.000000	0.000000	2.00	154.41	32108.35	1.000000
512	128	0.30	Model_D_Sparse_4Body	1003	130816	0.000000	0.403641	11.48	230.93	58456.97	0.000000
512	128	0.30	Model_A_Pairwise	1004	130816	0.000000	0.367996	13.84	349.64	12256.76	0.000000
512	128	0.30	Model_B_Sparse_3Body	1004	130816	0.000000	0.143921	10.20	298.98	32232.77	0.000000
512	128	0.30	Model_C_LowRank_CP	1004	65536	1.000000	0.000000	2.00	154.73	35227.39	1.000000
512	128	0.30	Model_D_Sparse_4Body	1004	130816	0.000000	0.402725	12.12	234.30	60499.77	0.000000
512	128	0.30	Model_A_Pairwise	1005	130816	0.000000	0.375549	14.36	362.57	12449.14	0.000000
512	128	0.30	Model_B_Sparse_3Body	1005	130816	0.000000	0.155609	10.37	299.87	33173.34	0.000000
512	128	0.30	Model_C_LowRank_CP	1005	65536	1.000000	0.000000	2.00	154.60	33426.09	1.000000
512	128	0.30	Model_D_Sparse_4Body	1005	130816	0.000000	0.404373	11.77	232.20	61063.44	0.000000
512	128	0.30	Model_A_Pairwise	1006	130816	0.000000	0.370285	13.70	347.48	11696.06	0.000000
512	128	0.30	Model_B_Sparse_3Body	1006	130816	0.007812	0.151337	10.11	297.52	31655.63	0.003914
512	128	0.30	Model_C_LowRank_CP	1006	65536	1.000000	0.000000	2.01	154.33	37263.65	1.000000
512	128	0.30	Model_D_Sparse_4Body	1006	130816	0.000000	0.398346	12.15	235.12	61000.09	0.000000
512	128	0.30	Model_A_Pairwise	1007	130816	0.000000	0.376236	13.55	357.12	13554.46	0.000000
512	128	0.30	Model_B_Sparse_3Body	1007	130816	0.000000	0.152740	9.44	290.03	31863.45	0.000000
512	128	0.30	Model_C_LowRank_CP	1007	65536	1.000000	0.000000	2.00	153.61	35392.53	1.000000
512	128	0.30	Model_D_Sparse_4Body	1007	130816	0.000000	0.401428	11.81	230.30	56941.91	0.000000
512	128	0.30	Model_A_Pairwise	1008	130816	0.000000	0.369171	13.66	346.34	13979.11	0.000000
512	128	0.30	Model_B_Sparse_3Body	1008	130816	0.000000	0.121307	9.94	299.28	30549.05	0.000000
512	128	0.30	Model_C_LowRank_CP	1008	65536	1.000000	0.000000	2.00	152.05	37054.34	1.000000
512	128	0.30	Model_D_Sparse_4Body	1008	130816	0.000000	0.398071	11.15	227.91	56143.95	0.000000
512	128	0.30	Model_A_Pairwise	1009	130816	0.000000	0.370636	14.60	351.61	15721.19	0.000000
512	128	0.30	Model_B_Sparse_3Body	1009	130816	0.000000	0.125122	10.14	303.98	29257.09	0.000000
512	128	0.30	Model_C_LowRank_CP	1009	65536	1.000000	0.000000	2.01	152.53	36552.69	1.000000
512	128	0.30	Model_D_Sparse_4Body	1009	130816	0.000000	0.398422	11.05	229.13	55224.50	0.000000
512	128	0.30	Model_A_Pairwise	1010	130816	0.000000	0.368530	13.30	344.29	13193.10	0.000000
512	128	0.30	Model_B_Sparse_3Body	1010	130816	0.000000	0.142502	9.82	299.09	30274.74	0.000000
512	128	0.30	Model_C_LowRank_CP	1010	65536	1.000000	0.000000	2.00	154.12	37210.62	1.000000
512	128	0.30	Model_D_Sparse_4Body	1010	130816	0.000000	0.405701	11.70	235.52	57566.67	0.000000
512	128	0.30	Model_A_Pairwise	1011	130816	0.000000	0.373505	14.12	354.23	15064.80	0.000000
512	128	0.30	Model_B_Sparse_3Body	1011	130816	0.000000	0.146881	10.62	303.23	34358.72	0.000000
512	128	0.30	Model_C_LowRank_CP	1011	65536	1.000000	0.000000	2.00	154.52	33956.16	1.000000
512	128	0.30	Model_D_Sparse_4Body	1011	130816	0.000000	0.402847	10.72	229.07	53920.62	0.000000
512	128	0.30	Model_A_Pairwise	1012	130816	0.000000	0.364258	14.14	351.88	15477.49	0.000000
512	128	0.30	Model_B_Sparse_3Body	1012	130816	0.000000	0.127838	9.98	300.73	29721.24	0.000000
512	128	0.30	Model_C_LowRank_CP	1012	65536	1.000000	0.000000	2.00	152.91	35051.94	1.000000
512	128	0.30	Model_D_Sparse_4Body	1012	130816	0.000000	0.403549	11.48	233.39	58904.72	0.000000
512	128	0.30	Model_A_Pairwise	1013	130816	0.000000	0.369919	13.73	350.89	13201.66	0.000000
512	128	0.30	Model_B_Sparse_3Body	1013	130816	0.000000	0.109863	10.28	308.71	32621.44	0.000000
512	128	0.30	Model_C_LowRank_CP	1013	65536	1.000000	0.000000	2.00	153.32	35347.43	1.000000
512	128	0.30	Model_D_Sparse_4Body	1013	130816	0.000000	0.405334	11.20	233.46	59638.35	0.000000
512	128	0.30	Model_A_Pairwise	1014	130816	0.000000	0.372009	13.90	348.45	14799.97	0.000000
512	128	0.30	Model_B_Sparse_3Body	1014	130816	0.000000	0.148560	10.67	304.40	32440.29	0.000000
512	128	0.30	Model_C_LowRank_CP	1014	65536	1.000000	0.000000	2.00	153.40	37739.48	1.000000
512	128	0.30	Model_D_Sparse_4Body	1014	130816	0.000000	0.401215	12.29	237.46	61814.31	0.000000
512	128	0.30	Model_A_Pairwise	1015	130816	0.000000	0.376633	14.05	354.15	14300.72	0.000000
512	128	0.30	Model_B_Sparse_3Body	1015	130816	0.000000	0.157562	10.43	297.06	32561.83	0.000000
512	128	0.30	Model_C_LowRank_CP	1015	65536	1.000000	0.000000	2.00	153.47	34686.38	1.000000
512	128	0.30	Model_D_Sparse_4Body	1015	130816	0.000000	0.403656	11.20	230.77	56360.89	0.000000
512	128	0.30	Model_A_Pairwise	1016	130816	0.000000	0.372421	14.34	356.45	14933.41	0.000000
512	128	0.30	Model_B_Sparse_3Body	1016	130816	0.000000	0.131302	10.04	298.87	31174.46	0.000000
512	128	0.30	Model_C_LowRank_CP	1016	65536	1.000000	0.000000	2.00	153.97	34725.07	1.000000
512	128	0.30	Model_D_Sparse_4Body	1016	130816	0.000000	0.403442	11.23	231.44	56668.02	0.000000
512	128	0.30	Model_A_Pairwise	1017	130816	0.000000	0.370422	13.40	350.62	14415.37	0.000000
512	128	0.30	Model_B_Sparse_3Body	1017	130816	0.000000	0.148560	10.03	293.33	33314.23	0.000000
512	128	0.30	Model_C_LowRank_CP	1017	65536	1.000000	0.000000	2.00	153.02	36861.29	1.000000
512	128	0.30	Model_D_Sparse_4Body	1017	130816	0.000000	0.401718	11.15	229.09	57102.35	0.000000
512	128	0.30	Model_A_Pairwise	1018	130816	0.000000	0.367981	14.28	351.82	13661.14	0.000000
512	128	0.30	Model_B_Sparse_3Body	1018	130816	0.000000	0.132614	9.90	299.72	31655.49	0.000000
512	128	0.30	Model_C_LowRank_CP	1018	65536	1.000000	0.000000	2.00	153.12	33361.31	1.000000
512	128	0.30	Model_D_Sparse_4Body	1018	130816	0.000000	0.400436	11.40	232.34	57947.20	0.000000
512	128	0.30	Model_A_Pairwise	1019	130816	0.000000	0.363953	13.52	345.81	13757.39	0.000000
512	128	0.30	Model_B_Sparse_3Body	1019	130816	0.000000	0.167252	10.68	294.62	31580.95	0.000000
512	128	0.30	Model_C_LowRank_CP	1019	65536	1.000000	0.000000	2.01	154.34	33112.18	1.000000
512	128	0.30	Model_D_Sparse_4Body	1019	130816	0.000000	0.397690	12.13	235.18	58185.46	0.000000
512	128	0.30	Model_A_Pairwise	1020	130816	0.000000	0.361893	13.00	333.52	13753.90	0.000000
512	128	0.30	Model_B_Sparse_3Body	1020	130816	0.000000	0.150299	10.04	297.22	26922.66	0.000000
512	128	0.30	Model_C_LowRank_CP	1020	65536	1.000000	0.000000	2.00	154.05	31632.59	1.000000
512	128	0.30	Model_D_Sparse_4Body	1020	130816	0.000000	0.404800	11.40	232.87	56737.63	0.000000
512	128	0.40	Model_A_Pairwise	1001	130816	0.000000	0.429001	14.07	383.55	13911.47	0.000000
512	128	0.40	Model_B_Sparse_3Body	1001	130816	0.000000	0.448990	12.09	287.45	36465.45	0.000000
512	128	0.40	Model_C_LowRank_CP	1001	65536	0.921875	0.037003	2.77	211.73	41994.76	0.921875
512	128	0.40	Model_D_Sparse_4Body	1001	130816	0.000000	0.459045	11.50	237.66	55075.24	0.000000
512	128	0.40	Model_A_Pairwise	1002	130816	0.000000	0.429611	14.17	393.09	14751.26	0.000000
512	128	0.40	Model_B_Sparse_3Body	1002	130816	0.000000	0.445297	11.14	272.52	32515.34	0.000000
512	128	0.40	Model_C_LowRank_CP	1002	65536	0.929688	0.034500	2.77	209.49	62293.43	0.929688
512	128	0.40	Model_D_Sparse_4Body	1002	130816	0.000000	0.462143	11.81	237.59	74212.20	0.000000
512	128	0.40	Model_A_Pairwise	1003	130816	0.000000	0.438126	14.15	399.23	19645.51	0.000000
512	128	0.40	Model_B_Sparse_3Body	1003	130816	0.000000	0.446716	11.94	283.84	41369.95	0.000000
512	128	0.40	Model_C_LowRank_CP	1003	65536	0.960938	0.019424	2.78	214.24	57648.20	0.960938
512	128	0.40	Model_D_Sparse_4Body	1003	130816	0.000000	0.464035	12.12	239.60	63778.28	0.000000
512	128	0.40	Model_A_Pairwise	1004	130816	0.000000	0.430023	13.61	379.12	22607.51	0.000000
512	128	0.40	Model_B_Sparse_3Body	1004	130816	0.000000	0.444809	11.20	280.06	36933.47	0.000000
512	128	0.40	Model_C_LowRank_CP	1004	65536	0.953125	0.022644	2.73	213.35	53314.84	0.953125
512	128	0.40	Model_D_Sparse_4Body	1004	130816	0.000000	0.463562	11.55	237.96	60093.34	0.000000
512	128	0.40	Model_A_Pairwise	1005	130816	0.000000	0.434998	13.83	388.67	17235.76	0.000000
512	128	0.40	Model_B_Sparse_3Body	1005	130816	0.000000	0.449722	11.81	283.20	38787.60	0.000000
512	128	0.40	Model_C_LowRank_CP	1005	65536	0.921875	0.034164	2.77	212.51	60324.45	0.921875
512	128	0.40	Model_D_Sparse_4Body	1005	130816	0.000000	0.462494	11.83	240.06	59651.05	0.000000
512	128	0.40	Model_A_Pairwise	1006	130816	0.000000	0.431519	13.21	372.97	12099.86	0.000000
512	128	0.40	Model_B_Sparse_3Body	1006	130816	0.000000	0.452637	11.20	280.03	36972.54	0.000000
512	128	0.40	Model_C_LowRank_CP	1006	65536	0.937500	0.030655	2.76	213.13	51831.92	0.937500
512	128	0.40	Model_D_Sparse_4Body	1006	130816	0.000000	0.462357	12.15	239.60	56252.68	0.000000
512	128	0.40	Model_A_Pairwise	1007	130816	0.000000	0.435501	13.79	387.30	15151.89	0.000000
512	128	0.40	Model_B_Sparse_3Body	1007	130816	0.000000	0.446823	12.16	282.70	37709.70	0.000000
512	128	0.40	Model_C_LowRank_CP	1007	65536	0.937500	0.030823	2.75	212.98	62443.66	0.937500
512	128	0.40	Model_D_Sparse_4Body	1007	130816	0.000000	0.462585	11.54	238.01	78916.46	0.000000
512	128	0.40	Model_A_Pairwise	1008	130816	0.000000	0.422424	13.67	377.61	13349.25	0.000000
512	128	0.40	Model_B_Sparse_3Body	1008	130816	0.000000	0.445160	11.88	280.03	37254.73	0.000000
512	128	0.40	Model_C_LowRank_CP	1008	65536	0.921875	0.036133	2.73	208.75	44603.35	0.921875
512	128	0.40	Model_D_Sparse_4Body	1008	130816	0.000000	0.460373	11.70	237.15	55657.05	0.000000
512	128	0.40	Model_A_Pairwise	1009	130816	0.000000	0.423309	13.70	378.16	13685.56	0.000000
512	128	0.40	Model_B_Sparse_3Body	1009	130816	0.000000	0.442520	11.89	281.78	38404.73	0.000000
512	128	0.40	Model_C_LowRank_CP	1009	65536	0.984375	0.007538	2.76	208.91	63548.05	0.984375
512	128	0.40	Model_D_Sparse_4Body	1009	130816	0.000000	0.457779	11.09	234.67	71862.77	0.000000
512	128	0.40	Model_A_Pairwise	1010	130816	0.000000	0.422104	12.66	369.71	21418.22	0.000000
512	128	0.40	Model_B_Sparse_3Body	1010	130816	0.000000	0.452530	12.06	281.85	45726.16	0.000000
512	128	0.40	Model_C_LowRank_CP	1010	65536	0.937500	0.030640	2.74	214.61	52218.70	0.937500
512	128	0.40	Model_D_Sparse_4Body	1010	130816	0.000000	0.464844	11.51	238.27	61975.15	0.000000
512	128	0.40	Model_A_Pairwise	1011	130816	0.000000	0.431152	13.57	384.30	13677.20	0.000000
512	128	0.40	Model_B_Sparse_3Body	1011	130816	0.000000	0.447876	11.62	278.40	38329.47	0.000000
512	128	0.40	Model_C_LowRank_CP	1011	65536	0.914062	0.042389	2.76	213.49	53883.59	0.914062
512	128	0.40	Model_D_Sparse_4Body	1011	130816	0.000000	0.462997	11.82	240.28	58286.69	0.000000
512	128	0.40	Model_A_Pairwise	1012	130816	0.000000	0.430237	13.74	388.27	16026.29	0.000000
512	128	0.40	Model_B_Sparse_3Body	1012	130816	0.000000	0.451187	11.54	279.17	34887.52	0.000000
512	128	0.40	Model_C_LowRank_CP	1012	65536	0.953125	0.022873	2.73	210.94	75533.60	0.953125
512	128	0.40	Model_D_Sparse_4Body	1012	130816	0.000000	0.460785	11.58	240.60	72812.56	0.000000
512	128	0.40	Model_A_Pairwise	1013	130816	0.000000	0.423630	13.09	378.15	20283.51	0.000000
512	128	0.40	Model_B_Sparse_3Body	1013	130816	0.000000	0.455048	11.16	277.56	32654.88	0.000000
512	128	0.40	Model_C_LowRank_CP	1013	65536	0.914062	0.041840	2.77	213.27	66922.47	0.914062
512	128	0.40	Model_D_Sparse_4Body	1013	130816	0.000000	0.464569	11.48	237.48	58045.22	0.000000
512	128	0.40	Model_A_Pairwise	1014	130816	0.000000	0.422333	13.15	375.23	15264.02	0.000000
512	128	0.40	Model_B_Sparse_3Body	1014	130816	0.000000	0.457169	11.96	280.31	37158.25	0.000000
512	128	0.40	Model_C_LowRank_CP	1014	65536	0.929688	0.035172	2.73	211.75	64467.73	0.929688
512	128	0.40	Model_D_Sparse_4Body	1014	130816	0.000000	0.463257	11.60	237.23	56339.12	0.000000
512	128	0.40	Model_A_Pairwise	1015	130816	0.000000	0.427429	14.16	391.52	25633.43	0.000000
512	128	0.40	Model_B_Sparse_3Body	1015	130816	0.000000	0.447098	11.64	281.73	48384.44	0.000000
512	128	0.40	Model_C_LowRank_CP	1015	65536	0.945312	0.026382	2.75	210.73	78792.66	0.945312
512	128	0.40	Model_D_Sparse_4Body	1015	130816	0.000000	0.466705	11.22	235.08	51051.28	0.000000
512	128	0.40	Model_A_Pairwise	1016	130816	0.000000	0.436752	15.26	397.77	18772.56	0.000000
512	128	0.40	Model_B_Sparse_3Body	1016	130816	0.000000	0.444031	11.41	280.50	37771.98	0.000000
512	128	0.40	Model_C_LowRank_CP	1016	65536	0.937500	0.030258	2.73	211.45	54713.65	0.937500
512	128	0.40	Model_D_Sparse_4Body	1016	130816	0.000000	0.461899	11.05	231.96	55195.87	0.000000
512	128	0.40	Model_A_Pairwise	1017	130816	0.000000	0.426712	13.59	380.81	15604.98	0.000000
512	128	0.40	Model_B_Sparse_3Body	1017	130816	0.000000	0.441940	12.12	282.92	54532.24	0.000000
512	128	0.40	Model_C_LowRank_CP	1017	65536	0.937500	0.029007	2.77	211.86	79315.02	0.937500
512	128	0.40	Model_D_Sparse_4Body	1017	130816	0.000000	0.460327	11.71	235.84	58618.69	0.000000
512	128	0.40	Model_A_Pairwise	1018	130816	0.000000	0.428055	13.97	383.23	18498.18	0.000000
512	128	0.40	Model_B_Sparse_3Body	1018	130816	0.000000	0.447250	11.55	276.94	40050.18	0.000000
512	128	0.40	Model_C_LowRank_CP	1018	65536	0.929688	0.033646	2.68	212.12	49575.47	0.929688
512	128	0.40	Model_D_Sparse_4Body	1018	130816	0.000000	0.458755	11.74	236.17	56679.48	0.000000
512	128	0.40	Model_A_Pairwise	1019	130816	0.000000	0.431610	13.36	381.88	14778.21	0.000000
512	128	0.40	Model_B_Sparse_3Body	1019	130816	0.000000	0.440506	11.52	279.02	51526.87	0.000000
512	128	0.40	Model_C_LowRank_CP	1019	65536	0.921875	0.038803	2.67	211.98	71820.05	0.921875
512	128	0.40	Model_D_Sparse_4Body	1019	130816	0.000000	0.464035	11.63	237.44	62089.19	0.000000
512	128	0.40	Model_A_Pairwise	1020	130816	0.000000	0.422729	12.98	369.00	23775.69	0.000000
512	128	0.40	Model_B_Sparse_3Body	1020	130816	0.000000	0.451614	11.50	278.37	43142.82	0.000000
512	128	0.40	Model_C_LowRank_CP	1020	65536	0.945312	0.026611	2.71	212.25	76159.52	0.945312
512	128	0.40	Model_D_Sparse_4Body	1020	130816	0.000000	0.462402	11.33	237.98	51727.96	0.000000
512	256	0.10	Model_A_Pairwise	1001	130816	0.000000	0.360085	14.48	294.27	14540.33	0.000000
512	256	0.10	Model_B_Sparse_3Body	1001	130816	0.000000	0.089264	7.07	128.00	23798.38	0.000000
512	256	0.10	Model_C_LowRank_CP	1001	131072	1.000000	0.000000	2.00	51.39	72660.93	1.000000
512	256	0.10	Model_D_Sparse_4Body	1001	130816	0.000000	0.077003	8.17	131.77	41181.82	0.000000
512	256	0.10	Model_A_Pairwise	1002	130816	0.000000	0.346779	14.18	281.83	15824.76	0.000000
512	256	0.10	Model_B_Sparse_3Body	1002	130816	0.000000	0.088699	7.05	127.44	24012.62	0.000000
512	256	0.10	Model_C_LowRank_CP	1002	131072	1.000000	0.000000	2.00	50.45	80859.08	1.000000
512	256	0.10	Model_D_Sparse_4Body	1002	130816	0.000000	0.076279	7.98	127.86	39815.09	0.000000
512	256	0.10	Model_A_Pairwise	1003	130816	0.000000	0.353592	14.24	286.04	14275.78	0.000000
512	256	0.10	Model_B_Sparse_3Body	1003	130816	0.000000	0.089943	7.11	131.16	25389.22	0.000000
512	256	0.10	Model_C_LowRank_CP	1003	131072	1.000000	0.000000	2.00	51.96	74845.72	1.000000
512	256	0.10	Model_D_Sparse_4Body	1003	130816	0.000000	0.081947	8.16	133.48	43637.25	0.000000
512	256	0.10	Model_A_Pairwise	1004	130816	0.000000	0.365662	14.86	298.46	17388.10	0.000000
512	256	0.10	Model_B_Sparse_3Body	1004	130816	0.000000	0.088600	7.10	127.02	24268.76	0.000000
512	256	0.10	Model_C_LowRank_CP	1004	131072	1.000000	0.000000	2.00	50.20	76118.43	1.000000
512	256	0.10	Model_D_Sparse_4Body	1004	130816	0.000000	0.076691	7.79	125.76	38804.29	0.000000
512	256	0.10	Model_A_Pairwise	1005	130816	0.000000	0.361336	14.30	294.50	16134.14	0.000000
512	256	0.10	Model_B_Sparse_3Body	1005	130816	0.000000	0.088699	7.35	129.25	24427.33	0.000000
512	256	0.10	Model_C_LowRank_CP	1005	131072	1.000000	0.000000	2.00	51.35	86932.02	1.000000
512	256	0.10	Model_D_Sparse_4Body	1005	130816	0.000000	0.079681	8.00	131.85	52974.42	0.000000
512	256	0.10	Model_A_Pairwise	1006	130816	0.000000	0.344902	13.90	278.30	14210.17	0.000000
512	256	0.10	Model_B_Sparse_3Body	1006	130816	0.000000	0.090988	7.30	126.87	24093.12	0.000000
512	256	0.10	Model_C_LowRank_CP	1006	131072	1.000000	0.000000	2.00	50.20	73743.25	1.000000
512	256	0.10	Model_D_Sparse_4Body	1006	130816	0.000000	0.076073	7.90	127.59	41271.67	0.000000
512	256	0.10	Model_A_Pairwise	1007	130816	0.000000	0.358437	14.12	289.77	15540.03	0.000000
512	256	0.10	Model_B_Sparse_3Body	1007	130816	0.000000	0.091537	7.39	131.22	21979.54	0.000000
512	256	0.10	Model_C_LowRank_CP	1007	131072	1.000000	0.000000	2.00	51.59	82546.34	1.000000
512	256	0.10	Model_D_Sparse_4Body	1007	130816	0.000000	0.078484	7.78	130.25	40178.52	0.000000
512	256	0.10	Model_A_Pairwise	1008	130816	0.000000	0.343719	13.33	272.42	15020.58	0.000000
512	256	0.10	Model_B_Sparse_3Body	1008	130816	0.000000	0.090378	7.35	129.44	24914.07	0.000000
512	256	0.10	Model_C_LowRank_CP	1008	131072	1.000000	0.000000	2.00	50.88	86169.59	1.000000
512	256	0.10	Model_D_Sparse_4Body	1008	130816	0.000000	0.076500	8.02	130.37	37811.45	0.000000
512	256	0.10	Model_A_Pairwise	1009	130816	0.000000	0.352386	14.44	284.85	17465.79	0.000000
512	256	0.10	Model_B_Sparse_3Body	1009	130816	0.000000	0.089333	7.23	129.29	21268.90	0.000000
512	256	0.10	Model_C_LowRank_CP	1009	131072	1.000000	0.000000	2.00	50.92	79777.09	1.000000
512	256	0.10	Model_D_Sparse_4Body	1009	130816	0.000000	0.078796	7.89	130.34	38651.66	0.000000
512	256	0.10	Model_A_Pairwise	1010	130816	0.000000	0.357101	14.45	290.58	16750.07	0.000000
512	256	0.10	Model_B_Sparse_3Body	1010	130816	0.000000	0.090630	7.22	129.81	23612.25	0.000000
512	256	0.10	Model_C_LowRank_CP	1010	131072	1.000000	0.000000	2.00	51.78	81122.47	1.000000
512	256	0.10	Model_D_Sparse_4Body	1010	130816	0.000000	0.080666	8.46	132.75	42934.04	0.000000
512	256	0.10	Model_A_Pairwise	1011	130816	0.000000	0.351418	14.93	290.75	15499.70	0.000000
512	256	0.10	Model_B_Sparse_3Body	1011	130816	0.000000	0.090744	7.23	129.51	23043.53	0.000000
512	256	0.10	Model_C_LowRank_CP	1011	131072	1.000000	0.000000	2.00	51.31	71693.79	1.000000
512	256	0.10	Model_D_Sparse_4Body	1011	130816	0.000000	0.077919	8.04	130.89	40752.77	0.000000
512	256	0.10	Model_A_Pairwise	1012	130816	0.000000	0.354439	14.17	290.16	15031.30	0.000000
512	256	0.10	Model_B_Sparse_3Body	1012	130816	0.000000	0.090538	7.10	128.28	23004.91	0.000000
512	256	0.10	Model_C_LowRank_CP	1012	131072	1.000000	0.000000	2.00	51.34	84024.61	1.000000
512	256	0.10	Model_D_Sparse_4Body	1012	130816	0.000000	0.079697	7.84	128.74	41578.33	0.000000
512	256	0.10	Model_A_Pairwise	1013	130816	0.000000	0.350784	14.21	285.53	16309.39	0.000000
512	256	0.10	Model_B_Sparse_3Body	1013	130816	0.000000	0.088799	7.29	127.88	24064.36	0.000000
512	256	0.10	Model_C_LowRank_CP	1013	131072	1.000000	0.000000	2.00	50.90	80243.86	1.000000
512	256	0.10	Model_D_Sparse_4Body	1013	130816	0.000000	0.077644	8.05	128.63	41438.38	0.000000
512	256	0.10	Model_A_Pairwise	1014	130816	0.000000	0.343010	13.68	274.84	16153.57	0.000000
512	256	0.10	Model_B_Sparse_3Body	1014	130816	0.000000	0.090080	7.11	129.87	21418.98	0.000000
512	256	0.10	Model_C_LowRank_CP	1014	131072	1.000000	0.000000	2.00	50.88	75708.05	1.000000
512	256	0.10	Model_D_Sparse_4Body	1014	130816	0.000000	0.079590	7.68	127.79	45863.25	0.000000
512	256	0.10	Model_A_Pairwise	1015	130816	0.000000	0.350197	14.19	284.45	16401.11	0.000000
512	256	0.10	Model_B_Sparse_3Body	1015	130816	0.000000	0.091179	6.98	127.82	19281.36	0.000000
512	256	0.10	Model_C_LowRank_CP	1015	131072	1.000000	0.000000	2.00	50.73	100749.05	1.000000
512	256	0.10	Model_D_Sparse_4Body	1015	130816	0.000000	0.075760	7.87	127.10	48400.93	0.000000
512	256	0.10	Model_A_Pairwise	1016	130816	0.000000	0.357391	14.52	288.60	17374.29	0.000000
512	256	0.10	Model_B_Sparse_3Body	1016	130816	0.000000	0.088791	7.06	127.57	21655.30	0.000000
512	256	0.10	Model_C_LowRank_CP	1016	131072	1.000000	0.000000	2.00	51.31	93516.33	1.000000
512	256	0.10	Model_D_Sparse_4Body	1016	130816	0.000000	0.080360	8.11	130.96	44292.87	0.000000
512	256	0.10	Model_A_Pairwise	1017	130816	0.000000	0.345276	13.48	274.75	16967.53	0.000000
512	256	0.10	Model_B_Sparse_3Body	1017	130816	0.000000	0.088905	7.19	128.40	38448.79	0.000000
512	256	0.10	Model_C_LowRank_CP	1017	131072	1.000000	0.000000	2.00	51.02	131214.66	1.000000
512	256	0.10	Model_D_Sparse_4Body	1017	130816	0.000000	0.079353	8.18	133.40	44753.48	0.000000
512	256	0.10	Model_A_Pairwise	1018	130816	0.000000	0.350807	14.33	288.11	22240.11	0.000000
512	256	0.10	Model_B_Sparse_3Body	1018	130816	0.000000	0.089188	7.30	128.00	33378.01	0.000000
512	256	0.10	Model_C_LowRank_CP	1018	131072	1.000000	0.000000	2.00	50.78	125937.80	1.000000
512	256	0.10	Model_D_Sparse_4Body	1018	130816	0.000000	0.078423	7.89	128.80	48172.18	0.000000
512	256	0.10	Model_A_Pairwise	1019	130816	0.000000	0.345741	13.61	279.76	15834.36	0.000000
512	256	0.10	Model_B_Sparse_3Body	1019	130816	0.000000	0.091728	7.46	130.28	38937.61	0.000000
512	256	0.10	Model_C_LowRank_CP	1019	131072	1.000000	0.000000	2.00	50.93	103935.97	1.000000
512	256	0.10	Model_D_Sparse_4Body	1019	130816	0.000000	0.074623	7.82	127.74	45813.50	0.000000
512	256	0.10	Model_A_Pairwise	1020	130816	0.000000	0.367432	14.71	298.57	29018.22	0.000000
512	256	0.10	Model_B_Sparse_3Body	1020	130816	0.000000	0.091850	7.21	130.14	31449.38	0.000000
512	256	0.10	Model_C_LowRank_CP	1020	131072	1.000000	0.000000	2.00	51.58	126174.97	1.000000
512	256	0.10	Model_D_Sparse_4Body	1020	130816	0.000000	0.082458	8.25	132.16	36520.21	0.000000
512	256	0.20	Model_A_Pairwise	1001	130816	0.000000	0.380882	14.39	336.22	19269.85	0.000000
512	256	0.20	Model_B_Sparse_3Body	1001	130816	0.000000	0.171265	10.46	229.77	43860.73	0.000000
512	256	0.20	Model_C_LowRank_CP	1001	131072	1.000000	0.000000	2.00	102.66	131523.43	1.000000
512	256	0.20	Model_D_Sparse_4Body	1001	130816	0.000000	0.304588	10.89	211.28	76725.05	0.000000
512	256	0.20	Model_A_Pairwise	1002	130816	0.000000	0.365715	13.66	322.14	20780.35	0.000000
512	256	0.20	Model_B_Sparse_3Body	1002	130816	0.000000	0.177750	10.34	226.05	39849.65	0.000000
512	256	0.20	Model_C_LowRank_CP	1002	131072	1.000000	0.000000	2.00	101.80	101486.23	1.000000
512	256	0.20	Model_D_Sparse_4Body	1002	130816	0.000000	0.304016	11.46	211.86	81709.53	0.000000
512	256	0.20	Model_A_Pairwise	1003	130816	0.000000	0.374939	13.76	327.23	17059.34	0.000000
512	256	0.20	Model_B_Sparse_3Body	1003	130816	0.000000	0.181969	10.15	226.82	42823.84	0.000000
512	256	0.20	Model_C_LowRank_CP	1003	131072	1.000000	0.000000	2.00	103.18	120457.94	1.000000
512	256	0.20	Model_D_Sparse_4Body	1003	130816	0.000000	0.306496	10.92	211.44	79907.54	0.000000
512	256	0.20	Model_A_Pairwise	1004	130816	0.000000	0.386894	15.48	345.10	21483.29	0.000000
512	256	0.20	Model_B_Sparse_3Body	1004	130816	0.000000	0.167236	10.93	233.71	42806.92	0.000000
512	256	0.20	Model_C_LowRank_CP	1004	131072	1.000000	0.000000	2.00	101.32	112886.64	1.000000
512	256	0.20	Model_D_Sparse_4Body	1004	130816	0.000000	0.300751	11.18	210.30	82054.39	0.000000
512	256	0.20	Model_A_Pairwise	1005	130816	0.000000	0.384483	15.09	343.85	23082.83	0.000000
512	256	0.20	Model_B_Sparse_3Body	1005	130816	0.000000	0.173584	10.46	230.54	49271.72	0.000000
512	256	0.20	Model_C_LowRank_CP	1005	131072	1.000000	0.000000	2.00	102.32	109374.62	1.000000
512	256	0.20	Model_D_Sparse_4Body	1005	130816	0.000000	0.304604	11.11	211.62	83674.68	0.000000
512	256	0.20	Model_A_Pairwise	1006	130816	0.000000	0.365295	13.32	316.75	16598.92	0.000000
512	256	0.20	Model_B_Sparse_3Body	1006	130816	0.000000	0.173897	10.34	226.47	45707.89	0.000000
512	256	0.20	Model_C_LowRank_CP	1006	131072	1.000000	0.000000	2.00	101.30	129792.61	1.000000
512	256	0.20	Model_D_Sparse_4Body	1006	130816	0.000000	0.294846	10.83	209.56	71388.90	0.000000
512	256	0.20	Model_A_Pairwise	1007	130816	0.000000	0.382874	14.24	332.87	18119.99	0.000000
512	256	0.20	Model_B_Sparse_3Body	1007	130816	0.000000	0.176460	10.40	229.61	40640.72	0.000000
512	256	0.20	Model_C_LowRank_CP	1007	131072	1.000000	0.000000	2.00	103.02	118899.34	1.000000
512	256	0.20	Model_D_Sparse_4Body	1007	130816	0.000000	0.302895	10.69	208.67	76491.52	0.000000
512	256	0.20	Model_A_Pairwise	1008	130816	0.000000	0.366837	13.50	317.51	18467.95	0.000000
512	256	0.20	Model_B_Sparse_3Body	1008	130816	0.000000	0.166580	10.47	227.93	47945.23	0.000000
512	256	0.20	Model_C_LowRank_CP	1008	131072	1.000000	0.000000	2.00	100.98	125927.58	1.000000
512	256	0.20	Model_D_Sparse_4Body	1008	130816	0.000000	0.298378	10.92	208.68	79590.36	0.000000
512	256	0.20	Model_A_Pairwise	1009	130816	0.000000	0.369011	13.40	322.20	22462.41	0.000000
512	256	0.20	Model_B_Sparse_3Body	1009	130816	0.000000	0.172333	10.56	229.07	44868.62	0.000000
512	256	0.20	Model_C_LowRank_CP	1009	131072	1.000000	0.000000	2.00	101.73	111554.79	1.000000
512	256	0.20	Model_D_Sparse_4Body	1009	130816	0.000000	0.299614	11.45	212.39	88187.24	0.000000
512	256	0.20	Model_A_Pairwise	1010	130816	0.000000	0.375465	14.21	326.90	19924.89	0.000000
512	256	0.20	Model_B_Sparse_3Body	1010	130816	0.000000	0.176529	10.27	228.13	48065.99	0.000000
512	256	0.20	Model_C_LowRank_CP	1010	131072	1.000000	0.000000	2.00	102.82	118052.45	1.000000
512	256	0.20	Model_D_Sparse_4Body	1010	130816	0.000000	0.301086	10.68	209.00	76644.54	0.000000
512	256	0.20	Model_A_Pairwise	1011	130816	0.000000	0.368950	13.83	323.18	17915.22	0.000000
512	256	0.20	Model_B_Sparse_3Body	1011	130816	0.000000	0.172760	10.30	228.15	42456.61	0.000000
512	256	0.20	Model_C_LowRank_CP	1011	131072	1.000000	0.000000	2.00	102.57	120298.18	1.000000
512	256	0.20	Model_D_Sparse_4Body	1011	130816	0.000000	0.303154	10.78	210.00	71240.04	0.000000
512	256	0.20	Model_A_Pairwise	1012	130816	0.000000	0.378761	14.07	330.64	19597.84	0.000000
512	256	0.20	Model_B_Sparse_3Body	1012	130816	0.000000	0.167297	10.24	229.05	41804.08	0.000000
512	256	0.20	Model_C_LowRank_CP	1012	131072	1.000000	0.000000	2.00	102.01	123012.87	1.000000
512	256	0.20	Model_D_Sparse_4Body	1012	130816	0.000000	0.300110	11.22	212.27	82082.28	0.000000
512	256	0.20	Model_A_Pairwise	1013	130816	0.000000	0.373314	14.18	325.00	21049.79	0.000000
512	256	0.20	Model_B_Sparse_3Body	1013	130816	0.000000	0.169571	10.11	227.91	45746.05	0.000000
512	256	0.20	Model_C_LowRank_CP	1013	131072	1.000000	0.000000	2.00	102.70	126680.24	1.000000
512	256	0.20	Model_D_Sparse_4Body	1013	130816	0.000000	0.306290	11.19	211.05	76893.85	0.000000
512	256	0.20	Model_A_Pairwise	1014	130816	0.000000	0.368225	13.12	319.11	17301.06	0.000000
512	256	0.20	Model_B_Sparse_3Body	1014	130816	0.000000	0.177551	10.14	226.42	47250.14	0.000000
512	256	0.20	Model_C_LowRank_CP	1014	131072	1.000000	0.000000	2.00	102.30	108154.96	1.000000
512	256	0.20	Model_D_Sparse_4Body	1014	130816	0.000000	0.308983	10.92	212.73	75239.67	0.000000
512	256	0.20	Model_A_Pairwise	1015	130816	0.000000	0.372383	14.13	327.06	18005.98	0.000000
512	256	0.20	Model_B_Sparse_3Body	1015	130816	0.000000	0.172745	10.25	226.97	49799.05	0.000000
512	256	0.20	Model_C_LowRank_CP	1015	131072	1.000000	0.000000	2.00	102.45	114846.85	1.000000
512	256	0.20	Model_D_Sparse_4Body	1015	130816	0.000000	0.303047	10.92	210.64	73958.44	0.000000
512	256	0.20	Model_A_Pairwise	1016	130816	0.000000	0.377602	14.27	330.71	21508.83	0.000000
512	256	0.20	Model_B_Sparse_3Body	1016	130816	0.000000	0.173141	10.31	226.78	49166.30	0.000000
512	256	0.20	Model_C_LowRank_CP	1016	131072	1.000000	0.000000	2.00	102.94	109178.77	1.000000
512	256	0.20	Model_D_Sparse_4Body	1016	130816	0.000000	0.300827	11.58	214.19	82153.44	0.000000
512	256	0.20	Model_A_Pairwise	1017	130816	0.000000	0.367149	13.16	313.32	28971.39	0.000000
512	256	0.20	Model_B_Sparse_3Body	1017	130816	0.000000	0.171616	10.50	227.50	52157.62	0.000000
512	256	0.20	Model_C_LowRank_CP	1017	131072	1.000000	0.000000	2.00	101.51	131330.55	1.000000
512	256	0.20	Model_D_Sparse_4Body	1017	130816	0.000000	0.297157	10.95	209.62	88946.49	0.000000
512	256	0.20	Model_A_Pairwise	1018	130816	0.000000	0.370277	13.86	324.31	23689.54	0.000000
512	256	0.20	Model_B_Sparse_3Body	1018	130816	0.000000	0.166641	9.71	222.16	47342.34	0.000000
512	256	0.20	Model_C_LowRank_CP	1018	131072	1.000000	0.000000	2.00	102.03	131169.30	1.000000
512	256	0.20	Model_D_Sparse_4Body	1018	130816	0.000000	0.302307	11.31	212.44	85600.47	0.000000
512	256	0.20	Model_A_Pairwise	1019	130816	0.000000	0.374092	14.07	326.30	25902.44	0.000000
512	256	0.20	Model_B_Sparse_3Body	1019	130816	0.000000	0.175095	10.28	228.22	51055.50	0.000000
512	256	0.20	Model_C_LowRank_CP	1019	131072	1.000000	0.000000	2.00	102.43	140372.62	1.000000
512	256	0.20	Model_D_Sparse_4Body	1019	130816	0.000000	0.302574	11.72	213.82	89895.82	0.000000
512	256	0.20	Model_A_Pairwise	1020	130816	0.000000	0.383377	15.07	338.15	27512.14	0.000000
512	256	0.20	Model_B_Sparse_3Body	1020	130816	0.000000	0.172981	10.50	227.79	49529.02	0.000000
512	256	0.20	Model_C_LowRank_CP	1020	131072	1.000000	0.000000	2.00	102.79	129532.11	1.000000
512	256	0.20	Model_D_Sparse_4Body	1020	130816	0.000000	0.305870	10.89	211.70	87076.19	0.000000
