n	k	p_train	p_unseen	rank	noise	model	seed	seen_exact_acc	seen_cosine	unseen_exact_acc	unseen_cosine	max_sim	part_ratio	factor_entropy	wall_time_us
128	9	128	128	4	0.15	Candidate_LatentCP3_SVD	3001	0.000000	0.341309	0.000000	0.306763	0.732932	51.182186	0.598704	320990.00
128	9	128	128	4	0.15	Candidate_LatentCP3_TP	3001	0.000000	0.345459	0.000000	0.255859	0.782611	43.467948	0.541505	240367.00
128	9	128	128	4	0.15	B0_Pairwise_LowRank	3001	0.000000	0.390747	0.000000	0.303223	0.000000	0.000000	0.000000	71870.00
128	9	128	128	4	0.15	B1_LinearSVD	3001	0.000000	0.518066	0.000000	0.417969	0.000000	0.000000	0.000000	20015.00
128	9	128	128	4	0.15	B2_1NN_Oracle	3001	1.000000	1.000000	0.000000	0.589111	0.000000	0.000000	0.000000	1736.00
128	9	128	128	4	0.15	B3_ModernHopfield	3001	1.000000	1.000000	0.000000	0.586548	0.000000	0.000000	0.000000	26620.00
128	9	128	128	4	0.15	Candidate_LatentCP3_SVD	3002	0.000000	0.298462	0.000000	0.290894	0.716184	52.227590	0.631390	141269.00
128	9	128	128	4	0.15	Candidate_LatentCP3_TP	3002	0.000000	0.387695	0.000000	0.309814	0.781711	42.891043	0.544230	172994.00
128	9	128	128	4	0.15	B0_Pairwise_LowRank	3002	0.000000	0.392822	0.000000	0.319092	0.000000	0.000000	0.000000	87966.00
128	9	128	128	4	0.15	B1_LinearSVD	3002	0.000000	0.515137	0.000000	0.415161	0.000000	0.000000	0.000000	11298.00
128	9	128	128	4	0.15	B2_1NN_Oracle	3002	1.000000	1.000000	0.000000	0.587036	0.000000	0.000000	0.000000	1659.00
128	9	128	128	4	0.15	B3_ModernHopfield	3002	1.000000	1.000000	0.000000	0.590210	0.000000	0.000000	0.000000	26528.00
128	9	128	128	4	0.15	Candidate_LatentCP3_SVD	3003	0.000000	0.316040	0.000000	0.274658	0.667840	55.023176	0.640884	154171.00
128	9	128	128	4	0.15	Candidate_LatentCP3_TP	3003	0.000000	0.363770	0.000000	0.299438	0.745547	46.956144	0.593661	203863.00
128	9	128	128	4	0.15	B0_Pairwise_LowRank	3003	0.000000	0.402832	0.000000	0.319214	0.000000	0.000000	0.000000	86737.00
128	9	128	128	4	0.15	B1_LinearSVD	3003	0.000000	0.507812	0.000000	0.419189	0.000000	0.000000	0.000000	11928.00
128	9	128	128	4	0.15	B2_1NN_Oracle	3003	1.000000	1.000000	0.000000	0.600464	0.000000	0.000000	0.000000	1659.00
128	9	128	128	4	0.15	B3_ModernHopfield	3003	1.000000	1.000000	0.000000	0.607178	0.000000	0.000000	0.000000	27210.00
128	9	128	128	4	0.15	Candidate_LatentCP3_SVD	3004	0.000000	0.324463	0.000000	0.281006	0.711062	53.139596	0.630355	185719.00
128	9	128	128	4	0.15	Candidate_LatentCP3_TP	3004	0.000000	0.299316	0.000000	0.229614	0.758608	46.625989	0.570859	202575.00
128	9	128	128	4	0.15	B0_Pairwise_LowRank	3004	0.000000	0.391602	0.000000	0.267212	0.000000	0.000000	0.000000	61040.00
128	9	128	128	4	0.15	B1_LinearSVD	3004	0.000000	0.520752	0.000000	0.391602	0.000000	0.000000	0.000000	12935.00
128	9	128	128	4	0.15	B2_1NN_Oracle	3004	1.000000	1.000000	0.000000	0.594727	0.000000	0.000000	0.000000	1720.00
128	9	128	128	4	0.15	B3_ModernHopfield	3004	1.000000	1.000000	0.000000	0.598633	0.000000	0.000000	0.000000	38053.00
128	9	128	128	4	0.15	Candidate_LatentCP3_SVD	3005	0.000000	0.317871	0.000000	0.250122	0.711237	54.248027	0.634867	178395.00
128	9	128	128	4	0.15	Candidate_LatentCP3_TP	3005	0.000000	0.358887	0.000000	0.281250	0.736876	50.088680	0.605689	294045.00
128	9	128	128	4	0.15	B0_Pairwise_LowRank	3005	0.000000	0.371582	0.000000	0.265747	0.000000	0.000000	0.000000	106790.00
128	9	128	128	4	0.15	B1_LinearSVD	3005	0.000000	0.525757	0.000000	0.395508	0.000000	0.000000	0.000000	12707.00
128	9	128	128	4	0.15	B2_1NN_Oracle	3005	1.000000	1.000000	0.000000	0.593506	0.000000	0.000000	0.000000	1735.00
128	9	128	128	4	0.15	B3_ModernHopfield	3005	1.000000	1.000000	0.000000	0.596069	0.000000	0.000000	0.000000	19392.00
128	9	128	128	4	0.15	Candidate_LatentCP3_SVD	3006	0.000000	0.287964	0.000000	0.290894	0.629516	60.734369	0.646037	234121.00
128	9	128	128	4	0.15	Candidate_LatentCP3_TP	3006	0.000000	0.324829	0.000000	0.268921	0.699092	49.411977	0.591770	219675.00
128	9	128	128	4	0.15	B0_Pairwise_LowRank	3006	0.000000	0.391235	0.000000	0.314453	0.000000	0.000000	0.000000	95824.00
128	9	128	128	4	0.15	B1_LinearSVD	3006	0.000000	0.509155	0.000000	0.416138	0.000000	0.000000	0.000000	8686.00
128	9	128	128	4	0.15	B2_1NN_Oracle	3006	1.000000	1.000000	0.000000	0.591187	0.000000	0.000000	0.000000	1202.00
128	9	128	128	4	0.15	B3_ModernHopfield	3006	1.000000	1.000000	0.000000	0.589111	0.000000	0.000000	0.000000	17716.00
128	9	128	128	4	0.15	Candidate_LatentCP3_SVD	3007	0.000000	0.309204	0.000000	0.275024	0.688592	55.770672	0.655225	132587.00
128	9	128	128	4	0.15	Candidate_LatentCP3_TP	3007	0.000000	0.350708	0.000000	0.253296	0.716946	45.367728	0.563045	225852.00
128	9	128	128	4	0.15	B0_Pairwise_LowRank	3007	0.000000	0.435791	0.000000	0.319458	0.000000	0.000000	0.000000	102077.00
128	9	128	128	4	0.15	B1_LinearSVD	3007	0.000000	0.505371	0.000000	0.390503	0.000000	0.000000	0.000000	12009.00
128	9	128	128	4	0.15	B2_1NN_Oracle	3007	1.000000	1.000000	0.000000	0.592285	0.000000	0.000000	0.000000	1722.00
128	9	128	128	4	0.15	B3_ModernHopfield	3007	1.000000	1.000000	0.000000	0.593506	0.000000	0.000000	0.000000	39849.00
128	9	128	128	4	0.15	Candidate_LatentCP3_SVD	3008	0.000000	0.325073	0.000000	0.294800	0.641395	59.546040	0.669570	121718.00
128	9	128	128	4	0.15	Candidate_LatentCP3_TP	3008	0.000000	0.359497	0.000000	0.289917	0.761147	45.010544	0.585258	157602.00
128	9	128	128	4	0.15	B0_Pairwise_LowRank	3008	0.000000	0.379639	0.000000	0.287598	0.000000	0.000000	0.000000	124774.00
128	9	128	128	4	0.15	B1_LinearSVD	3008	0.000000	0.511108	0.000000	0.422607	0.000000	0.000000	0.000000	11374.00
128	9	128	128	4	0.15	B2_1NN_Oracle	3008	1.000000	1.000000	0.000000	0.583740	0.000000	0.000000	0.000000	1663.00
128	9	128	128	4	0.15	B3_ModernHopfield	3008	1.000000	1.000000	0.000000	0.582642	0.000000	0.000000	0.000000	23793.00
128	9	128	128	4	0.15	Candidate_LatentCP3_SVD	3009	0.000000	0.298218	0.000000	0.278931	0.660578	58.266441	0.656636	152730.00
128	9	128	128	4	0.15	Candidate_LatentCP3_TP	3009	0.000000	0.395630	0.000000	0.289551	0.780289	42.669731	0.536118	151462.00
128	9	128	128	4	0.15	B0_Pairwise_LowRank	3009	0.000000	0.430420	0.000000	0.348999	0.000000	0.000000	0.000000	71992.00
128	9	128	128	4	0.15	B1_LinearSVD	3009	0.000000	0.509888	0.000000	0.424316	0.000000	0.000000	0.000000	11583.00
128	9	128	128	4	0.15	B2_1NN_Oracle	3009	1.000000	1.000000	0.000000	0.600586	0.000000	0.000000	0.000000	1708.00
128	9	128	128	4	0.15	B3_ModernHopfield	3009	1.000000	1.000000	0.000000	0.601685	0.000000	0.000000	0.000000	24208.00
128	9	128	128	4	0.15	Candidate_LatentCP3_SVD	3010	0.000000	0.315796	0.000000	0.292480	0.706934	55.781255	0.659926	134719.00
128	9	128	128	4	0.15	Candidate_LatentCP3_TP	3010	0.000000	0.345825	0.000000	0.288940	0.737646	50.215938	0.614134	204071.00
128	9	128	128	4	0.15	B0_Pairwise_LowRank	3010	0.000000	0.430664	0.000000	0.316772	0.000000	0.000000	0.000000	219249.00
128	9	128	128	4	0.15	B1_LinearSVD	3010	0.000000	0.510132	0.000000	0.400635	0.000000	0.000000	0.000000	13755.00
128	9	128	128	4	0.15	B2_1NN_Oracle	3010	1.000000	1.000000	0.000000	0.586914	0.000000	0.000000	0.000000	5884.00
128	9	128	128	4	0.15	B3_ModernHopfield	3010	1.000000	1.000000	0.000000	0.586060	0.000000	0.000000	0.000000	38687.00
128	9	128	128	4	0.15	Candidate_LatentCP3_SVD	3011	0.000000	0.302490	0.000000	0.278564	0.749014	50.528532	0.594683	341799.00
128	9	128	128	4	0.15	Candidate_LatentCP3_TP	3011	0.000000	0.376831	0.000000	0.294312	0.730638	49.231004	0.617635	174222.00
128	9	128	128	4	0.15	B0_Pairwise_LowRank	3011	0.000000	0.390137	0.000000	0.296875	0.000000	0.000000	0.000000	99466.00
128	9	128	128	4	0.15	B1_LinearSVD	3011	0.000000	0.506348	0.000000	0.399902	0.000000	0.000000	0.000000	8230.00
128	9	128	128	4	0.15	B2_1NN_Oracle	3011	1.000000	1.000000	0.000000	0.590210	0.000000	0.000000	0.000000	1145.00
128	9	128	128	4	0.15	B3_ModernHopfield	3011	1.000000	1.000000	0.000000	0.592407	0.000000	0.000000	0.000000	14726.00
128	9	128	128	4	0.15	Candidate_LatentCP3_SVD	3012	0.000000	0.299927	0.000000	0.281616	0.735825	50.251350	0.595590	113381.00
128	9	128	128	4	0.15	Candidate_LatentCP3_TP	3012	0.000000	0.287476	0.000000	0.235840	0.748145	46.228032	0.576186	422492.00
128	9	128	128	4	0.15	B0_Pairwise_LowRank	3012	0.000000	0.388916	0.000000	0.303833	0.000000	0.000000	0.000000	104108.00
128	9	128	128	4	0.15	B1_LinearSVD	3012	0.000000	0.514526	0.000000	0.402222	0.000000	0.000000	0.000000	12135.00
128	9	128	128	4	0.15	B2_1NN_Oracle	3012	1.000000	1.000000	0.000000	0.595947	0.000000	0.000000	0.000000	1638.00
128	9	128	128	4	0.15	B3_ModernHopfield	3012	1.000000	1.000000	0.000000	0.602295	0.000000	0.000000	0.000000	53044.00
128	9	128	128	4	0.15	Candidate_LatentCP3_SVD	3013	0.000000	0.339722	0.000000	0.298828	0.708442	55.800227	0.651280	154620.00
128	9	128	128	4	0.15	Candidate_LatentCP3_TP	3013	0.000000	0.365845	0.000000	0.304565	0.727703	51.162346	0.625241	356752.00
128	9	128	128	4	0.15	B0_Pairwise_LowRank	3013	0.000000	0.378174	0.000000	0.289307	0.000000	0.000000	0.000000	85437.00
128	9	128	128	4	0.15	B1_LinearSVD	3013	0.000000	0.505615	0.000000	0.401123	0.000000	0.000000	0.000000	6148.00
128	9	128	128	4	0.15	B2_1NN_Oracle	3013	1.000000	1.000000	0.000000	0.598022	0.000000	0.000000	0.000000	1272.00
128	9	128	128	4	0.15	B3_ModernHopfield	3013	1.000000	1.000000	0.000000	0.595947	0.000000	0.000000	0.000000	23646.00
128	9	128	128	4	0.15	Candidate_LatentCP3_SVD	3014	0.000000	0.311157	0.000000	0.278687	0.698880	55.402486	0.643845	239759.00
128	9	128	128	4	0.15	Candidate_LatentCP3_TP	3014	0.000000	0.337280	0.000000	0.281738	0.771288	46.234011	0.605965	285835.00
128	9	128	128	4	0.15	B0_Pairwise_LowRank	3014	0.000000	0.419067	0.000000	0.342407	0.000000	0.000000	0.000000	171425.00
128	9	128	128	4	0.15	B1_LinearSVD	3014	0.000000	0.507080	0.000000	0.426025	0.000000	0.000000	0.000000	11508.00
128	9	128	128	4	0.15	B2_1NN_Oracle	3014	1.000000	1.000000	0.000000	0.582397	0.000000	0.000000	0.000000	1619.00
128	9	128	128	4	0.15	B3_ModernHopfield	3014	1.000000	1.000000	0.000000	0.582153	0.000000	0.000000	0.000000	25609.00
128	9	128	128	4	0.15	Candidate_LatentCP3_SVD	3015	0.000000	0.293579	0.000000	0.317749	0.705215	55.501634	0.659324	145564.00
128	9	128	128	4	0.15	Candidate_LatentCP3_TP	3015	0.000000	0.343018	0.000000	0.252075	0.791737	43.982258	0.602637	154179.00
128	9	128	128	4	0.15	B0_Pairwise_LowRank	3015	0.000000	0.358521	0.000000	0.269409	0.000000	0.000000	0.000000	97433.00
128	9	128	128	4	0.15	B1_LinearSVD	3015	0.000000	0.518921	0.000000	0.415894	0.000000	0.000000	0.000000	11405.00
128	9	128	128	4	0.15	B2_1NN_Oracle	3015	1.000000	1.000000	0.000000	0.604492	0.000000	0.000000	0.000000	1230.00
128	9	128	128	4	0.15	B3_ModernHopfield	3015	1.000000	1.000000	0.000000	0.601562	0.000000	0.000000	0.000000	14346.00
128	9	128	128	4	0.15	Candidate_LatentCP3_SVD	3016	0.000000	0.319336	0.000000	0.312500	0.677429	55.291547	0.630629	326410.00
128	9	128	128	4	0.15	Candidate_LatentCP3_TP	3016	0.000000	0.383911	0.000000	0.302490	0.785371	42.537685	0.558180	181626.00
128	9	128	128	4	0.15	B0_Pairwise_LowRank	3016	0.000000	0.392700	0.000000	0.311768	0.000000	0.000000	0.000000	99397.00
128	9	128	128	4	0.15	B1_LinearSVD	3016	0.000000	0.503540	0.000000	0.420898	0.000000	0.000000	0.000000	12512.00
128	9	128	128	4	0.15	B2_1NN_Oracle	3016	1.000000	1.000000	0.000000	0.583862	0.000000	0.000000	0.000000	2119.00
128	9	128	128	4	0.15	B3_ModernHopfield	3016	1.000000	1.000000	0.000000	0.586304	0.000000	0.000000	0.000000	25721.00
128	9	128	128	4	0.15	Candidate_LatentCP3_SVD	3017	0.000000	0.297974	0.000000	0.288818	0.692778	56.451751	0.625589	103068.00
128	9	128	128	4	0.15	Candidate_LatentCP3_TP	3017	0.000000	0.367798	0.000000	0.306519	0.709395	58.085161	0.678342	116039.00
128	9	128	128	4	0.15	B0_Pairwise_LowRank	3017	0.000000	0.416992	0.000000	0.328857	0.000000	0.000000	0.000000	125389.00
128	9	128	128	4	0.15	B1_LinearSVD	3017	0.000000	0.510010	0.000000	0.427734	0.000000	0.000000	0.000000	12860.00
128	9	128	128	4	0.15	B2_1NN_Oracle	3017	1.000000	1.000000	0.000000	0.603638	0.000000	0.000000	0.000000	1200.00
128	9	128	128	4	0.15	B3_ModernHopfield	3017	1.000000	1.000000	0.000000	0.610596	0.000000	0.000000	0.000000	21320.00
128	9	128	128	4	0.15	Candidate_LatentCP3_SVD	3018	0.000000	0.311157	0.000000	0.276001	0.714962	55.301770	0.669645	147618.00
128	9	128	128	4	0.15	Candidate_LatentCP3_TP	3018	0.000000	0.356445	0.000000	0.275024	0.747223	49.572006	0.638037	242655.00
128	9	128	128	4	0.15	B0_Pairwise_LowRank	3018	0.000000	0.364868	0.000000	0.266602	0.000000	0.000000	0.000000	91878.00
128	9	128	128	4	0.15	B1_LinearSVD	3018	0.000000	0.505981	0.000000	0.394775	0.000000	0.000000	0.000000	7040.00
128	9	128	128	4	0.15	B2_1NN_Oracle	3018	1.000000	1.000000	0.000000	0.579224	0.000000	0.000000	0.000000	1689.00
128	9	128	128	4	0.15	B3_ModernHopfield	3018	1.000000	1.000000	0.000000	0.581787	0.000000	0.000000	0.000000	25191.00
128	9	128	128	4	0.15	Candidate_LatentCP3_SVD	3019	0.000000	0.344238	0.000000	0.285522	0.712441	51.905310	0.623726	172729.00
128	9	128	128	4	0.15	Candidate_LatentCP3_TP	3019	0.000000	0.400757	0.000000	0.320801	0.742312	46.430961	0.570722	153738.00
128	9	128	128	4	0.15	B0_Pairwise_LowRank	3019	0.000000	0.445557	0.000000	0.349365	0.000000	0.000000	0.000000	83077.00
128	9	128	128	4	0.15	B1_LinearSVD	3019	0.000000	0.515015	0.000000	0.413574	0.000000	0.000000	0.000000	12984.00
128	9	128	128	4	0.15	B2_1NN_Oracle	3019	1.000000	1.000000	0.000000	0.591064	0.000000	0.000000	0.000000	2275.00
128	9	128	128	4	0.15	B3_ModernHopfield	3019	1.000000	1.000000	0.000000	0.597656	0.000000	0.000000	0.000000	25649.00
128	9	128	128	4	0.15	Candidate_LatentCP3_SVD	3020	0.000000	0.385010	0.000000	0.303955	0.694226	53.345452	0.630073	238825.00
128	9	128	128	4	0.15	Candidate_LatentCP3_TP	3020	0.000000	0.386230	0.000000	0.308105	0.754943	46.254711	0.579205	181836.00
128	9	128	128	4	0.15	B0_Pairwise_LowRank	3020	0.000000	0.385742	0.000000	0.277832	0.000000	0.000000	0.000000	181048.00
128	9	128	128	4	0.15	B1_LinearSVD	3020	0.000000	0.524902	0.000000	0.400146	0.000000	0.000000	0.000000	20923.00
128	9	128	128	4	0.15	B2_1NN_Oracle	3020	1.000000	1.000000	0.000000	0.598145	0.000000	0.000000	0.000000	1640.00
128	9	128	128	4	0.15	B3_ModernHopfield	3020	1.000000	1.000000	0.000000	0.603882	0.000000	0.000000	0.000000	31592.00
128	9	128	128	4	0.30	Candidate_LatentCP3_SVD	3001	0.000000	0.299438	0.000000	0.247559	0.732932	51.182186	0.598704	210186.00
128	9	128	128	4	0.30	Candidate_LatentCP3_TP	3001	0.000000	0.314331	0.000000	0.228638	0.782611	43.467948	0.541505	271959.00
128	9	128	128	4	0.30	B0_Pairwise_LowRank	3001	0.000000	0.311157	0.000000	0.240723	0.000000	0.000000	0.000000	106450.00
128	9	128	128	4	0.30	B1_LinearSVD	3001	0.000000	0.451416	0.000000	0.342041	0.000000	0.000000	0.000000	13262.00
128	9	128	128	4	0.30	B2_1NN_Oracle	3001	0.929688	0.960083	0.000000	0.485596	0.000000	0.000000	0.000000	1691.00
128	9	128	128	4	0.30	B3_ModernHopfield	3001	0.914062	0.955322	0.000000	0.492920	0.000000	0.000000	0.000000	26625.00
128	9	128	128	4	0.30	Candidate_LatentCP3_SVD	3002	0.000000	0.244751	0.000000	0.218018	0.716184	52.227590	0.631390	140495.00
128	9	128	128	4	0.30	Candidate_LatentCP3_TP	3002	0.000000	0.347290	0.000000	0.276001	0.781711	42.891043	0.544230	172976.00
128	9	128	128	4	0.30	B0_Pairwise_LowRank	3002	0.000000	0.347534	0.000000	0.243652	0.000000	0.000000	0.000000	107908.00
128	9	128	128	4	0.30	B1_LinearSVD	3002	0.000000	0.439087	0.000000	0.351562	0.000000	0.000000	0.000000	11300.00
128	9	128	128	4	0.30	B2_1NN_Oracle	3002	0.820312	0.905151	0.000000	0.479492	0.000000	0.000000	0.000000	1782.00
128	9	128	128	4	0.30	B3_ModernHopfield	3002	0.820312	0.911133	0.000000	0.482666	0.000000	0.000000	0.000000	30355.00
128	9	128	128	4	0.30	Candidate_LatentCP3_SVD	3003	0.000000	0.260742	0.000000	0.245361	0.667840	55.023176	0.640884	174935.00
128	9	128	128	4	0.30	Candidate_LatentCP3_TP	3003	0.000000	0.336792	0.000000	0.271362	0.745547	46.956144	0.593661	174182.00
128	9	128	128	4	0.30	B0_Pairwise_LowRank	3003	0.000000	0.339478	0.000000	0.251709	0.000000	0.000000	0.000000	73954.00
128	9	128	128	4	0.30	B1_LinearSVD	3003	0.000000	0.422974	0.000000	0.350098	0.000000	0.000000	0.000000	6421.00
128	9	128	128	4	0.30	B2_1NN_Oracle	3003	0.914062	0.949829	0.000000	0.516113	0.000000	0.000000	0.000000	1471.00
128	9	128	128	4	0.30	B3_ModernHopfield	3003	0.914062	0.949341	0.000000	0.518555	0.000000	0.000000	0.000000	24244.00
128	9	128	128	4	0.30	Candidate_LatentCP3_SVD	3004	0.000000	0.289062	0.000000	0.220581	0.711062	53.139596	0.630355	134644.00
128	9	128	128	4	0.30	Candidate_LatentCP3_TP	3004	0.000000	0.281860	0.000000	0.218628	0.758608	46.625989	0.570859	220045.00
128	9	128	128	4	0.30	B0_Pairwise_LowRank	3004	0.000000	0.335815	0.000000	0.205811	0.000000	0.000000	0.000000	98907.00
128	9	128	128	4	0.30	B1_LinearSVD	3004	0.000000	0.447510	0.000000	0.305908	0.000000	0.000000	0.000000	11512.00
128	9	128	128	4	0.30	B2_1NN_Oracle	3004	0.898438	0.937012	0.000000	0.477661	0.000000	0.000000	0.000000	1772.00
128	9	128	128	4	0.30	B3_ModernHopfield	3004	0.914062	0.954224	0.000000	0.488281	0.000000	0.000000	0.000000	21676.00
128	9	128	128	4	0.30	Candidate_LatentCP3_SVD	3005	0.000000	0.269043	0.000000	0.209473	0.711237	54.248027	0.634867	115436.00
128	9	128	128	4	0.30	Candidate_LatentCP3_TP	3005	0.000000	0.328735	0.000000	0.265869	0.736876	50.088680	0.605689	152321.00
128	9	128	128	4	0.30	B0_Pairwise_LowRank	3005	0.000000	0.315674	0.000000	0.227783	0.000000	0.000000	0.000000	118389.00
128	9	128	128	4	0.30	B1_LinearSVD	3005	0.000000	0.453247	0.000000	0.326904	0.000000	0.000000	0.000000	21955.00
128	9	128	128	4	0.30	B2_1NN_Oracle	3005	0.875000	0.937500	0.000000	0.496826	0.000000	0.000000	0.000000	1719.00
128	9	128	128	4	0.30	B3_ModernHopfield	3005	0.867188	0.937866	0.000000	0.495972	0.000000	0.000000	0.000000	32611.00
128	9	128	128	4	0.30	Candidate_LatentCP3_SVD	3006	0.000000	0.246094	0.000000	0.234253	0.629516	60.734369	0.646037	207125.00
128	9	128	128	4	0.30	Candidate_LatentCP3_TP	3006	0.000000	0.305054	0.000000	0.248535	0.699092	49.411977	0.591770	121326.00
128	9	128	128	4	0.30	B0_Pairwise_LowRank	3006	0.000000	0.330078	0.000000	0.231689	0.000000	0.000000	0.000000	85280.00
128	9	128	128	4	0.30	B1_LinearSVD	3006	0.000000	0.437988	0.000000	0.355469	0.000000	0.000000	0.000000	9360.00
128	9	128	128	4	0.30	B2_1NN_Oracle	3006	0.898438	0.943726	0.000000	0.507935	0.000000	0.000000	0.000000	1291.00
128	9	128	128	4	0.30	B3_ModernHopfield	3006	0.875000	0.936157	0.000000	0.509277	0.000000	0.000000	0.000000	20499.00
128	9	128	128	4	0.30	Candidate_LatentCP3_SVD	3007	0.000000	0.269165	0.000000	0.230103	0.688592	55.770672	0.655225	131837.00
128	9	128	128	4	0.30	Candidate_LatentCP3_TP	3007	0.000000	0.315063	0.000000	0.245483	0.716946	45.367728	0.563045	193567.00
128	9	128	128	4	0.30	B0_Pairwise_LowRank	3007	0.000000	0.372070	0.000000	0.250122	0.000000	0.000000	0.000000	76155.00
128	9	128	128	4	0.30	B1_LinearSVD	3007	0.000000	0.436646	0.000000	0.312500	0.000000	0.000000	0.000000	11309.00
128	9	128	128	4	0.30	B2_1NN_Oracle	3007	0.890625	0.933105	0.000000	0.490234	0.000000	0.000000	0.000000	1670.00
128	9	128	128	4	0.30	B3_ModernHopfield	3007	0.890625	0.936523	0.000000	0.476929	0.000000	0.000000	0.000000	21107.00
128	9	128	128	4	0.30	Candidate_LatentCP3_SVD	3008	0.000000	0.293945	0.000000	0.258423	0.641395	59.546040	0.669570	134156.00
128	9	128	128	4	0.30	Candidate_LatentCP3_TP	3008	0.000000	0.321655	0.000000	0.253540	0.761147	45.010544	0.585258	134416.00
128	9	128	128	4	0.30	B0_Pairwise_LowRank	3008	0.000000	0.312622	0.000000	0.251465	0.000000	0.000000	0.000000	83394.00
128	9	128	128	4	0.30	B1_LinearSVD	3008	0.000000	0.426636	0.000000	0.343750	0.000000	0.000000	0.000000	8530.00
128	9	128	128	4	0.30	B2_1NN_Oracle	3008	0.828125	0.901489	0.000000	0.484985	0.000000	0.000000	0.000000	1345.00
128	9	128	128	4	0.30	B3_ModernHopfield	3008	0.812500	0.893188	0.000000	0.492676	0.000000	0.000000	0.000000	15902.00
128	9	128	128	4	0.30	Candidate_LatentCP3_SVD	3009	0.000000	0.266479	0.000000	0.228638	0.660578	58.266441	0.656636	106480.00
128	9	128	128	4	0.30	Candidate_LatentCP3_TP	3009	0.000000	0.352417	0.000000	0.269409	0.780289	42.669731	0.536118	136380.00
128	9	128	128	4	0.30	B0_Pairwise_LowRank	3009	0.000000	0.366211	0.000000	0.295166	0.000000	0.000000	0.000000	73106.00
128	9	128	128	4	0.30	B1_LinearSVD	3009	0.000000	0.426636	0.000000	0.364624	0.000000	0.000000	0.000000	7241.00
128	9	128	128	4	0.30	B2_1NN_Oracle	3009	0.921875	0.956787	0.000000	0.500366	0.000000	0.000000	0.000000	1720.00
128	9	128	128	4	0.30	B3_ModernHopfield	3009	0.906250	0.949219	0.000000	0.511353	0.000000	0.000000	0.000000	24812.00
128	9	128	128	4	0.30	Candidate_LatentCP3_SVD	3010	0.000000	0.275269	0.000000	0.240234	0.706934	55.781255	0.659926	118459.00
128	9	128	128	4	0.30	Candidate_LatentCP3_TP	3010	0.000000	0.313354	0.000000	0.266113	0.737646	50.215938	0.614134	147354.00
128	9	128	128	4	0.30	B0_Pairwise_LowRank	3010	0.000000	0.364624	0.000000	0.243408	0.000000	0.000000	0.000000	75643.00
128	9	128	128	4	0.30	B1_LinearSVD	3010	0.000000	0.444092	0.000000	0.323730	0.000000	0.000000	0.000000	7285.00
128	9	128	128	4	0.30	B2_1NN_Oracle	3010	0.859375	0.922119	0.000000	0.450806	0.000000	0.000000	0.000000	1196.00
128	9	128	128	4	0.30	B3_ModernHopfield	3010	0.859375	0.923096	0.000000	0.458008	0.000000	0.000000	0.000000	18434.00
128	9	128	128	4	0.30	Candidate_LatentCP3_SVD	3011	0.000000	0.244873	0.000000	0.228516	0.749014	50.528532	0.594683	159491.00
128	9	128	128	4	0.30	Candidate_LatentCP3_TP	3011	0.000000	0.337402	0.000000	0.242188	0.730638	49.231004	0.617635	157921.00
128	9	128	128	4	0.30	B0_Pairwise_LowRank	3011	0.000000	0.342407	0.000000	0.237305	0.000000	0.000000	0.000000	147300.00
128	9	128	128	4	0.30	B1_LinearSVD	3011	0.000000	0.427856	0.000000	0.328003	0.000000	0.000000	0.000000	11984.00
128	9	128	128	4	0.30	B2_1NN_Oracle	3011	0.929688	0.963989	0.000000	0.487305	0.000000	0.000000	0.000000	1699.00
128	9	128	128	4	0.30	B3_ModernHopfield	3011	0.914062	0.958862	0.000000	0.501587	0.000000	0.000000	0.000000	28989.00
128	9	128	128	4	0.30	Candidate_LatentCP3_SVD	3012	0.000000	0.242554	0.000000	0.229370	0.735825	50.251350	0.595590	152049.00
128	9	128	128	4	0.30	Candidate_LatentCP3_TP	3012	0.000000	0.285156	0.000000	0.221680	0.748145	46.228032	0.576186	174667.00
128	9	128	128	4	0.30	B0_Pairwise_LowRank	3012	0.000000	0.319092	0.000000	0.239380	0.000000	0.000000	0.000000	98762.00
128	9	128	128	4	0.30	B1_LinearSVD	3012	0.000000	0.444580	0.000000	0.342651	0.000000	0.000000	0.000000	17337.00
128	9	128	128	4	0.30	B2_1NN_Oracle	3012	0.906250	0.947876	0.000000	0.488159	0.000000	0.000000	0.000000	1766.00
128	9	128	128	4	0.30	B3_ModernHopfield	3012	0.890625	0.946045	0.000000	0.500244	0.000000	0.000000	0.000000	24551.00
128	9	128	128	4	0.30	Candidate_LatentCP3_SVD	3013	0.000000	0.301758	0.000000	0.260132	0.708442	55.800227	0.651280	127120.00
128	9	128	128	4	0.30	Candidate_LatentCP3_TP	3013	0.000000	0.347046	0.000000	0.263916	0.727703	51.162346	0.625241	201922.00
128	9	128	128	4	0.30	B0_Pairwise_LowRank	3013	0.000000	0.320435	0.000000	0.225586	0.000000	0.000000	0.000000	149026.00
128	9	128	128	4	0.30	B1_LinearSVD	3013	0.000000	0.423096	0.000000	0.326294	0.000000	0.000000	0.000000	20232.00
128	9	128	128	4	0.30	B2_1NN_Oracle	3013	0.890625	0.936768	0.000000	0.476196	0.000000	0.000000	0.000000	1749.00
128	9	128	128	4	0.30	B3_ModernHopfield	3013	0.859375	0.922729	0.000000	0.484009	0.000000	0.000000	0.000000	25281.00
128	9	128	128	4	0.30	Candidate_LatentCP3_SVD	3014	0.000000	0.251587	0.000000	0.214233	0.698880	55.402486	0.643845	133353.00
128	9	128	128	4	0.30	Candidate_LatentCP3_TP	3014	0.000000	0.295410	0.000000	0.222412	0.771288	46.234011	0.605965	186292.00
128	9	128	128	4	0.30	B0_Pairwise_LowRank	3014	0.000000	0.349121	0.000000	0.274414	0.000000	0.000000	0.000000	105015.00
128	9	128	128	4	0.30	B1_LinearSVD	3014	0.000000	0.430786	0.000000	0.351318	0.000000	0.000000	0.000000	11939.00
128	9	128	128	4	0.30	B2_1NN_Oracle	3014	0.914062	0.948486	0.000000	0.479858	0.000000	0.000000	0.000000	1668.00
128	9	128	128	4	0.30	B3_ModernHopfield	3014	0.914062	0.949463	0.000000	0.487915	0.000000	0.000000	0.000000	25104.00
128	9	128	128	4	0.30	Candidate_LatentCP3_SVD	3015	0.000000	0.247803	0.000000	0.234985	0.705215	55.501634	0.659324	116216.00
128	9	128	128	4	0.30	Candidate_LatentCP3_TP	3015	0.000000	0.321533	0.000000	0.239502	0.791737	43.982258	0.602637	100803.00
128	9	128	128	4	0.30	B0_Pairwise_LowRank	3015	0.000000	0.298218	0.000000	0.235596	0.000000	0.000000	0.000000	62445.00
128	9	128	128	4	0.30	B1_LinearSVD	3015	0.000000	0.434326	0.000000	0.341553	0.000000	0.000000	0.000000	11843.00
128	9	128	128	4	0.30	B2_1NN_Oracle	3015	0.898438	0.935303	0.000000	0.503540	0.000000	0.000000	0.000000	1658.00
128	9	128	128	4	0.30	B3_ModernHopfield	3015	0.890625	0.936401	0.000000	0.506592	0.000000	0.000000	0.000000	21645.00
128	9	128	128	4	0.30	Candidate_LatentCP3_SVD	3016	0.000000	0.270996	0.000000	0.258423	0.677429	55.291547	0.630629	86422.00
128	9	128	128	4	0.30	Candidate_LatentCP3_TP	3016	0.000000	0.344482	0.000000	0.255737	0.785371	42.537685	0.558180	109495.00
128	9	128	128	4	0.30	B0_Pairwise_LowRank	3016	0.000000	0.304565	0.000000	0.242676	0.000000	0.000000	0.000000	103696.00
128	9	128	128	4	0.30	B1_LinearSVD	3016	0.000000	0.418091	0.000000	0.352905	0.000000	0.000000	0.000000	12221.00
128	9	128	128	4	0.30	B2_1NN_Oracle	3016	0.875000	0.927124	0.000000	0.492554	0.000000	0.000000	0.000000	1729.00
128	9	128	128	4	0.30	B3_ModernHopfield	3016	0.859375	0.918701	0.000000	0.484985	0.000000	0.000000	0.000000	24444.00
128	9	128	128	4	0.30	Candidate_LatentCP3_SVD	3017	0.000000	0.225830	0.000000	0.215576	0.692778	56.451751	0.625589	167922.00
128	9	128	128	4	0.30	Candidate_LatentCP3_TP	3017	0.000000	0.324097	0.000000	0.260864	0.709395	58.085161	0.678342	106527.00
128	9	128	128	4	0.30	B0_Pairwise_LowRank	3017	0.000000	0.357422	0.000000	0.244263	0.000000	0.000000	0.000000	105348.00
128	9	128	128	4	0.30	B1_LinearSVD	3017	0.000000	0.420288	0.000000	0.341675	0.000000	0.000000	0.000000	11684.00
128	9	128	128	4	0.30	B2_1NN_Oracle	3017	0.882812	0.938354	0.000000	0.511963	0.000000	0.000000	0.000000	1773.00
128	9	128	128	4	0.30	B3_ModernHopfield	3017	0.859375	0.927612	0.000000	0.512817	0.000000	0.000000	0.000000	20827.00
128	9	128	128	4	0.30	Candidate_LatentCP3_SVD	3018	0.000000	0.244019	0.000000	0.200439	0.714962	55.301770	0.669645	126662.00
128	9	128	128	4	0.30	Candidate_LatentCP3_TP	3018	0.000000	0.310913	0.000000	0.252197	0.747223	49.572006	0.638037	116015.00
128	9	128	128	4	0.30	B0_Pairwise_LowRank	3018	0.000000	0.281616	0.000000	0.205444	0.000000	0.000000	0.000000	76769.00
128	9	128	128	4	0.30	B1_LinearSVD	3018	0.000000	0.429443	0.000000	0.317383	0.000000	0.000000	0.000000	6595.00
128	9	128	128	4	0.30	B2_1NN_Oracle	3018	0.929688	0.961182	0.000000	0.460205	0.000000	0.000000	0.000000	1149.00
128	9	128	128	4	0.30	B3_ModernHopfield	3018	0.906250	0.948120	0.000000	0.470947	0.000000	0.000000	0.000000	14180.00
128	9	128	128	4	0.30	Candidate_LatentCP3_SVD	3019	0.000000	0.312256	0.000000	0.240601	0.712441	51.905310	0.623726	176607.00
128	9	128	128	4	0.30	Candidate_LatentCP3_TP	3019	0.000000	0.360718	0.000000	0.285156	0.742312	46.430961	0.570722	177726.00
128	9	128	128	4	0.30	B0_Pairwise_LowRank	3019	0.000000	0.377319	0.000000	0.298218	0.000000	0.000000	0.000000	82686.00
128	9	128	128	4	0.30	B1_LinearSVD	3019	0.000000	0.440796	0.000000	0.352051	0.000000	0.000000	0.000000	12479.00
128	9	128	128	4	0.30	B2_1NN_Oracle	3019	0.898438	0.943481	0.000000	0.500000	0.000000	0.000000	0.000000	1794.00
128	9	128	128	4	0.30	B3_ModernHopfield	3019	0.890625	0.941650	0.000000	0.501343	0.000000	0.000000	0.000000	24926.00
128	9	128	128	4	0.30	Candidate_LatentCP3_SVD	3020	0.000000	0.329346	0.000000	0.272827	0.694226	53.345452	0.630073	115720.00
128	9	128	128	4	0.30	Candidate_LatentCP3_TP	3020	0.000000	0.353638	0.000000	0.280151	0.754943	46.254711	0.579205	164776.00
128	9	128	128	4	0.30	B0_Pairwise_LowRank	3020	0.000000	0.339600	0.000000	0.220947	0.000000	0.000000	0.000000	89940.00
128	9	128	128	4	0.30	B1_LinearSVD	3020	0.000000	0.447632	0.000000	0.333130	0.000000	0.000000	0.000000	6624.00
128	9	128	128	4	0.30	B2_1NN_Oracle	3020	0.882812	0.934204	0.000000	0.493164	0.000000	0.000000	0.000000	1297.00
128	9	128	128	4	0.30	B3_ModernHopfield	3020	0.890625	0.940430	0.000000	0.501831	0.000000	0.000000	0.000000	36848.00
128	9	128	128	8	0.15	Candidate_LatentCP3_SVD	3001	0.000000	0.345215	0.000000	0.304077	0.704358	51.114370	0.690166	279046.00
128	9	128	128	8	0.15	Candidate_LatentCP3_TP	3001	0.000000	0.381348	0.000000	0.292236	0.621630	70.783186	0.800108	221872.00
128	9	128	128	8	0.15	B0_Pairwise_LowRank	3001	0.000000	0.479614	0.000000	0.346069	0.000000	0.000000	0.000000	134611.00
128	9	128	128	8	0.15	B1_LinearSVD	3001	0.000000	0.789429	0.000000	0.705078	0.000000	0.000000	0.000000	18354.00
128	9	128	128	8	0.15	B2_1NN_Oracle	3001	1.000000	1.000000	0.000000	0.589111	0.000000	0.000000	0.000000	2031.00
128	9	128	128	8	0.15	B3_ModernHopfield	3001	1.000000	1.000000	0.000000	0.586548	0.000000	0.000000	0.000000	14115.00
128	9	128	128	8	0.15	Candidate_LatentCP3_SVD	3002	0.000000	0.332031	0.000000	0.342773	0.712896	49.523730	0.685661	164512.00
128	9	128	128	8	0.15	Candidate_LatentCP3_TP	3002	0.000000	0.393921	0.000000	0.309082	0.745927	46.969456	0.680142	303404.00
128	9	128	128	8	0.15	B0_Pairwise_LowRank	3002	0.000000	0.505859	0.000000	0.394409	0.000000	0.000000	0.000000	128185.00
128	9	128	128	8	0.15	B1_LinearSVD	3002	0.000000	0.776733	0.000000	0.713379	0.000000	0.000000	0.000000	19499.00
128	9	128	128	8	0.15	B2_1NN_Oracle	3002	1.000000	1.000000	0.000000	0.587036	0.000000	0.000000	0.000000	1629.00
128	9	128	128	8	0.15	B3_ModernHopfield	3002	1.000000	1.000000	0.000000	0.590210	0.000000	0.000000	0.000000	25256.00
128	9	128	128	8	0.15	Candidate_LatentCP3_SVD	3003	0.000000	0.317383	0.000000	0.291016	0.679494	51.749893	0.693143	193426.00
128	9	128	128	8	0.15	Candidate_LatentCP3_TP	3003	0.000000	0.344971	0.000000	0.286621	0.757558	46.919894	0.713173	284826.00
128	9	128	128	8	0.15	B0_Pairwise_LowRank	3003	0.000000	0.538330	0.000000	0.445068	0.000000	0.000000	0.000000	104501.00
128	9	128	128	8	0.15	B1_LinearSVD	3003	0.000000	0.779663	0.000000	0.719604	0.000000	0.000000	0.000000	11204.00
128	9	128	128	8	0.15	B2_1NN_Oracle	3003	1.000000	1.000000	0.000000	0.600464	0.000000	0.000000	0.000000	1127.00
128	9	128	128	8	0.15	B3_ModernHopfield	3003	1.000000	1.000000	0.000000	0.607178	0.000000	0.000000	0.000000	21911.00
128	9	128	128	8	0.15	Candidate_LatentCP3_SVD	3004	0.000000	0.308838	0.000000	0.260254	0.714773	50.914832	0.700422	254276.00
128	9	128	128	8	0.15	Candidate_LatentCP3_TP	3004	0.000000	0.293701	0.000000	0.215088	0.697693	55.035964	0.728641	320210.00
128	9	128	128	8	0.15	B0_Pairwise_LowRank	3004	0.000000	0.448608	0.000000	0.328491	0.000000	0.000000	0.000000	102502.00
128	9	128	128	8	0.15	B1_LinearSVD	3004	0.000000	0.788086	0.000000	0.709229	0.000000	0.000000	0.000000	15823.00
128	9	128	128	8	0.15	B2_1NN_Oracle	3004	1.000000	1.000000	0.000000	0.594727	0.000000	0.000000	0.000000	1121.00
128	9	128	128	8	0.15	B3_ModernHopfield	3004	1.000000	1.000000	0.000000	0.598633	0.000000	0.000000	0.000000	21531.00
128	9	128	128	8	0.15	Candidate_LatentCP3_SVD	3005	0.000000	0.326294	0.000000	0.300049	0.705156	50.641286	0.686157	219819.00
128	9	128	128	8	0.15	Candidate_LatentCP3_TP	3005	0.000000	0.324097	0.000000	0.257935	0.708663	52.823904	0.718081	312061.00
128	9	128	128	8	0.15	B0_Pairwise_LowRank	3005	0.000000	0.439575	0.000000	0.311768	0.000000	0.000000	0.000000	90567.00
128	9	128	128	8	0.15	B1_LinearSVD	3005	0.000000	0.791504	0.000000	0.707886	0.000000	0.000000	0.000000	13048.00
128	9	128	128	8	0.15	B2_1NN_Oracle	3005	1.000000	1.000000	0.000000	0.593506	0.000000	0.000000	0.000000	1614.00
128	9	128	128	8	0.15	B3_ModernHopfield	3005	1.000000	1.000000	0.000000	0.596069	0.000000	0.000000	0.000000	20252.00
128	9	128	128	8	0.15	Candidate_LatentCP3_SVD	3006	0.000000	0.308105	0.000000	0.327515	0.638083	56.395779	0.720989	173082.00
128	9	128	128	8	0.15	Candidate_LatentCP3_TP	3006	0.000000	0.313354	0.000000	0.230835	0.690696	53.533545	0.711986	379544.00
128	9	128	128	8	0.15	B0_Pairwise_LowRank	3006	0.000000	0.447510	0.000000	0.358643	0.000000	0.000000	0.000000	105968.00
128	9	128	128	8	0.15	B1_LinearSVD	3006	0.000000	0.764526	0.000000	0.723389	0.000000	0.000000	0.000000	11865.00
128	9	128	128	8	0.15	B2_1NN_Oracle	3006	1.000000	1.000000	0.000000	0.591187	0.000000	0.000000	0.000000	1370.00
128	9	128	128	8	0.15	B3_ModernHopfield	3006	1.000000	1.000000	0.000000	0.589111	0.000000	0.000000	0.000000	14394.00
128	9	128	128	8	0.15	Candidate_LatentCP3_SVD	3007	0.000000	0.358765	0.000000	0.321045	0.681559	53.245946	0.705655	154412.00
128	9	128	128	8	0.15	Candidate_LatentCP3_TP	3007	0.000000	0.383179	0.000000	0.303467	0.725257	45.865574	0.678529	268621.00
128	9	128	128	8	0.15	B0_Pairwise_LowRank	3007	0.000000	0.548828	0.000000	0.407593	0.000000	0.000000	0.000000	110882.00
128	9	128	128	8	0.15	B1_LinearSVD	3007	0.000000	0.782471	0.000000	0.693848	0.000000	0.000000	0.000000	19316.00
128	9	128	128	8	0.15	B2_1NN_Oracle	3007	1.000000	1.000000	0.000000	0.592285	0.000000	0.000000	0.000000	1642.00
128	9	128	128	8	0.15	B3_ModernHopfield	3007	1.000000	1.000000	0.000000	0.593506	0.000000	0.000000	0.000000	18155.00
128	9	128	128	8	0.15	Candidate_LatentCP3_SVD	3008	0.000000	0.344360	0.000000	0.314941	0.666358	53.601517	0.708279	256406.00
128	9	128	128	8	0.15	Candidate_LatentCP3_TP	3008	0.000000	0.330566	0.000000	0.271118	0.741659	46.391138	0.669933	281074.00
128	9	128	128	8	0.15	B0_Pairwise_LowRank	3008	0.000000	0.455078	0.000000	0.368896	0.000000	0.000000	0.000000	117569.00
128	9	128	128	8	0.15	B1_LinearSVD	3008	0.000000	0.774292	0.000000	0.698120	0.000000	0.000000	0.000000	17284.00
128	9	128	128	8	0.15	B2_1NN_Oracle	3008	1.000000	1.000000	0.000000	0.583740	0.000000	0.000000	0.000000	1622.00
128	9	128	128	8	0.15	B3_ModernHopfield	3008	1.000000	1.000000	0.000000	0.582642	0.000000	0.000000	0.000000	24363.00
128	9	128	128	8	0.15	Candidate_LatentCP3_SVD	3009	0.000000	0.303101	0.000000	0.311646	0.668273	54.663313	0.713263	259661.00
128	9	128	128	8	0.15	Candidate_LatentCP3_TP	3009	0.000000	0.395386	0.000000	0.292603	0.708663	48.582932	0.687396	240308.00
128	9	128	128	8	0.15	B0_Pairwise_LowRank	3009	0.000000	0.501831	0.000000	0.404419	0.000000	0.000000	0.000000	92588.00
128	9	128	128	8	0.15	B1_LinearSVD	3009	0.000000	0.791504	0.000000	0.714600	0.000000	0.000000	0.000000	18052.00
128	9	128	128	8	0.15	B2_1NN_Oracle	3009	1.000000	1.000000	0.000000	0.600586	0.000000	0.000000	0.000000	1684.00
128	9	128	128	8	0.15	B3_ModernHopfield	3009	1.000000	1.000000	0.000000	0.601685	0.000000	0.000000	0.000000	24349.00
128	9	128	128	8	0.15	Candidate_LatentCP3_SVD	3010	0.000000	0.339966	0.000000	0.313721	0.681786	53.767235	0.706368	224593.00
128	9	128	128	8	0.15	Candidate_LatentCP3_TP	3010	0.000000	0.257935	0.000000	0.205566	0.721307	51.478644	0.729027	284406.00
128	9	128	128	8	0.15	B0_Pairwise_LowRank	3010	0.000000	0.516846	0.000000	0.419800	0.000000	0.000000	0.000000	90758.00
128	9	128	128	8	0.15	B1_LinearSVD	3010	0.000000	0.784912	0.000000	0.714722	0.000000	0.000000	0.000000	10254.00
128	9	128	128	8	0.15	B2_1NN_Oracle	3010	1.000000	1.000000	0.000000	0.586914	0.000000	0.000000	0.000000	1643.00
128	9	128	128	8	0.15	B3_ModernHopfield	3010	1.000000	1.000000	0.000000	0.586060	0.000000	0.000000	0.000000	21416.00
128	9	128	128	8	0.15	Candidate_LatentCP3_SVD	3011	0.000000	0.274170	0.000000	0.265991	0.686730	53.939962	0.704475	214877.00
128	9	128	128	8	0.15	Candidate_LatentCP3_TP	3011	0.000000	0.373169	0.000000	0.293335	0.659124	60.623330	0.785475	208668.00
128	9	128	128	8	0.15	B0_Pairwise_LowRank	3011	0.000000	0.485107	0.000000	0.354248	0.000000	0.000000	0.000000	93153.00
128	9	128	128	8	0.15	B1_LinearSVD	3011	0.000000	0.779175	0.000000	0.704712	0.000000	0.000000	0.000000	19201.00
128	9	128	128	8	0.15	B2_1NN_Oracle	3011	1.000000	1.000000	0.000000	0.590210	0.000000	0.000000	0.000000	1608.00
128	9	128	128	8	0.15	B3_ModernHopfield	3011	1.000000	1.000000	0.000000	0.592407	0.000000	0.000000	0.000000	20513.00
128	9	128	128	8	0.15	Candidate_LatentCP3_SVD	3012	0.000000	0.318481	0.000000	0.353027	0.696612	50.481645	0.682101	184983.00
128	9	128	128	8	0.15	Candidate_LatentCP3_TP	3012	0.000000	0.307373	0.000000	0.237183	0.690872	54.204651	0.726664	347680.00
128	9	128	128	8	0.15	B0_Pairwise_LowRank	3012	0.000000	0.452881	0.000000	0.368774	0.000000	0.000000	0.000000	145053.00
128	9	128	128	8	0.15	B1_LinearSVD	3012	0.000000	0.790649	0.000000	0.716919	0.000000	0.000000	0.000000	28201.00
128	9	128	128	8	0.15	B2_1NN_Oracle	3012	1.000000	1.000000	0.000000	0.595947	0.000000	0.000000	0.000000	1366.00
128	9	128	128	8	0.15	B3_ModernHopfield	3012	1.000000	1.000000	0.000000	0.602295	0.000000	0.000000	0.000000	21451.00
128	9	128	128	8	0.15	Candidate_LatentCP3_SVD	3013	0.000000	0.352417	0.000000	0.318726	0.672676	54.311754	0.715535	204747.00
128	9	128	128	8	0.15	Candidate_LatentCP3_TP	3013	0.000000	0.243530	0.000000	0.194214	0.660793	62.529277	0.802408	335941.00
128	9	128	128	8	0.15	B0_Pairwise_LowRank	3013	0.000000	0.461670	0.000000	0.382812	0.000000	0.000000	0.000000	122716.00
128	9	128	128	8	0.15	B1_LinearSVD	3013	0.000000	0.782715	0.000000	0.704834	0.000000	0.000000	0.000000	10093.00
128	9	128	128	8	0.15	B2_1NN_Oracle	3013	1.000000	1.000000	0.000000	0.598022	0.000000	0.000000	0.000000	1207.00
128	9	128	128	8	0.15	B3_ModernHopfield	3013	1.000000	1.000000	0.000000	0.595947	0.000000	0.000000	0.000000	22582.00
128	9	128	128	8	0.15	Candidate_LatentCP3_SVD	3014	0.000000	0.331787	0.000000	0.331543	0.682556	53.723176	0.705585	203168.00
128	9	128	128	8	0.15	Candidate_LatentCP3_TP	3014	0.000000	0.325562	0.000000	0.258179	0.671565	59.991448	0.763370	228042.00
128	9	128	128	8	0.15	B0_Pairwise_LowRank	3014	0.000000	0.536743	0.000000	0.442627	0.000000	0.000000	0.000000	108214.00
128	9	128	128	8	0.15	B1_LinearSVD	3014	0.000000	0.781616	0.000000	0.705322	0.000000	0.000000	0.000000	18334.00
128	9	128	128	8	0.15	B2_1NN_Oracle	3014	1.000000	1.000000	0.000000	0.582397	0.000000	0.000000	0.000000	1525.00
128	9	128	128	8	0.15	B3_ModernHopfield	3014	1.000000	1.000000	0.000000	0.582153	0.000000	0.000000	0.000000	24616.00
128	9	128	128	8	0.15	Candidate_LatentCP3_SVD	3015	0.000000	0.301758	0.000000	0.299805	0.678045	51.929595	0.699781	192918.00
128	9	128	128	8	0.15	Candidate_LatentCP3_TP	3015	0.000000	0.308228	0.000000	0.215454	0.754702	47.754277	0.688693	310966.00
128	9	128	128	8	0.15	B0_Pairwise_LowRank	3015	0.000000	0.393188	0.000000	0.312988	0.000000	0.000000	0.000000	101830.00
128	9	128	128	8	0.15	B1_LinearSVD	3015	0.000000	0.786011	0.000000	0.714233	0.000000	0.000000	0.000000	17632.00
128	9	128	128	8	0.15	B2_1NN_Oracle	3015	1.000000	1.000000	0.000000	0.604492	0.000000	0.000000	0.000000	3470.00
128	9	128	128	8	0.15	B3_ModernHopfield	3015	1.000000	1.000000	0.000000	0.601562	0.000000	0.000000	0.000000	24766.00
128	9	128	128	8	0.15	Candidate_LatentCP3_SVD	3016	0.000000	0.329956	0.000000	0.312012	0.664306	53.081202	0.704726	282611.00
128	9	128	128	8	0.15	Candidate_LatentCP3_TP	3016	0.000000	0.409424	0.000000	0.299316	0.738140	46.928183	0.684520	225314.00
128	9	128	128	8	0.15	B0_Pairwise_LowRank	3016	0.000000	0.533691	0.000000	0.405518	0.000000	0.000000	0.000000	175303.00
128	9	128	128	8	0.15	B1_LinearSVD	3016	0.000000	0.783936	0.000000	0.716431	0.000000	0.000000	0.000000	19341.00
128	9	128	128	8	0.15	B2_1NN_Oracle	3016	1.000000	1.000000	0.000000	0.583862	0.000000	0.000000	0.000000	1531.00
128	9	128	128	8	0.15	B3_ModernHopfield	3016	1.000000	1.000000	0.000000	0.586304	0.000000	0.000000	0.000000	16292.00
128	9	128	128	8	0.15	Candidate_LatentCP3_SVD	3017	0.000000	0.301025	0.000000	0.304932	0.670042	54.736109	0.711609	321494.00
128	9	128	128	8	0.15	Candidate_LatentCP3_TP	3017	0.000000	0.272339	0.000000	0.243042	0.704145	55.624672	0.758233	335428.00
128	9	128	128	8	0.15	B0_Pairwise_LowRank	3017	0.000000	0.461548	0.000000	0.355469	0.000000	0.000000	0.000000	99968.00
128	9	128	128	8	0.15	B1_LinearSVD	3017	0.000000	0.775391	0.000000	0.726440	0.000000	0.000000	0.000000	18562.00
128	9	128	128	8	0.15	B2_1NN_Oracle	3017	1.000000	1.000000	0.000000	0.603638	0.000000	0.000000	0.000000	1722.00
128	9	128	128	8	0.15	B3_ModernHopfield	3017	1.000000	1.000000	0.000000	0.610596	0.000000	0.000000	0.000000	29331.00
128	9	128	128	8	0.15	Candidate_LatentCP3_SVD	3018	0.000000	0.307861	0.000000	0.266113	0.654456	54.912253	0.719549	217025.00
128	9	128	128	8	0.15	Candidate_LatentCP3_TP	3018	0.000000	0.296631	0.000000	0.225098	0.680237	56.665386	0.763739	269154.00
128	9	128	128	8	0.15	B0_Pairwise_LowRank	3018	0.000000	0.414185	0.000000	0.342773	0.000000	0.000000	0.000000	154467.00
128	9	128	128	8	0.15	B1_LinearSVD	3018	0.000000	0.787476	0.000000	0.709229	0.000000	0.000000	0.000000	13949.00
128	9	128	128	8	0.15	B2_1NN_Oracle	3018	1.000000	1.000000	0.000000	0.579224	0.000000	0.000000	0.000000	1639.00
128	9	128	128	8	0.15	B3_ModernHopfield	3018	1.000000	1.000000	0.000000	0.581787	0.000000	0.000000	0.000000	26000.00
128	9	128	128	8	0.15	Candidate_LatentCP3_SVD	3019	0.000000	0.354736	0.000000	0.299072	0.690513	50.137599	0.684289	278468.00
128	9	128	128	8	0.15	Candidate_LatentCP3_TP	3019	0.000000	0.369995	0.000000	0.300171	0.733553	49.059531	0.691207	321244.00
128	9	128	128	8	0.15	B0_Pairwise_LowRank	3019	0.000000	0.527344	0.000000	0.430054	0.000000	0.000000	0.000000	146980.00
128	9	128	128	8	0.15	B1_LinearSVD	3019	0.000000	0.776978	0.000000	0.717041	0.000000	0.000000	0.000000	13978.00
128	9	128	128	8	0.15	B2_1NN_Oracle	3019	1.000000	1.000000	0.000000	0.591064	0.000000	0.000000	0.000000	1177.00
128	9	128	128	8	0.15	B3_ModernHopfield	3019	1.000000	1.000000	0.000000	0.597656	0.000000	0.000000	0.000000	23199.00
128	9	128	128	8	0.15	Candidate_LatentCP3_SVD	3020	0.000000	0.400635	0.000000	0.345703	0.673915	52.286180	0.695102	172005.00
128	9	128	128	8	0.15	Candidate_LatentCP3_TP	3020	0.000000	0.309082	0.000000	0.241333	0.700003	52.849983	0.728086	327332.00
128	9	128	128	8	0.15	B0_Pairwise_LowRank	3020	0.000000	0.457153	0.000000	0.325317	0.000000	0.000000	0.000000	110459.00
128	9	128	128	8	0.15	B1_LinearSVD	3020	0.000000	0.791260	0.000000	0.699219	0.000000	0.000000	0.000000	16858.00
128	9	128	128	8	0.15	B2_1NN_Oracle	3020	1.000000	1.000000	0.000000	0.598145	0.000000	0.000000	0.000000	1180.00
128	9	128	128	8	0.15	B3_ModernHopfield	3020	1.000000	1.000000	0.000000	0.603882	0.000000	0.000000	0.000000	34777.00
128	9	128	128	8	0.30	Candidate_LatentCP3_SVD	3001	0.000000	0.302368	0.000000	0.256592	0.704358	51.114370	0.690166	150372.00
128	9	128	128	8	0.30	Candidate_LatentCP3_TP	3001	0.000000	0.328125	0.000000	0.236328	0.621630	70.783186	0.800108	247515.00
128	9	128	128	8	0.30	B0_Pairwise_LowRank	3001	0.000000	0.387085	0.000000	0.279907	0.000000	0.000000	0.000000	112300.00
128	9	128	128	8	0.30	B1_LinearSVD	3001	0.000000	0.624390	0.000000	0.551636	0.000000	0.000000	0.000000	18083.00
128	9	128	128	8	0.30	B2_1NN_Oracle	3001	0.929688	0.960083	0.000000	0.485596	0.000000	0.000000	0.000000	1556.00
128	9	128	128	8	0.30	B3_ModernHopfield	3001	0.914062	0.955322	0.000000	0.492920	0.000000	0.000000	0.000000	34463.00
128	9	128	128	8	0.30	Candidate_LatentCP3_SVD	3002	0.000000	0.270630	0.000000	0.292847	0.712896	49.523730	0.685661	222708.00
128	9	128	128	8	0.30	Candidate_LatentCP3_TP	3002	0.000000	0.345825	0.000000	0.267578	0.745927	46.969456	0.680142	180361.00
128	9	128	128	8	0.30	B0_Pairwise_LowRank	3002	0.000000	0.420898	0.000000	0.313477	0.000000	0.000000	0.000000	221158.00
128	9	128	128	8	0.30	B1_LinearSVD	3002	0.000000	0.602905	0.000000	0.567627	0.000000	0.000000	0.000000	34211.00
128	9	128	128	8	0.30	B2_1NN_Oracle	3002	0.820312	0.905151	0.000000	0.479492	0.000000	0.000000	0.000000	1740.00
128	9	128	128	8	0.30	B3_ModernHopfield	3002	0.820312	0.911133	0.000000	0.482666	0.000000	0.000000	0.000000	44015.00
128	9	128	128	8	0.30	Candidate_LatentCP3_SVD	3003	0.000000	0.260132	0.000000	0.251587	0.679494	51.749893	0.693143	278264.00
128	9	128	128	8	0.30	Candidate_LatentCP3_TP	3003	0.000000	0.314819	0.000000	0.259033	0.757558	46.919894	0.713173	414255.00
128	9	128	128	8	0.30	B0_Pairwise_LowRank	3003	0.000000	0.429077	0.000000	0.348267	0.000000	0.000000	0.000000	143039.00
128	9	128	128	8	0.30	B1_LinearSVD	3003	0.000000	0.624146	0.000000	0.577515	0.000000	0.000000	0.000000	33898.00
128	9	128	128	8	0.30	B2_1NN_Oracle	3003	0.914062	0.949829	0.000000	0.516113	0.000000	0.000000	0.000000	1767.00
128	9	128	128	8	0.30	B3_ModernHopfield	3003	0.914062	0.949341	0.000000	0.518555	0.000000	0.000000	0.000000	57169.00
128	9	128	128	8	0.30	Candidate_LatentCP3_SVD	3004	0.000000	0.280273	0.000000	0.207397	0.714773	50.914832	0.700422	334727.00
128	9	128	128	8	0.30	Candidate_LatentCP3_TP	3004	0.000000	0.264648	0.000000	0.198242	0.697693	55.035964	0.728641	438807.00
128	9	128	128	8	0.30	B0_Pairwise_LowRank	3004	0.000000	0.367554	0.000000	0.259399	0.000000	0.000000	0.000000	189682.00
128	9	128	128	8	0.30	B1_LinearSVD	3004	0.000000	0.634521	0.000000	0.556763	0.000000	0.000000	0.000000	18238.00
128	9	128	128	8	0.30	B2_1NN_Oracle	3004	0.898438	0.937012	0.000000	0.477661	0.000000	0.000000	0.000000	2089.00
128	9	128	128	8	0.30	B3_ModernHopfield	3004	0.914062	0.954224	0.000000	0.488281	0.000000	0.000000	0.000000	21879.00
128	9	128	128	8	0.30	Candidate_LatentCP3_SVD	3005	0.000000	0.286865	0.000000	0.250366	0.705156	50.641286	0.686157	252178.00
128	9	128	128	8	0.30	Candidate_LatentCP3_TP	3005	0.000000	0.306641	0.000000	0.227661	0.708663	52.823904	0.718081	328708.00
128	9	128	128	8	0.30	B0_Pairwise_LowRank	3005	0.000000	0.372437	0.000000	0.260132	0.000000	0.000000	0.000000	166894.00
128	9	128	128	8	0.30	B1_LinearSVD	3005	0.000000	0.619873	0.000000	0.557251	0.000000	0.000000	0.000000	9560.00
128	9	128	128	8	0.30	B2_1NN_Oracle	3005	0.875000	0.937500	0.000000	0.496826	0.000000	0.000000	0.000000	1597.00
128	9	128	128	8	0.30	B3_ModernHopfield	3005	0.867188	0.937866	0.000000	0.495972	0.000000	0.000000	0.000000	18275.00
128	9	128	128	8	0.30	Candidate_LatentCP3_SVD	3006	0.000000	0.266846	0.000000	0.299683	0.638083	56.395779	0.720989	338995.00
128	9	128	128	8	0.30	Candidate_LatentCP3_TP	3006	0.000000	0.291992	0.000000	0.225464	0.690696	53.533545	0.711986	389681.00
128	9	128	128	8	0.30	B0_Pairwise_LowRank	3006	0.000000	0.370728	0.000000	0.263550	0.000000	0.000000	0.000000	175455.00
128	9	128	128	8	0.30	B1_LinearSVD	3006	0.000000	0.615967	0.000000	0.581421	0.000000	0.000000	0.000000	21205.00
128	9	128	128	8	0.30	B2_1NN_Oracle	3006	0.898438	0.943726	0.000000	0.507935	0.000000	0.000000	0.000000	1303.00
128	9	128	128	8	0.30	B3_ModernHopfield	3006	0.875000	0.936157	0.000000	0.509277	0.000000	0.000000	0.000000	25538.00
128	9	128	128	8	0.30	Candidate_LatentCP3_SVD	3007	0.000000	0.319214	0.000000	0.247803	0.681559	53.245946	0.705655	249928.00
128	9	128	128	8	0.30	Candidate_LatentCP3_TP	3007	0.000000	0.328369	0.000000	0.265747	0.725257	45.865574	0.678529	388807.00
128	9	128	128	8	0.30	B0_Pairwise_LowRank	3007	0.000000	0.426758	0.000000	0.305542	0.000000	0.000000	0.000000	196311.00
128	9	128	128	8	0.30	B1_LinearSVD	3007	0.000000	0.622314	0.000000	0.527954	0.000000	0.000000	0.000000	43015.00
128	9	128	128	8	0.30	B2_1NN_Oracle	3007	0.890625	0.933105	0.000000	0.490234	0.000000	0.000000	0.000000	1184.00
128	9	128	128	8	0.30	B3_ModernHopfield	3007	0.890625	0.936523	0.000000	0.476929	0.000000	0.000000	0.000000	43724.00
128	9	128	128	8	0.30	Candidate_LatentCP3_SVD	3008	0.000000	0.312134	0.000000	0.272217	0.666358	53.601517	0.708279	292393.00
128	9	128	128	8	0.30	Candidate_LatentCP3_TP	3008	0.000000	0.290283	0.000000	0.259644	0.741659	46.391138	0.669933	241432.00
128	9	128	128	8	0.30	B0_Pairwise_LowRank	3008	0.000000	0.368530	0.000000	0.288330	0.000000	0.000000	0.000000	133211.00
128	9	128	128	8	0.30	B1_LinearSVD	3008	0.000000	0.597900	0.000000	0.555298	0.000000	0.000000	0.000000	30565.00
128	9	128	128	8	0.30	B2_1NN_Oracle	3008	0.828125	0.901489	0.000000	0.484985	0.000000	0.000000	0.000000	1703.00
128	9	128	128	8	0.30	B3_ModernHopfield	3008	0.812500	0.893188	0.000000	0.492676	0.000000	0.000000	0.000000	38522.00
128	9	128	128	8	0.30	Candidate_LatentCP3_SVD	3009	0.000000	0.263916	0.000000	0.256714	0.668273	54.663313	0.713263	231608.00
128	9	128	128	8	0.30	Candidate_LatentCP3_TP	3009	0.000000	0.341797	0.000000	0.268677	0.708663	48.582932	0.687396	265161.00
128	9	128	128	8	0.30	B0_Pairwise_LowRank	3009	0.000000	0.389648	0.000000	0.334106	0.000000	0.000000	0.000000	141908.00
128	9	128	128	8	0.30	B1_LinearSVD	3009	0.000000	0.601807	0.000000	0.558594	0.000000	0.000000	0.000000	35205.00
128	9	128	128	8	0.30	B2_1NN_Oracle	3009	0.921875	0.956787	0.000000	0.500366	0.000000	0.000000	0.000000	5820.00
128	9	128	128	8	0.30	B3_ModernHopfield	3009	0.906250	0.949219	0.000000	0.511353	0.000000	0.000000	0.000000	43650.00
128	9	128	128	8	0.30	Candidate_LatentCP3_SVD	3010	0.000000	0.297974	0.000000	0.270386	0.681786	53.767235	0.706368	269287.00
128	9	128	128	8	0.30	Candidate_LatentCP3_TP	3010	0.000000	0.245239	0.000000	0.196899	0.721307	51.478644	0.729027	297323.00
128	9	128	128	8	0.30	B0_Pairwise_LowRank	3010	0.000000	0.431519	0.000000	0.283691	0.000000	0.000000	0.000000	127203.00
128	9	128	128	8	0.30	B1_LinearSVD	3010	0.000000	0.634888	0.000000	0.552124	0.000000	0.000000	0.000000	26186.00
128	9	128	128	8	0.30	B2_1NN_Oracle	3010	0.859375	0.922119	0.000000	0.450806	0.000000	0.000000	0.000000	5364.00
128	9	128	128	8	0.30	B3_ModernHopfield	3010	0.859375	0.923096	0.000000	0.458008	0.000000	0.000000	0.000000	24749.00
128	9	128	128	8	0.30	Candidate_LatentCP3_SVD	3011	0.000000	0.243652	0.000000	0.221680	0.686730	53.939962	0.704475	238089.00
128	9	128	128	8	0.30	Candidate_LatentCP3_TP	3011	0.000000	0.334473	0.000000	0.230469	0.659124	60.623330	0.785475	259632.00
128	9	128	128	8	0.30	B0_Pairwise_LowRank	3011	0.000000	0.391846	0.000000	0.278076	0.000000	0.000000	0.000000	144305.00
128	9	128	128	8	0.30	B1_LinearSVD	3011	0.000000	0.622437	0.000000	0.565186	0.000000	0.000000	0.000000	9620.00
128	9	128	128	8	0.30	B2_1NN_Oracle	3011	0.929688	0.963989	0.000000	0.487305	0.000000	0.000000	0.000000	1509.00
128	9	128	128	8	0.30	B3_ModernHopfield	3011	0.914062	0.958862	0.000000	0.501587	0.000000	0.000000	0.000000	27687.00
128	9	128	128	8	0.30	Candidate_LatentCP3_SVD	3012	0.000000	0.279175	0.000000	0.286743	0.696612	50.481645	0.682101	268284.00
128	9	128	128	8	0.30	Candidate_LatentCP3_TP	3012	0.000000	0.295288	0.000000	0.199585	0.690872	54.204651	0.726664	519498.00
128	9	128	128	8	0.30	B0_Pairwise_LowRank	3012	0.000000	0.382812	0.000000	0.286987	0.000000	0.000000	0.000000	109523.00
128	9	128	128	8	0.30	B1_LinearSVD	3012	0.000000	0.638428	0.000000	0.572021	0.000000	0.000000	0.000000	15448.00
128	9	128	128	8	0.30	B2_1NN_Oracle	3012	0.906250	0.947876	0.000000	0.488159	0.000000	0.000000	0.000000	1264.00
128	9	128	128	8	0.30	B3_ModernHopfield	3012	0.890625	0.946045	0.000000	0.500244	0.000000	0.000000	0.000000	21973.00
128	9	128	128	8	0.30	Candidate_LatentCP3_SVD	3013	0.000000	0.306274	0.000000	0.259277	0.672676	54.311754	0.715535	372634.00
128	9	128	128	8	0.30	Candidate_LatentCP3_TP	3013	0.000000	0.239746	0.000000	0.172852	0.660793	62.529277	0.802408	471437.00
128	9	128	128	8	0.30	B0_Pairwise_LowRank	3013	0.000000	0.363892	0.000000	0.303101	0.000000	0.000000	0.000000	135842.00
128	9	128	128	8	0.30	B1_LinearSVD	3013	0.000000	0.601807	0.000000	0.573486	0.000000	0.000000	0.000000	11555.00
128	9	128	128	8	0.30	B2_1NN_Oracle	3013	0.890625	0.936768	0.000000	0.476196	0.000000	0.000000	0.000000	1264.00
128	9	128	128	8	0.30	B3_ModernHopfield	3013	0.859375	0.922729	0.000000	0.484009	0.000000	0.000000	0.000000	21554.00
128	9	128	128	8	0.30	Candidate_LatentCP3_SVD	3014	0.000000	0.268311	0.000000	0.268433	0.682556	53.723176	0.705585	317166.00
128	9	128	128	8	0.30	Candidate_LatentCP3_TP	3014	0.000000	0.260742	0.000000	0.212280	0.671565	59.991448	0.763370	320443.00
128	9	128	128	8	0.30	B0_Pairwise_LowRank	3014	0.000000	0.445312	0.000000	0.353394	0.000000	0.000000	0.000000	98208.00
128	9	128	128	8	0.30	B1_LinearSVD	3014	0.000000	0.610596	0.000000	0.546631	0.000000	0.000000	0.000000	9370.00
128	9	128	128	8	0.30	B2_1NN_Oracle	3014	0.914062	0.948486	0.000000	0.479858	0.000000	0.000000	0.000000	1163.00
128	9	128	128	8	0.30	B3_ModernHopfield	3014	0.914062	0.949463	0.000000	0.487915	0.000000	0.000000	0.000000	14792.00
128	9	128	128	8	0.30	Candidate_LatentCP3_SVD	3015	0.000000	0.258423	0.000000	0.260986	0.678045	51.929595	0.699781	226141.00
128	9	128	128	8	0.30	Candidate_LatentCP3_TP	3015	0.000000	0.300171	0.000000	0.219727	0.754702	47.754277	0.688693	449274.00
128	9	128	128	8	0.30	B0_Pairwise_LowRank	3015	0.000000	0.321777	0.000000	0.255493	0.000000	0.000000	0.000000	152959.00
128	9	128	128	8	0.30	B1_LinearSVD	3015	0.000000	0.621338	0.000000	0.561401	0.000000	0.000000	0.000000	34759.00
128	9	128	128	8	0.30	B2_1NN_Oracle	3015	0.898438	0.935303	0.000000	0.503540	0.000000	0.000000	0.000000	1709.00
128	9	128	128	8	0.30	B3_ModernHopfield	3015	0.890625	0.936401	0.000000	0.506592	0.000000	0.000000	0.000000	67184.00
128	9	128	128	8	0.30	Candidate_LatentCP3_SVD	3016	0.000000	0.284790	0.000000	0.270020	0.664306	53.081202	0.704726	323626.00
128	9	128	128	8	0.30	Candidate_LatentCP3_TP	3016	0.000000	0.349854	0.000000	0.258789	0.738140	46.928183	0.684520	229388.00
128	9	128	128	8	0.30	B0_Pairwise_LowRank	3016	0.000000	0.392090	0.000000	0.304688	0.000000	0.000000	0.000000	142041.00
128	9	128	128	8	0.30	B1_LinearSVD	3016	0.000000	0.612793	0.000000	0.549316	0.000000	0.000000	0.000000	24354.00
128	9	128	128	8	0.30	B2_1NN_Oracle	3016	0.875000	0.927124	0.000000	0.492554	0.000000	0.000000	0.000000	2789.00
128	9	128	128	8	0.30	B3_ModernHopfield	3016	0.859375	0.918701	0.000000	0.484985	0.000000	0.000000	0.000000	44633.00
128	9	128	128	8	0.30	Candidate_LatentCP3_SVD	3017	0.000000	0.238403	0.000000	0.259766	0.670042	54.736109	0.711609	382996.00
128	9	128	128	8	0.30	Candidate_LatentCP3_TP	3017	0.000000	0.256104	0.000000	0.209961	0.704145	55.624672	0.758233	282822.00
128	9	128	128	8	0.30	B0_Pairwise_LowRank	3017	0.000000	0.405518	0.000000	0.266113	0.000000	0.000000	0.000000	107890.00
128	9	128	128	8	0.30	B1_LinearSVD	3017	0.000000	0.614258	0.000000	0.567139	0.000000	0.000000	0.000000	23633.00
128	9	128	128	8	0.30	B2_1NN_Oracle	3017	0.882812	0.938354	0.000000	0.511963	0.000000	0.000000	0.000000	3334.00
128	9	128	128	8	0.30	B3_ModernHopfield	3017	0.859375	0.927612	0.000000	0.512817	0.000000	0.000000	0.000000	19561.00
128	9	128	128	8	0.30	Candidate_LatentCP3_SVD	3018	0.000000	0.250854	0.000000	0.221924	0.654456	54.912253	0.719549	289406.00
128	9	128	128	8	0.30	Candidate_LatentCP3_TP	3018	0.000000	0.268799	0.000000	0.212036	0.680237	56.665386	0.763739	313041.00
128	9	128	128	8	0.30	B0_Pairwise_LowRank	3018	0.000000	0.329834	0.000000	0.244507	0.000000	0.000000	0.000000	216095.00
128	9	128	128	8	0.30	B1_LinearSVD	3018	0.000000	0.630981	0.000000	0.539917	0.000000	0.000000	0.000000	18313.00
128	9	128	128	8	0.30	B2_1NN_Oracle	3018	0.929688	0.961182	0.000000	0.460205	0.000000	0.000000	0.000000	2362.00
128	9	128	128	8	0.30	B3_ModernHopfield	3018	0.906250	0.948120	0.000000	0.470947	0.000000	0.000000	0.000000	50513.00
128	9	128	128	8	0.30	Candidate_LatentCP3_SVD	3019	0.000000	0.309692	0.000000	0.228149	0.690513	50.137599	0.684289	355769.00
128	9	128	128	8	0.30	Candidate_LatentCP3_TP	3019	0.000000	0.335815	0.000000	0.255127	0.733553	49.059531	0.691207	345782.00
128	9	128	128	8	0.30	B0_Pairwise_LowRank	3019	0.000000	0.414429	0.000000	0.350586	0.000000	0.000000	0.000000	93615.00
128	9	128	128	8	0.30	B1_LinearSVD	3019	0.000000	0.610107	0.000000	0.581177	0.000000	0.000000	0.000000	14801.00
128	9	128	128	8	0.30	B2_1NN_Oracle	3019	0.898438	0.943481	0.000000	0.500000	0.000000	0.000000	0.000000	1197.00
128	9	128	128	8	0.30	B3_ModernHopfield	3019	0.890625	0.941650	0.000000	0.501343	0.000000	0.000000	0.000000	19970.00
128	9	128	128	8	0.30	Candidate_LatentCP3_SVD	3020	0.000000	0.348022	0.000000	0.293823	0.673915	52.286180	0.695102	226742.00
128	9	128	128	8	0.30	Candidate_LatentCP3_TP	3020	0.000000	0.282593	0.000000	0.220703	0.700003	52.849983	0.728086	379970.00
128	9	128	128	8	0.30	B0_Pairwise_LowRank	3020	0.000000	0.383667	0.000000	0.248291	0.000000	0.000000	0.000000	116818.00
128	9	128	128	8	0.30	B1_LinearSVD	3020	0.000000	0.622192	0.000000	0.548340	0.000000	0.000000	0.000000	18035.00
128	9	128	128	8	0.30	B2_1NN_Oracle	3020	0.882812	0.934204	0.000000	0.493164	0.000000	0.000000	0.000000	1760.00
128	9	128	128	8	0.30	B3_ModernHopfield	3020	0.890625	0.940430	0.000000	0.501831	0.000000	0.000000	0.000000	25593.00
128	9	128	128	16	0.15	Candidate_LatentCP3_SVD	3001	0.000000	0.345703	0.000000	0.301758	0.490924	50.452392	0.645820	409572.00
128	9	128	128	16	0.15	Candidate_LatentCP3_TP	3001	0.000000	0.374146	0.000000	0.260498	0.657629	62.346909	0.807680	696305.00
128	9	128	128	16	0.15	B0_Pairwise_LowRank	3001	0.000000	0.487671	0.000000	0.358276	0.000000	0.000000	0.000000	162173.00
128	9	128	128	16	0.15	B1_LinearSVD	3001	0.000000	0.846191	0.000000	0.758301	0.000000	0.000000	0.000000	65868.00
128	9	128	128	16	0.15	B2_1NN_Oracle	3001	1.000000	1.000000	0.000000	0.589111	0.000000	0.000000	0.000000	1606.00
128	9	128	128	16	0.15	B3_ModernHopfield	3001	1.000000	1.000000	0.000000	0.586548	0.000000	0.000000	0.000000	47433.00
128	9	128	128	16	0.15	Candidate_LatentCP3_SVD	3002	0.000000	0.331909	0.000000	0.334839	0.503374	48.027122	0.640626	481337.00
128	9	128	128	16	0.15	Candidate_LatentCP3_TP	3002	0.000000	0.388184	0.000000	0.300781	0.710988	49.727223	0.765100	505085.00
128	9	128	128	16	0.15	B0_Pairwise_LowRank	3002	0.000000	0.509155	0.000000	0.410889	0.000000	0.000000	0.000000	226512.00
128	9	128	128	16	0.15	B1_LinearSVD	3002	0.000000	0.832886	0.000000	0.764160	0.000000	0.000000	0.000000	39588.00
128	9	128	128	16	0.15	B2_1NN_Oracle	3002	1.000000	1.000000	0.000000	0.587036	0.000000	0.000000	0.000000	1792.00
128	9	128	128	16	0.15	B3_ModernHopfield	3002	1.000000	1.000000	0.000000	0.590210	0.000000	0.000000	0.000000	24727.00
128	9	128	128	16	0.15	Candidate_LatentCP3_SVD	3003	0.000000	0.311279	0.000000	0.298950	0.503767	47.373089	0.647610	526916.00
128	9	128	128	16	0.15	Candidate_LatentCP3_TP	3003	0.000000	0.419556	0.000000	0.342407	0.699580	54.886935	0.790311	902360.00
128	9	128	128	16	0.15	B0_Pairwise_LowRank	3003	0.000000	0.552856	0.000000	0.452637	0.000000	0.000000	0.000000	173792.00
128	9	128	128	16	0.15	B1_LinearSVD	3003	0.007812	0.841919	0.000000	0.771362	0.000000	0.000000	0.000000	31341.00
128	9	128	128	16	0.15	B2_1NN_Oracle	3003	1.000000	1.000000	0.000000	0.600464	0.000000	0.000000	0.000000	2782.00
128	9	128	128	16	0.15	B3_ModernHopfield	3003	1.000000	1.000000	0.000000	0.607178	0.000000	0.000000	0.000000	28685.00
128	9	128	128	16	0.15	Candidate_LatentCP3_SVD	3004	0.000000	0.302979	0.000000	0.258057	0.505026	48.176973	0.646664	420477.00
128	9	128	128	16	0.15	Candidate_LatentCP3_TP	3004	0.000000	0.274902	0.000000	0.183228	0.691577	54.849822	0.789120	771960.00
128	9	128	128	16	0.15	B0_Pairwise_LowRank	3004	0.000000	0.461426	0.000000	0.350220	0.000000	0.000000	0.000000	105639.00
128	9	128	128	16	0.15	B1_LinearSVD	3004	0.000000	0.845215	0.000000	0.775757	0.000000	0.000000	0.000000	19152.00
128	9	128	128	16	0.15	B2_1NN_Oracle	3004	1.000000	1.000000	0.000000	0.594727	0.000000	0.000000	0.000000	2333.00
128	9	128	128	16	0.15	B3_ModernHopfield	3004	1.000000	1.000000	0.000000	0.598633	0.000000	0.000000	0.000000	52648.00
128	9	128	128	16	0.15	Candidate_LatentCP3_SVD	3005	0.000000	0.334229	0.000000	0.303955	0.493405	49.430319	0.641559	423706.00
128	9	128	128	16	0.15	Candidate_LatentCP3_TP	3005	0.000000	0.413574	0.000000	0.325806	0.685169	53.492047	0.780320	525871.00
128	9	128	128	16	0.15	B0_Pairwise_LowRank	3005	0.000000	0.462524	0.000000	0.318848	0.000000	0.000000	0.000000	195037.00
128	9	128	128	16	0.15	B1_LinearSVD	3005	0.000000	0.842896	0.000000	0.766357	0.000000	0.000000	0.000000	55009.00
128	9	128	128	16	0.15	B2_1NN_Oracle	3005	1.000000	1.000000	0.000000	0.593506	0.000000	0.000000	0.000000	1136.00
128	9	128	128	16	0.15	B3_ModernHopfield	3005	1.000000	1.000000	0.000000	0.596069	0.000000	0.000000	0.000000	26231.00
128	9	128	128	16	0.15	Candidate_LatentCP3_SVD	3006	0.000000	0.327393	0.000000	0.337158	0.470140	51.922200	0.669591	686095.00
128	9	128	128	16	0.15	Candidate_LatentCP3_TP	3006	0.000000	0.303833	0.000000	0.238159	0.638899	60.305292	0.805923	529443.00
128	9	128	128	16	0.15	B0_Pairwise_LowRank	3006	0.000000	0.452026	0.000000	0.379150	0.000000	0.000000	0.000000	178026.00
128	9	128	128	16	0.15	B1_LinearSVD	3006	0.000000	0.828857	0.000000	0.766968	0.000000	0.000000	0.000000	21758.00
128	9	128	128	16	0.15	B2_1NN_Oracle	3006	1.000000	1.000000	0.000000	0.591187	0.000000	0.000000	0.000000	1585.00
128	9	128	128	16	0.15	B3_ModernHopfield	3006	1.000000	1.000000	0.000000	0.589111	0.000000	0.000000	0.000000	17398.00
128	9	128	128	16	0.15	Candidate_LatentCP3_SVD	3007	0.000000	0.364258	0.000000	0.338745	0.494116	48.956669	0.649165	500980.00
128	9	128	128	16	0.15	Candidate_LatentCP3_TP	3007	0.000000	0.407471	0.000000	0.323486	0.697424	49.218589	0.758212	651936.00
128	9	128	128	16	0.15	B0_Pairwise_LowRank	3007	0.000000	0.557373	0.000000	0.420044	0.000000	0.000000	0.000000	123110.00
128	9	128	128	16	0.15	B1_LinearSVD	3007	0.000000	0.841919	0.000000	0.761963	0.000000	0.000000	0.000000	45471.00
128	9	128	128	16	0.15	B2_1NN_Oracle	3007	1.000000	1.000000	0.000000	0.592285	0.000000	0.000000	0.000000	1949.00
128	9	128	128	16	0.15	B3_ModernHopfield	3007	1.000000	1.000000	0.000000	0.593506	0.000000	0.000000	0.000000	38159.00
128	9	128	128	16	0.15	Candidate_LatentCP3_SVD	3008	0.000000	0.351074	0.000000	0.330444	0.484304	49.254112	0.652669	491023.00
128	9	128	128	16	0.15	Candidate_LatentCP3_TP	3008	0.000000	0.363647	0.000000	0.285400	0.709507	50.896414	0.769103	499501.00
128	9	128	128	16	0.15	B0_Pairwise_LowRank	3008	0.000000	0.474121	0.000000	0.360352	0.000000	0.000000	0.000000	114558.00
128	9	128	128	16	0.15	B1_LinearSVD	3008	0.000000	0.833618	0.000000	0.767700	0.000000	0.000000	0.000000	16807.00
128	9	128	128	16	0.15	B2_1NN_Oracle	3008	1.000000	1.000000	0.000000	0.583740	0.000000	0.000000	0.000000	1156.00
128	9	128	128	16	0.15	B3_ModernHopfield	3008	1.000000	1.000000	0.000000	0.582642	0.000000	0.000000	0.000000	21782.00
128	9	128	128	16	0.15	Candidate_LatentCP3_SVD	3009	0.000000	0.295654	0.000000	0.301758	0.490800	50.356171	0.656637	470200.00
128	9	128	128	16	0.15	Candidate_LatentCP3_TP	3009	0.000000	0.382812	0.000000	0.264404	0.682520	53.956886	0.779393	666498.00
128	9	128	128	16	0.15	B0_Pairwise_LowRank	3009	0.000000	0.524170	0.000000	0.413330	0.000000	0.000000	0.000000	155835.00
128	9	128	128	16	0.15	B1_LinearSVD	3009	0.000000	0.847412	0.000000	0.777222	0.000000	0.000000	0.000000	22482.00
128	9	128	128	16	0.15	B2_1NN_Oracle	3009	1.000000	1.000000	0.000000	0.600586	0.000000	0.000000	0.000000	1144.00
128	9	128	128	16	0.15	B3_ModernHopfield	3009	1.000000	1.000000	0.000000	0.601685	0.000000	0.000000	0.000000	21356.00
128	9	128	128	16	0.15	Candidate_LatentCP3_SVD	3010	0.000000	0.345459	0.000000	0.328857	0.493415	49.852385	0.654860	487771.00
128	9	128	128	16	0.15	Candidate_LatentCP3_TP	3010	0.000000	0.362671	0.000000	0.271484	0.672097	54.400880	0.790427	432873.00
128	9	128	128	16	0.15	B0_Pairwise_LowRank	3010	0.000000	0.537598	0.000000	0.407471	0.000000	0.000000	0.000000	129843.00
128	9	128	128	16	0.15	B1_LinearSVD	3010	0.000000	0.840454	0.000000	0.768066	0.000000	0.000000	0.000000	36500.00
128	9	128	128	16	0.15	B2_1NN_Oracle	3010	1.000000	1.000000	0.000000	0.586914	0.000000	0.000000	0.000000	1639.00
128	9	128	128	16	0.15	B3_ModernHopfield	3010	1.000000	1.000000	0.000000	0.586060	0.000000	0.000000	0.000000	29681.00
128	9	128	128	16	0.15	Candidate_LatentCP3_SVD	3011	0.000000	0.282349	0.000000	0.287598	0.493166	49.428745	0.647223	558670.00
128	9	128	128	16	0.15	Candidate_LatentCP3_TP	3011	0.000000	0.403809	0.000000	0.297607	0.674197	58.576409	0.805910	658731.00
128	9	128	128	16	0.15	B0_Pairwise_LowRank	3011	0.000000	0.507080	0.000000	0.369751	0.000000	0.000000	0.000000	187433.00
128	9	128	128	16	0.15	B1_LinearSVD	3011	0.000000	0.832642	0.000000	0.766968	0.000000	0.000000	0.000000	31576.00
128	9	128	128	16	0.15	B2_1NN_Oracle	3011	1.000000	1.000000	0.000000	0.590210	0.000000	0.000000	0.000000	1767.00
128	9	128	128	16	0.15	B3_ModernHopfield	3011	1.000000	1.000000	0.000000	0.592407	0.000000	0.000000	0.000000	29072.00
128	9	128	128	16	0.15	Candidate_LatentCP3_SVD	3012	0.000000	0.324463	0.000000	0.367188	0.488386	49.423123	0.639761	651217.00
128	9	128	128	16	0.15	Candidate_LatentCP3_TP	3012	0.000000	0.355103	0.000000	0.285156	0.680780	52.967975	0.775117	946552.00
128	9	128	128	16	0.15	B0_Pairwise_LowRank	3012	0.000000	0.486694	0.000000	0.389404	0.000000	0.000000	0.000000	182657.00
128	9	128	128	16	0.15	B1_LinearSVD	3012	0.000000	0.845459	0.000000	0.773682	0.000000	0.000000	0.000000	68050.00
128	9	128	128	16	0.15	B2_1NN_Oracle	3012	1.000000	1.000000	0.000000	0.595947	0.000000	0.000000	0.000000	3201.00
128	9	128	128	16	0.15	B3_ModernHopfield	3012	1.000000	1.000000	0.000000	0.602295	0.000000	0.000000	0.000000	28161.00
128	9	128	128	16	0.15	Candidate_LatentCP3_SVD	3013	0.000000	0.372437	0.000000	0.343994	0.495607	48.985148	0.654483	703871.00
128	9	128	128	16	0.15	Candidate_LatentCP3_TP	3013	0.000000	0.349487	0.000000	0.267578	0.661288	60.255151	0.854779	631458.00
128	9	128	128	16	0.15	B0_Pairwise_LowRank	3013	0.000000	0.485474	0.000000	0.405151	0.000000	0.000000	0.000000	119300.00
128	9	128	128	16	0.15	B1_LinearSVD	3013	0.000000	0.837402	0.000000	0.771606	0.000000	0.000000	0.000000	17990.00
128	9	128	128	16	0.15	B2_1NN_Oracle	3013	1.000000	1.000000	0.000000	0.598022	0.000000	0.000000	0.000000	1112.00
128	9	128	128	16	0.15	B3_ModernHopfield	3013	1.000000	1.000000	0.000000	0.595947	0.000000	0.000000	0.000000	30743.00
128	9	128	128	16	0.15	Candidate_LatentCP3_SVD	3014	0.000000	0.339478	0.000000	0.354248	0.485904	49.608738	0.657050	376640.00
128	9	128	128	16	0.15	Candidate_LatentCP3_TP	3014	0.000000	0.382568	0.000000	0.310913	0.642063	60.251964	0.802272	972325.00
128	9	128	128	16	0.15	B0_Pairwise_LowRank	3014	0.000000	0.553223	0.000000	0.465820	0.000000	0.000000	0.000000	180019.00
128	9	128	128	16	0.15	B1_LinearSVD	3014	0.000000	0.837769	0.000000	0.756104	0.000000	0.000000	0.000000	60594.00
128	9	128	128	16	0.15	B2_1NN_Oracle	3014	1.000000	1.000000	0.000000	0.582397	0.000000	0.000000	0.000000	1668.00
128	9	128	128	16	0.15	B3_ModernHopfield	3014	1.000000	1.000000	0.000000	0.582153	0.000000	0.000000	0.000000	27979.00
128	9	128	128	16	0.15	Candidate_LatentCP3_SVD	3015	0.000000	0.318604	0.000000	0.332397	0.496488	48.616671	0.644726	616205.00
128	9	128	128	16	0.15	Candidate_LatentCP3_TP	3015	0.000000	0.434204	0.000000	0.326538	0.728040	48.988378	0.756800	616356.00
128	9	128	128	16	0.15	B0_Pairwise_LowRank	3015	0.000000	0.403442	0.000000	0.339844	0.000000	0.000000	0.000000	230246.00
128	9	128	128	16	0.15	B1_LinearSVD	3015	0.000000	0.833862	0.000000	0.774414	0.000000	0.000000	0.000000	30736.00
128	9	128	128	16	0.15	B2_1NN_Oracle	3015	1.000000	1.000000	0.000000	0.604492	0.000000	0.000000	0.000000	1760.00
128	9	128	128	16	0.15	B3_ModernHopfield	3015	1.000000	1.000000	0.000000	0.601562	0.000000	0.000000	0.000000	31246.00
128	9	128	128	16	0.15	Candidate_LatentCP3_SVD	3016	0.000000	0.329956	0.000000	0.321289	0.481720	50.545301	0.654044	472279.00
128	9	128	128	16	0.15	Candidate_LatentCP3_TP	3016	0.000000	0.338135	0.000000	0.248779	0.687382	50.792999	0.769532	612864.00
128	9	128	128	16	0.15	B0_Pairwise_LowRank	3016	0.000000	0.543945	0.000000	0.408691	0.000000	0.000000	0.000000	165819.00
128	9	128	128	16	0.15	B1_LinearSVD	3016	0.000000	0.838501	0.000000	0.765869	0.000000	0.000000	0.000000	29482.00
128	9	128	128	16	0.15	B2_1NN_Oracle	3016	1.000000	1.000000	0.000000	0.583862	0.000000	0.000000	0.000000	1612.00
128	9	128	128	16	0.15	B3_ModernHopfield	3016	1.000000	1.000000	0.000000	0.586304	0.000000	0.000000	0.000000	24083.00
128	9	128	128	16	0.15	Candidate_LatentCP3_SVD	3017	0.000000	0.300781	0.000000	0.306030	0.480852	51.090745	0.658690	523136.00
128	9	128	128	16	0.15	Candidate_LatentCP3_TP	3017	0.000000	0.401123	0.000000	0.325684	0.688817	56.195055	0.786767	684483.00
128	9	128	128	16	0.15	B0_Pairwise_LowRank	3017	0.000000	0.490234	0.000000	0.374756	0.000000	0.000000	0.000000	157871.00
128	9	128	128	16	0.15	B1_LinearSVD	3017	0.000000	0.843140	0.000000	0.770874	0.000000	0.000000	0.000000	37141.00
128	9	128	128	16	0.15	B2_1NN_Oracle	3017	1.000000	1.000000	0.000000	0.603638	0.000000	0.000000	0.000000	2687.00
128	9	128	128	16	0.15	B3_ModernHopfield	3017	1.000000	1.000000	0.000000	0.610596	0.000000	0.000000	0.000000	41556.00
128	9	128	128	16	0.15	Candidate_LatentCP3_SVD	3018	0.000000	0.302979	0.000000	0.286255	0.472007	50.776359	0.659995	467339.00
128	9	128	128	16	0.15	Candidate_LatentCP3_TP	3018	0.000000	0.272583	0.000000	0.195190	0.667981	58.056282	0.803438	774693.00
128	9	128	128	16	0.15	B0_Pairwise_LowRank	3018	0.000000	0.401611	0.000000	0.322266	0.000000	0.000000	0.000000	173312.00
128	9	128	128	16	0.15	B1_LinearSVD	3018	0.000000	0.833618	0.000000	0.761719	0.000000	0.000000	0.000000	62925.00
128	9	128	128	16	0.15	B2_1NN_Oracle	3018	1.000000	1.000000	0.000000	0.579224	0.000000	0.000000	0.000000	1688.00
128	9	128	128	16	0.15	B3_ModernHopfield	3018	1.000000	1.000000	0.000000	0.581787	0.000000	0.000000	0.000000	54959.00
128	9	128	128	16	0.15	Candidate_LatentCP3_SVD	3019	0.000000	0.354126	0.000000	0.303467	0.501344	46.864340	0.638301	476097.00
128	9	128	128	16	0.15	Candidate_LatentCP3_TP	3019	0.000000	0.457764	0.000000	0.358887	0.724922	50.292411	0.764832	589855.00
128	9	128	128	16	0.15	B0_Pairwise_LowRank	3019	0.000000	0.539307	0.000000	0.441650	0.000000	0.000000	0.000000	244458.00
128	9	128	128	16	0.15	B1_LinearSVD	3019	0.000000	0.829224	0.000000	0.764282	0.000000	0.000000	0.000000	50495.00
128	9	128	128	16	0.15	B2_1NN_Oracle	3019	1.000000	1.000000	0.000000	0.591064	0.000000	0.000000	0.000000	2177.00
128	9	128	128	16	0.15	B3_ModernHopfield	3019	1.000000	1.000000	0.000000	0.597656	0.000000	0.000000	0.000000	20185.00
128	9	128	128	16	0.15	Candidate_LatentCP3_SVD	3020	0.000000	0.398193	0.000000	0.339233	0.501637	48.072093	0.648468	565249.00
128	9	128	128	16	0.15	Candidate_LatentCP3_TP	3020	0.000000	0.263794	0.000000	0.226440	0.662376	58.200409	0.810253	772664.00
128	9	128	128	16	0.15	B0_Pairwise_LowRank	3020	0.000000	0.480347	0.000000	0.349976	0.000000	0.000000	0.000000	187854.00
128	9	128	128	16	0.15	B1_LinearSVD	3020	0.000000	0.841187	0.000000	0.765747	0.000000	0.000000	0.000000	26168.00
128	9	128	128	16	0.15	B2_1NN_Oracle	3020	1.000000	1.000000	0.000000	0.598145	0.000000	0.000000	0.000000	1701.00
128	9	128	128	16	0.15	B3_ModernHopfield	3020	1.000000	1.000000	0.000000	0.603882	0.000000	0.000000	0.000000	33107.00
128	9	128	128	16	0.30	Candidate_LatentCP3_SVD	3001	0.000000	0.289062	0.000000	0.239502	0.490924	50.452392	0.645820	663479.00
128	9	128	128	16	0.30	Candidate_LatentCP3_TP	3001	0.000000	0.330200	0.000000	0.227173	0.657629	62.346909	0.807680	724614.00
128	9	128	128	16	0.30	B0_Pairwise_LowRank	3001	0.000000	0.377563	0.000000	0.277710	0.000000	0.000000	0.000000	135776.00
128	9	128	128	16	0.30	B1_LinearSVD	3001	0.000000	0.613159	0.000000	0.539673	0.000000	0.000000	0.000000	64888.00
128	9	128	128	16	0.30	B2_1NN_Oracle	3001	0.929688	0.960083	0.000000	0.485596	0.000000	0.000000	0.000000	5381.00
128	9	128	128	16	0.30	B3_ModernHopfield	3001	0.914062	0.955322	0.000000	0.492920	0.000000	0.000000	0.000000	48252.00
128	9	128	128	16	0.30	Candidate_LatentCP3_SVD	3002	0.000000	0.261597	0.000000	0.276489	0.503374	48.027122	0.640626	456834.00
128	9	128	128	16	0.30	Candidate_LatentCP3_TP	3002	0.000000	0.333374	0.000000	0.257690	0.710988	49.727223	0.765100	883267.00
128	9	128	128	16	0.30	B0_Pairwise_LowRank	3002	0.000000	0.421997	0.000000	0.309814	0.000000	0.000000	0.000000	179556.00
128	9	128	128	16	0.30	B1_LinearSVD	3002	0.000000	0.585815	0.000000	0.551270	0.000000	0.000000	0.000000	24295.00
128	9	128	128	16	0.30	B2_1NN_Oracle	3002	0.820312	0.905151	0.000000	0.479492	0.000000	0.000000	0.000000	1359.00
128	9	128	128	16	0.30	B3_ModernHopfield	3002	0.820312	0.911133	0.000000	0.482666	0.000000	0.000000	0.000000	33015.00
128	9	128	128	16	0.30	Candidate_LatentCP3_SVD	3003	0.000000	0.253784	0.000000	0.247803	0.503767	47.373089	0.647610	473902.00
128	9	128	128	16	0.30	Candidate_LatentCP3_TP	3003	0.000000	0.377808	0.000000	0.289185	0.699580	54.886935	0.790311	632007.00
128	9	128	128	16	0.30	B0_Pairwise_LowRank	3003	0.000000	0.431030	0.000000	0.358398	0.000000	0.000000	0.000000	155889.00
128	9	128	128	16	0.30	B1_LinearSVD	3003	0.000000	0.627197	0.000000	0.563843	0.000000	0.000000	0.000000	57660.00
128	9	128	128	16	0.30	B2_1NN_Oracle	3003	0.914062	0.949829	0.000000	0.516113	0.000000	0.000000	0.000000	1269.00
128	9	128	128	16	0.30	B3_ModernHopfield	3003	0.914062	0.949341	0.000000	0.518555	0.000000	0.000000	0.000000	53455.00
128	9	128	128	16	0.30	Candidate_LatentCP3_SVD	3004	0.000000	0.267578	0.000000	0.194702	0.505026	48.176973	0.646664	518073.00
128	9	128	128	16	0.30	Candidate_LatentCP3_TP	3004	0.000000	0.249268	0.000000	0.178223	0.691577	54.849822	0.789120	714926.00
128	9	128	128	16	0.30	B0_Pairwise_LowRank	3004	0.000000	0.378174	0.000000	0.267456	0.000000	0.000000	0.000000	234529.00
128	9	128	128	16	0.30	B1_LinearSVD	3004	0.000000	0.616211	0.000000	0.539429	0.000000	0.000000	0.000000	42830.00
128	9	128	128	16	0.30	B2_1NN_Oracle	3004	0.898438	0.937012	0.000000	0.477661	0.000000	0.000000	0.000000	5557.00
128	9	128	128	16	0.30	B3_ModernHopfield	3004	0.914062	0.954224	0.000000	0.488281	0.000000	0.000000	0.000000	44827.00
128	9	128	128	16	0.30	Candidate_LatentCP3_SVD	3005	0.000000	0.278320	0.000000	0.253540	0.493405	49.430319	0.641559	632567.00
128	9	128	128	16	0.30	Candidate_LatentCP3_TP	3005	0.000000	0.367188	0.000000	0.272339	0.685169	53.492047	0.780320	628380.00
128	9	128	128	16	0.30	B0_Pairwise_LowRank	3005	0.000000	0.366211	0.000000	0.252441	0.000000	0.000000	0.000000	136304.00
128	9	128	128	16	0.30	B1_LinearSVD	3005	0.000000	0.583618	0.000000	0.554199	0.000000	0.000000	0.000000	31342.00
128	9	128	128	16	0.30	B2_1NN_Oracle	3005	0.875000	0.937500	0.000000	0.496826	0.000000	0.000000	0.000000	1742.00
128	9	128	128	16	0.30	B3_ModernHopfield	3005	0.867188	0.937866	0.000000	0.495972	0.000000	0.000000	0.000000	30985.00
128	9	128	128	16	0.30	Candidate_LatentCP3_SVD	3006	0.000000	0.278809	0.000000	0.294434	0.470140	51.922200	0.669591	415374.00
128	9	128	128	16	0.30	Candidate_LatentCP3_TP	3006	0.000000	0.270752	0.000000	0.190308	0.638899	60.305292	0.805923	488027.00
128	9	128	128	16	0.30	B0_Pairwise_LowRank	3006	0.000000	0.372559	0.000000	0.265259	0.000000	0.000000	0.000000	175450.00
128	9	128	128	16	0.30	B1_LinearSVD	3006	0.000000	0.600952	0.000000	0.550903	0.000000	0.000000	0.000000	29469.00
128	9	128	128	16	0.30	B2_1NN_Oracle	3006	0.898438	0.943726	0.000000	0.507935	0.000000	0.000000	0.000000	5860.00
128	9	128	128	16	0.30	B3_ModernHopfield	3006	0.875000	0.936157	0.000000	0.509277	0.000000	0.000000	0.000000	41578.00
128	9	128	128	16	0.30	Candidate_LatentCP3_SVD	3007	0.000000	0.321777	0.000000	0.262451	0.494116	48.956669	0.649165	431290.00
128	9	128	128	16	0.30	Candidate_LatentCP3_TP	3007	0.000000	0.347168	0.000000	0.274780	0.697424	49.218589	0.758212	637300.00
128	9	128	128	16	0.30	B0_Pairwise_LowRank	3007	0.000000	0.439331	0.000000	0.309814	0.000000	0.000000	0.000000	179774.00
128	9	128	128	16	0.30	B1_LinearSVD	3007	0.000000	0.610229	0.000000	0.520386	0.000000	0.000000	0.000000	24984.00
128	9	128	128	16	0.30	B2_1NN_Oracle	3007	0.890625	0.933105	0.000000	0.490234	0.000000	0.000000	0.000000	1837.00
128	9	128	128	16	0.30	B3_ModernHopfield	3007	0.890625	0.936523	0.000000	0.476929	0.000000	0.000000	0.000000	22746.00
128	9	128	128	16	0.30	Candidate_LatentCP3_SVD	3008	0.000000	0.322388	0.000000	0.290649	0.484304	49.254112	0.652669	365178.00
128	9	128	128	16	0.30	Candidate_LatentCP3_TP	3008	0.000000	0.316650	0.000000	0.275146	0.709507	50.896414	0.769103	672078.00
128	9	128	128	16	0.30	B0_Pairwise_LowRank	3008	0.000000	0.397461	0.000000	0.289673	0.000000	0.000000	0.000000	281834.00
128	9	128	128	16	0.30	B1_LinearSVD	3008	0.000000	0.591675	0.000000	0.542358	0.000000	0.000000	0.000000	80764.00
128	9	128	128	16	0.30	B2_1NN_Oracle	3008	0.828125	0.901489	0.000000	0.484985	0.000000	0.000000	0.000000	7350.00
128	9	128	128	16	0.30	B3_ModernHopfield	3008	0.812500	0.893188	0.000000	0.492676	0.000000	0.000000	0.000000	22256.00
128	9	128	128	16	0.30	Candidate_LatentCP3_SVD	3009	0.000000	0.247803	0.000000	0.251831	0.490800	50.356171	0.656637	387221.00
128	9	128	128	16	0.30	Candidate_LatentCP3_TP	3009	0.000000	0.343750	0.000000	0.234619	0.682520	53.956886	0.779393	355131.00
128	9	128	128	16	0.30	B0_Pairwise_LowRank	3009	0.000000	0.406494	0.000000	0.337280	0.000000	0.000000	0.000000	104901.00
128	9	128	128	16	0.30	B1_LinearSVD	3009	0.000000	0.583984	0.000000	0.548218	0.000000	0.000000	0.000000	25235.00
128	9	128	128	16	0.30	B2_1NN_Oracle	3009	0.921875	0.956787	0.000000	0.500366	0.000000	0.000000	0.000000	1756.00
128	9	128	128	16	0.30	B3_ModernHopfield	3009	0.906250	0.949219	0.000000	0.511353	0.000000	0.000000	0.000000	25188.00
128	9	128	128	16	0.30	Candidate_LatentCP3_SVD	3010	0.000000	0.298584	0.000000	0.273438	0.493415	49.852385	0.654860	448123.00
128	9	128	128	16	0.30	Candidate_LatentCP3_TP	3010	0.000000	0.316650	0.000000	0.235962	0.672097	54.400880	0.790427	400541.00
128	9	128	128	16	0.30	B0_Pairwise_LowRank	3010	0.000000	0.445679	0.000000	0.285645	0.000000	0.000000	0.000000	139989.00
128	9	128	128	16	0.30	B1_LinearSVD	3010	0.000000	0.610474	0.000000	0.530518	0.000000	0.000000	0.000000	30969.00
128	9	128	128	16	0.30	B2_1NN_Oracle	3010	0.859375	0.922119	0.000000	0.450806	0.000000	0.000000	0.000000	1776.00
128	9	128	128	16	0.30	B3_ModernHopfield	3010	0.859375	0.923096	0.000000	0.458008	0.000000	0.000000	0.000000	26389.00
128	9	128	128	16	0.30	Candidate_LatentCP3_SVD	3011	0.000000	0.249878	0.000000	0.236084	0.493166	49.428745	0.647223	490835.00
128	9	128	128	16	0.30	Candidate_LatentCP3_TP	3011	0.000000	0.370239	0.000000	0.235596	0.674197	58.576409	0.805910	599306.00
128	9	128	128	16	0.30	B0_Pairwise_LowRank	3011	0.000000	0.406616	0.000000	0.285889	0.000000	0.000000	0.000000	225497.00
128	9	128	128	16	0.30	B1_LinearSVD	3011	0.000000	0.601807	0.000000	0.544922	0.000000	0.000000	0.000000	54822.00
128	9	128	128	16	0.30	B2_1NN_Oracle	3011	0.929688	0.963989	0.000000	0.487305	0.000000	0.000000	0.000000	1747.00
128	9	128	128	16	0.30	B3_ModernHopfield	3011	0.914062	0.958862	0.000000	0.501587	0.000000	0.000000	0.000000	53057.00
128	9	128	128	16	0.30	Candidate_LatentCP3_SVD	3012	0.000000	0.279053	0.000000	0.289429	0.488386	49.423123	0.639761	412470.00
128	9	128	128	16	0.30	Candidate_LatentCP3_TP	3012	0.000000	0.322388	0.000000	0.245605	0.680780	52.967975	0.775117	781552.00
128	9	128	128	16	0.30	B0_Pairwise_LowRank	3012	0.000000	0.375366	0.000000	0.285278	0.000000	0.000000	0.000000	174160.00
128	9	128	128	16	0.30	B1_LinearSVD	3012	0.000000	0.622070	0.000000	0.558838	0.000000	0.000000	0.000000	33966.00
128	9	128	128	16	0.30	B2_1NN_Oracle	3012	0.906250	0.947876	0.000000	0.488159	0.000000	0.000000	0.000000	1706.00
128	9	128	128	16	0.30	B3_ModernHopfield	3012	0.890625	0.946045	0.000000	0.500244	0.000000	0.000000	0.000000	25008.00
128	9	128	128	16	0.30	Candidate_LatentCP3_SVD	3013	0.000000	0.307617	0.000000	0.280762	0.495607	48.985148	0.654483	364397.00
128	9	128	128	16	0.30	Candidate_LatentCP3_TP	3013	0.000000	0.299561	0.000000	0.227417	0.661288	60.255151	0.854779	899791.00
128	9	128	128	16	0.30	B0_Pairwise_LowRank	3013	0.000000	0.386963	0.000000	0.324463	0.000000	0.000000	0.000000	134097.00
128	9	128	128	16	0.30	B1_LinearSVD	3013	0.000000	0.589111	0.000000	0.557129	0.000000	0.000000	0.000000	55875.00
128	9	128	128	16	0.30	B2_1NN_Oracle	3013	0.890625	0.936768	0.000000	0.476196	0.000000	0.000000	0.000000	1710.00
128	9	128	128	16	0.30	B3_ModernHopfield	3013	0.859375	0.922729	0.000000	0.484009	0.000000	0.000000	0.000000	24196.00
128	9	128	128	16	0.30	Candidate_LatentCP3_SVD	3014	0.000000	0.270142	0.000000	0.277710	0.485904	49.608738	0.657050	425216.00
128	9	128	128	16	0.30	Candidate_LatentCP3_TP	3014	0.000000	0.327881	0.000000	0.261353	0.642063	60.251964	0.802272	566821.00
128	9	128	128	16	0.30	B0_Pairwise_LowRank	3014	0.000000	0.435425	0.000000	0.359863	0.000000	0.000000	0.000000	121715.00
128	9	128	128	16	0.30	B1_LinearSVD	3014	0.000000	0.594604	0.000000	0.538574	0.000000	0.000000	0.000000	26746.00
128	9	128	128	16	0.30	B2_1NN_Oracle	3014	0.914062	0.948486	0.000000	0.479858	0.000000	0.000000	0.000000	1679.00
128	9	128	128	16	0.30	B3_ModernHopfield	3014	0.914062	0.949463	0.000000	0.487915	0.000000	0.000000	0.000000	18725.00
128	9	128	128	16	0.30	Candidate_LatentCP3_SVD	3015	0.000000	0.272339	0.000000	0.276855	0.496488	48.616671	0.644726	530241.00
128	9	128	128	16	0.30	Candidate_LatentCP3_TP	3015	0.000000	0.378174	0.000000	0.272583	0.728040	48.988378	0.756800	564607.00
128	9	128	128	16	0.30	B0_Pairwise_LowRank	3015	0.000000	0.329834	0.000000	0.270874	0.000000	0.000000	0.000000	100555.00
128	9	128	128	16	0.30	B1_LinearSVD	3015	0.000000	0.607910	0.000000	0.543213	0.000000	0.000000	0.000000	46932.00
128	9	128	128	16	0.30	B2_1NN_Oracle	3015	0.898438	0.935303	0.000000	0.503540	0.000000	0.000000	0.000000	1738.00
128	9	128	128	16	0.30	B3_ModernHopfield	3015	0.890625	0.936401	0.000000	0.506592	0.000000	0.000000	0.000000	27005.00
128	9	128	128	16	0.30	Candidate_LatentCP3_SVD	3016	0.000000	0.283447	0.000000	0.273560	0.481720	50.545301	0.654044	578697.00
128	9	128	128	16	0.30	Candidate_LatentCP3_TP	3016	0.000000	0.293701	0.000000	0.209839	0.687382	50.792999	0.769532	686306.00
128	9	128	128	16	0.30	B0_Pairwise_LowRank	3016	0.000000	0.410278	0.000000	0.329102	0.000000	0.000000	0.000000	171883.00
128	9	128	128	16	0.30	B1_LinearSVD	3016	0.000000	0.583862	0.000000	0.540039	0.000000	0.000000	0.000000	17040.00
128	9	128	128	16	0.30	B2_1NN_Oracle	3016	0.875000	0.927124	0.000000	0.492554	0.000000	0.000000	0.000000	1199.00
128	9	128	128	16	0.30	B3_ModernHopfield	3016	0.859375	0.918701	0.000000	0.484985	0.000000	0.000000	0.000000	25207.00
128	9	128	128	16	0.30	Candidate_LatentCP3_SVD	3017	0.000000	0.230835	0.000000	0.250244	0.480852	51.090745	0.658690	456079.00
128	9	128	128	16	0.30	Candidate_LatentCP3_TP	3017	0.000000	0.368652	0.000000	0.282837	0.688817	56.195055	0.786767	631114.00
128	9	128	128	16	0.30	B0_Pairwise_LowRank	3017	0.000000	0.399902	0.000000	0.301880	0.000000	0.000000	0.000000	186545.00
128	9	128	128	16	0.30	B1_LinearSVD	3017	0.000000	0.599854	0.000000	0.530396	0.000000	0.000000	0.000000	35966.00
128	9	128	128	16	0.30	B2_1NN_Oracle	3017	0.882812	0.938354	0.000000	0.511963	0.000000	0.000000	0.000000	2946.00
128	9	128	128	16	0.30	B3_ModernHopfield	3017	0.859375	0.927612	0.000000	0.512817	0.000000	0.000000	0.000000	44434.00
128	9	128	128	16	0.30	Candidate_LatentCP3_SVD	3018	0.000000	0.242798	0.000000	0.224121	0.472007	50.776359	0.659995	622514.00
128	9	128	128	16	0.30	Candidate_LatentCP3_TP	3018	0.000000	0.248657	0.000000	0.201904	0.667981	58.056282	0.803438	681264.00
128	9	128	128	16	0.30	B0_Pairwise_LowRank	3018	0.000000	0.341797	0.000000	0.232544	0.000000	0.000000	0.000000	238670.00
128	9	128	128	16	0.30	B1_LinearSVD	3018	0.000000	0.600098	0.000000	0.531006	0.000000	0.000000	0.000000	47829.00
128	9	128	128	16	0.30	B2_1NN_Oracle	3018	0.929688	0.961182	0.000000	0.460205	0.000000	0.000000	0.000000	1487.00
128	9	128	128	16	0.30	B3_ModernHopfield	3018	0.906250	0.948120	0.000000	0.470947	0.000000	0.000000	0.000000	54366.00
128	9	128	128	16	0.30	Candidate_LatentCP3_SVD	3019	0.000000	0.307617	0.000000	0.235107	0.501344	46.864340	0.638301	378501.00
128	9	128	128	16	0.30	Candidate_LatentCP3_TP	3019	0.000000	0.387207	0.000000	0.291626	0.724922	50.292411	0.764832	443107.00
128	9	128	128	16	0.30	B0_Pairwise_LowRank	3019	0.000000	0.433472	0.000000	0.345459	0.000000	0.000000	0.000000	174679.00
128	9	128	128	16	0.30	B1_LinearSVD	3019	0.000000	0.586060	0.000000	0.552612	0.000000	0.000000	0.000000	27885.00
128	9	128	128	16	0.30	B2_1NN_Oracle	3019	0.898438	0.943481	0.000000	0.500000	0.000000	0.000000	0.000000	1954.00
128	9	128	128	16	0.30	B3_ModernHopfield	3019	0.890625	0.941650	0.000000	0.501343	0.000000	0.000000	0.000000	24486.00
128	9	128	128	16	0.30	Candidate_LatentCP3_SVD	3020	0.000000	0.351196	0.000000	0.287720	0.501637	48.072093	0.648468	410887.00
128	9	128	128	16	0.30	Candidate_LatentCP3_TP	3020	0.000000	0.246826	0.000000	0.186890	0.662376	58.200409	0.810253	808534.00
128	9	128	128	16	0.30	B0_Pairwise_LowRank	3020	0.000000	0.374023	0.000000	0.263916	0.000000	0.000000	0.000000	236508.00
128	9	128	128	16	0.30	B1_LinearSVD	3020	0.000000	0.613281	0.000000	0.544434	0.000000	0.000000	0.000000	109457.00
128	9	128	128	16	0.30	B2_1NN_Oracle	3020	0.882812	0.934204	0.000000	0.493164	0.000000	0.000000	0.000000	1695.00
128	9	128	128	16	0.30	B3_ModernHopfield	3020	0.890625	0.940430	0.000000	0.501831	0.000000	0.000000	0.000000	50045.00
128	9	128	128	32	0.15	Candidate_LatentCP3_SVD	3001	0.000000	0.344849	0.000000	0.299683	0.350981	47.762729	0.622606	459325.00
128	9	128	128	32	0.15	Candidate_LatentCP3_TP	3001	0.000000	0.455566	0.000000	0.307251	0.684098	54.471030	0.820777	974247.00
128	9	128	128	32	0.15	B0_Pairwise_LowRank	3001	0.000000	0.503418	0.000000	0.351562	0.000000	0.000000	0.000000	219731.00
128	9	128	128	32	0.15	B1_LinearSVD	3001	0.007812	0.840820	0.000000	0.726074	0.000000	0.000000	0.000000	41454.00
128	9	128	128	32	0.15	B2_1NN_Oracle	3001	1.000000	1.000000	0.000000	0.589111	0.000000	0.000000	0.000000	1189.00
128	9	128	128	32	0.15	B3_ModernHopfield	3001	1.000000	1.000000	0.000000	0.586548	0.000000	0.000000	0.000000	20558.00
128	9	128	128	32	0.15	Candidate_LatentCP3_SVD	3002	0.000000	0.330811	0.000000	0.332153	0.352149	47.540640	0.619604	643821.00
128	9	128	128	32	0.15	Candidate_LatentCP3_TP	3002	0.000000	0.460205	0.000000	0.345093	0.713350	49.242717	0.809591	850622.00
128	9	128	128	32	0.15	B0_Pairwise_LowRank	3002	0.000000	0.486816	0.000000	0.405029	0.000000	0.000000	0.000000	104540.00
128	9	128	128	32	0.15	B1_LinearSVD	3002	0.000000	0.830078	0.000000	0.723389	0.000000	0.000000	0.000000	76137.00
128	9	128	128	32	0.15	B2_1NN_Oracle	3002	1.000000	1.000000	0.000000	0.587036	0.000000	0.000000	0.000000	5738.00
128	9	128	128	32	0.15	B3_ModernHopfield	3002	1.000000	1.000000	0.000000	0.590210	0.000000	0.000000	0.000000	15581.00
128	9	128	128	32	0.15	Candidate_LatentCP3_SVD	3003	0.000000	0.309326	0.000000	0.296631	0.362120	44.668180	0.621770	549235.00
128	9	128	128	32	0.15	Candidate_LatentCP3_TP	3003	0.000000	0.454224	0.000000	0.364014	0.688719	54.335622	0.828076	857356.00
128	9	128	128	32	0.15	B0_Pairwise_LowRank	3003	0.000000	0.557007	0.000000	0.440552	0.000000	0.000000	0.000000	294529.00
128	9	128	128	32	0.15	B1_LinearSVD	3003	0.000000	0.838745	0.000000	0.739136	0.000000	0.000000	0.000000	34925.00
128	9	128	128	32	0.15	B2_1NN_Oracle	3003	1.000000	1.000000	0.000000	0.600464	0.000000	0.000000	0.000000	1115.00
128	9	128	128	32	0.15	B3_ModernHopfield	3003	1.000000	1.000000	0.000000	0.607178	0.000000	0.000000	0.000000	36417.00
128	9	128	128	32	0.15	Candidate_LatentCP3_SVD	3004	0.000000	0.303711	0.000000	0.256104	0.362373	46.290307	0.623616	659406.00
128	9	128	128	32	0.15	Candidate_LatentCP3_TP	3004	0.000000	0.398926	0.000000	0.282715	0.700551	52.932471	0.822306	968579.00
128	9	128	128	32	0.15	B0_Pairwise_LowRank	3004	0.000000	0.459229	0.000000	0.345337	0.000000	0.000000	0.000000	181657.00
128	9	128	128	32	0.15	B1_LinearSVD	3004	0.007812	0.838501	0.000000	0.737427	0.000000	0.000000	0.000000	42477.00
128	9	128	128	32	0.15	B2_1NN_Oracle	3004	1.000000	1.000000	0.000000	0.594727	0.000000	0.000000	0.000000	1201.00
128	9	128	128	32	0.15	B3_ModernHopfield	3004	1.000000	1.000000	0.000000	0.598633	0.000000	0.000000	0.000000	51268.00
128	9	128	128	32	0.15	Candidate_LatentCP3_SVD	3005	0.000000	0.328491	0.000000	0.304443	0.357543	46.786707	0.619528	611897.00
128	9	128	128	32	0.15	Candidate_LatentCP3_TP	3005	0.000000	0.458740	0.000000	0.312622	0.688917	53.405028	0.820340	901249.00
128	9	128	128	32	0.15	B0_Pairwise_LowRank	3005	0.000000	0.456543	0.000000	0.331055	0.000000	0.000000	0.000000	232862.00
128	9	128	128	32	0.15	B1_LinearSVD	3005	0.000000	0.831055	0.000000	0.736572	0.000000	0.000000	0.000000	61436.00
128	9	128	128	32	0.15	B2_1NN_Oracle	3005	1.000000	1.000000	0.000000	0.593506	0.000000	0.000000	0.000000	1879.00
128	9	128	128	32	0.15	B3_ModernHopfield	3005	1.000000	1.000000	0.000000	0.596069	0.000000	0.000000	0.000000	55995.00
128	9	128	128	32	0.15	Candidate_LatentCP3_SVD	3006	0.000000	0.327271	0.000000	0.339478	0.341138	48.495651	0.642256	645767.00
128	9	128	128	32	0.15	Candidate_LatentCP3_TP	3006	0.000000	0.364380	0.000000	0.264160	0.670982	56.254649	0.830156	1113077.00
128	9	128	128	32	0.15	B0_Pairwise_LowRank	3006	0.000000	0.452637	0.000000	0.362183	0.000000	0.000000	0.000000	175552.00
128	9	128	128	32	0.15	B1_LinearSVD	3006	0.000000	0.837036	0.000000	0.730103	0.000000	0.000000	0.000000	31415.00
128	9	128	128	32	0.15	B2_1NN_Oracle	3006	1.000000	1.000000	0.000000	0.591187	0.000000	0.000000	0.000000	2085.00
128	9	128	128	32	0.15	B3_ModernHopfield	3006	1.000000	1.000000	0.000000	0.589111	0.000000	0.000000	0.000000	24200.00
128	9	128	128	32	0.15	Candidate_LatentCP3_SVD	3007	0.000000	0.363647	0.000000	0.335938	0.351325	47.967586	0.625746	448297.00
128	9	128	128	32	0.15	Candidate_LatentCP3_TP	3007	0.000000	0.337891	0.000000	0.259644	0.669396	52.289805	0.822831	898492.00
128	9	128	128	32	0.15	B0_Pairwise_LowRank	3007	0.000000	0.567139	0.000000	0.427490	0.000000	0.000000	0.000000	136292.00
128	9	128	128	32	0.15	B1_LinearSVD	3007	0.000000	0.836060	0.000000	0.717529	0.000000	0.000000	0.000000	98297.00
128	9	128	128	32	0.15	B2_1NN_Oracle	3007	1.000000	1.000000	0.000000	0.592285	0.000000	0.000000	0.000000	5382.00
128	9	128	128	32	0.15	B3_ModernHopfield	3007	1.000000	1.000000	0.000000	0.593506	0.000000	0.000000	0.000000	34061.00
128	9	128	128	32	0.15	Candidate_LatentCP3_SVD	3008	0.000000	0.357056	0.000000	0.332275	0.352608	46.654767	0.630053	655986.00
128	9	128	128	32	0.15	Candidate_LatentCP3_TP	3008	0.000000	0.336426	0.000000	0.263428	0.707447	50.219932	0.813120	1525967.00
128	9	128	128	32	0.15	B0_Pairwise_LowRank	3008	0.000000	0.475830	0.000000	0.364624	0.000000	0.000000	0.000000	224485.00
128	9	128	128	32	0.15	B1_LinearSVD	3008	0.000000	0.825439	0.000000	0.730957	0.000000	0.000000	0.000000	49433.00
128	9	128	128	32	0.15	B2_1NN_Oracle	3008	1.000000	1.000000	0.000000	0.583740	0.000000	0.000000	0.000000	1988.00
128	9	128	128	32	0.15	B3_ModernHopfield	3008	1.000000	1.000000	0.000000	0.582642	0.000000	0.000000	0.000000	54106.00
128	9	128	128	32	0.15	Candidate_LatentCP3_SVD	3009	0.000000	0.294312	0.000000	0.296509	0.354307	46.594856	0.629733	576230.00
128	9	128	128	32	0.15	Candidate_LatentCP3_TP	3009	0.000000	0.403931	0.000000	0.283203	0.699206	49.734828	0.806556	955030.00
128	9	128	128	32	0.15	B0_Pairwise_LowRank	3009	0.000000	0.540771	0.000000	0.425293	0.000000	0.000000	0.000000	166669.00
128	9	128	128	32	0.15	B1_LinearSVD	3009	0.000000	0.839722	0.000000	0.740723	0.000000	0.000000	0.000000	29077.00
128	9	128	128	32	0.15	B2_1NN_Oracle	3009	1.000000	1.000000	0.000000	0.600586	0.000000	0.000000	0.000000	1656.00
128	9	128	128	32	0.15	B3_ModernHopfield	3009	1.000000	1.000000	0.000000	0.601685	0.000000	0.000000	0.000000	79881.00
128	9	128	128	32	0.15	Candidate_LatentCP3_SVD	3010	0.000000	0.349854	0.000000	0.331787	0.352558	47.869777	0.629702	853200.00
128	9	128	128	32	0.15	Candidate_LatentCP3_TP	3010	0.000000	0.418945	0.000000	0.313477	0.683875	52.855731	0.821699	773304.00
128	9	128	128	32	0.15	B0_Pairwise_LowRank	3010	0.000000	0.514526	0.000000	0.409668	0.000000	0.000000	0.000000	205852.00
128	9	128	128	32	0.15	B1_LinearSVD	3010	0.000000	0.833984	0.000000	0.737427	0.000000	0.000000	0.000000	38076.00
128	9	128	128	32	0.15	B2_1NN_Oracle	3010	1.000000	1.000000	0.000000	0.586914	0.000000	0.000000	0.000000	2031.00
128	9	128	128	32	0.15	B3_ModernHopfield	3010	1.000000	1.000000	0.000000	0.586060	0.000000	0.000000	0.000000	20959.00
128	9	128	128	32	0.15	Candidate_LatentCP3_SVD	3011	0.000000	0.277588	0.000000	0.288696	0.355463	46.947387	0.623933	660376.00
128	9	128	128	32	0.15	Candidate_LatentCP3_TP	3011	0.000000	0.426270	0.000000	0.302979	0.691159	52.652987	0.823245	959113.00
128	9	128	128	32	0.15	B0_Pairwise_LowRank	3011	0.000000	0.526001	0.000000	0.372559	0.000000	0.000000	0.000000	185135.00
128	9	128	128	32	0.15	B1_LinearSVD	3011	0.000000	0.833618	0.000000	0.735474	0.000000	0.000000	0.000000	40932.00
128	9	128	128	32	0.15	B2_1NN_Oracle	3011	1.000000	1.000000	0.000000	0.590210	0.000000	0.000000	0.000000	1648.00
128	9	128	128	32	0.15	B3_ModernHopfield	3011	1.000000	1.000000	0.000000	0.592407	0.000000	0.000000	0.000000	24821.00
128	9	128	128	32	0.15	Candidate_LatentCP3_SVD	3012	0.000000	0.327515	0.000000	0.368164	0.348992	47.243381	0.617499	482336.00
128	9	128	128	32	0.15	Candidate_LatentCP3_TP	3012	0.000000	0.377808	0.000000	0.293457	0.692748	50.619718	0.810058	913141.00
128	9	128	128	32	0.15	B0_Pairwise_LowRank	3012	0.000000	0.488647	0.000000	0.379150	0.000000	0.000000	0.000000	241537.00
128	9	128	128	32	0.15	B1_LinearSVD	3012	0.000000	0.839966	0.000000	0.739868	0.000000	0.000000	0.000000	93041.00
128	9	128	128	32	0.15	B2_1NN_Oracle	3012	1.000000	1.000000	0.000000	0.595947	0.000000	0.000000	0.000000	1609.00
128	9	128	128	32	0.15	B3_ModernHopfield	3012	1.000000	1.000000	0.000000	0.602295	0.000000	0.000000	0.000000	24759.00
128	9	128	128	32	0.15	Candidate_LatentCP3_SVD	3013	0.000000	0.369995	0.000000	0.338501	0.359827	45.934628	0.629962	652099.00
128	9	128	128	32	0.15	Candidate_LatentCP3_TP	3013	0.000000	0.453979	0.000000	0.361816	0.647204	61.112964	0.857534	845045.00
128	9	128	128	32	0.15	B0_Pairwise_LowRank	3013	0.000000	0.477661	0.000000	0.411255	0.000000	0.000000	0.000000	257830.00
128	9	128	128	32	0.15	B1_LinearSVD	3013	0.000000	0.830811	0.000000	0.730591	0.000000	0.000000	0.000000	90795.00
128	9	128	128	32	0.15	B2_1NN_Oracle	3013	1.000000	1.000000	0.000000	0.598022	0.000000	0.000000	0.000000	5589.00
128	9	128	128	32	0.15	B3_ModernHopfield	3013	1.000000	1.000000	0.000000	0.595947	0.000000	0.000000	0.000000	23836.00
128	9	128	128	32	0.15	Candidate_LatentCP3_SVD	3014	0.000000	0.334961	0.000000	0.354004	0.353903	46.495944	0.632633	852295.00
128	9	128	128	32	0.15	Candidate_LatentCP3_TP	3014	0.000000	0.425171	0.000000	0.349243	0.656275	56.136751	0.830526	912467.00
128	9	128	128	32	0.15	B0_Pairwise_LowRank	3014	0.000000	0.565430	0.000000	0.456299	0.000000	0.000000	0.000000	173129.00
128	9	128	128	32	0.15	B1_LinearSVD	3014	0.000000	0.833130	0.000000	0.718384	0.000000	0.000000	0.000000	34776.00
128	9	128	128	32	0.15	B2_1NN_Oracle	3014	1.000000	1.000000	0.000000	0.582397	0.000000	0.000000	0.000000	1316.00
128	9	128	128	32	0.15	B3_ModernHopfield	3014	1.000000	1.000000	0.000000	0.582153	0.000000	0.000000	0.000000	17293.00
128	9	128	128	32	0.15	Candidate_LatentCP3_SVD	3015	0.000000	0.315308	0.000000	0.327881	0.348808	48.114652	0.621185	627352.00
128	9	128	128	32	0.15	Candidate_LatentCP3_TP	3015	0.000000	0.415649	0.000000	0.301636	0.716784	49.323991	0.808164	768993.00
128	9	128	128	32	0.15	B0_Pairwise_LowRank	3015	0.000000	0.410034	0.000000	0.320068	0.000000	0.000000	0.000000	256369.00
128	9	128	128	32	0.15	B1_LinearSVD	3015	0.000000	0.826660	0.000000	0.735229	0.000000	0.000000	0.000000	85671.00
128	9	128	128	32	0.15	B2_1NN_Oracle	3015	1.000000	1.000000	0.000000	0.604492	0.000000	0.000000	0.000000	3177.00
128	9	128	128	32	0.15	B3_ModernHopfield	3015	1.000000	1.000000	0.000000	0.601562	0.000000	0.000000	0.000000	30164.00
128	9	128	128	32	0.15	Candidate_LatentCP3_SVD	3016	0.000000	0.330811	0.000000	0.319214	0.338063	49.009556	0.629049	615694.00
128	9	128	128	32	0.15	Candidate_LatentCP3_TP	3016	0.000000	0.401611	0.000000	0.316040	0.677598	51.731842	0.818971	711700.00
128	9	128	128	32	0.15	B0_Pairwise_LowRank	3016	0.000000	0.552246	0.000000	0.417236	0.000000	0.000000	0.000000	183185.00
128	9	128	128	32	0.15	B1_LinearSVD	3016	0.000000	0.833862	0.000000	0.729004	0.000000	0.000000	0.000000	50793.00
128	9	128	128	32	0.15	B2_1NN_Oracle	3016	1.000000	1.000000	0.000000	0.583862	0.000000	0.000000	0.000000	1381.00
128	9	128	128	32	0.15	B3_ModernHopfield	3016	1.000000	1.000000	0.000000	0.586304	0.000000	0.000000	0.000000	29098.00
128	9	128	128	32	0.15	Candidate_LatentCP3_SVD	3017	0.000000	0.293823	0.000000	0.303955	0.349737	46.647502	0.629778	759300.00
128	9	128	128	32	0.15	Candidate_LatentCP3_TP	3017	0.000000	0.411255	0.000000	0.295166	0.681251	53.508520	0.820125	997968.00
128	9	128	128	32	0.15	B0_Pairwise_LowRank	3017	0.000000	0.508423	0.000000	0.385864	0.000000	0.000000	0.000000	172658.00
128	9	128	128	32	0.15	B1_LinearSVD	3017	0.000000	0.838013	0.000000	0.741089	0.000000	0.000000	0.000000	28621.00
128	9	128	128	32	0.15	B2_1NN_Oracle	3017	1.000000	1.000000	0.000000	0.603638	0.000000	0.000000	0.000000	5613.00
128	9	128	128	32	0.15	B3_ModernHopfield	3017	1.000000	1.000000	0.000000	0.610596	0.000000	0.000000	0.000000	44123.00
128	9	128	128	32	0.15	Candidate_LatentCP3_SVD	3018	0.000000	0.300415	0.000000	0.284424	0.338497	48.921546	0.634663	655942.00
128	9	128	128	32	0.15	Candidate_LatentCP3_TP	3018	0.000000	0.380615	0.000000	0.271240	0.668633	56.033663	0.832777	742795.00
128	9	128	128	32	0.15	B0_Pairwise_LowRank	3018	0.000000	0.428345	0.000000	0.326416	0.000000	0.000000	0.000000	140687.00
128	9	128	128	32	0.15	B1_LinearSVD	3018	0.000000	0.832764	0.000000	0.723633	0.000000	0.000000	0.000000	57107.00
128	9	128	128	32	0.15	B2_1NN_Oracle	3018	1.000000	1.000000	0.000000	0.579224	0.000000	0.000000	0.000000	1730.00
128	9	128	128	32	0.15	B3_ModernHopfield	3018	1.000000	1.000000	0.000000	0.581787	0.000000	0.000000	0.000000	24462.00
128	9	128	128	32	0.15	Candidate_LatentCP3_SVD	3019	0.000000	0.354248	0.000000	0.300293	0.356667	46.466347	0.619823	703786.00
128	9	128	128	32	0.15	Candidate_LatentCP3_TP	3019	0.000000	0.442017	0.000000	0.356567	0.690035	52.866626	0.823696	1046206.00
128	9	128	128	32	0.15	B0_Pairwise_LowRank	3019	0.000000	0.549683	0.000000	0.444580	0.000000	0.000000	0.000000	154467.00
128	9	128	128	32	0.15	B1_LinearSVD	3019	0.000000	0.830811	0.000000	0.721069	0.000000	0.000000	0.000000	43769.00
128	9	128	128	32	0.15	B2_1NN_Oracle	3019	1.000000	1.000000	0.000000	0.591064	0.000000	0.000000	0.000000	1755.00
128	9	128	128	32	0.15	B3_ModernHopfield	3019	1.000000	1.000000	0.000000	0.597656	0.000000	0.000000	0.000000	22531.00
128	9	128	128	32	0.15	Candidate_LatentCP3_SVD	3020	0.000000	0.397949	0.000000	0.340820	0.362661	45.945320	0.623974	729192.00
128	9	128	128	32	0.15	Candidate_LatentCP3_TP	3020	0.000000	0.397705	0.000000	0.306641	0.694765	51.644389	0.817127	859526.00
128	9	128	128	32	0.15	B0_Pairwise_LowRank	3020	0.000000	0.474976	0.000000	0.344971	0.000000	0.000000	0.000000	126724.00
128	9	128	128	32	0.15	B1_LinearSVD	3020	0.000000	0.835693	0.000000	0.730469	0.000000	0.000000	0.000000	42903.00
128	9	128	128	32	0.15	B2_1NN_Oracle	3020	1.000000	1.000000	0.000000	0.598145	0.000000	0.000000	0.000000	1634.00
128	9	128	128	32	0.15	B3_ModernHopfield	3020	1.000000	1.000000	0.000000	0.603882	0.000000	0.000000	0.000000	24496.00
128	9	128	128	32	0.30	Candidate_LatentCP3_SVD	3001	0.000000	0.290527	0.000000	0.241333	0.350981	47.762729	0.622606	637557.00
128	9	128	128	32	0.30	Candidate_LatentCP3_TP	3001	0.000000	0.389282	0.000000	0.254272	0.684098	54.471030	0.820777	785732.00
128	9	128	128	32	0.30	B0_Pairwise_LowRank	3001	0.000000	0.391968	0.000000	0.280273	0.000000	0.000000	0.000000	258007.00
128	9	128	128	32	0.30	B1_LinearSVD	3001	0.000000	0.542603	0.000000	0.450439	0.000000	0.000000	0.000000	59646.00
128	9	128	128	32	0.30	B2_1NN_Oracle	3001	0.929688	0.960083	0.000000	0.485596	0.000000	0.000000	0.000000	1183.00
128	9	128	128	32	0.30	B3_ModernHopfield	3001	0.914062	0.955322	0.000000	0.492920	0.000000	0.000000	0.000000	15431.00
128	9	128	128	32	0.30	Candidate_LatentCP3_SVD	3002	0.000000	0.261475	0.000000	0.273804	0.352149	47.540640	0.619604	645413.00
128	9	128	128	32	0.30	Candidate_LatentCP3_TP	3002	0.000000	0.387817	0.000000	0.300659	0.713350	49.242717	0.809591	1027202.00
128	9	128	128	32	0.30	B0_Pairwise_LowRank	3002	0.000000	0.422607	0.000000	0.315552	0.000000	0.000000	0.000000	232772.00
128	9	128	128	32	0.30	B1_LinearSVD	3002	0.000000	0.509033	0.000000	0.465088	0.000000	0.000000	0.000000	44855.00
128	9	128	128	32	0.30	B2_1NN_Oracle	3002	0.820312	0.905151	0.000000	0.479492	0.000000	0.000000	0.000000	1267.00
128	9	128	128	32	0.30	B3_ModernHopfield	3002	0.820312	0.911133	0.000000	0.482666	0.000000	0.000000	0.000000	21353.00
128	9	128	128	32	0.30	Candidate_LatentCP3_SVD	3003	0.000000	0.255493	0.000000	0.237793	0.362120	44.668180	0.621770	602630.00
128	9	128	128	32	0.30	Candidate_LatentCP3_TP	3003	0.000000	0.391357	0.000000	0.303589	0.688719	54.335622	0.828076	775012.00
128	9	128	128	32	0.30	B0_Pairwise_LowRank	3003	0.000000	0.433228	0.000000	0.367920	0.000000	0.000000	0.000000	199165.00
128	9	128	128	32	0.30	B1_LinearSVD	3003	0.000000	0.553467	0.000000	0.485352	0.000000	0.000000	0.000000	38761.00
128	9	128	128	32	0.30	B2_1NN_Oracle	3003	0.914062	0.949829	0.000000	0.516113	0.000000	0.000000	0.000000	1752.00
128	9	128	128	32	0.30	B3_ModernHopfield	3003	0.914062	0.949341	0.000000	0.518555	0.000000	0.000000	0.000000	26047.00
128	9	128	128	32	0.30	Candidate_LatentCP3_SVD	3004	0.000000	0.263794	0.000000	0.192871	0.362373	46.290307	0.623616	525275.00
128	9	128	128	32	0.30	Candidate_LatentCP3_TP	3004	0.000000	0.367920	0.000000	0.239014	0.700551	52.932471	0.822306	938426.00
128	9	128	128	32	0.30	B0_Pairwise_LowRank	3004	0.000000	0.383423	0.000000	0.278198	0.000000	0.000000	0.000000	206632.00
128	9	128	128	32	0.30	B1_LinearSVD	3004	0.000000	0.543091	0.000000	0.466064	0.000000	0.000000	0.000000	67495.00
128	9	128	128	32	0.30	B2_1NN_Oracle	3004	0.898438	0.937012	0.000000	0.477661	0.000000	0.000000	0.000000	1689.00
128	9	128	128	32	0.30	B3_ModernHopfield	3004	0.914062	0.954224	0.000000	0.488281	0.000000	0.000000	0.000000	34039.00
128	9	128	128	32	0.30	Candidate_LatentCP3_SVD	3005	0.000000	0.277954	0.000000	0.244507	0.357543	46.786707	0.619528	707368.00
128	9	128	128	32	0.30	Candidate_LatentCP3_TP	3005	0.000000	0.404053	0.000000	0.289673	0.688917	53.405028	0.820340	712952.00
128	9	128	128	32	0.30	B0_Pairwise_LowRank	3005	0.000000	0.353149	0.000000	0.258301	0.000000	0.000000	0.000000	181384.00
128	9	128	128	32	0.30	B1_LinearSVD	3005	0.000000	0.518555	0.000000	0.471313	0.000000	0.000000	0.000000	48217.00
128	9	128	128	32	0.30	B2_1NN_Oracle	3005	0.875000	0.937500	0.000000	0.496826	0.000000	0.000000	0.000000	1771.00
128	9	128	128	32	0.30	B3_ModernHopfield	3005	0.867188	0.937866	0.000000	0.495972	0.000000	0.000000	0.000000	28322.00
128	9	128	128	32	0.30	Candidate_LatentCP3_SVD	3006	0.000000	0.284790	0.000000	0.300049	0.341138	48.495651	0.642256	596263.00
128	9	128	128	32	0.30	Candidate_LatentCP3_TP	3006	0.000000	0.326782	0.000000	0.221069	0.670982	56.254649	0.830156	863251.00
128	9	128	128	32	0.30	B0_Pairwise_LowRank	3006	0.000000	0.361084	0.000000	0.263672	0.000000	0.000000	0.000000	168683.00
128	9	128	128	32	0.30	B1_LinearSVD	3006	0.000000	0.541504	0.000000	0.457764	0.000000	0.000000	0.000000	51502.00
128	9	128	128	32	0.30	B2_1NN_Oracle	3006	0.898438	0.943726	0.000000	0.507935	0.000000	0.000000	0.000000	5652.00
128	9	128	128	32	0.30	B3_ModernHopfield	3006	0.875000	0.936157	0.000000	0.509277	0.000000	0.000000	0.000000	56171.00
128	9	128	128	32	0.30	Candidate_LatentCP3_SVD	3007	0.000000	0.325439	0.000000	0.260742	0.351325	47.967586	0.625746	996306.00
128	9	128	128	32	0.30	Candidate_LatentCP3_TP	3007	0.000000	0.296387	0.000000	0.242798	0.669396	52.289805	0.822831	1084319.00
128	9	128	128	32	0.30	B0_Pairwise_LowRank	3007	0.000000	0.424683	0.000000	0.317505	0.000000	0.000000	0.000000	195438.00
128	9	128	128	32	0.30	B1_LinearSVD	3007	0.000000	0.534180	0.000000	0.449585	0.000000	0.000000	0.000000	47893.00
128	9	128	128	32	0.30	B2_1NN_Oracle	3007	0.890625	0.933105	0.000000	0.490234	0.000000	0.000000	0.000000	1980.00
128	9	128	128	32	0.30	B3_ModernHopfield	3007	0.890625	0.936523	0.000000	0.476929	0.000000	0.000000	0.000000	26834.00
128	9	128	128	32	0.30	Candidate_LatentCP3_SVD	3008	0.000000	0.311279	0.000000	0.295654	0.352608	46.654767	0.630053	689991.00
128	9	128	128	32	0.30	Candidate_LatentCP3_TP	3008	0.000000	0.310425	0.000000	0.227417	0.707447	50.219932	0.813120	767772.00
128	9	128	128	32	0.30	B0_Pairwise_LowRank	3008	0.000000	0.381592	0.000000	0.288818	0.000000	0.000000	0.000000	244857.00
128	9	128	128	32	0.30	B1_LinearSVD	3008	0.000000	0.525391	0.000000	0.460571	0.000000	0.000000	0.000000	39359.00
128	9	128	128	32	0.30	B2_1NN_Oracle	3008	0.828125	0.901489	0.000000	0.484985	0.000000	0.000000	0.000000	1855.00
128	9	128	128	32	0.30	B3_ModernHopfield	3008	0.812500	0.893188	0.000000	0.492676	0.000000	0.000000	0.000000	102381.00
128	9	128	128	32	0.30	Candidate_LatentCP3_SVD	3009	0.000000	0.242920	0.000000	0.245972	0.354307	46.594856	0.629733	736992.00
128	9	128	128	32	0.30	Candidate_LatentCP3_TP	3009	0.000000	0.357422	0.000000	0.250122	0.699206	49.734828	0.806556	905708.00
128	9	128	128	32	0.30	B0_Pairwise_LowRank	3009	0.000000	0.394897	0.000000	0.333252	0.000000	0.000000	0.000000	124185.00
128	9	128	128	32	0.30	B1_LinearSVD	3009	0.000000	0.521118	0.000000	0.462769	0.000000	0.000000	0.000000	38834.00
128	9	128	128	32	0.30	B2_1NN_Oracle	3009	0.921875	0.956787	0.000000	0.500366	0.000000	0.000000	0.000000	1381.00
128	9	128	128	32	0.30	B3_ModernHopfield	3009	0.906250	0.949219	0.000000	0.511353	0.000000	0.000000	0.000000	23735.00
128	9	128	128	32	0.30	Candidate_LatentCP3_SVD	3010	0.000000	0.296753	0.000000	0.277100	0.352558	47.869777	0.629702	431792.00
128	9	128	128	32	0.30	Candidate_LatentCP3_TP	3010	0.000000	0.379395	0.000000	0.266113	0.683875	52.855731	0.821699	1014276.00
128	9	128	128	32	0.30	B0_Pairwise_LowRank	3010	0.000000	0.439453	0.000000	0.284180	0.000000	0.000000	0.000000	246822.00
128	9	128	128	32	0.30	B1_LinearSVD	3010	0.000000	0.542358	0.000000	0.460449	0.000000	0.000000	0.000000	61330.00
128	9	128	128	32	0.30	B2_1NN_Oracle	3010	0.859375	0.922119	0.000000	0.450806	0.000000	0.000000	0.000000	6004.00
128	9	128	128	32	0.30	B3_ModernHopfield	3010	0.859375	0.923096	0.000000	0.458008	0.000000	0.000000	0.000000	51948.00
128	9	128	128	32	0.30	Candidate_LatentCP3_SVD	3011	0.000000	0.250000	0.000000	0.242310	0.355463	46.947387	0.623933	598242.00
128	9	128	128	32	0.30	Candidate_LatentCP3_TP	3011	0.000000	0.376465	0.000000	0.248169	0.691159	52.652987	0.823245	990544.00
128	9	128	128	32	0.30	B0_Pairwise_LowRank	3011	0.000000	0.406860	0.000000	0.294067	0.000000	0.000000	0.000000	172605.00
128	9	128	128	32	0.30	B1_LinearSVD	3011	0.000000	0.542358	0.000000	0.472168	0.000000	0.000000	0.000000	35809.00
128	9	128	128	32	0.30	B2_1NN_Oracle	3011	0.929688	0.963989	0.000000	0.487305	0.000000	0.000000	0.000000	1266.00
128	9	128	128	32	0.30	B3_ModernHopfield	3011	0.914062	0.958862	0.000000	0.501587	0.000000	0.000000	0.000000	23988.00
128	9	128	128	32	0.30	Candidate_LatentCP3_SVD	3012	0.000000	0.279663	0.000000	0.293213	0.348992	47.243381	0.617499	557458.00
128	9	128	128	32	0.30	Candidate_LatentCP3_TP	3012	0.000000	0.322144	0.000000	0.246338	0.692748	50.619718	0.810058	829574.00
128	9	128	128	32	0.30	B0_Pairwise_LowRank	3012	0.000000	0.388184	0.000000	0.289429	0.000000	0.000000	0.000000	210140.00
128	9	128	128	32	0.30	B1_LinearSVD	3012	0.000000	0.550049	0.000000	0.465820	0.000000	0.000000	0.000000	75331.00
128	9	128	128	32	0.30	B2_1NN_Oracle	3012	0.906250	0.947876	0.000000	0.488159	0.000000	0.000000	0.000000	6100.00
128	9	128	128	32	0.30	B3_ModernHopfield	3012	0.890625	0.946045	0.000000	0.500244	0.000000	0.000000	0.000000	49887.00
128	9	128	128	32	0.30	Candidate_LatentCP3_SVD	3013	0.000000	0.305542	0.000000	0.273682	0.359827	45.934628	0.629962	574787.00
128	9	128	128	32	0.30	Candidate_LatentCP3_TP	3013	0.000000	0.410645	0.000000	0.307495	0.647204	61.112964	0.857534	772412.00
128	9	128	128	32	0.30	B0_Pairwise_LowRank	3013	0.000000	0.382446	0.000000	0.306396	0.000000	0.000000	0.000000	289443.00
128	9	128	128	32	0.30	B1_LinearSVD	3013	0.000000	0.509399	0.000000	0.471069	0.000000	0.000000	0.000000	60714.00
128	9	128	128	32	0.30	B2_1NN_Oracle	3013	0.890625	0.936768	0.000000	0.476196	0.000000	0.000000	0.000000	2758.00
128	9	128	128	32	0.30	B3_ModernHopfield	3013	0.859375	0.922729	0.000000	0.484009	0.000000	0.000000	0.000000	25217.00
128	9	128	128	32	0.30	Candidate_LatentCP3_SVD	3014	0.000000	0.266724	0.000000	0.270630	0.353903	46.495944	0.632633	690512.00
128	9	128	128	32	0.30	Candidate_LatentCP3_TP	3014	0.000000	0.375854	0.000000	0.294556	0.656275	56.136751	0.830526	740082.00
128	9	128	128	32	0.30	B0_Pairwise_LowRank	3014	0.000000	0.444946	0.000000	0.358276	0.000000	0.000000	0.000000	143756.00
128	9	128	128	32	0.30	B1_LinearSVD	3014	0.000000	0.524658	0.000000	0.462646	0.000000	0.000000	0.000000	46102.00
128	9	128	128	32	0.30	B2_1NN_Oracle	3014	0.914062	0.948486	0.000000	0.479858	0.000000	0.000000	0.000000	1621.00
128	9	128	128	32	0.30	B3_ModernHopfield	3014	0.914062	0.949463	0.000000	0.487915	0.000000	0.000000	0.000000	25141.00
128	9	128	128	32	0.30	Candidate_LatentCP3_SVD	3015	0.000000	0.273926	0.000000	0.273071	0.348808	48.114652	0.621185	943300.00
128	9	128	128	32	0.30	Candidate_LatentCP3_TP	3015	0.000000	0.362061	0.000000	0.253052	0.716784	49.323991	0.808164	767431.00
128	9	128	128	32	0.30	B0_Pairwise_LowRank	3015	0.000000	0.330078	0.000000	0.273193	0.000000	0.000000	0.000000	212145.00
128	9	128	128	32	0.30	B1_LinearSVD	3015	0.000000	0.541626	0.000000	0.457642	0.000000	0.000000	0.000000	40383.00
128	9	128	128	32	0.30	B2_1NN_Oracle	3015	0.898438	0.935303	0.000000	0.503540	0.000000	0.000000	0.000000	1175.00
128	9	128	128	32	0.30	B3_ModernHopfield	3015	0.890625	0.936401	0.000000	0.506592	0.000000	0.000000	0.000000	43767.00
128	9	128	128	32	0.30	Candidate_LatentCP3_SVD	3016	0.000000	0.288086	0.000000	0.272461	0.338063	49.009556	0.629049	579470.00
128	9	128	128	32	0.30	Candidate_LatentCP3_TP	3016	0.000000	0.356567	0.000000	0.250488	0.677598	51.731842	0.818971	598106.00
128	9	128	128	32	0.30	B0_Pairwise_LowRank	3016	0.000000	0.410645	0.000000	0.319946	0.000000	0.000000	0.000000	172153.00
128	9	128	128	32	0.30	B1_LinearSVD	3016	0.000000	0.530151	0.000000	0.457031	0.000000	0.000000	0.000000	34036.00
128	9	128	128	32	0.30	B2_1NN_Oracle	3016	0.875000	0.927124	0.000000	0.492554	0.000000	0.000000	0.000000	1995.00
128	9	128	128	32	0.30	B3_ModernHopfield	3016	0.859375	0.918701	0.000000	0.484985	0.000000	0.000000	0.000000	21676.00
128	9	128	128	32	0.30	Candidate_LatentCP3_SVD	3017	0.000000	0.232178	0.000000	0.252197	0.349737	46.647502	0.629778	682799.00
128	9	128	128	32	0.30	Candidate_LatentCP3_TP	3017	0.000000	0.372681	0.000000	0.262451	0.681251	53.508520	0.820125	844374.00
128	9	128	128	32	0.30	B0_Pairwise_LowRank	3017	0.000000	0.404541	0.000000	0.295044	0.000000	0.000000	0.000000	132319.00
128	9	128	128	32	0.30	B1_LinearSVD	3017	0.000000	0.533447	0.000000	0.458862	0.000000	0.000000	0.000000	60166.00
128	9	128	128	32	0.30	B2_1NN_Oracle	3017	0.882812	0.938354	0.000000	0.511963	0.000000	0.000000	0.000000	1937.00
128	9	128	128	32	0.30	B3_ModernHopfield	3017	0.859375	0.927612	0.000000	0.512817	0.000000	0.000000	0.000000	36301.00
128	9	128	128	32	0.30	Candidate_LatentCP3_SVD	3018	0.000000	0.231079	0.000000	0.224121	0.338497	48.921546	0.634663	689676.00
128	9	128	128	32	0.30	Candidate_LatentCP3_TP	3018	0.000000	0.338623	0.000000	0.230469	0.668633	56.033663	0.832777	781398.00
128	9	128	128	32	0.30	B0_Pairwise_LowRank	3018	0.000000	0.344116	0.000000	0.230225	0.000000	0.000000	0.000000	219662.00
128	9	128	128	32	0.30	B1_LinearSVD	3018	0.000000	0.531250	0.000000	0.450562	0.000000	0.000000	0.000000	50784.00
128	9	128	128	32	0.30	B2_1NN_Oracle	3018	0.929688	0.961182	0.000000	0.460205	0.000000	0.000000	0.000000	9896.00
128	9	128	128	32	0.30	B3_ModernHopfield	3018	0.906250	0.948120	0.000000	0.470947	0.000000	0.000000	0.000000	35882.00
128	9	128	128	32	0.30	Candidate_LatentCP3_SVD	3019	0.000000	0.304688	0.000000	0.241211	0.356667	46.466347	0.619823	743637.00
128	9	128	128	32	0.30	Candidate_LatentCP3_TP	3019	0.000000	0.379272	0.000000	0.289185	0.690035	52.866626	0.823696	1076280.00
128	9	128	128	32	0.30	B0_Pairwise_LowRank	3019	0.000000	0.431396	0.000000	0.345825	0.000000	0.000000	0.000000	126273.00
128	9	128	128	32	0.30	B1_LinearSVD	3019	0.000000	0.530640	0.000000	0.455566	0.000000	0.000000	0.000000	45531.00
128	9	128	128	32	0.30	B2_1NN_Oracle	3019	0.898438	0.943481	0.000000	0.500000	0.000000	0.000000	0.000000	3924.00
128	9	128	128	32	0.30	B3_ModernHopfield	3019	0.890625	0.941650	0.000000	0.501343	0.000000	0.000000	0.000000	31487.00
128	9	128	128	32	0.30	Candidate_LatentCP3_SVD	3020	0.000000	0.345703	0.000000	0.284546	0.362661	45.945320	0.623974	587741.00
128	9	128	128	32	0.30	Candidate_LatentCP3_TP	3020	0.000000	0.374268	0.000000	0.257812	0.694765	51.644389	0.817127	817285.00
128	9	128	128	32	0.30	B0_Pairwise_LowRank	3020	0.000000	0.373535	0.000000	0.272705	0.000000	0.000000	0.000000	212181.00
128	9	128	128	32	0.30	B1_LinearSVD	3020	0.000000	0.534790	0.000000	0.458008	0.000000	0.000000	0.000000	74763.00
128	9	128	128	32	0.30	B2_1NN_Oracle	3020	0.882812	0.934204	0.000000	0.493164	0.000000	0.000000	0.000000	3326.00
128	9	128	128	32	0.30	B3_ModernHopfield	3020	0.890625	0.940430	0.000000	0.501831	0.000000	0.000000	0.000000	31890.00
128	9	192	64	4	0.15	Candidate_LatentCP3_SVD	3001	0.000000	0.288167	0.000000	0.253906	0.731837	79.413109	0.629197	290795.00
128	9	192	64	4	0.15	Candidate_LatentCP3_TP	3001	0.000000	0.350749	0.000000	0.298828	0.696691	82.195927	0.655377	199825.00
128	9	192	64	4	0.15	B0_Pairwise_LowRank	3001	0.000000	0.436117	0.000000	0.333008	0.000000	0.000000	0.000000	181316.00
128	9	192	64	4	0.15	B1_LinearSVD	3001	0.000000	0.496501	0.000000	0.385986	0.000000	0.000000	0.000000	22232.00
128	9	192	64	4	0.15	B2_1NN_Oracle	3001	1.000000	1.000000	0.000000	0.601074	0.000000	0.000000	0.000000	2310.00
128	9	192	64	4	0.15	B3_ModernHopfield	3001	1.000000	1.000000	0.000000	0.605713	0.000000	0.000000	0.000000	37601.00
128	9	192	64	4	0.15	Candidate_LatentCP3_SVD	3002	0.000000	0.316895	0.000000	0.283936	0.704456	78.345410	0.639771	295857.00
128	9	192	64	4	0.15	Candidate_LatentCP3_TP	3002	0.000000	0.338298	0.000000	0.250244	0.731713	73.430465	0.637253	265470.00
128	9	192	64	4	0.15	B0_Pairwise_LowRank	3002	0.000000	0.407064	0.000000	0.307373	0.000000	0.000000	0.000000	142853.00
128	9	192	64	4	0.15	B1_LinearSVD	3002	0.000000	0.492757	0.000000	0.406738	0.000000	0.000000	0.000000	11101.00
128	9	192	64	4	0.15	B2_1NN_Oracle	3002	1.000000	1.000000	0.000000	0.611816	0.000000	0.000000	0.000000	2643.00
128	9	192	64	4	0.15	B3_ModernHopfield	3002	1.000000	1.000000	0.000000	0.613525	0.000000	0.000000	0.000000	34804.00
128	9	192	64	4	0.15	Candidate_LatentCP3_SVD	3003	0.000000	0.309733	0.000000	0.309082	0.708369	81.401344	0.629311	155107.00
128	9	192	64	4	0.15	Candidate_LatentCP3_TP	3003	0.000000	0.346924	0.000000	0.301758	0.712845	76.672173	0.609890	154218.00
128	9	192	64	4	0.15	B0_Pairwise_LowRank	3003	0.000000	0.416178	0.000000	0.346191	0.000000	0.000000	0.000000	86957.00
128	9	192	64	4	0.15	B1_LinearSVD	3003	0.000000	0.495605	0.000000	0.404053	0.000000	0.000000	0.000000	11099.00
128	9	192	64	4	0.15	B2_1NN_Oracle	3003	1.000000	1.000000	0.000000	0.607178	0.000000	0.000000	0.000000	1579.00
128	9	192	64	4	0.15	B3_ModernHopfield	3003	1.000000	1.000000	0.000000	0.613770	0.000000	0.000000	0.000000	27755.00
128	9	192	64	4	0.15	Candidate_LatentCP3_SVD	3004	0.000000	0.312907	0.000000	0.236328	0.740127	77.530909	0.621376	210872.00
128	9	192	64	4	0.15	Candidate_LatentCP3_TP	3004	0.000000	0.313965	0.000000	0.284668	0.700321	77.936550	0.638639	185954.00
128	9	192	64	4	0.15	B0_Pairwise_LowRank	3004	0.000000	0.430420	0.000000	0.324463	0.000000	0.000000	0.000000	69737.00
128	9	192	64	4	0.15	B1_LinearSVD	3004	0.000000	0.501790	0.000000	0.377930	0.000000	0.000000	0.000000	12517.00
128	9	192	64	4	0.15	B2_1NN_Oracle	3004	1.000000	1.000000	0.000000	0.613770	0.000000	0.000000	0.000000	2266.00
128	9	192	64	4	0.15	B3_ModernHopfield	3004	1.000000	1.000000	0.000000	0.614746	0.000000	0.000000	0.000000	36353.00
128	9	192	64	4	0.15	Candidate_LatentCP3_SVD	3005	0.000000	0.283447	0.000000	0.249512	0.731225	78.825500	0.626589	171293.00
128	9	192	64	4	0.15	Candidate_LatentCP3_TP	3005	0.000000	0.344157	0.000000	0.279053	0.722416	73.581615	0.609118	209318.00
128	9	192	64	4	0.15	B0_Pairwise_LowRank	3005	0.000000	0.409180	0.000000	0.310059	0.000000	0.000000	0.000000	132177.00
128	9	192	64	4	0.15	B1_LinearSVD	3005	0.000000	0.500326	0.000000	0.392822	0.000000	0.000000	0.000000	6992.00
128	9	192	64	4	0.15	B2_1NN_Oracle	3005	1.000000	1.000000	0.000000	0.610107	0.000000	0.000000	0.000000	1634.00
128	9	192	64	4	0.15	B3_ModernHopfield	3005	1.000000	1.000000	0.000000	0.612549	0.000000	0.000000	0.000000	22416.00
128	9	192	64	4	0.15	Candidate_LatentCP3_SVD	3006	0.000000	0.294922	0.000000	0.293945	0.691309	83.745270	0.644491	147817.00
128	9	192	64	4	0.15	Candidate_LatentCP3_TP	3006	0.000000	0.364665	0.000000	0.311523	0.724072	72.628812	0.590525	196988.00
128	9	192	64	4	0.15	B0_Pairwise_LowRank	3006	0.000000	0.400635	0.000000	0.339600	0.000000	0.000000	0.000000	156556.00
128	9	192	64	4	0.15	B1_LinearSVD	3006	0.000000	0.495931	0.000000	0.429688	0.000000	0.000000	0.000000	14475.00
128	9	192	64	4	0.15	B2_1NN_Oracle	3006	1.000000	1.000000	0.000000	0.598877	0.000000	0.000000	0.000000	1506.00
128	9	192	64	4	0.15	B3_ModernHopfield	3006	1.000000	1.000000	0.000000	0.600098	0.000000	0.000000	0.000000	38696.00
128	9	192	64	4	0.15	Candidate_LatentCP3_SVD	3007	0.000000	0.321859	0.000000	0.305664	0.711366	78.696893	0.627764	146850.00
128	9	192	64	4	0.15	Candidate_LatentCP3_TP	3007	0.000000	0.384440	0.000000	0.286621	0.768623	69.170762	0.577337	244691.00
128	9	192	64	4	0.15	B0_Pairwise_LowRank	3007	0.000000	0.437988	0.000000	0.331055	0.000000	0.000000	0.000000	88279.00
128	9	192	64	4	0.15	B1_LinearSVD	3007	0.000000	0.500407	0.000000	0.394531	0.000000	0.000000	0.000000	31437.00
128	9	192	64	4	0.15	B2_1NN_Oracle	3007	1.000000	1.000000	0.000000	0.606689	0.000000	0.000000	0.000000	11225.00
128	9	192	64	4	0.15	B3_ModernHopfield	3007	1.000000	1.000000	0.000000	0.611572	0.000000	0.000000	0.000000	59785.00
128	9	192	64	4	0.15	Candidate_LatentCP3_SVD	3008	0.000000	0.337077	0.000000	0.298584	0.716129	79.896310	0.637937	228701.00
128	9	192	64	4	0.15	Candidate_LatentCP3_TP	3008	0.000000	0.327718	0.000000	0.291748	0.724627	72.977512	0.617242	200286.00
128	9	192	64	4	0.15	B0_Pairwise_LowRank	3008	0.000000	0.418701	0.000000	0.350586	0.000000	0.000000	0.000000	106167.00
128	9	192	64	4	0.15	B1_LinearSVD	3008	0.000000	0.486328	0.000000	0.410400	0.000000	0.000000	0.000000	15924.00
128	9	192	64	4	0.15	B2_1NN_Oracle	3008	1.000000	1.000000	0.000000	0.601562	0.000000	0.000000	0.000000	1473.00
128	9	192	64	4	0.15	B3_ModernHopfield	3008	1.000000	1.000000	0.000000	0.600830	0.000000	0.000000	0.000000	40207.00
128	9	192	64	4	0.15	Candidate_LatentCP3_SVD	3009	0.000000	0.321777	0.000000	0.302979	0.685911	83.173523	0.642208	172534.00
128	9	192	64	4	0.15	Candidate_LatentCP3_TP	3009	0.000000	0.377360	0.000000	0.306641	0.746491	66.045751	0.563924	239229.00
128	9	192	64	4	0.15	B0_Pairwise_LowRank	3009	0.000000	0.417480	0.000000	0.373779	0.000000	0.000000	0.000000	94198.00
128	9	192	64	4	0.15	B1_LinearSVD	3009	0.000000	0.491618	0.000000	0.437744	0.000000	0.000000	0.000000	13807.00
128	9	192	64	4	0.15	B2_1NN_Oracle	3009	1.000000	1.000000	0.000000	0.615967	0.000000	0.000000	0.000000	2515.00
128	9	192	64	4	0.15	B3_ModernHopfield	3009	1.000000	1.000000	0.000000	0.619873	0.000000	0.000000	0.000000	46880.00
128	9	192	64	4	0.15	Candidate_LatentCP3_SVD	3010	0.000000	0.307292	0.000000	0.311035	0.706986	83.801580	0.650428	111934.00
128	9	192	64	4	0.15	Candidate_LatentCP3_TP	3010	0.000000	0.321370	0.000000	0.274170	0.736238	70.973282	0.603812	189230.00
128	9	192	64	4	0.15	B0_Pairwise_LowRank	3010	0.000000	0.408040	0.000000	0.318115	0.000000	0.000000	0.000000	93823.00
128	9	192	64	4	0.15	B1_LinearSVD	3010	0.000000	0.501058	0.000000	0.415039	0.000000	0.000000	0.000000	29340.00
128	9	192	64	4	0.15	B2_1NN_Oracle	3010	1.000000	1.000000	0.000000	0.611328	0.000000	0.000000	0.000000	2695.00
128	9	192	64	4	0.15	B3_ModernHopfield	3010	1.000000	1.000000	0.000000	0.613281	0.000000	0.000000	0.000000	48588.00
128	9	192	64	4	0.15	Candidate_LatentCP3_SVD	3011	0.000000	0.295492	0.000000	0.311279	0.706939	78.106318	0.623423	189772.00
128	9	192	64	4	0.15	Candidate_LatentCP3_TP	3011	0.000000	0.346761	0.000000	0.279541	0.704466	72.106778	0.586912	197457.00
128	9	192	64	4	0.15	B0_Pairwise_LowRank	3011	0.000000	0.430827	0.000000	0.335205	0.000000	0.000000	0.000000	121505.00
128	9	192	64	4	0.15	B1_LinearSVD	3011	0.000000	0.496338	0.000000	0.393311	0.000000	0.000000	0.000000	13274.00
128	9	192	64	4	0.15	B2_1NN_Oracle	3011	1.000000	1.000000	0.000000	0.600098	0.000000	0.000000	0.000000	2536.00
128	9	192	64	4	0.15	B3_ModernHopfield	3011	1.000000	1.000000	0.000000	0.603516	0.000000	0.000000	0.000000	39599.00
128	9	192	64	4	0.15	Candidate_LatentCP3_SVD	3012	0.000000	0.333822	0.000000	0.303955	0.686078	85.244737	0.640875	155168.00
128	9	192	64	4	0.15	Candidate_LatentCP3_TP	3012	0.000000	0.346110	0.000000	0.329102	0.694469	75.742575	0.606317	193933.00
128	9	192	64	4	0.15	B0_Pairwise_LowRank	3012	0.000000	0.401530	0.000000	0.314209	0.000000	0.000000	0.000000	195718.00
128	9	192	64	4	0.15	B1_LinearSVD	3012	0.000000	0.497396	0.000000	0.383057	0.000000	0.000000	0.000000	13239.00
128	9	192	64	4	0.15	B2_1NN_Oracle	3012	1.000000	1.000000	0.000000	0.603271	0.000000	0.000000	0.000000	1566.00
128	9	192	64	4	0.15	B3_ModernHopfield	3012	1.000000	1.000000	0.000000	0.613770	0.000000	0.000000	0.000000	38678.00
128	9	192	64	4	0.15	Candidate_LatentCP3_SVD	3013	0.000000	0.307129	0.000000	0.310059	0.717061	76.329942	0.616549	142604.00
128	9	192	64	4	0.15	Candidate_LatentCP3_TP	3013	0.000000	0.333089	0.000000	0.300781	0.723593	76.615126	0.618064	282823.00
128	9	192	64	4	0.15	B0_Pairwise_LowRank	3013	0.000000	0.379964	0.000000	0.321045	0.000000	0.000000	0.000000	149639.00
128	9	192	64	4	0.15	B1_LinearSVD	3013	0.000000	0.489827	0.000000	0.410156	0.000000	0.000000	0.000000	89412.00
128	9	192	64	4	0.15	B2_1NN_Oracle	3013	1.000000	1.000000	0.000000	0.620850	0.000000	0.000000	0.000000	3018.00
128	9	192	64	4	0.15	B3_ModernHopfield	3013	1.000000	1.000000	0.000000	0.621582	0.000000	0.000000	0.000000	65843.00
128	9	192	64	4	0.15	Candidate_LatentCP3_SVD	3014	0.000000	0.362467	0.000000	0.311768	0.724954	81.827358	0.653493	223108.00
128	9	192	64	4	0.15	Candidate_LatentCP3_TP	3014	0.000000	0.335042	0.000000	0.264893	0.725794	73.592507	0.612122	295799.00
128	9	192	64	4	0.15	B0_Pairwise_LowRank	3014	0.000000	0.418783	0.000000	0.335449	0.000000	0.000000	0.000000	165134.00
128	9	192	64	4	0.15	B1_LinearSVD	3014	0.000000	0.500732	0.000000	0.402588	0.000000	0.000000	0.000000	22749.00
128	9	192	64	4	0.15	B2_1NN_Oracle	3014	1.000000	1.000000	0.000000	0.587402	0.000000	0.000000	0.000000	2218.00
128	9	192	64	4	0.15	B3_ModernHopfield	3014	1.000000	1.000000	0.000000	0.588867	0.000000	0.000000	0.000000	35842.00
128	9	192	64	4	0.15	Candidate_LatentCP3_SVD	3015	0.000000	0.324544	0.000000	0.302734	0.718249	78.641578	0.630490	173497.00
128	9	192	64	4	0.15	Candidate_LatentCP3_TP	3015	0.000000	0.278239	0.000000	0.233398	0.683980	93.192153	0.697838	254855.00
128	9	192	64	4	0.15	B0_Pairwise_LowRank	3015	0.000000	0.415771	0.000000	0.345215	0.000000	0.000000	0.000000	88948.00
128	9	192	64	4	0.15	B1_LinearSVD	3015	0.000000	0.500814	0.000000	0.440430	0.000000	0.000000	0.000000	12351.00
128	9	192	64	4	0.15	B2_1NN_Oracle	3015	1.000000	1.000000	0.000000	0.621094	0.000000	0.000000	0.000000	1584.00
128	9	192	64	4	0.15	B3_ModernHopfield	3015	1.000000	1.000000	0.000000	0.622803	0.000000	0.000000	0.000000	29000.00
128	9	192	64	4	0.15	Candidate_LatentCP3_SVD	3016	0.000000	0.291748	0.000000	0.284180	0.686262	80.528697	0.617533	247839.00
128	9	192	64	4	0.15	Candidate_LatentCP3_TP	3016	0.000000	0.327881	0.000000	0.253418	0.717113	72.943521	0.600116	306774.00
128	9	192	64	4	0.15	B0_Pairwise_LowRank	3016	0.000000	0.418457	0.000000	0.335205	0.000000	0.000000	0.000000	170627.00
128	9	192	64	4	0.15	B1_LinearSVD	3016	0.000000	0.494303	0.000000	0.413330	0.000000	0.000000	0.000000	31862.00
128	9	192	64	4	0.15	B2_1NN_Oracle	3016	1.000000	1.000000	0.000000	0.609619	0.000000	0.000000	0.000000	1625.00
128	9	192	64	4	0.15	B3_ModernHopfield	3016	1.000000	1.000000	0.000000	0.619385	0.000000	0.000000	0.000000	79661.00
128	9	192	64	4	0.15	Candidate_LatentCP3_SVD	3017	0.000000	0.284261	0.000000	0.293701	0.687055	83.412466	0.648068	290456.00
128	9	192	64	4	0.15	Candidate_LatentCP3_TP	3017	0.000000	0.261230	0.000000	0.237793	0.693557	79.514957	0.665879	342309.00
128	9	192	64	4	0.15	B0_Pairwise_LowRank	3017	0.000000	0.411051	0.000000	0.353760	0.000000	0.000000	0.000000	141149.00
128	9	192	64	4	0.15	B1_LinearSVD	3017	0.000000	0.489095	0.000000	0.422852	0.000000	0.000000	0.000000	12702.00
128	9	192	64	4	0.15	B2_1NN_Oracle	3017	1.000000	1.000000	0.000000	0.620117	0.000000	0.000000	0.000000	2307.00
128	9	192	64	4	0.15	B3_ModernHopfield	3017	1.000000	1.000000	0.000000	0.619873	0.000000	0.000000	0.000000	38422.00
128	9	192	64	4	0.15	Candidate_LatentCP3_SVD	3018	0.000000	0.318359	0.000000	0.291504	0.759339	76.348092	0.619997	179228.00
128	9	192	64	4	0.15	Candidate_LatentCP3_TP	3018	0.000000	0.336182	0.000000	0.264404	0.770057	71.191359	0.598751	217624.00
128	9	192	64	4	0.15	B0_Pairwise_LowRank	3018	0.000000	0.419352	0.000000	0.334229	0.000000	0.000000	0.000000	77092.00
128	9	192	64	4	0.15	B1_LinearSVD	3018	0.000000	0.486654	0.000000	0.393555	0.000000	0.000000	0.000000	19867.00
128	9	192	64	4	0.15	B2_1NN_Oracle	3018	0.994792	0.997884	0.000000	0.600342	0.000000	0.000000	0.000000	6214.00
128	9	192	64	4	0.15	B3_ModernHopfield	3018	1.000000	1.000000	0.000000	0.598633	0.000000	0.000000	0.000000	68258.00
128	9	192	64	4	0.15	Candidate_LatentCP3_SVD	3019	0.000000	0.256185	0.000000	0.262207	0.715532	77.466908	0.607578	219221.00
128	9	192	64	4	0.15	Candidate_LatentCP3_TP	3019	0.000000	0.289307	0.000000	0.282227	0.654591	91.171270	0.668953	279122.00
128	9	192	64	4	0.15	B0_Pairwise_LowRank	3019	0.000000	0.396891	0.000000	0.311768	0.000000	0.000000	0.000000	79594.00
128	9	192	64	4	0.15	B1_LinearSVD	3019	0.000000	0.494710	0.000000	0.431885	0.000000	0.000000	0.000000	8155.00
128	9	192	64	4	0.15	B2_1NN_Oracle	3019	1.000000	1.000000	0.000000	0.591797	0.000000	0.000000	0.000000	1633.00
128	9	192	64	4	0.15	B3_ModernHopfield	3019	1.000000	1.000000	0.000000	0.597900	0.000000	0.000000	0.000000	68906.00
128	9	192	64	4	0.15	Candidate_LatentCP3_SVD	3020	0.000000	0.330892	0.000000	0.248779	0.701111	80.192105	0.630808	172068.00
128	9	192	64	4	0.15	Candidate_LatentCP3_TP	3020	0.000000	0.339111	0.000000	0.309082	0.694778	74.709864	0.584333	162272.00
128	9	192	64	4	0.15	B0_Pairwise_LowRank	3020	0.000000	0.430013	0.000000	0.329346	0.000000	0.000000	0.000000	109323.00
128	9	192	64	4	0.15	B1_LinearSVD	3020	0.000000	0.493652	0.000000	0.389648	0.000000	0.000000	0.000000	8368.00
128	9	192	64	4	0.15	B2_1NN_Oracle	3020	1.000000	1.000000	0.000000	0.614258	0.000000	0.000000	0.000000	1723.00
128	9	192	64	4	0.15	B3_ModernHopfield	3020	1.000000	1.000000	0.000000	0.621094	0.000000	0.000000	0.000000	26571.00
128	9	192	64	4	0.30	Candidate_LatentCP3_SVD	3001	0.000000	0.240153	0.000000	0.186523	0.731837	79.413109	0.629197	146328.00
128	9	192	64	4	0.30	Candidate_LatentCP3_TP	3001	0.000000	0.314860	0.000000	0.255127	0.696691	82.195927	0.655377	162360.00
128	9	192	64	4	0.30	B0_Pairwise_LowRank	3001	0.000000	0.359619	0.000000	0.241699	0.000000	0.000000	0.000000	124576.00
128	9	192	64	4	0.30	B1_LinearSVD	3001	0.000000	0.422119	0.000000	0.306396	0.000000	0.000000	0.000000	24493.00
128	9	192	64	4	0.30	B2_1NN_Oracle	3001	0.906250	0.940674	0.000000	0.497314	0.000000	0.000000	0.000000	6210.00
128	9	192	64	4	0.30	B3_ModernHopfield	3001	0.890625	0.931722	0.000000	0.496582	0.000000	0.000000	0.000000	67738.00
128	9	192	64	4	0.30	Candidate_LatentCP3_SVD	3002	0.000000	0.275716	0.000000	0.241455	0.704456	78.345410	0.639771	175997.00
128	9	192	64	4	0.30	Candidate_LatentCP3_TP	3002	0.000000	0.289795	0.000000	0.238525	0.731713	73.430465	0.637253	208875.00
128	9	192	64	4	0.30	B0_Pairwise_LowRank	3002	0.000000	0.337077	0.000000	0.226562	0.000000	0.000000	0.000000	185941.00
128	9	192	64	4	0.30	B1_LinearSVD	3002	0.000000	0.418050	0.000000	0.317627	0.000000	0.000000	0.000000	19704.00
128	9	192	64	4	0.30	B2_1NN_Oracle	3002	0.864583	0.929932	0.000000	0.493408	0.000000	0.000000	0.000000	6415.00
128	9	192	64	4	0.30	B3_ModernHopfield	3002	0.854167	0.926270	0.000000	0.500488	0.000000	0.000000	0.000000	79078.00
128	9	192	64	4	0.30	Candidate_LatentCP3_SVD	3003	0.000000	0.276693	0.000000	0.253662	0.708369	81.401344	0.629311	256577.00
128	9	192	64	4	0.30	Candidate_LatentCP3_TP	3003	0.000000	0.307373	0.000000	0.265137	0.712845	76.672173	0.609890	252790.00
128	9	192	64	4	0.30	B0_Pairwise_LowRank	3003	0.000000	0.343506	0.000000	0.293701	0.000000	0.000000	0.000000	190220.00
128	9	192	64	4	0.30	B1_LinearSVD	3003	0.000000	0.410726	0.000000	0.352295	0.000000	0.000000	0.000000	35088.00
128	9	192	64	4	0.30	B2_1NN_Oracle	3003	0.890625	0.940023	0.000000	0.489014	0.000000	0.000000	0.000000	2396.00
128	9	192	64	4	0.30	B3_ModernHopfield	3003	0.895833	0.944092	0.000000	0.493164	0.000000	0.000000	0.000000	36490.00
128	9	192	64	4	0.30	Candidate_LatentCP3_SVD	3004	0.000000	0.273112	0.000000	0.180664	0.740127	77.530909	0.621376	110696.00
128	9	192	64	4	0.30	Candidate_LatentCP3_TP	3004	0.000000	0.282471	0.000000	0.244629	0.700321	77.936550	0.638639	186649.00
128	9	192	64	4	0.30	B0_Pairwise_LowRank	3004	0.000000	0.361898	0.000000	0.236328	0.000000	0.000000	0.000000	136818.00
128	9	192	64	4	0.30	B1_LinearSVD	3004	0.000000	0.425863	0.000000	0.288818	0.000000	0.000000	0.000000	26978.00
128	9	192	64	4	0.30	B2_1NN_Oracle	3004	0.880208	0.930094	0.000000	0.512695	0.000000	0.000000	0.000000	6448.00
128	9	192	64	4	0.30	B3_ModernHopfield	3004	0.880208	0.937174	0.000000	0.521240	0.000000	0.000000	0.000000	66408.00
128	9	192	64	4	0.30	Candidate_LatentCP3_SVD	3005	0.000000	0.254313	0.000000	0.227783	0.731225	78.825500	0.626589	203241.00
128	9	192	64	4	0.30	Candidate_LatentCP3_TP	3005	0.000000	0.312337	0.000000	0.237061	0.722416	73.581615	0.609118	183283.00
128	9	192	64	4	0.30	B0_Pairwise_LowRank	3005	0.000000	0.345215	0.000000	0.225098	0.000000	0.000000	0.000000	129573.00
128	9	192	64	4	0.30	B1_LinearSVD	3005	0.000000	0.430094	0.000000	0.304688	0.000000	0.000000	0.000000	14203.00
128	9	192	64	4	0.30	B2_1NN_Oracle	3005	0.885417	0.935465	0.000000	0.503662	0.000000	0.000000	0.000000	2478.00
128	9	192	64	4	0.30	B3_ModernHopfield	3005	0.869792	0.930990	0.000000	0.504150	0.000000	0.000000	0.000000	36644.00
128	9	192	64	4	0.30	Candidate_LatentCP3_SVD	3006	0.000000	0.248372	0.000000	0.242676	0.691309	83.745270	0.644491	220219.00
128	9	192	64	4	0.30	Candidate_LatentCP3_TP	3006	0.000000	0.343424	0.000000	0.274170	0.724072	72.628812	0.590525	212143.00
128	9	192	64	4	0.30	B0_Pairwise_LowRank	3006	0.000000	0.355550	0.000000	0.264893	0.000000	0.000000	0.000000	198738.00
128	9	192	64	4	0.30	B1_LinearSVD	3006	0.000000	0.425212	0.000000	0.358643	0.000000	0.000000	0.000000	24684.00
128	9	192	64	4	0.30	B2_1NN_Oracle	3006	0.901042	0.944092	0.000000	0.523193	0.000000	0.000000	0.000000	6424.00
128	9	192	64	4	0.30	B3_ModernHopfield	3006	0.885417	0.937826	0.000000	0.510010	0.000000	0.000000	0.000000	72461.00
128	9	192	64	4	0.30	Candidate_LatentCP3_SVD	3007	0.000000	0.264974	0.000000	0.238281	0.711366	78.696893	0.627764	215002.00
128	9	192	64	4	0.30	Candidate_LatentCP3_TP	3007	0.000000	0.343669	0.000000	0.252441	0.768623	69.170762	0.577337	193411.00
128	9	192	64	4	0.30	B0_Pairwise_LowRank	3007	0.000000	0.375570	0.000000	0.280762	0.000000	0.000000	0.000000	100615.00
128	9	192	64	4	0.30	B1_LinearSVD	3007	0.000000	0.432861	0.000000	0.329834	0.000000	0.000000	0.000000	9327.00
128	9	192	64	4	0.30	B2_1NN_Oracle	3007	0.854167	0.917969	0.000000	0.506836	0.000000	0.000000	0.000000	2234.00
128	9	192	64	4	0.30	B3_ModernHopfield	3007	0.864583	0.930013	0.000000	0.522705	0.000000	0.000000	0.000000	36514.00
128	9	192	64	4	0.30	Candidate_LatentCP3_SVD	3008	0.000000	0.312988	0.000000	0.247314	0.716129	79.896310	0.637937	196560.00
128	9	192	64	4	0.30	Candidate_LatentCP3_TP	3008	0.000000	0.284993	0.000000	0.259521	0.724627	72.977512	0.617242	181996.00
128	9	192	64	4	0.30	B0_Pairwise_LowRank	3008	0.000000	0.344564	0.000000	0.285400	0.000000	0.000000	0.000000	157548.00
128	9	192	64	4	0.30	B1_LinearSVD	3008	0.000000	0.405843	0.000000	0.349121	0.000000	0.000000	0.000000	30082.00
128	9	192	64	4	0.30	B2_1NN_Oracle	3008	0.838542	0.909098	0.000000	0.508545	0.000000	0.000000	0.000000	5843.00
128	9	192	64	4	0.30	B3_ModernHopfield	3008	0.828125	0.905355	0.000000	0.512695	0.000000	0.000000	0.000000	58428.00
128	9	192	64	4	0.30	Candidate_LatentCP3_SVD	3009	0.000000	0.281901	0.000000	0.250488	0.685911	83.173523	0.642208	124200.00
128	9	192	64	4	0.30	Candidate_LatentCP3_TP	3009	0.000000	0.336914	0.000000	0.254639	0.746491	66.045751	0.563924	162553.00
128	9	192	64	4	0.30	B0_Pairwise_LowRank	3009	0.000000	0.337240	0.000000	0.289551	0.000000	0.000000	0.000000	149424.00
128	9	192	64	4	0.30	B1_LinearSVD	3009	0.000000	0.402507	0.000000	0.343018	0.000000	0.000000	0.000000	21824.00
128	9	192	64	4	0.30	B2_1NN_Oracle	3009	0.890625	0.947184	0.000000	0.486328	0.000000	0.000000	0.000000	2302.00
128	9	192	64	4	0.30	B3_ModernHopfield	3009	0.875000	0.938721	0.000000	0.503662	0.000000	0.000000	0.000000	36529.00
128	9	192	64	4	0.30	Candidate_LatentCP3_SVD	3010	0.000000	0.272461	0.000000	0.255615	0.706986	83.801580	0.650428	203763.00
128	9	192	64	4	0.30	Candidate_LatentCP3_TP	3010	0.000000	0.300700	0.000000	0.236328	0.736238	70.973282	0.603812	180963.00
128	9	192	64	4	0.30	B0_Pairwise_LowRank	3010	0.000000	0.354980	0.000000	0.230957	0.000000	0.000000	0.000000	90237.00
128	9	192	64	4	0.30	B1_LinearSVD	3010	0.000000	0.432292	0.000000	0.329590	0.000000	0.000000	0.000000	10804.00
128	9	192	64	4	0.30	B2_1NN_Oracle	3010	0.843750	0.911377	0.000000	0.488770	0.000000	0.000000	0.000000	2471.00
128	9	192	64	4	0.30	B3_ModernHopfield	3010	0.854167	0.916585	0.000000	0.482666	0.000000	0.000000	0.000000	37267.00
128	9	192	64	4	0.30	Candidate_LatentCP3_SVD	3011	0.000000	0.255046	0.000000	0.253906	0.706939	78.106318	0.623423	140274.00
128	9	192	64	4	0.30	Candidate_LatentCP3_TP	3011	0.000000	0.298665	0.000000	0.260010	0.704466	72.106778	0.586912	181844.00
128	9	192	64	4	0.30	B0_Pairwise_LowRank	3011	0.000000	0.346924	0.000000	0.270752	0.000000	0.000000	0.000000	94097.00
128	9	192	64	4	0.30	B1_LinearSVD	3011	0.000000	0.421061	0.000000	0.325195	0.000000	0.000000	0.000000	18143.00
128	9	192	64	4	0.30	B2_1NN_Oracle	3011	0.869792	0.931234	0.000000	0.503906	0.000000	0.000000	0.000000	6495.00
128	9	192	64	4	0.30	B3_ModernHopfield	3011	0.864583	0.932454	0.000000	0.504150	0.000000	0.000000	0.000000	65598.00
128	9	192	64	4	0.30	Candidate_LatentCP3_SVD	3012	0.000000	0.277995	0.000000	0.244629	0.686078	85.244737	0.640875	176442.00
128	9	192	64	4	0.30	Candidate_LatentCP3_TP	3012	0.000000	0.314372	0.000000	0.295410	0.694469	75.742575	0.606317	408782.00
128	9	192	64	4	0.30	B0_Pairwise_LowRank	3012	0.000000	0.341797	0.000000	0.245850	0.000000	0.000000	0.000000	80827.00
128	9	192	64	4	0.30	B1_LinearSVD	3012	0.000000	0.423910	0.000000	0.305908	0.000000	0.000000	0.000000	8062.00
128	9	192	64	4	0.30	B2_1NN_Oracle	3012	0.864583	0.930827	0.000000	0.494141	0.000000	0.000000	0.000000	1718.00
128	9	192	64	4	0.30	B3_ModernHopfield	3012	0.854167	0.930664	0.000000	0.501709	0.000000	0.000000	0.000000	39003.00
128	9	192	64	4	0.30	Candidate_LatentCP3_SVD	3013	0.000000	0.254069	0.000000	0.204834	0.717061	76.329942	0.616549	160791.00
128	9	192	64	4	0.30	Candidate_LatentCP3_TP	3013	0.000000	0.298991	0.000000	0.277100	0.723593	76.615126	0.618064	187976.00
128	9	192	64	4	0.30	B0_Pairwise_LowRank	3013	0.000000	0.302572	0.000000	0.263916	0.000000	0.000000	0.000000	188503.00
128	9	192	64	4	0.30	B1_LinearSVD	3013	0.000000	0.407389	0.000000	0.342041	0.000000	0.000000	0.000000	21586.00
128	9	192	64	4	0.30	B2_1NN_Oracle	3013	0.880208	0.933187	0.000000	0.510742	0.000000	0.000000	0.000000	2358.00
128	9	192	64	4	0.30	B3_ModernHopfield	3013	0.859375	0.920329	0.000000	0.511475	0.000000	0.000000	0.000000	68153.00
128	9	192	64	4	0.30	Candidate_LatentCP3_SVD	3014	0.000000	0.321289	0.000000	0.274170	0.724954	81.827358	0.653493	246902.00
128	9	192	64	4	0.30	Candidate_LatentCP3_TP	3014	0.000000	0.304118	0.000000	0.245850	0.725794	73.592507	0.612122	272173.00
128	9	192	64	4	0.30	B0_Pairwise_LowRank	3014	0.000000	0.369873	0.000000	0.261475	0.000000	0.000000	0.000000	203307.00
128	9	192	64	4	0.30	B1_LinearSVD	3014	0.000000	0.429932	0.000000	0.331543	0.000000	0.000000	0.000000	22830.00
128	9	192	64	4	0.30	B2_1NN_Oracle	3014	0.885417	0.938965	0.000000	0.479736	0.000000	0.000000	0.000000	2400.00
128	9	192	64	4	0.30	B3_ModernHopfield	3014	0.890625	0.942057	0.000000	0.487305	0.000000	0.000000	0.000000	52444.00
128	9	192	64	4	0.30	Candidate_LatentCP3_SVD	3015	0.000000	0.281006	0.000000	0.226807	0.718249	78.641578	0.630490	152569.00
128	9	192	64	4	0.30	Candidate_LatentCP3_TP	3015	0.000000	0.270752	0.000000	0.216064	0.683980	93.192153	0.697838	267578.00
128	9	192	64	4	0.30	B0_Pairwise_LowRank	3015	0.000000	0.346517	0.000000	0.271240	0.000000	0.000000	0.000000	89164.00
128	9	192	64	4	0.30	B1_LinearSVD	3015	0.000000	0.410482	0.000000	0.354004	0.000000	0.000000	0.000000	12406.00
128	9	192	64	4	0.30	B2_1NN_Oracle	3015	0.848958	0.920898	0.000000	0.514648	0.000000	0.000000	0.000000	2357.00
128	9	192	64	4	0.30	B3_ModernHopfield	3015	0.838542	0.915853	0.000000	0.518799	0.000000	0.000000	0.000000	54470.00
128	9	192	64	4	0.30	Candidate_LatentCP3_SVD	3016	0.000000	0.253174	0.000000	0.246094	0.686262	80.528697	0.617533	168537.00
128	9	192	64	4	0.30	Candidate_LatentCP3_TP	3016	0.000000	0.289876	0.000000	0.242432	0.717113	72.943521	0.600116	139207.00
128	9	192	64	4	0.30	B0_Pairwise_LowRank	3016	0.000000	0.337728	0.000000	0.265381	0.000000	0.000000	0.000000	102607.00
128	9	192	64	4	0.30	B1_LinearSVD	3016	0.000000	0.413737	0.000000	0.324219	0.000000	0.000000	0.000000	8148.00
128	9	192	64	4	0.30	B2_1NN_Oracle	3016	0.838542	0.909017	0.000000	0.484131	0.000000	0.000000	0.000000	2439.00
128	9	192	64	4	0.30	B3_ModernHopfield	3016	0.828125	0.903239	0.000000	0.498535	0.000000	0.000000	0.000000	64266.00
128	9	192	64	4	0.30	Candidate_LatentCP3_SVD	3017	0.000000	0.262288	0.000000	0.238281	0.687055	83.412466	0.648068	185008.00
128	9	192	64	4	0.30	Candidate_LatentCP3_TP	3017	0.000000	0.242025	0.000000	0.216553	0.693557	79.514957	0.665879	313429.00
128	9	192	64	4	0.30	B0_Pairwise_LowRank	3017	0.000000	0.341309	0.000000	0.246582	0.000000	0.000000	0.000000	98527.00
128	9	192	64	4	0.30	B1_LinearSVD	3017	0.000000	0.412923	0.000000	0.342285	0.000000	0.000000	0.000000	12738.00
128	9	192	64	4	0.30	B2_1NN_Oracle	3017	0.833333	0.914225	0.000000	0.491211	0.000000	0.000000	0.000000	2326.00
128	9	192	64	4	0.30	B3_ModernHopfield	3017	0.812500	0.904704	0.000000	0.501221	0.000000	0.000000	0.000000	29017.00
128	9	192	64	4	0.30	Candidate_LatentCP3_SVD	3018	0.000000	0.253255	0.000000	0.218018	0.759339	76.348092	0.619997	156401.00
128	9	192	64	4	0.30	Candidate_LatentCP3_TP	3018	0.000000	0.307943	0.000000	0.234619	0.770057	71.191359	0.598751	210670.00
128	9	192	64	4	0.30	B0_Pairwise_LowRank	3018	0.000000	0.357422	0.000000	0.266113	0.000000	0.000000	0.000000	98530.00
128	9	192	64	4	0.30	B1_LinearSVD	3018	0.000000	0.413167	0.000000	0.323975	0.000000	0.000000	0.000000	11842.00
128	9	192	64	4	0.30	B2_1NN_Oracle	3018	0.869792	0.925537	0.000000	0.493652	0.000000	0.000000	0.000000	3002.00
128	9	192	64	4	0.30	B3_ModernHopfield	3018	0.848958	0.918132	0.000000	0.503174	0.000000	0.000000	0.000000	34288.00
128	9	192	64	4	0.30	Candidate_LatentCP3_SVD	3019	0.000000	0.211995	0.000000	0.194336	0.715532	77.466908	0.607578	131183.00
128	9	192	64	4	0.30	Candidate_LatentCP3_TP	3019	0.000000	0.264079	0.000000	0.244629	0.654591	91.171270	0.668953	200752.00
128	9	192	64	4	0.30	B0_Pairwise_LowRank	3019	0.000000	0.320475	0.000000	0.253662	0.000000	0.000000	0.000000	94087.00
128	9	192	64	4	0.30	B1_LinearSVD	3019	0.000000	0.413981	0.000000	0.341797	0.000000	0.000000	0.000000	8497.00
128	9	192	64	4	0.30	B2_1NN_Oracle	3019	0.875000	0.931559	0.000000	0.484131	0.000000	0.000000	0.000000	2142.00
128	9	192	64	4	0.30	B3_ModernHopfield	3019	0.880208	0.931152	0.000000	0.479004	0.000000	0.000000	0.000000	35492.00
128	9	192	64	4	0.30	Candidate_LatentCP3_SVD	3020	0.000000	0.289469	0.000000	0.204102	0.701111	80.192105	0.630808	135854.00
128	9	192	64	4	0.30	Candidate_LatentCP3_TP	3020	0.000000	0.311605	0.000000	0.263916	0.694778	74.709864	0.584333	231787.00
128	9	192	64	4	0.30	B0_Pairwise_LowRank	3020	0.000000	0.355632	0.000000	0.273926	0.000000	0.000000	0.000000	106655.00
128	9	192	64	4	0.30	B1_LinearSVD	3020	0.000000	0.407389	0.000000	0.310059	0.000000	0.000000	0.000000	23268.00
128	9	192	64	4	0.30	B2_1NN_Oracle	3020	0.875000	0.932373	0.000000	0.504639	0.000000	0.000000	0.000000	4350.00
128	9	192	64	4	0.30	B3_ModernHopfield	3020	0.869792	0.932210	0.000000	0.514404	0.000000	0.000000	0.000000	26984.00
128	9	192	64	8	0.15	Candidate_LatentCP3_SVD	3001	0.000000	0.295410	0.000000	0.252197	0.709311	77.146272	0.698605	249162.00
128	9	192	64	8	0.15	Candidate_LatentCP3_TP	3001	0.000000	0.312907	0.000000	0.269531	0.697569	79.334011	0.739445	322894.00
128	9	192	64	8	0.15	B0_Pairwise_LowRank	3001	0.000000	0.549805	0.000000	0.448730	0.000000	0.000000	0.000000	188120.00
128	9	192	64	8	0.15	B1_LinearSVD	3001	0.000000	0.774658	0.000000	0.731201	0.000000	0.000000	0.000000	17718.00
128	9	192	64	8	0.15	B2_1NN_Oracle	3001	1.000000	1.000000	0.000000	0.601074	0.000000	0.000000	0.000000	1630.00
128	9	192	64	8	0.15	B3_ModernHopfield	3001	1.000000	1.000000	0.000000	0.605713	0.000000	0.000000	0.000000	33878.00
128	9	192	64	8	0.15	Candidate_LatentCP3_SVD	3002	0.000000	0.355876	0.000000	0.303955	0.701093	75.705358	0.691303	290305.00
128	9	192	64	8	0.15	Candidate_LatentCP3_TP	3002	0.000000	0.314535	0.000000	0.229980	0.644427	93.950477	0.788585	318168.00
128	9	192	64	8	0.15	B0_Pairwise_LowRank	3002	0.000000	0.542725	0.000000	0.433838	0.000000	0.000000	0.000000	185617.00
128	9	192	64	8	0.15	B1_LinearSVD	3002	0.000000	0.768148	0.000000	0.703613	0.000000	0.000000	0.000000	23521.00
128	9	192	64	8	0.15	B2_1NN_Oracle	3002	1.000000	1.000000	0.000000	0.611816	0.000000	0.000000	0.000000	5968.00
128	9	192	64	8	0.15	B3_ModernHopfield	3002	1.000000	1.000000	0.000000	0.613525	0.000000	0.000000	0.000000	36361.00
128	9	192	64	8	0.15	Candidate_LatentCP3_SVD	3003	0.000000	0.332764	0.000000	0.313477	0.685361	80.815876	0.706944	357061.00
128	9	192	64	8	0.15	Candidate_LatentCP3_TP	3003	0.000000	0.320394	0.000000	0.268066	0.710279	75.272790	0.700373	541282.00
128	9	192	64	8	0.15	B0_Pairwise_LowRank	3003	0.000000	0.562988	0.000000	0.460205	0.000000	0.000000	0.000000	192531.00
128	9	192	64	8	0.15	B1_LinearSVD	3003	0.000000	0.768717	0.000000	0.711914	0.000000	0.000000	0.000000	15030.00
128	9	192	64	8	0.15	B2_1NN_Oracle	3003	1.000000	1.000000	0.000000	0.607178	0.000000	0.000000	0.000000	1792.00
128	9	192	64	8	0.15	B3_ModernHopfield	3003	1.000000	1.000000	0.000000	0.613770	0.000000	0.000000	0.000000	28521.00
128	9	192	64	8	0.15	Candidate_LatentCP3_SVD	3004	0.000000	0.329346	0.000000	0.336914	0.710796	74.731133	0.687450	296475.00
128	9	192	64	8	0.15	Candidate_LatentCP3_TP	3004	0.000000	0.333659	0.000000	0.244141	0.642988	95.069429	0.778915	345411.00
128	9	192	64	8	0.15	B0_Pairwise_LowRank	3004	0.000000	0.524577	0.000000	0.427490	0.000000	0.000000	0.000000	160463.00
128	9	192	64	8	0.15	B1_LinearSVD	3004	0.000000	0.770182	0.000000	0.710938	0.000000	0.000000	0.000000	18608.00
128	9	192	64	8	0.15	B2_1NN_Oracle	3004	1.000000	1.000000	0.000000	0.613770	0.000000	0.000000	0.000000	2568.00
128	9	192	64	8	0.15	B3_ModernHopfield	3004	1.000000	1.000000	0.000000	0.614746	0.000000	0.000000	0.000000	72064.00
128	9	192	64	8	0.15	Candidate_LatentCP3_SVD	3005	0.000000	0.310140	0.000000	0.266113	0.680004	81.323756	0.707358	373921.00
128	9	192	64	8	0.15	Candidate_LatentCP3_TP	3005	0.000000	0.385417	0.000000	0.320068	0.720828	76.840650	0.719602	377295.00
128	9	192	64	8	0.15	B0_Pairwise_LowRank	3005	0.000000	0.503337	0.000000	0.376953	0.000000	0.000000	0.000000	138436.00
128	9	192	64	8	0.15	B1_LinearSVD	3005	0.000000	0.781657	0.000000	0.706543	0.000000	0.000000	0.000000	16940.00
128	9	192	64	8	0.15	B2_1NN_Oracle	3005	1.000000	1.000000	0.000000	0.610107	0.000000	0.000000	0.000000	2969.00
128	9	192	64	8	0.15	B3_ModernHopfield	3005	1.000000	1.000000	0.000000	0.612549	0.000000	0.000000	0.000000	60290.00
128	9	192	64	8	0.15	Candidate_LatentCP3_SVD	3006	0.000000	0.298258	0.000000	0.299316	0.684858	79.371870	0.711402	383228.00
128	9	192	64	8	0.15	Candidate_LatentCP3_TP	3006	0.000000	0.341960	0.000000	0.287598	0.688839	85.045127	0.743862	256322.00
128	9	192	64	8	0.15	B0_Pairwise_LowRank	3006	0.000000	0.501221	0.000000	0.410400	0.000000	0.000000	0.000000	138742.00
128	9	192	64	8	0.15	B1_LinearSVD	3006	0.000000	0.768473	0.000000	0.714600	0.000000	0.000000	0.000000	63021.00
128	9	192	64	8	0.15	B2_1NN_Oracle	3006	1.000000	1.000000	0.000000	0.598877	0.000000	0.000000	0.000000	7246.00
128	9	192	64	8	0.15	B3_ModernHopfield	3006	1.000000	1.000000	0.000000	0.600098	0.000000	0.000000	0.000000	49693.00
128	9	192	64	8	0.15	Candidate_LatentCP3_SVD	3007	0.000000	0.328776	0.000000	0.323486	0.702056	77.307339	0.701694	301890.00
128	9	192	64	8	0.15	Candidate_LatentCP3_TP	3007	0.000000	0.394124	0.000000	0.299561	0.730403	72.354548	0.687163	333878.00
128	9	192	64	8	0.15	B0_Pairwise_LowRank	3007	0.000000	0.539551	0.000000	0.408691	0.000000	0.000000	0.000000	143725.00
128	9	192	64	8	0.15	B1_LinearSVD	3007	0.000000	0.770020	0.000000	0.693604	0.000000	0.000000	0.000000	22986.00
128	9	192	64	8	0.15	B2_1NN_Oracle	3007	1.000000	1.000000	0.000000	0.606689	0.000000	0.000000	0.000000	2280.00
128	9	192	64	8	0.15	B3_ModernHopfield	3007	1.000000	1.000000	0.000000	0.611572	0.000000	0.000000	0.000000	66105.00
128	9	192	64	8	0.15	Candidate_LatentCP3_SVD	3008	0.000000	0.383464	0.000000	0.343750	0.690100	79.658856	0.709213	274622.00
128	9	192	64	8	0.15	Candidate_LatentCP3_TP	3008	0.000000	0.309733	0.000000	0.267334	0.700652	75.107992	0.701557	323531.00
128	9	192	64	8	0.15	B0_Pairwise_LowRank	3008	0.000000	0.513835	0.000000	0.468750	0.000000	0.000000	0.000000	161644.00
128	9	192	64	8	0.15	B1_LinearSVD	3008	0.000000	0.758789	0.000000	0.707764	0.000000	0.000000	0.000000	19887.00
128	9	192	64	8	0.15	B2_1NN_Oracle	3008	1.000000	1.000000	0.000000	0.601562	0.000000	0.000000	0.000000	2423.00
128	9	192	64	8	0.15	B3_ModernHopfield	3008	1.000000	1.000000	0.000000	0.600830	0.000000	0.000000	0.000000	55595.00
128	9	192	64	8	0.15	Candidate_LatentCP3_SVD	3009	0.000000	0.334880	0.000000	0.335938	0.657599	83.054554	0.718583	274065.00
128	9	192	64	8	0.15	Candidate_LatentCP3_TP	3009	0.000000	0.390462	0.000000	0.327637	0.638511	98.460744	0.772511	296012.00
128	9	192	64	8	0.15	B0_Pairwise_LowRank	3009	0.000000	0.577881	0.000000	0.478760	0.000000	0.000000	0.000000	109935.00
128	9	192	64	8	0.15	B1_LinearSVD	3009	0.000000	0.780029	0.000000	0.705322	0.000000	0.000000	0.000000	31727.00
128	9	192	64	8	0.15	B2_1NN_Oracle	3009	1.000000	1.000000	0.000000	0.615967	0.000000	0.000000	0.000000	5567.00
128	9	192	64	8	0.15	B3_ModernHopfield	3009	1.000000	1.000000	0.000000	0.619873	0.000000	0.000000	0.000000	59043.00
128	9	192	64	8	0.15	Candidate_LatentCP3_SVD	3010	0.000000	0.351562	0.000000	0.356445	0.678327	80.510012	0.710843	363455.00
128	9	192	64	8	0.15	Candidate_LatentCP3_TP	3010	0.000000	0.315511	0.000000	0.270508	0.735539	73.446586	0.710132	233296.00
128	9	192	64	8	0.15	B0_Pairwise_LowRank	3010	0.000000	0.501953	0.000000	0.422852	0.000000	0.000000	0.000000	218532.00
128	9	192	64	8	0.15	B1_LinearSVD	3010	0.000000	0.776530	0.000000	0.688477	0.000000	0.000000	0.000000	19088.00
128	9	192	64	8	0.15	B2_1NN_Oracle	3010	1.000000	1.000000	0.000000	0.611328	0.000000	0.000000	0.000000	5004.00
128	9	192	64	8	0.15	B3_ModernHopfield	3010	1.000000	1.000000	0.000000	0.613281	0.000000	0.000000	0.000000	42078.00
128	9	192	64	8	0.15	Candidate_LatentCP3_SVD	3011	0.000000	0.292806	0.000000	0.286377	0.660894	81.711437	0.704130	337938.00
128	9	192	64	8	0.15	Candidate_LatentCP3_TP	3011	0.000000	0.343343	0.000000	0.270752	0.678311	78.831406	0.708801	345410.00
128	9	192	64	8	0.15	B0_Pairwise_LowRank	3011	0.000000	0.562012	0.000000	0.438232	0.000000	0.000000	0.000000	92026.00
128	9	192	64	8	0.15	B1_LinearSVD	3011	0.000000	0.774821	0.000000	0.710205	0.000000	0.000000	0.000000	18333.00
128	9	192	64	8	0.15	B2_1NN_Oracle	3011	1.000000	1.000000	0.000000	0.600098	0.000000	0.000000	0.000000	2427.00
128	9	192	64	8	0.15	B3_ModernHopfield	3011	1.000000	1.000000	0.000000	0.603516	0.000000	0.000000	0.000000	30232.00
128	9	192	64	8	0.15	Candidate_LatentCP3_SVD	3012	0.000000	0.335856	0.000000	0.327881	0.683690	80.631537	0.705134	247086.00
128	9	192	64	8	0.15	Candidate_LatentCP3_TP	3012	0.000000	0.343180	0.000000	0.269531	0.692504	78.719448	0.718753	300434.00
128	9	192	64	8	0.15	B0_Pairwise_LowRank	3012	0.000000	0.542480	0.000000	0.447998	0.000000	0.000000	0.000000	139192.00
128	9	192	64	8	0.15	B1_LinearSVD	3012	0.000000	0.771484	0.000000	0.692139	0.000000	0.000000	0.000000	33775.00
128	9	192	64	8	0.15	B2_1NN_Oracle	3012	1.000000	1.000000	0.000000	0.603271	0.000000	0.000000	0.000000	2350.00
128	9	192	64	8	0.15	B3_ModernHopfield	3012	1.000000	1.000000	0.000000	0.613770	0.000000	0.000000	0.000000	76137.00
128	9	192	64	8	0.15	Candidate_LatentCP3_SVD	3013	0.000000	0.353027	0.000000	0.326172	0.685625	77.455303	0.693883	338895.00
128	9	192	64	8	0.15	Candidate_LatentCP3_TP	3013	0.000000	0.330160	0.000000	0.296143	0.686282	79.370314	0.733395	369546.00
128	9	192	64	8	0.15	B0_Pairwise_LowRank	3013	0.000000	0.512451	0.000000	0.420898	0.000000	0.000000	0.000000	140507.00
128	9	192	64	8	0.15	B1_LinearSVD	3013	0.000000	0.765788	0.000000	0.722656	0.000000	0.000000	0.000000	40555.00
128	9	192	64	8	0.15	B2_1NN_Oracle	3013	1.000000	1.000000	0.000000	0.620850	0.000000	0.000000	0.000000	1534.00
128	9	192	64	8	0.15	B3_ModernHopfield	3013	1.000000	1.000000	0.000000	0.621582	0.000000	0.000000	0.000000	76740.00
128	9	192	64	8	0.15	Candidate_LatentCP3_SVD	3014	0.000000	0.389893	0.000000	0.330566	0.719374	75.543189	0.693197	319799.00
128	9	192	64	8	0.15	Candidate_LatentCP3_TP	3014	0.000000	0.367594	0.000000	0.292725	0.663355	88.082245	0.752215	300613.00
128	9	192	64	8	0.15	B0_Pairwise_LowRank	3014	0.000000	0.536051	0.000000	0.413086	0.000000	0.000000	0.000000	126551.00
128	9	192	64	8	0.15	B1_LinearSVD	3014	0.000000	0.772705	0.000000	0.690186	0.000000	0.000000	0.000000	41623.00
128	9	192	64	8	0.15	B2_1NN_Oracle	3014	1.000000	1.000000	0.000000	0.587402	0.000000	0.000000	0.000000	2276.00
128	9	192	64	8	0.15	B3_ModernHopfield	3014	1.000000	1.000000	0.000000	0.588867	0.000000	0.000000	0.000000	92509.00
128	9	192	64	8	0.15	Candidate_LatentCP3_SVD	3015	0.000000	0.388346	0.000000	0.369385	0.694712	77.181938	0.696986	437894.00
128	9	192	64	8	0.15	Candidate_LatentCP3_TP	3015	0.000000	0.302816	0.000000	0.248047	0.703759	83.478715	0.740548	448944.00
128	9	192	64	8	0.15	B0_Pairwise_LowRank	3015	0.000000	0.524414	0.000000	0.434570	0.000000	0.000000	0.000000	98610.00
128	9	192	64	8	0.15	B1_LinearSVD	3015	0.000000	0.784098	0.000000	0.722168	0.000000	0.000000	0.000000	14303.00
128	9	192	64	8	0.15	B2_1NN_Oracle	3015	1.000000	1.000000	0.000000	0.621094	0.000000	0.000000	0.000000	1497.00
128	9	192	64	8	0.15	B3_ModernHopfield	3015	1.000000	1.000000	0.000000	0.622803	0.000000	0.000000	0.000000	32225.00
128	9	192	64	8	0.15	Candidate_LatentCP3_SVD	3016	0.000000	0.320719	0.000000	0.317383	0.670311	78.391141	0.695789	346623.00
128	9	192	64	8	0.15	Candidate_LatentCP3_TP	3016	0.000000	0.340332	0.000000	0.291748	0.685531	81.259494	0.727322	455989.00
128	9	192	64	8	0.15	B0_Pairwise_LowRank	3016	0.000000	0.537842	0.000000	0.448486	0.000000	0.000000	0.000000	215373.00
128	9	192	64	8	0.15	B1_LinearSVD	3016	0.000000	0.770589	0.000000	0.718262	0.000000	0.000000	0.000000	31294.00
128	9	192	64	8	0.15	B2_1NN_Oracle	3016	1.000000	1.000000	0.000000	0.609619	0.000000	0.000000	0.000000	1612.00
128	9	192	64	8	0.15	B3_ModernHopfield	3016	1.000000	1.000000	0.000000	0.619385	0.000000	0.000000	0.000000	67480.00
128	9	192	64	8	0.15	Candidate_LatentCP3_SVD	3017	0.000000	0.295003	0.000000	0.295898	0.667296	83.560479	0.720083	216646.00
128	9	192	64	8	0.15	Candidate_LatentCP3_TP	3017	0.000000	0.367513	0.000000	0.321289	0.660126	90.036884	0.760190	244591.00
128	9	192	64	8	0.15	B0_Pairwise_LowRank	3017	0.000000	0.545817	0.000000	0.458740	0.000000	0.000000	0.000000	102211.00
128	9	192	64	8	0.15	B1_LinearSVD	3017	0.000000	0.767090	0.000000	0.743164	0.000000	0.000000	0.000000	20000.00
128	9	192	64	8	0.15	B2_1NN_Oracle	3017	1.000000	1.000000	0.000000	0.620117	0.000000	0.000000	0.000000	2161.00
128	9	192	64	8	0.15	B3_ModernHopfield	3017	1.000000	1.000000	0.000000	0.619873	0.000000	0.000000	0.000000	66643.00
128	9	192	64	8	0.15	Candidate_LatentCP3_SVD	3018	0.000000	0.293132	0.000000	0.250244	0.736439	76.027094	0.694189	319368.00
128	9	192	64	8	0.15	Candidate_LatentCP3_TP	3018	0.000000	0.389079	0.000000	0.277344	0.744988	72.099674	0.688227	500409.00
128	9	192	64	8	0.15	B0_Pairwise_LowRank	3018	0.000000	0.540446	0.000000	0.422852	0.000000	0.000000	0.000000	270912.00
128	9	192	64	8	0.15	B1_LinearSVD	3018	0.000000	0.763102	0.000000	0.703369	0.000000	0.000000	0.000000	50317.00
128	9	192	64	8	0.15	B2_1NN_Oracle	3018	0.994792	0.997884	0.000000	0.600342	0.000000	0.000000	0.000000	1642.00
128	9	192	64	8	0.15	B3_ModernHopfield	3018	1.000000	1.000000	0.000000	0.598633	0.000000	0.000000	0.000000	47768.00
128	9	192	64	8	0.15	Candidate_LatentCP3_SVD	3019	0.000000	0.281982	0.000000	0.285889	0.691304	80.481110	0.707502	294187.00
128	9	192	64	8	0.15	Candidate_LatentCP3_TP	3019	0.000000	0.345296	0.000000	0.282715	0.674142	84.221334	0.749058	361023.00
128	9	192	64	8	0.15	B0_Pairwise_LowRank	3019	0.000000	0.533040	0.000000	0.447754	0.000000	0.000000	0.000000	139602.00
128	9	192	64	8	0.15	B1_LinearSVD	3019	0.000000	0.768311	0.000000	0.723389	0.000000	0.000000	0.000000	19852.00
128	9	192	64	8	0.15	B2_1NN_Oracle	3019	1.000000	1.000000	0.000000	0.591797	0.000000	0.000000	0.000000	6977.00
128	9	192	64	8	0.15	B3_ModernHopfield	3019	1.000000	1.000000	0.000000	0.597900	0.000000	0.000000	0.000000	54990.00
128	9	192	64	8	0.15	Candidate_LatentCP3_SVD	3020	0.000000	0.343750	0.000000	0.268066	0.677767	78.714851	0.703101	267033.00
128	9	192	64	8	0.15	Candidate_LatentCP3_TP	3020	0.000000	0.348958	0.000000	0.288818	0.642335	89.421333	0.750047	230468.00
128	9	192	64	8	0.15	B0_Pairwise_LowRank	3020	0.000000	0.556315	0.000000	0.452881	0.000000	0.000000	0.000000	108432.00
128	9	192	64	8	0.15	B1_LinearSVD	3020	0.000000	0.771403	0.000000	0.708496	0.000000	0.000000	0.000000	18804.00
128	9	192	64	8	0.15	B2_1NN_Oracle	3020	1.000000	1.000000	0.000000	0.614258	0.000000	0.000000	0.000000	2401.00
128	9	192	64	8	0.15	B3_ModernHopfield	3020	1.000000	1.000000	0.000000	0.621094	0.000000	0.000000	0.000000	36079.00
128	9	192	64	8	0.30	Candidate_LatentCP3_SVD	3001	0.000000	0.242513	0.000000	0.217773	0.709311	77.146272	0.698605	275835.00
128	9	192	64	8	0.30	Candidate_LatentCP3_TP	3001	0.000000	0.283936	0.000000	0.240234	0.697569	79.334011	0.739445	332097.00
128	9	192	64	8	0.30	B0_Pairwise_LowRank	3001	0.000000	0.421387	0.000000	0.307373	0.000000	0.000000	0.000000	113273.00
128	9	192	64	8	0.30	B1_LinearSVD	3001	0.000000	0.610596	0.000000	0.559082	0.000000	0.000000	0.000000	28878.00
128	9	192	64	8	0.30	B2_1NN_Oracle	3001	0.906250	0.940674	0.000000	0.497314	0.000000	0.000000	0.000000	2552.00
128	9	192	64	8	0.30	B3_ModernHopfield	3001	0.890625	0.931722	0.000000	0.496582	0.000000	0.000000	0.000000	55291.00
128	9	192	64	8	0.30	Candidate_LatentCP3_SVD	3002	0.000000	0.302897	0.000000	0.260254	0.701093	75.705358	0.691303	284186.00
128	9	192	64	8	0.30	Candidate_LatentCP3_TP	3002	0.000000	0.272135	0.000000	0.199707	0.644427	93.950477	0.788585	344474.00
128	9	192	64	8	0.30	B0_Pairwise_LowRank	3002	0.000000	0.429606	0.000000	0.321045	0.000000	0.000000	0.000000	169826.00
128	9	192	64	8	0.30	B1_LinearSVD	3002	0.000000	0.600667	0.000000	0.539551	0.000000	0.000000	0.000000	9719.00
128	9	192	64	8	0.30	B2_1NN_Oracle	3002	0.864583	0.929932	0.000000	0.493408	0.000000	0.000000	0.000000	1740.00
128	9	192	64	8	0.30	B3_ModernHopfield	3002	0.854167	0.926270	0.000000	0.500488	0.000000	0.000000	0.000000	27284.00
128	9	192	64	8	0.30	Candidate_LatentCP3_SVD	3003	0.000000	0.276123	0.000000	0.263184	0.685361	80.815876	0.706944	298880.00
128	9	192	64	8	0.30	Candidate_LatentCP3_TP	3003	0.000000	0.299154	0.000000	0.220215	0.710279	75.272790	0.700373	311019.00
128	9	192	64	8	0.30	B0_Pairwise_LowRank	3003	0.000000	0.463298	0.000000	0.415527	0.000000	0.000000	0.000000	171583.00
128	9	192	64	8	0.30	B1_LinearSVD	3003	0.000000	0.609701	0.000000	0.574951	0.000000	0.000000	0.000000	46631.00
128	9	192	64	8	0.30	B2_1NN_Oracle	3003	0.890625	0.940023	0.000000	0.489014	0.000000	0.000000	0.000000	7819.00
128	9	192	64	8	0.30	B3_ModernHopfield	3003	0.895833	0.944092	0.000000	0.493164	0.000000	0.000000	0.000000	54298.00
128	9	192	64	8	0.30	Candidate_LatentCP3_SVD	3004	0.000000	0.275065	0.000000	0.265869	0.710796	74.731133	0.687450	270048.00
128	9	192	64	8	0.30	Candidate_LatentCP3_TP	3004	0.000000	0.293132	0.000000	0.194580	0.642988	95.069429	0.778915	417351.00
128	9	192	64	8	0.30	B0_Pairwise_LowRank	3004	0.000000	0.433594	0.000000	0.292236	0.000000	0.000000	0.000000	135463.00
128	9	192	64	8	0.30	B1_LinearSVD	3004	0.000000	0.610352	0.000000	0.550781	0.000000	0.000000	0.000000	25647.00
128	9	192	64	8	0.30	B2_1NN_Oracle	3004	0.880208	0.930094	0.000000	0.512695	0.000000	0.000000	0.000000	1690.00
128	9	192	64	8	0.30	B3_ModernHopfield	3004	0.880208	0.937174	0.000000	0.521240	0.000000	0.000000	0.000000	74050.00
128	9	192	64	8	0.30	Candidate_LatentCP3_SVD	3005	0.000000	0.256917	0.000000	0.244629	0.680004	81.323756	0.707358	306964.00
128	9	192	64	8	0.30	Candidate_LatentCP3_TP	3005	0.000000	0.327799	0.000000	0.278076	0.720828	76.840650	0.719602	309507.00
128	9	192	64	8	0.30	B0_Pairwise_LowRank	3005	0.000000	0.409017	0.000000	0.328857	0.000000	0.000000	0.000000	77485.00
128	9	192	64	8	0.30	B1_LinearSVD	3005	0.000000	0.607585	0.000000	0.567871	0.000000	0.000000	0.000000	18116.00
128	9	192	64	8	0.30	B2_1NN_Oracle	3005	0.885417	0.935465	0.000000	0.503662	0.000000	0.000000	0.000000	1678.00
128	9	192	64	8	0.30	B3_ModernHopfield	3005	0.869792	0.930990	0.000000	0.504150	0.000000	0.000000	0.000000	23039.00
128	9	192	64	8	0.30	Candidate_LatentCP3_SVD	3006	0.000000	0.257080	0.000000	0.253174	0.684858	79.371870	0.711402	266615.00
128	9	192	64	8	0.30	Candidate_LatentCP3_TP	3006	0.000000	0.309652	0.000000	0.262939	0.688839	85.045127	0.743862	232136.00
128	9	192	64	8	0.30	B0_Pairwise_LowRank	3006	0.000000	0.406820	0.000000	0.319824	0.000000	0.000000	0.000000	119006.00
128	9	192	64	8	0.30	B1_LinearSVD	3006	0.000000	0.610433	0.000000	0.573975	0.000000	0.000000	0.000000	13738.00
128	9	192	64	8	0.30	B2_1NN_Oracle	3006	0.901042	0.944092	0.000000	0.523193	0.000000	0.000000	0.000000	3036.00
128	9	192	64	8	0.30	B3_ModernHopfield	3006	0.885417	0.937826	0.000000	0.510010	0.000000	0.000000	0.000000	30032.00
128	9	192	64	8	0.30	Candidate_LatentCP3_SVD	3007	0.000000	0.292480	0.000000	0.264893	0.702056	77.307339	0.701694	241272.00
128	9	192	64	8	0.30	Candidate_LatentCP3_TP	3007	0.000000	0.345703	0.000000	0.280029	0.730403	72.354548	0.687163	314222.00
128	9	192	64	8	0.30	B0_Pairwise_LowRank	3007	0.000000	0.438151	0.000000	0.370361	0.000000	0.000000	0.000000	131403.00
128	9	192	64	8	0.30	B1_LinearSVD	3007	0.000000	0.615723	0.000000	0.539062	0.000000	0.000000	0.000000	23007.00
128	9	192	64	8	0.30	B2_1NN_Oracle	3007	0.854167	0.917969	0.000000	0.506836	0.000000	0.000000	0.000000	1700.00
128	9	192	64	8	0.30	B3_ModernHopfield	3007	0.864583	0.930013	0.000000	0.522705	0.000000	0.000000	0.000000	32459.00
128	9	192	64	8	0.30	Candidate_LatentCP3_SVD	3008	0.000000	0.341227	0.000000	0.309326	0.690100	79.658856	0.709213	345129.00
128	9	192	64	8	0.30	Candidate_LatentCP3_TP	3008	0.000000	0.284587	0.000000	0.221191	0.700652	75.107992	0.701557	460227.00
128	9	192	64	8	0.30	B0_Pairwise_LowRank	3008	0.000000	0.434896	0.000000	0.363525	0.000000	0.000000	0.000000	182258.00
128	9	192	64	8	0.30	B1_LinearSVD	3008	0.000000	0.594157	0.000000	0.571045	0.000000	0.000000	0.000000	31046.00
128	9	192	64	8	0.30	B2_1NN_Oracle	3008	0.838542	0.909098	0.000000	0.508545	0.000000	0.000000	0.000000	1627.00
128	9	192	64	8	0.30	B3_ModernHopfield	3008	0.828125	0.905355	0.000000	0.512695	0.000000	0.000000	0.000000	54361.00
128	9	192	64	8	0.30	Candidate_LatentCP3_SVD	3009	0.000000	0.272786	0.000000	0.273438	0.657599	83.054554	0.718583	256209.00
128	9	192	64	8	0.30	Candidate_LatentCP3_TP	3009	0.000000	0.355957	0.000000	0.256836	0.638511	98.460744	0.772511	247712.00
128	9	192	64	8	0.30	B0_Pairwise_LowRank	3009	0.000000	0.447428	0.000000	0.395508	0.000000	0.000000	0.000000	102552.00
128	9	192	64	8	0.30	B1_LinearSVD	3009	0.000000	0.609456	0.000000	0.541260	0.000000	0.000000	0.000000	20246.00
128	9	192	64	8	0.30	B2_1NN_Oracle	3009	0.890625	0.947184	0.000000	0.486328	0.000000	0.000000	0.000000	2453.00
128	9	192	64	8	0.30	B3_ModernHopfield	3009	0.875000	0.938721	0.000000	0.503662	0.000000	0.000000	0.000000	39105.00
128	9	192	64	8	0.30	Candidate_LatentCP3_SVD	3010	0.000000	0.306234	0.000000	0.316162	0.678327	80.510012	0.710843	289559.00
128	9	192	64	8	0.30	Candidate_LatentCP3_TP	3010	0.000000	0.296794	0.000000	0.215332	0.735539	73.446586	0.710132	398366.00
128	9	192	64	8	0.30	B0_Pairwise_LowRank	3010	0.000000	0.410482	0.000000	0.304932	0.000000	0.000000	0.000000	135484.00
128	9	192	64	8	0.30	B1_LinearSVD	3010	0.000000	0.619303	0.000000	0.531494	0.000000	0.000000	0.000000	16129.00
128	9	192	64	8	0.30	B2_1NN_Oracle	3010	0.843750	0.911377	0.000000	0.488770	0.000000	0.000000	0.000000	1720.00
128	9	192	64	8	0.30	B3_ModernHopfield	3010	0.854167	0.916585	0.000000	0.482666	0.000000	0.000000	0.000000	46092.00
128	9	192	64	8	0.30	Candidate_LatentCP3_SVD	3011	0.000000	0.256429	0.000000	0.261719	0.660894	81.711437	0.704130	247670.00
128	9	192	64	8	0.30	Candidate_LatentCP3_TP	3011	0.000000	0.300700	0.000000	0.227295	0.678311	78.831406	0.708801	469527.00
128	9	192	64	8	0.30	B0_Pairwise_LowRank	3011	0.000000	0.440186	0.000000	0.355469	0.000000	0.000000	0.000000	140125.00
128	9	192	64	8	0.30	B1_LinearSVD	3011	0.000000	0.603109	0.000000	0.565674	0.000000	0.000000	0.000000	17522.00
128	9	192	64	8	0.30	B2_1NN_Oracle	3011	0.869792	0.931234	0.000000	0.503906	0.000000	0.000000	0.000000	2415.00
128	9	192	64	8	0.30	B3_ModernHopfield	3011	0.864583	0.932454	0.000000	0.504150	0.000000	0.000000	0.000000	29878.00
128	9	192	64	8	0.30	Candidate_LatentCP3_SVD	3012	0.000000	0.295329	0.000000	0.278564	0.683690	80.631537	0.705134	250941.00
128	9	192	64	8	0.30	Candidate_LatentCP3_TP	3012	0.000000	0.318197	0.000000	0.256592	0.692504	78.719448	0.718753	370327.00
128	9	192	64	8	0.30	B0_Pairwise_LowRank	3012	0.000000	0.430257	0.000000	0.330078	0.000000	0.000000	0.000000	155109.00
128	9	192	64	8	0.30	B1_LinearSVD	3012	0.000000	0.616943	0.000000	0.565918	0.000000	0.000000	0.000000	44776.00
128	9	192	64	8	0.30	B2_1NN_Oracle	3012	0.864583	0.930827	0.000000	0.494141	0.000000	0.000000	0.000000	10058.00
128	9	192	64	8	0.30	B3_ModernHopfield	3012	0.854167	0.930664	0.000000	0.501709	0.000000	0.000000	0.000000	39853.00
128	9	192	64	8	0.30	Candidate_LatentCP3_SVD	3013	0.000000	0.265951	0.000000	0.268311	0.685625	77.455303	0.693883	285090.00
128	9	192	64	8	0.30	Candidate_LatentCP3_TP	3013	0.000000	0.295736	0.000000	0.263916	0.686282	79.370314	0.733395	387634.00
128	9	192	64	8	0.30	B0_Pairwise_LowRank	3013	0.000000	0.385661	0.000000	0.317139	0.000000	0.000000	0.000000	96837.00
128	9	192	64	8	0.30	B1_LinearSVD	3013	0.000000	0.587646	0.000000	0.564697	0.000000	0.000000	0.000000	18099.00
128	9	192	64	8	0.30	B2_1NN_Oracle	3013	0.880208	0.933187	0.000000	0.510742	0.000000	0.000000	0.000000	1904.00
128	9	192	64	8	0.30	B3_ModernHopfield	3013	0.859375	0.920329	0.000000	0.511475	0.000000	0.000000	0.000000	50226.00
128	9	192	64	8	0.30	Candidate_LatentCP3_SVD	3014	0.000000	0.348307	0.000000	0.297363	0.719374	75.543189	0.693197	297142.00
128	9	192	64	8	0.30	Candidate_LatentCP3_TP	3014	0.000000	0.322021	0.000000	0.255127	0.663355	88.082245	0.752215	371709.00
128	9	192	64	8	0.30	B0_Pairwise_LowRank	3014	0.000000	0.434082	0.000000	0.324707	0.000000	0.000000	0.000000	130040.00
128	9	192	64	8	0.30	B1_LinearSVD	3014	0.000000	0.614827	0.000000	0.533936	0.000000	0.000000	0.000000	20761.00
128	9	192	64	8	0.30	B2_1NN_Oracle	3014	0.885417	0.938965	0.000000	0.479736	0.000000	0.000000	0.000000	1807.00
128	9	192	64	8	0.30	B3_ModernHopfield	3014	0.890625	0.942057	0.000000	0.487305	0.000000	0.000000	0.000000	21736.00
128	9	192	64	8	0.30	Candidate_LatentCP3_SVD	3015	0.000000	0.335286	0.000000	0.300781	0.694712	77.181938	0.696986	265327.00
128	9	192	64	8	0.30	Candidate_LatentCP3_TP	3015	0.000000	0.280680	0.000000	0.224365	0.703759	83.478715	0.740548	405857.00
128	9	192	64	8	0.30	B0_Pairwise_LowRank	3015	0.000000	0.401204	0.000000	0.312256	0.000000	0.000000	0.000000	113418.00
128	9	192	64	8	0.30	B1_LinearSVD	3015	0.000000	0.610596	0.000000	0.558105	0.000000	0.000000	0.000000	15719.00
128	9	192	64	8	0.30	B2_1NN_Oracle	3015	0.848958	0.920898	0.000000	0.514648	0.000000	0.000000	0.000000	2291.00
128	9	192	64	8	0.30	B3_ModernHopfield	3015	0.838542	0.915853	0.000000	0.518799	0.000000	0.000000	0.000000	38301.00
128	9	192	64	8	0.30	Candidate_LatentCP3_SVD	3016	0.000000	0.274740	0.000000	0.267578	0.670311	78.391141	0.695789	349572.00
128	9	192	64	8	0.30	Candidate_LatentCP3_TP	3016	0.000000	0.300944	0.000000	0.252686	0.685531	81.259494	0.727322	337902.00
128	9	192	64	8	0.30	B0_Pairwise_LowRank	3016	0.000000	0.424967	0.000000	0.350586	0.000000	0.000000	0.000000	155977.00
128	9	192	64	8	0.30	B1_LinearSVD	3016	0.000000	0.596680	0.000000	0.555420	0.000000	0.000000	0.000000	19447.00
128	9	192	64	8	0.30	B2_1NN_Oracle	3016	0.838542	0.909017	0.000000	0.484131	0.000000	0.000000	0.000000	2387.00
128	9	192	64	8	0.30	B3_ModernHopfield	3016	0.828125	0.903239	0.000000	0.498535	0.000000	0.000000	0.000000	33291.00
128	9	192	64	8	0.30	Candidate_LatentCP3_SVD	3017	0.000000	0.254557	0.000000	0.224365	0.667296	83.560479	0.720083	413561.00
128	9	192	64	8	0.30	Candidate_LatentCP3_TP	3017	0.000000	0.317871	0.000000	0.274414	0.660126	90.036884	0.760190	305436.00
128	9	192	64	8	0.30	B0_Pairwise_LowRank	3017	0.000000	0.435710	0.000000	0.337402	0.000000	0.000000	0.000000	126845.00
128	9	192	64	8	0.30	B1_LinearSVD	3017	0.000000	0.610026	0.000000	0.541260	0.000000	0.000000	0.000000	16905.00
128	9	192	64	8	0.30	B2_1NN_Oracle	3017	0.833333	0.914225	0.000000	0.491211	0.000000	0.000000	0.000000	1626.00
128	9	192	64	8	0.30	B3_ModernHopfield	3017	0.812500	0.904704	0.000000	0.501221	0.000000	0.000000	0.000000	69247.00
128	9	192	64	8	0.30	Candidate_LatentCP3_SVD	3018	0.000000	0.256917	0.000000	0.191406	0.736439	76.027094	0.694189	321881.00
128	9	192	64	8	0.30	Candidate_LatentCP3_TP	3018	0.000000	0.344157	0.000000	0.248535	0.744988	72.099674	0.688227	199713.00
128	9	192	64	8	0.30	B0_Pairwise_LowRank	3018	0.000000	0.443522	0.000000	0.357910	0.000000	0.000000	0.000000	200549.00
128	9	192	64	8	0.30	B1_LinearSVD	3018	0.000000	0.610270	0.000000	0.571289	0.000000	0.000000	0.000000	27434.00
128	9	192	64	8	0.30	B2_1NN_Oracle	3018	0.869792	0.925537	0.000000	0.493652	0.000000	0.000000	0.000000	1598.00
128	9	192	64	8	0.30	B3_ModernHopfield	3018	0.848958	0.918132	0.000000	0.503174	0.000000	0.000000	0.000000	51218.00
128	9	192	64	8	0.30	Candidate_LatentCP3_SVD	3019	0.000000	0.222331	0.000000	0.255371	0.691304	80.481110	0.707502	370789.00
128	9	192	64	8	0.30	Candidate_LatentCP3_TP	3019	0.000000	0.300863	0.000000	0.221191	0.674142	84.221334	0.749058	421262.00
128	9	192	64	8	0.30	B0_Pairwise_LowRank	3019	0.000000	0.414714	0.000000	0.336670	0.000000	0.000000	0.000000	110761.00
128	9	192	64	8	0.30	B1_LinearSVD	3019	0.000000	0.598470	0.000000	0.564697	0.000000	0.000000	0.000000	15711.00
128	9	192	64	8	0.30	B2_1NN_Oracle	3019	0.875000	0.931559	0.000000	0.484131	0.000000	0.000000	0.000000	1716.00
128	9	192	64	8	0.30	B3_ModernHopfield	3019	0.880208	0.931152	0.000000	0.479004	0.000000	0.000000	0.000000	23452.00
128	9	192	64	8	0.30	Candidate_LatentCP3_SVD	3020	0.000000	0.294840	0.000000	0.210938	0.677767	78.714851	0.703101	191816.00
128	9	192	64	8	0.30	Candidate_LatentCP3_TP	3020	0.000000	0.289062	0.000000	0.260010	0.642335	89.421333	0.750047	273447.00
128	9	192	64	8	0.30	B0_Pairwise_LowRank	3020	0.000000	0.437174	0.000000	0.357422	0.000000	0.000000	0.000000	124047.00
128	9	192	64	8	0.30	B1_LinearSVD	3020	0.000000	0.605876	0.000000	0.542969	0.000000	0.000000	0.000000	11734.00
128	9	192	64	8	0.30	B2_1NN_Oracle	3020	0.875000	0.932373	0.000000	0.504639	0.000000	0.000000	0.000000	2579.00
128	9	192	64	8	0.30	B3_ModernHopfield	3020	0.869792	0.932210	0.000000	0.514404	0.000000	0.000000	0.000000	23387.00
128	9	192	64	16	0.15	Candidate_LatentCP3_SVD	3001	0.000000	0.295573	0.000000	0.260986	0.503128	75.614841	0.646850	689147.00
128	9	192	64	16	0.15	Candidate_LatentCP3_TP	3001	0.000000	0.397624	0.000000	0.321533	0.650401	88.173734	0.804963	831305.00
128	9	192	64	16	0.15	B0_Pairwise_LowRank	3001	0.000000	0.594645	0.000000	0.481201	0.000000	0.000000	0.000000	187689.00
128	9	192	64	16	0.15	B1_LinearSVD	3001	0.000000	0.833008	0.000000	0.772705	0.000000	0.000000	0.000000	41757.00
128	9	192	64	16	0.15	B2_1NN_Oracle	3001	1.000000	1.000000	0.000000	0.601074	0.000000	0.000000	0.000000	4860.00
128	9	192	64	16	0.15	B3_ModernHopfield	3001	1.000000	1.000000	0.000000	0.605713	0.000000	0.000000	0.000000	41559.00
128	9	192	64	16	0.15	Candidate_LatentCP3_SVD	3002	0.000000	0.356608	0.000000	0.302246	0.503886	72.741418	0.637616	711482.00
128	9	192	64	16	0.15	Candidate_LatentCP3_TP	3002	0.000000	0.258626	0.000000	0.177002	0.644169	91.112085	0.813925	1369346.00
128	9	192	64	16	0.15	B0_Pairwise_LowRank	3002	0.000000	0.558024	0.000000	0.445557	0.000000	0.000000	0.000000	241656.00
128	9	192	64	16	0.15	B1_LinearSVD	3002	0.000000	0.822591	0.000000	0.776855	0.000000	0.000000	0.000000	46835.00
128	9	192	64	16	0.15	B2_1NN_Oracle	3002	1.000000	1.000000	0.000000	0.611816	0.000000	0.000000	0.000000	2289.00
128	9	192	64	16	0.15	B3_ModernHopfield	3002	1.000000	1.000000	0.000000	0.613525	0.000000	0.000000	0.000000	42052.00
128	9	192	64	16	0.15	Candidate_LatentCP3_SVD	3003	0.000000	0.343994	0.000000	0.327393	0.491069	74.428916	0.650517	438714.00
128	9	192	64	16	0.15	Candidate_LatentCP3_TP	3003	0.000000	0.385091	0.000000	0.333496	0.668380	87.634875	0.800978	939405.00
128	9	192	64	16	0.15	B0_Pairwise_LowRank	3003	0.000000	0.581868	0.000000	0.493408	0.000000	0.000000	0.000000	126153.00
128	9	192	64	16	0.15	B1_LinearSVD	3003	0.000000	0.828125	0.000000	0.767334	0.000000	0.000000	0.000000	53065.00
128	9	192	64	16	0.15	B2_1NN_Oracle	3003	1.000000	1.000000	0.000000	0.607178	0.000000	0.000000	0.000000	1651.00
128	9	192	64	16	0.15	B3_ModernHopfield	3003	1.000000	1.000000	0.000000	0.613770	0.000000	0.000000	0.000000	26763.00
128	9	192	64	16	0.15	Candidate_LatentCP3_SVD	3004	0.000000	0.336344	0.000000	0.358398	0.505752	71.750845	0.631426	402958.00
128	9	192	64	16	0.15	Candidate_LatentCP3_TP	3004	0.000000	0.252848	0.000000	0.187012	0.654199	91.727533	0.812925	895992.00
128	9	192	64	16	0.15	B0_Pairwise_LowRank	3004	0.000000	0.557780	0.000000	0.433594	0.000000	0.000000	0.000000	269112.00
128	9	192	64	16	0.15	B1_LinearSVD	3004	0.000000	0.836670	0.000000	0.773926	0.000000	0.000000	0.000000	99550.00
128	9	192	64	16	0.15	B2_1NN_Oracle	3004	1.000000	1.000000	0.000000	0.613770	0.000000	0.000000	0.000000	14342.00
128	9	192	64	16	0.15	B3_ModernHopfield	3004	1.000000	1.000000	0.000000	0.614746	0.000000	0.000000	0.000000	90578.00
128	9	192	64	16	0.15	Candidate_LatentCP3_SVD	3005	0.000000	0.312012	0.000000	0.295166	0.489513	74.523712	0.647832	721738.00
128	9	192	64	16	0.15	Candidate_LatentCP3_TP	3005	0.000000	0.377848	0.000000	0.305176	0.705964	80.143092	0.782933	1177862.00
128	9	192	64	16	0.15	B0_Pairwise_LowRank	3005	0.000000	0.498047	0.000000	0.373535	0.000000	0.000000	0.000000	311301.00
128	9	192	64	16	0.15	B1_LinearSVD	3005	0.000000	0.831380	0.000000	0.774170	0.000000	0.000000	0.000000	72576.00
128	9	192	64	16	0.15	B2_1NN_Oracle	3005	1.000000	1.000000	0.000000	0.610107	0.000000	0.000000	0.000000	2304.00
128	9	192	64	16	0.15	B3_ModernHopfield	3005	1.000000	1.000000	0.000000	0.612549	0.000000	0.000000	0.000000	70611.00
128	9	192	64	16	0.15	Candidate_LatentCP3_SVD	3006	0.000000	0.311523	0.000000	0.319092	0.496843	74.408931	0.650265	816863.00
128	9	192	64	16	0.15	Candidate_LatentCP3_TP	3006	0.000000	0.273844	0.000000	0.250000	0.680985	81.650293	0.789735	993676.00
128	9	192	64	16	0.15	B0_Pairwise_LowRank	3006	0.000000	0.542074	0.000000	0.433838	0.000000	0.000000	0.000000	317760.00
128	9	192	64	16	0.15	B1_LinearSVD	3006	0.000000	0.819824	0.000000	0.770020	0.000000	0.000000	0.000000	44205.00
128	9	192	64	16	0.15	B2_1NN_Oracle	3006	1.000000	1.000000	0.000000	0.598877	0.000000	0.000000	0.000000	1661.00
128	9	192	64	16	0.15	B3_ModernHopfield	3006	1.000000	1.000000	0.000000	0.600098	0.000000	0.000000	0.000000	80527.00
128	9	192	64	16	0.15	Candidate_LatentCP3_SVD	3007	0.000000	0.329753	0.000000	0.331543	0.502914	72.994406	0.644299	998494.00
128	9	192	64	16	0.15	Candidate_LatentCP3_TP	3007	0.000000	0.403809	0.000000	0.294678	0.687484	79.311624	0.783753	1387835.00
128	9	192	64	16	0.15	B0_Pairwise_LowRank	3007	0.000000	0.560547	0.000000	0.438721	0.000000	0.000000	0.000000	258272.00
128	9	192	64	16	0.15	B1_LinearSVD	3007	0.000000	0.823079	0.000000	0.778320	0.000000	0.000000	0.000000	19703.00
128	9	192	64	16	0.15	B2_1NN_Oracle	3007	1.000000	1.000000	0.000000	0.606689	0.000000	0.000000	0.000000	1560.00
128	9	192	64	16	0.15	B3_ModernHopfield	3007	1.000000	1.000000	0.000000	0.611572	0.000000	0.000000	0.000000	42217.00
128	9	192	64	16	0.15	Candidate_LatentCP3_SVD	3008	0.000000	0.385498	0.000000	0.379639	0.489892	74.547732	0.654306	906368.00
128	9	192	64	16	0.15	Candidate_LatentCP3_TP	3008	0.000000	0.383301	0.000000	0.333496	0.675110	78.877720	0.776022	1157690.00
128	9	192	64	16	0.15	B0_Pairwise_LowRank	3008	0.000000	0.535400	0.000000	0.500977	0.000000	0.000000	0.000000	316768.00
128	9	192	64	16	0.15	B1_LinearSVD	3008	0.000000	0.814697	0.000000	0.788086	0.000000	0.000000	0.000000	76281.00
128	9	192	64	16	0.15	B2_1NN_Oracle	3008	1.000000	1.000000	0.000000	0.601562	0.000000	0.000000	0.000000	9514.00
128	9	192	64	16	0.15	B3_ModernHopfield	3008	1.000000	1.000000	0.000000	0.600830	0.000000	0.000000	0.000000	55434.00
128	9	192	64	16	0.15	Candidate_LatentCP3_SVD	3009	0.000000	0.346842	0.000000	0.338135	0.486083	73.636445	0.652961	823666.00
128	9	192	64	16	0.15	Candidate_LatentCP3_TP	3009	0.000000	0.296143	0.000000	0.284912	0.631161	96.661692	0.818646	1337051.00
128	9	192	64	16	0.15	B0_Pairwise_LowRank	3009	0.000000	0.570394	0.000000	0.499023	0.000000	0.000000	0.000000	242576.00
128	9	192	64	16	0.15	B1_LinearSVD	3009	0.000000	0.833089	0.000000	0.771973	0.000000	0.000000	0.000000	46276.00
128	9	192	64	16	0.15	B2_1NN_Oracle	3009	1.000000	1.000000	0.000000	0.615967	0.000000	0.000000	0.000000	7206.00
128	9	192	64	16	0.15	B3_ModernHopfield	3009	1.000000	1.000000	0.000000	0.619873	0.000000	0.000000	0.000000	113918.00
128	9	192	64	16	0.15	Candidate_LatentCP3_SVD	3010	0.000000	0.347005	0.000000	0.360352	0.486947	73.817919	0.648780	1021547.00
128	9	192	64	16	0.15	Candidate_LatentCP3_TP	3010	0.000000	0.332357	0.000000	0.278076	0.693708	79.939137	0.785240	709765.00
128	9	192	64	16	0.15	B0_Pairwise_LowRank	3010	0.000000	0.533773	0.000000	0.395264	0.000000	0.000000	0.000000	200924.00
128	9	192	64	16	0.15	B1_LinearSVD	3010	0.000000	0.828369	0.000000	0.766846	0.000000	0.000000	0.000000	29226.00
128	9	192	64	16	0.15	B2_1NN_Oracle	3010	1.000000	1.000000	0.000000	0.611328	0.000000	0.000000	0.000000	3358.00
128	9	192	64	16	0.15	B3_ModernHopfield	3010	1.000000	1.000000	0.000000	0.613281	0.000000	0.000000	0.000000	53224.00
128	9	192	64	16	0.15	Candidate_LatentCP3_SVD	3011	0.000000	0.301921	0.000000	0.301270	0.477504	76.125469	0.649688	809707.00
128	9	192	64	16	0.15	Candidate_LatentCP3_TP	3011	0.000000	0.376058	0.000000	0.314697	0.651624	86.226512	0.796264	723716.00
128	9	192	64	16	0.15	B0_Pairwise_LowRank	3011	0.000000	0.596436	0.000000	0.483887	0.000000	0.000000	0.000000	267948.00
128	9	192	64	16	0.15	B1_LinearSVD	3011	0.000000	0.828451	0.000000	0.771484	0.000000	0.000000	0.000000	150208.00
128	9	192	64	16	0.15	B2_1NN_Oracle	3011	1.000000	1.000000	0.000000	0.600098	0.000000	0.000000	0.000000	2033.00
128	9	192	64	16	0.15	B3_ModernHopfield	3011	1.000000	1.000000	0.000000	0.603516	0.000000	0.000000	0.000000	175074.00
128	9	192	64	16	0.15	Candidate_LatentCP3_SVD	3012	0.000000	0.351237	0.000000	0.360840	0.488737	74.227835	0.646724	766901.00
128	9	192	64	16	0.15	Candidate_LatentCP3_TP	3012	0.000000	0.381185	0.000000	0.326172	0.678616	82.814125	0.794813	843665.00
128	9	192	64	16	0.15	B0_Pairwise_LowRank	3012	0.000000	0.562093	0.000000	0.454346	0.000000	0.000000	0.000000	269823.00
128	9	192	64	16	0.15	B1_LinearSVD	3012	0.000000	0.836426	0.000000	0.769775	0.000000	0.000000	0.000000	68382.00
128	9	192	64	16	0.15	B2_1NN_Oracle	3012	1.000000	1.000000	0.000000	0.603271	0.000000	0.000000	0.000000	14635.00
128	9	192	64	16	0.15	B3_ModernHopfield	3012	1.000000	1.000000	0.000000	0.613770	0.000000	0.000000	0.000000	67534.00
128	9	192	64	16	0.15	Candidate_LatentCP3_SVD	3013	0.000000	0.338623	0.000000	0.333984	0.480432	76.008696	0.642516	862535.00
128	9	192	64	16	0.15	Candidate_LatentCP3_TP	3013	0.000000	0.347656	0.000000	0.301514	0.647270	91.029636	0.811887	883539.00
128	9	192	64	16	0.15	B0_Pairwise_LowRank	3013	0.000000	0.521077	0.000000	0.407471	0.000000	0.000000	0.000000	282434.00
128	9	192	64	16	0.15	B1_LinearSVD	3013	0.000000	0.823324	0.000000	0.772949	0.000000	0.000000	0.000000	83645.00
128	9	192	64	16	0.15	B2_1NN_Oracle	3013	1.000000	1.000000	0.000000	0.620850	0.000000	0.000000	0.000000	3463.00
128	9	192	64	16	0.15	B3_ModernHopfield	3013	1.000000	1.000000	0.000000	0.621582	0.000000	0.000000	0.000000	84529.00
128	9	192	64	16	0.15	Candidate_LatentCP3_SVD	3014	0.000000	0.388184	0.000000	0.332031	0.512088	71.147165	0.638728	641805.00
128	9	192	64	16	0.15	Candidate_LatentCP3_TP	3014	0.000000	0.381999	0.000000	0.303955	0.654946	87.506176	0.802393	1115168.00
128	9	192	64	16	0.15	B0_Pairwise_LowRank	3014	0.000000	0.559977	0.000000	0.447998	0.000000	0.000000	0.000000	273502.00
128	9	192	64	16	0.15	B1_LinearSVD	3014	0.000000	0.827148	0.000000	0.765137	0.000000	0.000000	0.000000	51324.00
128	9	192	64	16	0.15	B2_1NN_Oracle	3014	1.000000	1.000000	0.000000	0.587402	0.000000	0.000000	0.000000	2188.00
128	9	192	64	16	0.15	B3_ModernHopfield	3014	1.000000	1.000000	0.000000	0.588867	0.000000	0.000000	0.000000	43042.00
128	9	192	64	16	0.15	Candidate_LatentCP3_SVD	3015	0.000000	0.393717	0.000000	0.378418	0.502608	73.468196	0.640029	401922.00
128	9	192	64	16	0.15	Candidate_LatentCP3_TP	3015	0.000000	0.376221	0.000000	0.316895	0.694057	86.963470	0.797113	914111.00
128	9	192	64	16	0.15	B0_Pairwise_LowRank	3015	0.000000	0.550618	0.000000	0.462158	0.000000	0.000000	0.000000	223276.00
128	9	192	64	16	0.15	B1_LinearSVD	3015	0.000000	0.826253	0.000000	0.776367	0.000000	0.000000	0.000000	29711.00
128	9	192	64	16	0.15	B2_1NN_Oracle	3015	1.000000	1.000000	0.000000	0.621094	0.000000	0.000000	0.000000	1684.00
128	9	192	64	16	0.15	B3_ModernHopfield	3015	1.000000	1.000000	0.000000	0.622803	0.000000	0.000000	0.000000	34709.00
128	9	192	64	16	0.15	Candidate_LatentCP3_SVD	3016	0.000000	0.321289	0.000000	0.312744	0.478530	75.493761	0.642774	658485.00
128	9	192	64	16	0.15	Candidate_LatentCP3_TP	3016	0.000000	0.279541	0.000000	0.254150	0.666355	86.037000	0.799641	1124369.00
128	9	192	64	16	0.15	B0_Pairwise_LowRank	3016	0.000000	0.559896	0.000000	0.478271	0.000000	0.000000	0.000000	256603.00
128	9	192	64	16	0.15	B1_LinearSVD	3016	0.000000	0.823486	0.000000	0.765137	0.000000	0.000000	0.000000	33868.00
128	9	192	64	16	0.15	B2_1NN_Oracle	3016	1.000000	1.000000	0.000000	0.609619	0.000000	0.000000	0.000000	1509.00
128	9	192	64	16	0.15	B3_ModernHopfield	3016	1.000000	1.000000	0.000000	0.619385	0.000000	0.000000	0.000000	61198.00
128	9	192	64	16	0.15	Candidate_LatentCP3_SVD	3017	0.000000	0.300537	0.000000	0.313721	0.499209	72.360514	0.653018	877299.00
128	9	192	64	16	0.15	Candidate_LatentCP3_TP	3017	0.000000	0.285970	0.000000	0.219482	0.645446	93.977153	0.819751	1596604.00
128	9	192	64	16	0.15	B0_Pairwise_LowRank	3017	0.000000	0.562012	0.000000	0.468506	0.000000	0.000000	0.000000	157033.00
128	9	192	64	16	0.15	B1_LinearSVD	3017	0.000000	0.825602	0.000000	0.787842	0.000000	0.000000	0.000000	17906.00
128	9	192	64	16	0.15	B2_1NN_Oracle	3017	1.000000	1.000000	0.000000	0.620117	0.000000	0.000000	0.000000	1626.00
128	9	192	64	16	0.15	B3_ModernHopfield	3017	1.000000	1.000000	0.000000	0.619873	0.000000	0.000000	0.000000	28706.00
128	9	192	64	16	0.15	Candidate_LatentCP3_SVD	3018	0.000000	0.312012	0.000000	0.276123	0.519396	73.233412	0.639003	495616.00
128	9	192	64	16	0.15	Candidate_LatentCP3_TP	3018	0.000000	0.409587	0.000000	0.284180	0.701658	78.703117	0.775994	762117.00
128	9	192	64	16	0.15	B0_Pairwise_LowRank	3018	0.000000	0.563965	0.000000	0.446533	0.000000	0.000000	0.000000	339361.00
128	9	192	64	16	0.15	B1_LinearSVD	3018	0.000000	0.821452	0.000000	0.759033	0.000000	0.000000	0.000000	21802.00
128	9	192	64	16	0.15	B2_1NN_Oracle	3018	0.994792	0.997884	0.000000	0.600342	0.000000	0.000000	0.000000	2699.00
128	9	192	64	16	0.15	B3_ModernHopfield	3018	1.000000	1.000000	0.000000	0.598633	0.000000	0.000000	0.000000	40206.00
128	9	192	64	16	0.15	Candidate_LatentCP3_SVD	3019	0.000000	0.280843	0.000000	0.291748	0.498617	73.236857	0.646185	678417.00
128	9	192	64	16	0.15	Candidate_LatentCP3_TP	3019	0.000000	0.299235	0.000000	0.252930	0.656685	87.382469	0.808703	709305.00
128	9	192	64	16	0.15	B0_Pairwise_LowRank	3019	0.000000	0.542643	0.000000	0.456299	0.000000	0.000000	0.000000	163477.00
128	9	192	64	16	0.15	B1_LinearSVD	3019	0.000000	0.823975	0.000000	0.775146	0.000000	0.000000	0.000000	36149.00
128	9	192	64	16	0.15	B2_1NN_Oracle	3019	1.000000	1.000000	0.000000	0.591797	0.000000	0.000000	0.000000	2338.00
128	9	192	64	16	0.15	B3_ModernHopfield	3019	1.000000	1.000000	0.000000	0.597900	0.000000	0.000000	0.000000	49934.00
128	9	192	64	16	0.15	Candidate_LatentCP3_SVD	3020	0.000000	0.341715	0.000000	0.263428	0.480497	75.520814	0.649421	462184.00
128	9	192	64	16	0.15	Candidate_LatentCP3_TP	3020	0.000000	0.309326	0.000000	0.274170	0.642098	90.960514	0.813027	458496.00
128	9	192	64	16	0.15	B0_Pairwise_LowRank	3020	0.000000	0.578776	0.000000	0.457764	0.000000	0.000000	0.000000	94264.00
128	9	192	64	16	0.15	B1_LinearSVD	3020	0.000000	0.829590	0.000000	0.776367	0.000000	0.000000	0.000000	21288.00
128	9	192	64	16	0.15	B2_1NN_Oracle	3020	1.000000	1.000000	0.000000	0.614258	0.000000	0.000000	0.000000	1788.00
128	9	192	64	16	0.15	B3_ModernHopfield	3020	1.000000	1.000000	0.000000	0.621094	0.000000	0.000000	0.000000	25047.00
128	9	192	64	16	0.30	Candidate_LatentCP3_SVD	3001	0.000000	0.238363	0.000000	0.215088	0.503128	75.614841	0.646850	1025013.00
128	9	192	64	16	0.30	Candidate_LatentCP3_TP	3001	0.000000	0.340658	0.000000	0.227783	0.650401	88.173734	0.804963	831419.00
128	9	192	64	16	0.30	B0_Pairwise_LowRank	3001	0.000000	0.445150	0.000000	0.351807	0.000000	0.000000	0.000000	240205.00
128	9	192	64	16	0.30	B1_LinearSVD	3001	0.000000	0.602620	0.000000	0.521729	0.000000	0.000000	0.000000	16489.00
128	9	192	64	16	0.30	B2_1NN_Oracle	3001	0.906250	0.940674	0.000000	0.497314	0.000000	0.000000	0.000000	3654.00
128	9	192	64	16	0.30	B3_ModernHopfield	3001	0.890625	0.931722	0.000000	0.496582	0.000000	0.000000	0.000000	64631.00
128	9	192	64	16	0.30	Candidate_LatentCP3_SVD	3002	0.000000	0.298665	0.000000	0.254150	0.503886	72.741418	0.637616	614919.00
128	9	192	64	16	0.30	Candidate_LatentCP3_TP	3002	0.000000	0.248128	0.000000	0.173584	0.644169	91.112085	0.813925	1310431.00
128	9	192	64	16	0.30	B0_Pairwise_LowRank	3002	0.000000	0.446452	0.000000	0.341064	0.000000	0.000000	0.000000	266203.00
128	9	192	64	16	0.30	B1_LinearSVD	3002	0.000000	0.586589	0.000000	0.554443	0.000000	0.000000	0.000000	78082.00
128	9	192	64	16	0.30	B2_1NN_Oracle	3002	0.864583	0.929932	0.000000	0.493408	0.000000	0.000000	0.000000	20243.00
128	9	192	64	16	0.30	B3_ModernHopfield	3002	0.854167	0.926270	0.000000	0.500488	0.000000	0.000000	0.000000	145354.00
128	9	192	64	16	0.30	Candidate_LatentCP3_SVD	3003	0.000000	0.276693	0.000000	0.283203	0.491069	74.428916	0.650517	541970.00
128	9	192	64	16	0.30	Candidate_LatentCP3_TP	3003	0.000000	0.349447	0.000000	0.282715	0.668380	87.634875	0.800978	984280.00
128	9	192	64	16	0.30	B0_Pairwise_LowRank	3003	0.000000	0.478760	0.000000	0.385742	0.000000	0.000000	0.000000	206194.00
128	9	192	64	16	0.30	B1_LinearSVD	3003	0.000000	0.602783	0.000000	0.557861	0.000000	0.000000	0.000000	23503.00
128	9	192	64	16	0.30	B2_1NN_Oracle	3003	0.890625	0.940023	0.000000	0.489014	0.000000	0.000000	0.000000	1815.00
128	9	192	64	16	0.30	B3_ModernHopfield	3003	0.895833	0.944092	0.000000	0.493164	0.000000	0.000000	0.000000	21888.00
128	9	192	64	16	0.30	Candidate_LatentCP3_SVD	3004	0.000000	0.294189	0.000000	0.282227	0.505752	71.750845	0.631426	524898.00
128	9	192	64	16	0.30	Candidate_LatentCP3_TP	3004	0.000000	0.237142	0.000000	0.147705	0.654199	91.727533	0.812925	989697.00
128	9	192	64	16	0.30	B0_Pairwise_LowRank	3004	0.000000	0.430339	0.000000	0.280273	0.000000	0.000000	0.000000	320679.00
128	9	192	64	16	0.30	B1_LinearSVD	3004	0.000000	0.603516	0.000000	0.549561	0.000000	0.000000	0.000000	52713.00
128	9	192	64	16	0.30	B2_1NN_Oracle	3004	0.880208	0.930094	0.000000	0.512695	0.000000	0.000000	0.000000	1650.00
128	9	192	64	16	0.30	B3_ModernHopfield	3004	0.880208	0.937174	0.000000	0.521240	0.000000	0.000000	0.000000	55764.00
128	9	192	64	16	0.30	Candidate_LatentCP3_SVD	3005	0.000000	0.264323	0.000000	0.244873	0.489513	74.523712	0.647832	492875.00
128	9	192	64	16	0.30	Candidate_LatentCP3_TP	3005	0.000000	0.335856	0.000000	0.269287	0.705964	80.143092	0.782933	1304636.00
128	9	192	64	16	0.30	B0_Pairwise_LowRank	3005	0.000000	0.401530	0.000000	0.295898	0.000000	0.000000	0.000000	197009.00
128	9	192	64	16	0.30	B1_LinearSVD	3005	0.000000	0.586995	0.000000	0.574951	0.000000	0.000000	0.000000	60857.00
128	9	192	64	16	0.30	B2_1NN_Oracle	3005	0.885417	0.935465	0.000000	0.503662	0.000000	0.000000	0.000000	16858.00
128	9	192	64	16	0.30	B3_ModernHopfield	3005	0.869792	0.930990	0.000000	0.504150	0.000000	0.000000	0.000000	93675.00
128	9	192	64	16	0.30	Candidate_LatentCP3_SVD	3006	0.000000	0.256592	0.000000	0.288330	0.496843	74.408931	0.650265	901847.00
128	9	192	64	16	0.30	Candidate_LatentCP3_TP	3006	0.000000	0.264486	0.000000	0.225342	0.680985	81.650293	0.789735	1281068.00
128	9	192	64	16	0.30	B0_Pairwise_LowRank	3006	0.000000	0.431966	0.000000	0.339844	0.000000	0.000000	0.000000	169077.00
128	9	192	64	16	0.30	B1_LinearSVD	3006	0.000000	0.598389	0.000000	0.552002	0.000000	0.000000	0.000000	67964.00
128	9	192	64	16	0.30	B2_1NN_Oracle	3006	0.901042	0.944092	0.000000	0.523193	0.000000	0.000000	0.000000	5259.00
128	9	192	64	16	0.30	B3_ModernHopfield	3006	0.885417	0.937826	0.000000	0.510010	0.000000	0.000000	0.000000	85831.00
128	9	192	64	16	0.30	Candidate_LatentCP3_SVD	3007	0.000000	0.290934	0.000000	0.274902	0.502914	72.994406	0.644299	910930.00
128	9	192	64	16	0.30	Candidate_LatentCP3_TP	3007	0.000000	0.355306	0.000000	0.267334	0.687484	79.311624	0.783753	1027086.00
128	9	192	64	16	0.30	B0_Pairwise_LowRank	3007	0.000000	0.461589	0.000000	0.367188	0.000000	0.000000	0.000000	315275.00
128	9	192	64	16	0.30	B1_LinearSVD	3007	0.000000	0.596436	0.000000	0.538818	0.000000	0.000000	0.000000	124146.00
128	9	192	64	16	0.30	B2_1NN_Oracle	3007	0.854167	0.917969	0.000000	0.506836	0.000000	0.000000	0.000000	4043.00
128	9	192	64	16	0.30	B3_ModernHopfield	3007	0.864583	0.930013	0.000000	0.522705	0.000000	0.000000	0.000000	67410.00
128	9	192	64	16	0.30	Candidate_LatentCP3_SVD	3008	0.000000	0.334473	0.000000	0.325928	0.489892	74.547732	0.654306	549052.00
128	9	192	64	16	0.30	Candidate_LatentCP3_TP	3008	0.000000	0.333089	0.000000	0.301758	0.675110	78.877720	0.776022	1021389.00
128	9	192	64	16	0.30	B0_Pairwise_LowRank	3008	0.000000	0.449382	0.000000	0.381592	0.000000	0.000000	0.000000	234909.00
128	9	192	64	16	0.30	B1_LinearSVD	3008	0.000000	0.576986	0.000000	0.565918	0.000000	0.000000	0.000000	18986.00
128	9	192	64	16	0.30	B2_1NN_Oracle	3008	0.838542	0.909098	0.000000	0.508545	0.000000	0.000000	0.000000	1924.00
128	9	192	64	16	0.30	B3_ModernHopfield	3008	0.828125	0.905355	0.000000	0.512695	0.000000	0.000000	0.000000	52980.00
128	9	192	64	16	0.30	Candidate_LatentCP3_SVD	3009	0.000000	0.276042	0.000000	0.288574	0.486083	73.636445	0.652961	607778.00
128	9	192	64	16	0.30	Candidate_LatentCP3_TP	3009	0.000000	0.280029	0.000000	0.238037	0.631161	96.661692	0.818646	1245047.00
128	9	192	64	16	0.30	B0_Pairwise_LowRank	3009	0.000000	0.439372	0.000000	0.391602	0.000000	0.000000	0.000000	281046.00
128	9	192	64	16	0.30	B1_LinearSVD	3009	0.000000	0.594157	0.000000	0.520996	0.000000	0.000000	0.000000	115254.00
128	9	192	64	16	0.30	B2_1NN_Oracle	3009	0.890625	0.947184	0.000000	0.486328	0.000000	0.000000	0.000000	2315.00
128	9	192	64	16	0.30	B3_ModernHopfield	3009	0.875000	0.938721	0.000000	0.503662	0.000000	0.000000	0.000000	62303.00
128	9	192	64	16	0.30	Candidate_LatentCP3_SVD	3010	0.000000	0.300944	0.000000	0.310791	0.486947	73.817919	0.648780	922551.00
128	9	192	64	16	0.30	Candidate_LatentCP3_TP	3010	0.000000	0.306071	0.000000	0.219971	0.693708	79.939137	0.785240	830388.00
128	9	192	64	16	0.30	B0_Pairwise_LowRank	3010	0.000000	0.430257	0.000000	0.309326	0.000000	0.000000	0.000000	112814.00
128	9	192	64	16	0.30	B1_LinearSVD	3010	0.000000	0.597249	0.000000	0.524902	0.000000	0.000000	0.000000	19685.00
128	9	192	64	16	0.30	B2_1NN_Oracle	3010	0.843750	0.911377	0.000000	0.488770	0.000000	0.000000	0.000000	2677.00
128	9	192	64	16	0.30	B3_ModernHopfield	3010	0.854167	0.916585	0.000000	0.482666	0.000000	0.000000	0.000000	39487.00
128	9	192	64	16	0.30	Candidate_LatentCP3_SVD	3011	0.000000	0.259440	0.000000	0.271729	0.477504	76.125469	0.649688	776829.00
128	9	192	64	16	0.30	Candidate_LatentCP3_TP	3011	0.000000	0.337077	0.000000	0.280518	0.651624	86.226512	0.796264	507497.00
128	9	192	64	16	0.30	B0_Pairwise_LowRank	3011	0.000000	0.463623	0.000000	0.398926	0.000000	0.000000	0.000000	111132.00
128	9	192	64	16	0.30	B1_LinearSVD	3011	0.000000	0.588216	0.000000	0.548584	0.000000	0.000000	0.000000	33039.00
128	9	192	64	16	0.30	B2_1NN_Oracle	3011	0.869792	0.931234	0.000000	0.503906	0.000000	0.000000	0.000000	2571.00
128	9	192	64	16	0.30	B3_ModernHopfield	3011	0.864583	0.932454	0.000000	0.504150	0.000000	0.000000	0.000000	37172.00
128	9	192	64	16	0.30	Candidate_LatentCP3_SVD	3012	0.000000	0.306315	0.000000	0.312988	0.488737	74.227835	0.646724	592718.00
128	9	192	64	16	0.30	Candidate_LatentCP3_TP	3012	0.000000	0.342773	0.000000	0.272461	0.678616	82.814125	0.794813	890507.00
128	9	192	64	16	0.30	B0_Pairwise_LowRank	3012	0.000000	0.442301	0.000000	0.307617	0.000000	0.000000	0.000000	137476.00
128	9	192	64	16	0.30	B1_LinearSVD	3012	0.000000	0.606038	0.000000	0.564697	0.000000	0.000000	0.000000	48333.00
128	9	192	64	16	0.30	B2_1NN_Oracle	3012	0.864583	0.930827	0.000000	0.494141	0.000000	0.000000	0.000000	2509.00
128	9	192	64	16	0.30	B3_ModernHopfield	3012	0.854167	0.930664	0.000000	0.501709	0.000000	0.000000	0.000000	41707.00
128	9	192	64	16	0.30	Candidate_LatentCP3_SVD	3013	0.000000	0.273600	0.000000	0.283203	0.480432	76.008696	0.642516	809897.00
128	9	192	64	16	0.30	Candidate_LatentCP3_TP	3013	0.000000	0.307454	0.000000	0.264893	0.647270	91.029636	0.811887	676621.00
128	9	192	64	16	0.30	B0_Pairwise_LowRank	3013	0.000000	0.397868	0.000000	0.291748	0.000000	0.000000	0.000000	201929.00
128	9	192	64	16	0.30	B1_LinearSVD	3013	0.000000	0.572184	0.000000	0.557617	0.000000	0.000000	0.000000	53005.00
128	9	192	64	16	0.30	B2_1NN_Oracle	3013	0.880208	0.933187	0.000000	0.510742	0.000000	0.000000	0.000000	3539.00
128	9	192	64	16	0.30	B3_ModernHopfield	3013	0.859375	0.920329	0.000000	0.511475	0.000000	0.000000	0.000000	65725.00
128	9	192	64	16	0.30	Candidate_LatentCP3_SVD	3014	0.000000	0.346191	0.000000	0.289062	0.512088	71.147165	0.638728	627390.00
128	9	192	64	16	0.30	Candidate_LatentCP3_TP	3014	0.000000	0.338542	0.000000	0.260498	0.654946	87.506176	0.802393	874746.00
128	9	192	64	16	0.30	B0_Pairwise_LowRank	3014	0.000000	0.448975	0.000000	0.307129	0.000000	0.000000	0.000000	261253.00
128	9	192	64	16	0.30	B1_LinearSVD	3014	0.000000	0.598063	0.000000	0.532227	0.000000	0.000000	0.000000	87154.00
128	9	192	64	16	0.30	B2_1NN_Oracle	3014	0.885417	0.938965	0.000000	0.479736	0.000000	0.000000	0.000000	6198.00
128	9	192	64	16	0.30	B3_ModernHopfield	3014	0.890625	0.942057	0.000000	0.487305	0.000000	0.000000	0.000000	88156.00
128	9	192	64	16	0.30	Candidate_LatentCP3_SVD	3015	0.000000	0.338135	0.000000	0.309814	0.502608	73.468196	0.640029	533938.00
128	9	192	64	16	0.30	Candidate_LatentCP3_TP	3015	0.000000	0.324626	0.000000	0.280029	0.694057	86.963470	0.797113	714069.00
128	9	192	64	16	0.30	B0_Pairwise_LowRank	3015	0.000000	0.423991	0.000000	0.355225	0.000000	0.000000	0.000000	320171.00
128	9	192	64	16	0.30	B1_LinearSVD	3015	0.000000	0.598470	0.000000	0.538330	0.000000	0.000000	0.000000	82345.00
128	9	192	64	16	0.30	B2_1NN_Oracle	3015	0.848958	0.920898	0.000000	0.514648	0.000000	0.000000	0.000000	10424.00
128	9	192	64	16	0.30	B3_ModernHopfield	3015	0.838542	0.915853	0.000000	0.518799	0.000000	0.000000	0.000000	149400.00
128	9	192	64	16	0.30	Candidate_LatentCP3_SVD	3016	0.000000	0.270671	0.000000	0.262451	0.478530	75.493761	0.642774	874601.00
128	9	192	64	16	0.30	Candidate_LatentCP3_TP	3016	0.000000	0.261475	0.000000	0.239746	0.666355	86.037000	0.799641	987862.00
128	9	192	64	16	0.30	B0_Pairwise_LowRank	3016	0.000000	0.432943	0.000000	0.361328	0.000000	0.000000	0.000000	202483.00
128	9	192	64	16	0.30	B1_LinearSVD	3016	0.000000	0.583822	0.000000	0.531250	0.000000	0.000000	0.000000	31883.00
128	9	192	64	16	0.30	B2_1NN_Oracle	3016	0.838542	0.909017	0.000000	0.484131	0.000000	0.000000	0.000000	1749.00
128	9	192	64	16	0.30	B3_ModernHopfield	3016	0.828125	0.903239	0.000000	0.498535	0.000000	0.000000	0.000000	38731.00
128	9	192	64	16	0.30	Candidate_LatentCP3_SVD	3017	0.000000	0.252930	0.000000	0.221191	0.499209	72.360514	0.653018	689880.00
128	9	192	64	16	0.30	Candidate_LatentCP3_TP	3017	0.000000	0.250163	0.000000	0.180176	0.645446	93.977153	0.819751	1154774.00
128	9	192	64	16	0.30	B0_Pairwise_LowRank	3017	0.000000	0.432699	0.000000	0.364258	0.000000	0.000000	0.000000	305394.00
128	9	192	64	16	0.30	B1_LinearSVD	3017	0.000000	0.596354	0.000000	0.521240	0.000000	0.000000	0.000000	81043.00
128	9	192	64	16	0.30	B2_1NN_Oracle	3017	0.833333	0.914225	0.000000	0.491211	0.000000	0.000000	0.000000	11863.00
128	9	192	64	16	0.30	B3_ModernHopfield	3017	0.812500	0.904704	0.000000	0.501221	0.000000	0.000000	0.000000	129214.00
128	9	192	64	16	0.30	Candidate_LatentCP3_SVD	3018	0.000000	0.260498	0.000000	0.236084	0.519396	73.233412	0.639003	773839.00
128	9	192	64	16	0.30	Candidate_LatentCP3_TP	3018	0.000000	0.356283	0.000000	0.266602	0.701658	78.703117	0.775994	949282.00
128	9	192	64	16	0.30	B0_Pairwise_LowRank	3018	0.000000	0.433919	0.000000	0.343750	0.000000	0.000000	0.000000	175122.00
128	9	192	64	16	0.30	B1_LinearSVD	3018	0.000000	0.591309	0.000000	0.561523	0.000000	0.000000	0.000000	68001.00
128	9	192	64	16	0.30	B2_1NN_Oracle	3018	0.869792	0.925537	0.000000	0.493652	0.000000	0.000000	0.000000	2316.00
128	9	192	64	16	0.30	B3_ModernHopfield	3018	0.848958	0.918132	0.000000	0.503174	0.000000	0.000000	0.000000	36348.00
128	9	192	64	16	0.30	Candidate_LatentCP3_SVD	3019	0.000000	0.225098	0.000000	0.253906	0.498617	73.236857	0.646185	350950.00
128	9	192	64	16	0.30	Candidate_LatentCP3_TP	3019	0.000000	0.280843	0.000000	0.212646	0.656685	87.382469	0.808703	460566.00
128	9	192	64	16	0.30	B0_Pairwise_LowRank	3019	0.000000	0.422201	0.000000	0.349365	0.000000	0.000000	0.000000	126964.00
128	9	192	64	16	0.30	B1_LinearSVD	3019	0.000000	0.580241	0.000000	0.538330	0.000000	0.000000	0.000000	34729.00
128	9	192	64	16	0.30	B2_1NN_Oracle	3019	0.875000	0.931559	0.000000	0.484131	0.000000	0.000000	0.000000	2239.00
128	9	192	64	16	0.30	B3_ModernHopfield	3019	0.880208	0.931152	0.000000	0.479004	0.000000	0.000000	0.000000	28379.00
128	9	192	64	16	0.30	Candidate_LatentCP3_SVD	3020	0.000000	0.284668	0.000000	0.221924	0.480497	75.520814	0.649421	565415.00
128	9	192	64	16	0.30	Candidate_LatentCP3_TP	3020	0.000000	0.297119	0.000000	0.235352	0.642098	90.960514	0.813027	577469.00
128	9	192	64	16	0.30	B0_Pairwise_LowRank	3020	0.000000	0.440348	0.000000	0.354248	0.000000	0.000000	0.000000	190900.00
128	9	192	64	16	0.30	B1_LinearSVD	3020	0.000000	0.599691	0.000000	0.534180	0.000000	0.000000	0.000000	32882.00
128	9	192	64	16	0.30	B2_1NN_Oracle	3020	0.875000	0.932373	0.000000	0.504639	0.000000	0.000000	0.000000	2430.00
128	9	192	64	16	0.30	B3_ModernHopfield	3020	0.869792	0.932210	0.000000	0.514404	0.000000	0.000000	0.000000	47144.00
128	9	192	64	32	0.15	Candidate_LatentCP3_SVD	3001	0.000000	0.293701	0.000000	0.260498	0.365150	69.847653	0.618308	1083601.00
128	9	192	64	32	0.15	Candidate_LatentCP3_TP	3001	0.000000	0.417480	0.000000	0.339355	0.646856	89.130990	0.843285	1215563.00
128	9	192	64	32	0.15	B0_Pairwise_LowRank	3001	0.000000	0.594157	0.000000	0.467285	0.000000	0.000000	0.000000	187350.00
128	9	192	64	32	0.15	B1_LinearSVD	3001	0.000000	0.824544	0.000000	0.728760	0.000000	0.000000	0.000000	46732.00
128	9	192	64	32	0.15	B2_1NN_Oracle	3001	1.000000	1.000000	0.000000	0.601074	0.000000	0.000000	0.000000	3134.00
128	9	192	64	32	0.15	B3_ModernHopfield	3001	1.000000	1.000000	0.000000	0.605713	0.000000	0.000000	0.000000	73997.00
128	9	192	64	32	0.15	Candidate_LatentCP3_SVD	3002	0.000000	0.354492	0.000000	0.306885	0.362284	69.744866	0.613733	816083.00
128	9	192	64	32	0.15	Candidate_LatentCP3_TP	3002	0.000000	0.406087	0.000000	0.288818	0.633433	90.828312	0.845730	1260932.00
128	9	192	64	32	0.15	B0_Pairwise_LowRank	3002	0.000000	0.559001	0.000000	0.420166	0.000000	0.000000	0.000000	331682.00
128	9	192	64	32	0.15	B1_LinearSVD	3002	0.000000	0.809652	0.000000	0.731689	0.000000	0.000000	0.000000	89718.00
128	9	192	64	32	0.15	B2_1NN_Oracle	3002	1.000000	1.000000	0.000000	0.611816	0.000000	0.000000	0.000000	5736.00
128	9	192	64	32	0.15	B3_ModernHopfield	3002	1.000000	1.000000	0.000000	0.613525	0.000000	0.000000	0.000000	24329.00
128	9	192	64	32	0.15	Candidate_LatentCP3_SVD	3003	0.000000	0.341390	0.000000	0.329102	0.349883	70.651999	0.621445	912796.00
128	9	192	64	32	0.15	Candidate_LatentCP3_TP	3003	0.000000	0.425130	0.000000	0.345215	0.677062	86.059619	0.834268	1412572.00
128	9	192	64	32	0.15	B0_Pairwise_LowRank	3003	0.000000	0.591878	0.000000	0.499512	0.000000	0.000000	0.000000	297716.00
128	9	192	64	32	0.15	B1_LinearSVD	3003	0.000000	0.817627	0.000000	0.743164	0.000000	0.000000	0.000000	97512.00
128	9	192	64	32	0.15	B2_1NN_Oracle	3003	1.000000	1.000000	0.000000	0.607178	0.000000	0.000000	0.000000	6215.00
128	9	192	64	32	0.15	B3_ModernHopfield	3003	1.000000	1.000000	0.000000	0.613770	0.000000	0.000000	0.000000	86521.00
128	9	192	64	32	0.15	Candidate_LatentCP3_SVD	3004	0.000000	0.336995	0.000000	0.358887	0.362761	69.259798	0.608033	1167361.00
128	9	192	64	32	0.15	Candidate_LatentCP3_TP	3004	0.000000	0.422038	0.000000	0.286377	0.678913	86.344969	0.842730	1148799.00
128	9	192	64	32	0.15	B0_Pairwise_LowRank	3004	0.000000	0.560221	0.000000	0.443359	0.000000	0.000000	0.000000	234511.00
128	9	192	64	32	0.15	B1_LinearSVD	3004	0.000000	0.819661	0.000000	0.740234	0.000000	0.000000	0.000000	90682.00
128	9	192	64	32	0.15	B2_1NN_Oracle	3004	1.000000	1.000000	0.000000	0.613770	0.000000	0.000000	0.000000	1846.00
128	9	192	64	32	0.15	B3_ModernHopfield	3004	1.000000	1.000000	0.000000	0.614746	0.000000	0.000000	0.000000	77496.00
128	9	192	64	32	0.15	Candidate_LatentCP3_SVD	3005	0.000000	0.308187	0.000000	0.291016	0.350023	71.222802	0.620890	1031684.00
128	9	192	64	32	0.15	Candidate_LatentCP3_TP	3005	0.000000	0.443929	0.000000	0.346924	0.675350	81.527165	0.825083	907346.00
128	9	192	64	32	0.15	B0_Pairwise_LowRank	3005	0.000000	0.506673	0.000000	0.375244	0.000000	0.000000	0.000000	245081.00
128	9	192	64	32	0.15	B1_LinearSVD	3005	0.000000	0.821533	0.000000	0.737549	0.000000	0.000000	0.000000	91741.00
128	9	192	64	32	0.15	B2_1NN_Oracle	3005	1.000000	1.000000	0.000000	0.610107	0.000000	0.000000	0.000000	2965.00
128	9	192	64	32	0.15	B3_ModernHopfield	3005	1.000000	1.000000	0.000000	0.612549	0.000000	0.000000	0.000000	65033.00
128	9	192	64	32	0.15	Candidate_LatentCP3_SVD	3006	0.000000	0.309001	0.000000	0.322754	0.349985	72.111346	0.623855	717326.00
128	9	192	64	32	0.15	Candidate_LatentCP3_TP	3006	0.000000	0.360026	0.000000	0.323975	0.693763	79.761729	0.822759	1378072.00
128	9	192	64	32	0.15	B0_Pairwise_LowRank	3006	0.000000	0.546387	0.000000	0.423828	0.000000	0.000000	0.000000	291139.00
128	9	192	64	32	0.15	B1_LinearSVD	3006	0.000000	0.817139	0.000000	0.736084	0.000000	0.000000	0.000000	93236.00
128	9	192	64	32	0.15	B2_1NN_Oracle	3006	1.000000	1.000000	0.000000	0.598877	0.000000	0.000000	0.000000	2049.00
128	9	192	64	32	0.15	B3_ModernHopfield	3006	1.000000	1.000000	0.000000	0.600098	0.000000	0.000000	0.000000	58005.00
128	9	192	64	32	0.15	Candidate_LatentCP3_SVD	3007	0.000000	0.325928	0.000000	0.338623	0.358465	69.749866	0.617408	1246607.00
128	9	192	64	32	0.15	Candidate_LatentCP3_TP	3007	0.000000	0.424072	0.000000	0.321777	0.683304	79.877009	0.825415	755683.00
128	9	192	64	32	0.15	B0_Pairwise_LowRank	3007	0.000000	0.571208	0.000000	0.436035	0.000000	0.000000	0.000000	276249.00
128	9	192	64	32	0.15	B1_LinearSVD	3007	0.000000	0.807454	0.000000	0.733154	0.000000	0.000000	0.000000	121366.00
128	9	192	64	32	0.15	B2_1NN_Oracle	3007	1.000000	1.000000	0.000000	0.606689	0.000000	0.000000	0.000000	19881.00
128	9	192	64	32	0.15	B3_ModernHopfield	3007	1.000000	1.000000	0.000000	0.611572	0.000000	0.000000	0.000000	88657.00
128	9	192	64	32	0.15	Candidate_LatentCP3_SVD	3008	0.000000	0.387533	0.000000	0.379883	0.353373	71.144679	0.626762	1151638.00
128	9	192	64	32	0.15	Candidate_LatentCP3_TP	3008	0.000000	0.435710	0.000000	0.353027	0.689896	75.896245	0.814542	1477677.00
128	9	192	64	32	0.15	B0_Pairwise_LowRank	3008	0.000000	0.539876	0.000000	0.489746	0.000000	0.000000	0.000000	298018.00
128	9	192	64	32	0.15	B1_LinearSVD	3008	0.000000	0.806722	0.000000	0.742676	0.000000	0.000000	0.000000	99581.00
128	9	192	64	32	0.15	B2_1NN_Oracle	3008	1.000000	1.000000	0.000000	0.601562	0.000000	0.000000	0.000000	1604.00
128	9	192	64	32	0.15	B3_ModernHopfield	3008	1.000000	1.000000	0.000000	0.600830	0.000000	0.000000	0.000000	68426.00
128	9	192	64	32	0.15	Candidate_LatentCP3_SVD	3009	0.000000	0.342773	0.000000	0.340576	0.349726	70.032647	0.622947	545034.00
128	9	192	64	32	0.15	Candidate_LatentCP3_TP	3009	0.000000	0.441650	0.000000	0.339111	0.621894	96.270272	0.853669	1241228.00
128	9	192	64	32	0.15	B0_Pairwise_LowRank	3009	0.000000	0.572591	0.000000	0.505615	0.000000	0.000000	0.000000	139471.00
128	9	192	64	32	0.15	B1_LinearSVD	3009	0.000000	0.824300	0.000000	0.726318	0.000000	0.000000	0.000000	54672.00
128	9	192	64	32	0.15	B2_1NN_Oracle	3009	1.000000	1.000000	0.000000	0.615967	0.000000	0.000000	0.000000	6433.00
128	9	192	64	32	0.15	B3_ModernHopfield	3009	1.000000	1.000000	0.000000	0.619873	0.000000	0.000000	0.000000	71919.00
128	9	192	64	32	0.15	Candidate_LatentCP3_SVD	3010	0.000000	0.345052	0.000000	0.358643	0.348897	70.788948	0.621329	882106.00
128	9	192	64	32	0.15	Candidate_LatentCP3_TP	3010	0.000000	0.448324	0.000000	0.351318	0.680874	80.980312	0.825779	1544927.00
128	9	192	64	32	0.15	B0_Pairwise_LowRank	3010	0.000000	0.534912	0.000000	0.420898	0.000000	0.000000	0.000000	274209.00
128	9	192	64	32	0.15	B1_LinearSVD	3010	0.000000	0.820638	0.000000	0.723633	0.000000	0.000000	0.000000	97825.00
128	9	192	64	32	0.15	B2_1NN_Oracle	3010	1.000000	1.000000	0.000000	0.611328	0.000000	0.000000	0.000000	2605.00
128	9	192	64	32	0.15	B3_ModernHopfield	3010	1.000000	1.000000	0.000000	0.613281	0.000000	0.000000	0.000000	35775.00
128	9	192	64	32	0.15	Candidate_LatentCP3_SVD	3011	0.000000	0.298991	0.000000	0.302490	0.346327	71.462356	0.622093	702562.00
128	9	192	64	32	0.15	Candidate_LatentCP3_TP	3011	0.000000	0.400553	0.000000	0.308838	0.654009	85.402988	0.834545	1320231.00
128	9	192	64	32	0.15	B0_Pairwise_LowRank	3011	0.000000	0.591309	0.000000	0.467041	0.000000	0.000000	0.000000	247393.00
128	9	192	64	32	0.15	B1_LinearSVD	3011	0.000000	0.822103	0.000000	0.734863	0.000000	0.000000	0.000000	68535.00
128	9	192	64	32	0.15	B2_1NN_Oracle	3011	1.000000	1.000000	0.000000	0.600098	0.000000	0.000000	0.000000	3865.00
128	9	192	64	32	0.15	B3_ModernHopfield	3011	1.000000	1.000000	0.000000	0.603516	0.000000	0.000000	0.000000	71549.00
128	9	192	64	32	0.15	Candidate_LatentCP3_SVD	3012	0.000000	0.352702	0.000000	0.364258	0.347027	71.642929	0.619597	1086431.00
128	9	192	64	32	0.15	Candidate_LatentCP3_TP	3012	0.000000	0.437581	0.000000	0.314697	0.667176	82.591393	0.830484	1606297.00
128	9	192	64	32	0.15	B0_Pairwise_LowRank	3012	0.000000	0.561035	0.000000	0.464111	0.000000	0.000000	0.000000	246649.00
128	9	192	64	32	0.15	B1_LinearSVD	3012	0.000000	0.823079	0.000000	0.727783	0.000000	0.000000	0.000000	99223.00
128	9	192	64	32	0.15	B2_1NN_Oracle	3012	1.000000	1.000000	0.000000	0.603271	0.000000	0.000000	0.000000	10925.00
128	9	192	64	32	0.15	B3_ModernHopfield	3012	1.000000	1.000000	0.000000	0.613770	0.000000	0.000000	0.000000	76944.00
128	9	192	64	32	0.15	Candidate_LatentCP3_SVD	3013	0.000000	0.338949	0.000000	0.333984	0.348056	70.389808	0.616004	979378.00
128	9	192	64	32	0.15	Candidate_LatentCP3_TP	3013	0.000000	0.349121	0.000000	0.274414	0.663739	85.578498	0.835438	1491983.00
128	9	192	64	32	0.15	B0_Pairwise_LowRank	3013	0.000000	0.528809	0.000000	0.427979	0.000000	0.000000	0.000000	324739.00
128	9	192	64	32	0.15	B1_LinearSVD	3013	0.000000	0.811768	0.000000	0.729492	0.000000	0.000000	0.000000	126633.00
128	9	192	64	32	0.15	B2_1NN_Oracle	3013	1.000000	1.000000	0.000000	0.620850	0.000000	0.000000	0.000000	1863.00
128	9	192	64	32	0.15	B3_ModernHopfield	3013	1.000000	1.000000	0.000000	0.621582	0.000000	0.000000	0.000000	125279.00
128	9	192	64	32	0.15	Candidate_LatentCP3_SVD	3014	0.000000	0.390137	0.000000	0.331299	0.362559	69.265021	0.614836	990609.00
128	9	192	64	32	0.15	Candidate_LatentCP3_TP	3014	0.000000	0.403158	0.000000	0.345947	0.644098	88.450100	0.842854	1582814.00
128	9	192	64	32	0.15	B0_Pairwise_LowRank	3014	0.000000	0.544515	0.000000	0.452637	0.000000	0.000000	0.000000	239408.00
128	9	192	64	32	0.15	B1_LinearSVD	3014	0.000000	0.816813	0.000000	0.725830	0.000000	0.000000	0.000000	83489.00
128	9	192	64	32	0.15	B2_1NN_Oracle	3014	1.000000	1.000000	0.000000	0.587402	0.000000	0.000000	0.000000	4187.00
128	9	192	64	32	0.15	B3_ModernHopfield	3014	1.000000	1.000000	0.000000	0.588867	0.000000	0.000000	0.000000	80308.00
128	9	192	64	32	0.15	Candidate_LatentCP3_SVD	3015	0.000000	0.391520	0.000000	0.375244	0.363486	69.759417	0.613303	1221318.00
128	9	192	64	32	0.15	Candidate_LatentCP3_TP	3015	0.000000	0.499512	0.000000	0.414062	0.690042	83.387858	0.826874	882622.00
128	9	192	64	32	0.15	B0_Pairwise_LowRank	3015	0.000000	0.547119	0.000000	0.451904	0.000000	0.000000	0.000000	161465.00
128	9	192	64	32	0.15	B1_LinearSVD	3015	0.000000	0.816976	0.000000	0.739502	0.000000	0.000000	0.000000	47100.00
128	9	192	64	32	0.15	B2_1NN_Oracle	3015	1.000000	1.000000	0.000000	0.621094	0.000000	0.000000	0.000000	2491.00
128	9	192	64	32	0.15	B3_ModernHopfield	3015	1.000000	1.000000	0.000000	0.622803	0.000000	0.000000	0.000000	28803.00
128	9	192	64	32	0.15	Candidate_LatentCP3_SVD	3016	0.000000	0.322184	0.000000	0.307861	0.350094	70.421033	0.615462	1324648.00
128	9	192	64	32	0.15	Candidate_LatentCP3_TP	3016	0.000000	0.422607	0.000000	0.360840	0.659481	84.905370	0.832974	1424230.00
128	9	192	64	32	0.15	B0_Pairwise_LowRank	3016	0.000000	0.548665	0.000000	0.465576	0.000000	0.000000	0.000000	259841.00
128	9	192	64	32	0.15	B1_LinearSVD	3016	0.000000	0.809733	0.000000	0.731445	0.000000	0.000000	0.000000	64982.00
128	9	192	64	32	0.15	B2_1NN_Oracle	3016	1.000000	1.000000	0.000000	0.609619	0.000000	0.000000	0.000000	3714.00
128	9	192	64	32	0.15	B3_ModernHopfield	3016	1.000000	1.000000	0.000000	0.619385	0.000000	0.000000	0.000000	42014.00
128	9	192	64	32	0.15	Candidate_LatentCP3_SVD	3017	0.000000	0.297689	0.000000	0.310059	0.357402	68.470581	0.621726	650486.00
128	9	192	64	32	0.15	Candidate_LatentCP3_TP	3017	0.000000	0.438721	0.000000	0.385010	0.659531	87.173809	0.839046	1334774.00
128	9	192	64	32	0.15	B0_Pairwise_LowRank	3017	0.000000	0.559163	0.000000	0.453857	0.000000	0.000000	0.000000	235606.00
128	9	192	64	32	0.15	B1_LinearSVD	3017	0.000000	0.808187	0.000000	0.731934	0.000000	0.000000	0.000000	96344.00
128	9	192	64	32	0.15	B2_1NN_Oracle	3017	1.000000	1.000000	0.000000	0.620117	0.000000	0.000000	0.000000	18463.00
128	9	192	64	32	0.15	B3_ModernHopfield	3017	1.000000	1.000000	0.000000	0.619873	0.000000	0.000000	0.000000	78787.00
128	9	192	64	32	0.15	Candidate_LatentCP3_SVD	3018	0.000000	0.307943	0.000000	0.276611	0.364646	70.427017	0.614241	1126311.00
128	9	192	64	32	0.15	Candidate_LatentCP3_TP	3018	0.000000	0.438721	0.000000	0.319336	0.695710	77.614735	0.815778	596940.00
128	9	192	64	32	0.15	B0_Pairwise_LowRank	3018	0.000000	0.564616	0.000000	0.439453	0.000000	0.000000	0.000000	145117.00
128	9	192	64	32	0.15	B1_LinearSVD	3018	0.000000	0.812012	0.000000	0.730225	0.000000	0.000000	0.000000	45567.00
128	9	192	64	32	0.15	B2_1NN_Oracle	3018	0.994792	0.997884	0.000000	0.600342	0.000000	0.000000	0.000000	2270.00
128	9	192	64	32	0.15	B3_ModernHopfield	3018	1.000000	1.000000	0.000000	0.598633	0.000000	0.000000	0.000000	33750.00
128	9	192	64	32	0.15	Candidate_LatentCP3_SVD	3019	0.000000	0.281006	0.000000	0.292969	0.360091	69.495310	0.620352	623489.00
128	9	192	64	32	0.15	Candidate_LatentCP3_TP	3019	0.000000	0.427897	0.000000	0.341064	0.655793	85.938662	0.837842	1457144.00
128	9	192	64	32	0.15	B0_Pairwise_LowRank	3019	0.000000	0.551676	0.000000	0.464111	0.000000	0.000000	0.000000	344086.00
128	9	192	64	32	0.15	B1_LinearSVD	3019	0.000000	0.814372	0.000000	0.728271	0.000000	0.000000	0.000000	43522.00
128	9	192	64	32	0.15	B2_1NN_Oracle	3019	1.000000	1.000000	0.000000	0.591797	0.000000	0.000000	0.000000	1614.00
128	9	192	64	32	0.15	B3_ModernHopfield	3019	1.000000	1.000000	0.000000	0.597900	0.000000	0.000000	0.000000	94762.00
128	9	192	64	32	0.15	Candidate_LatentCP3_SVD	3020	0.000000	0.340658	0.000000	0.265869	0.342665	72.326485	0.621269	1142165.00
128	9	192	64	32	0.15	Candidate_LatentCP3_TP	3020	0.000000	0.399495	0.000000	0.313232	0.655934	87.400501	0.843197	1350012.00
128	9	192	64	32	0.15	B0_Pairwise_LowRank	3020	0.000000	0.579264	0.000000	0.458008	0.000000	0.000000	0.000000	324303.00
128	9	192	64	32	0.15	B1_LinearSVD	3020	0.000000	0.822266	0.000000	0.732178	0.000000	0.000000	0.000000	45373.00
128	9	192	64	32	0.15	B2_1NN_Oracle	3020	1.000000	1.000000	0.000000	0.614258	0.000000	0.000000	0.000000	2269.00
128	9	192	64	32	0.15	B3_ModernHopfield	3020	1.000000	1.000000	0.000000	0.621094	0.000000	0.000000	0.000000	91617.00
128	9	192	64	32	0.30	Candidate_LatentCP3_SVD	3001	0.000000	0.228597	0.000000	0.215820	0.365150	69.847653	0.618308	950070.00
128	9	192	64	32	0.30	Candidate_LatentCP3_TP	3001	0.000000	0.372640	0.000000	0.254883	0.646856	89.130990	0.843285	1417523.00
128	9	192	64	32	0.30	B0_Pairwise_LowRank	3001	0.000000	0.441406	0.000000	0.352295	0.000000	0.000000	0.000000	179489.00
128	9	192	64	32	0.30	B1_LinearSVD	3001	0.000000	0.528076	0.000000	0.444580	0.000000	0.000000	0.000000	85016.00
128	9	192	64	32	0.30	B2_1NN_Oracle	3001	0.906250	0.940674	0.000000	0.497314	0.000000	0.000000	0.000000	5402.00
128	9	192	64	32	0.30	B3_ModernHopfield	3001	0.890625	0.931722	0.000000	0.496582	0.000000	0.000000	0.000000	66350.00
128	9	192	64	32	0.30	Candidate_LatentCP3_SVD	3002	0.000000	0.293132	0.000000	0.263672	0.362284	69.744866	0.613733	941411.00
128	9	192	64	32	0.30	Candidate_LatentCP3_TP	3002	0.000000	0.369222	0.000000	0.236816	0.633433	90.828312	0.845730	1291782.00
128	9	192	64	32	0.30	B0_Pairwise_LowRank	3002	0.000000	0.431315	0.000000	0.343994	0.000000	0.000000	0.000000	355347.00
128	9	192	64	32	0.30	B1_LinearSVD	3002	0.000000	0.512451	0.000000	0.465332	0.000000	0.000000	0.000000	88412.00
128	9	192	64	32	0.30	B2_1NN_Oracle	3002	0.864583	0.929932	0.000000	0.493408	0.000000	0.000000	0.000000	6423.00
128	9	192	64	32	0.30	B3_ModernHopfield	3002	0.854167	0.926270	0.000000	0.500488	0.000000	0.000000	0.000000	71597.00
128	9	192	64	32	0.30	Candidate_LatentCP3_SVD	3003	0.000000	0.283773	0.000000	0.282959	0.349883	70.651999	0.621445	1019626.00
128	9	192	64	32	0.30	Candidate_LatentCP3_TP	3003	0.000000	0.373210	0.000000	0.299072	0.677062	86.059619	0.834268	1661448.00
128	9	192	64	32	0.30	B0_Pairwise_LowRank	3003	0.000000	0.489258	0.000000	0.380859	0.000000	0.000000	0.000000	303577.00
128	9	192	64	32	0.30	B1_LinearSVD	3003	0.000000	0.528239	0.000000	0.478271	0.000000	0.000000	0.000000	131664.00
128	9	192	64	32	0.30	B2_1NN_Oracle	3003	0.890625	0.940023	0.000000	0.489014	0.000000	0.000000	0.000000	8169.00
128	9	192	64	32	0.30	B3_ModernHopfield	3003	0.895833	0.944092	0.000000	0.493164	0.000000	0.000000	0.000000	75854.00
128	9	192	64	32	0.30	Candidate_LatentCP3_SVD	3004	0.000000	0.290771	0.000000	0.278809	0.362761	69.259798	0.608033	924789.00
128	9	192	64	32	0.30	Candidate_LatentCP3_TP	3004	0.000000	0.349528	0.000000	0.250244	0.678913	86.344969	0.842730	1493013.00
128	9	192	64	32	0.30	B0_Pairwise_LowRank	3004	0.000000	0.433675	0.000000	0.295410	0.000000	0.000000	0.000000	332128.00
128	9	192	64	32	0.30	B1_LinearSVD	3004	0.000000	0.535400	0.000000	0.464844	0.000000	0.000000	0.000000	105408.00
128	9	192	64	32	0.30	B2_1NN_Oracle	3004	0.880208	0.930094	0.000000	0.512695	0.000000	0.000000	0.000000	7047.00
128	9	192	64	32	0.30	B3_ModernHopfield	3004	0.880208	0.937174	0.000000	0.521240	0.000000	0.000000	0.000000	61440.00
128	9	192	64	32	0.30	Candidate_LatentCP3_SVD	3005	0.000000	0.263997	0.000000	0.235107	0.350023	71.222802	0.620890	1066368.00
128	9	192	64	32	0.30	Candidate_LatentCP3_TP	3005	0.000000	0.391602	0.000000	0.291504	0.675350	81.527165	0.825083	1498803.00
128	9	192	64	32	0.30	B0_Pairwise_LowRank	3005	0.000000	0.405762	0.000000	0.316895	0.000000	0.000000	0.000000	312986.00
128	9	192	64	32	0.30	B1_LinearSVD	3005	0.000000	0.512939	0.000000	0.478027	0.000000	0.000000	0.000000	115298.00
128	9	192	64	32	0.30	B2_1NN_Oracle	3005	0.885417	0.935465	0.000000	0.503662	0.000000	0.000000	0.000000	2873.00
128	9	192	64	32	0.30	B3_ModernHopfield	3005	0.869792	0.930990	0.000000	0.504150	0.000000	0.000000	0.000000	95136.00
128	9	192	64	32	0.30	Candidate_LatentCP3_SVD	3006	0.000000	0.262044	0.000000	0.283936	0.349985	72.111346	0.623855	1036438.00
128	9	192	64	32	0.30	Candidate_LatentCP3_TP	3006	0.000000	0.340413	0.000000	0.291016	0.693763	79.761729	0.822759	1559209.00
128	9	192	64	32	0.30	B0_Pairwise_LowRank	3006	0.000000	0.428385	0.000000	0.352295	0.000000	0.000000	0.000000	296200.00
128	9	192	64	32	0.30	B1_LinearSVD	3006	0.000000	0.533122	0.000000	0.471191	0.000000	0.000000	0.000000	94551.00
128	9	192	64	32	0.30	B2_1NN_Oracle	3006	0.901042	0.944092	0.000000	0.523193	0.000000	0.000000	0.000000	11000.00
128	9	192	64	32	0.30	B3_ModernHopfield	3006	0.885417	0.937826	0.000000	0.510010	0.000000	0.000000	0.000000	54432.00
128	9	192	64	32	0.30	Candidate_LatentCP3_SVD	3007	0.000000	0.295247	0.000000	0.271973	0.358465	69.749866	0.617408	1378891.00
128	9	192	64	32	0.30	Candidate_LatentCP3_TP	3007	0.000000	0.370850	0.000000	0.285156	0.683304	79.877009	0.825415	1457736.00
128	9	192	64	32	0.30	B0_Pairwise_LowRank	3007	0.000000	0.463623	0.000000	0.353760	0.000000	0.000000	0.000000	225390.00
128	9	192	64	32	0.30	B1_LinearSVD	3007	0.000000	0.525553	0.000000	0.465820	0.000000	0.000000	0.000000	125425.00
128	9	192	64	32	0.30	B2_1NN_Oracle	3007	0.854167	0.917969	0.000000	0.506836	0.000000	0.000000	0.000000	2319.00
128	9	192	64	32	0.30	B3_ModernHopfield	3007	0.864583	0.930013	0.000000	0.522705	0.000000	0.000000	0.000000	76461.00
128	9	192	64	32	0.30	Candidate_LatentCP3_SVD	3008	0.000000	0.336833	0.000000	0.334473	0.353373	71.144679	0.626762	661518.00
128	9	192	64	32	0.30	Candidate_LatentCP3_TP	3008	0.000000	0.369141	0.000000	0.316895	0.689896	75.896245	0.814542	590262.00
128	9	192	64	32	0.30	B0_Pairwise_LowRank	3008	0.000000	0.448486	0.000000	0.358154	0.000000	0.000000	0.000000	342109.00
128	9	192	64	32	0.30	B1_LinearSVD	3008	0.000000	0.505534	0.000000	0.472656	0.000000	0.000000	0.000000	140822.00
128	9	192	64	32	0.30	B2_1NN_Oracle	3008	0.838542	0.909098	0.000000	0.508545	0.000000	0.000000	0.000000	2560.00
128	9	192	64	32	0.30	B3_ModernHopfield	3008	0.828125	0.905355	0.000000	0.512695	0.000000	0.000000	0.000000	43181.00
128	9	192	64	32	0.30	Candidate_LatentCP3_SVD	3009	0.000000	0.277344	0.000000	0.284668	0.349726	70.032647	0.622947	983032.00
128	9	192	64	32	0.30	Candidate_LatentCP3_TP	3009	0.000000	0.395915	0.000000	0.299805	0.621894	96.270272	0.853669	948027.00
128	9	192	64	32	0.30	B0_Pairwise_LowRank	3009	0.000000	0.451090	0.000000	0.382568	0.000000	0.000000	0.000000	175607.00
128	9	192	64	32	0.30	B1_LinearSVD	3009	0.000000	0.531331	0.000000	0.443359	0.000000	0.000000	0.000000	38476.00
128	9	192	64	32	0.30	B2_1NN_Oracle	3009	0.890625	0.947184	0.000000	0.486328	0.000000	0.000000	0.000000	1538.00
128	9	192	64	32	0.30	B3_ModernHopfield	3009	0.875000	0.938721	0.000000	0.503662	0.000000	0.000000	0.000000	45642.00
128	9	192	64	32	0.30	Candidate_LatentCP3_SVD	3010	0.000000	0.298177	0.000000	0.305908	0.348897	70.788948	0.621329	1066235.00
128	9	192	64	32	0.30	Candidate_LatentCP3_TP	3010	0.000000	0.402913	0.000000	0.280518	0.680874	80.980312	0.825779	1442622.00
128	9	192	64	32	0.30	B0_Pairwise_LowRank	3010	0.000000	0.431396	0.000000	0.313232	0.000000	0.000000	0.000000	95200.00
128	9	192	64	32	0.30	B1_LinearSVD	3010	0.000000	0.522624	0.000000	0.451172	0.000000	0.000000	0.000000	28758.00
128	9	192	64	32	0.30	B2_1NN_Oracle	3010	0.843750	0.911377	0.000000	0.488770	0.000000	0.000000	0.000000	2200.00
128	9	192	64	32	0.30	B3_ModernHopfield	3010	0.854167	0.916585	0.000000	0.482666	0.000000	0.000000	0.000000	48002.00
128	9	192	64	32	0.30	Candidate_LatentCP3_SVD	3011	0.000000	0.261882	0.000000	0.270752	0.346327	71.462356	0.622093	954060.00
128	9	192	64	32	0.30	Candidate_LatentCP3_TP	3011	0.000000	0.344889	0.000000	0.262207	0.654009	85.402988	0.834545	941624.00
128	9	192	64	32	0.30	B0_Pairwise_LowRank	3011	0.000000	0.451253	0.000000	0.385498	0.000000	0.000000	0.000000	114184.00
128	9	192	64	32	0.30	B1_LinearSVD	3011	0.000000	0.520671	0.000000	0.470947	0.000000	0.000000	0.000000	40812.00
128	9	192	64	32	0.30	B2_1NN_Oracle	3011	0.869792	0.931234	0.000000	0.503906	0.000000	0.000000	0.000000	5920.00
128	9	192	64	32	0.30	B3_ModernHopfield	3011	0.864583	0.932454	0.000000	0.504150	0.000000	0.000000	0.000000	34518.00
128	9	192	64	32	0.30	Candidate_LatentCP3_SVD	3012	0.000000	0.300781	0.000000	0.314941	0.347027	71.642929	0.619597	784120.00
128	9	192	64	32	0.30	Candidate_LatentCP3_TP	3012	0.000000	0.385986	0.000000	0.268799	0.667176	82.591393	0.830484	1073931.00
128	9	192	64	32	0.30	B0_Pairwise_LowRank	3012	0.000000	0.440755	0.000000	0.333984	0.000000	0.000000	0.000000	296655.00
128	9	192	64	32	0.30	B1_LinearSVD	3012	0.000000	0.529297	0.000000	0.479736	0.000000	0.000000	0.000000	73678.00
128	9	192	64	32	0.30	B2_1NN_Oracle	3012	0.864583	0.930827	0.000000	0.494141	0.000000	0.000000	0.000000	3794.00
128	9	192	64	32	0.30	B3_ModernHopfield	3012	0.854167	0.930664	0.000000	0.501709	0.000000	0.000000	0.000000	51151.00
128	9	192	64	32	0.30	Candidate_LatentCP3_SVD	3013	0.000000	0.275472	0.000000	0.280029	0.348056	70.389808	0.616004	583235.00
128	9	192	64	32	0.30	Candidate_LatentCP3_TP	3013	0.000000	0.321045	0.000000	0.248291	0.663739	85.578498	0.835438	1090328.00
128	9	192	64	32	0.30	B0_Pairwise_LowRank	3013	0.000000	0.393636	0.000000	0.296143	0.000000	0.000000	0.000000	295094.00
128	9	192	64	32	0.30	B1_LinearSVD	3013	0.000000	0.498047	0.000000	0.465332	0.000000	0.000000	0.000000	63020.00
128	9	192	64	32	0.30	B2_1NN_Oracle	3013	0.880208	0.933187	0.000000	0.510742	0.000000	0.000000	0.000000	5461.00
128	9	192	64	32	0.30	B3_ModernHopfield	3013	0.859375	0.920329	0.000000	0.511475	0.000000	0.000000	0.000000	136379.00
128	9	192	64	32	0.30	Candidate_LatentCP3_SVD	3014	0.000000	0.343018	0.000000	0.286865	0.362559	69.265021	0.614836	1071981.00
128	9	192	64	32	0.30	Candidate_LatentCP3_TP	3014	0.000000	0.353353	0.000000	0.285156	0.644098	88.450100	0.842854	607006.00
128	9	192	64	32	0.30	B0_Pairwise_LowRank	3014	0.000000	0.444661	0.000000	0.299805	0.000000	0.000000	0.000000	214333.00
128	9	192	64	32	0.30	B1_LinearSVD	3014	0.000000	0.527913	0.000000	0.435791	0.000000	0.000000	0.000000	95636.00
128	9	192	64	32	0.30	B2_1NN_Oracle	3014	0.885417	0.938965	0.000000	0.479736	0.000000	0.000000	0.000000	3594.00
128	9	192	64	32	0.30	B3_ModernHopfield	3014	0.890625	0.942057	0.000000	0.487305	0.000000	0.000000	0.000000	112412.00
128	9	192	64	32	0.30	Candidate_LatentCP3_SVD	3015	0.000000	0.333008	0.000000	0.309570	0.363486	69.759417	0.613303	1130366.00
128	9	192	64	32	0.30	Candidate_LatentCP3_TP	3015	0.000000	0.435628	0.000000	0.321045	0.690042	83.387858	0.826874	949737.00
128	9	192	64	32	0.30	B0_Pairwise_LowRank	3015	0.000000	0.425049	0.000000	0.342041	0.000000	0.000000	0.000000	253816.00
128	9	192	64	32	0.30	B1_LinearSVD	3015	0.000000	0.528320	0.000000	0.470703	0.000000	0.000000	0.000000	81251.00
128	9	192	64	32	0.30	B2_1NN_Oracle	3015	0.848958	0.920898	0.000000	0.514648	0.000000	0.000000	0.000000	11235.00
128	9	192	64	32	0.30	B3_ModernHopfield	3015	0.838542	0.915853	0.000000	0.518799	0.000000	0.000000	0.000000	71608.00
128	9	192	64	32	0.30	Candidate_LatentCP3_SVD	3016	0.000000	0.271403	0.000000	0.264160	0.350094	70.421033	0.615462	949949.00
128	9	192	64	32	0.30	Candidate_LatentCP3_TP	3016	0.000000	0.368083	0.000000	0.309082	0.659481	84.905370	0.832974	1831545.00
128	9	192	64	32	0.30	B0_Pairwise_LowRank	3016	0.000000	0.439128	0.000000	0.372070	0.000000	0.000000	0.000000	283120.00
128	9	192	64	32	0.30	B1_LinearSVD	3016	0.000000	0.514974	0.000000	0.463623	0.000000	0.000000	0.000000	60279.00
128	9	192	64	32	0.30	B2_1NN_Oracle	3016	0.838542	0.909017	0.000000	0.484131	0.000000	0.000000	0.000000	5641.00
128	9	192	64	32	0.30	B3_ModernHopfield	3016	0.828125	0.903239	0.000000	0.498535	0.000000	0.000000	0.000000	103616.00
128	9	192	64	32	0.30	Candidate_LatentCP3_SVD	3017	0.000000	0.245605	0.000000	0.221680	0.357402	68.470581	0.621726	1161030.00
128	9	192	64	32	0.30	Candidate_LatentCP3_TP	3017	0.000000	0.373617	0.000000	0.296387	0.659531	87.173809	0.839046	1488823.00
128	9	192	64	32	0.30	B0_Pairwise_LowRank	3017	0.000000	0.427572	0.000000	0.345703	0.000000	0.000000	0.000000	286443.00
128	9	192	64	32	0.30	B1_LinearSVD	3017	0.000000	0.521891	0.000000	0.445312	0.000000	0.000000	0.000000	124804.00
128	9	192	64	32	0.30	B2_1NN_Oracle	3017	0.833333	0.914225	0.000000	0.491211	0.000000	0.000000	0.000000	2782.00
128	9	192	64	32	0.30	B3_ModernHopfield	3017	0.812500	0.904704	0.000000	0.501221	0.000000	0.000000	0.000000	131006.00
128	9	192	64	32	0.30	Candidate_LatentCP3_SVD	3018	0.000000	0.265381	0.000000	0.229736	0.364646	70.427017	0.614241	957055.00
128	9	192	64	32	0.30	Candidate_LatentCP3_TP	3018	0.000000	0.381755	0.000000	0.261230	0.695710	77.614735	0.815778	1447173.00
128	9	192	64	32	0.30	B0_Pairwise_LowRank	3018	0.000000	0.430013	0.000000	0.351318	0.000000	0.000000	0.000000	143650.00
128	9	192	64	32	0.30	B1_LinearSVD	3018	0.000000	0.526042	0.000000	0.479980	0.000000	0.000000	0.000000	41721.00
128	9	192	64	32	0.30	B2_1NN_Oracle	3018	0.869792	0.925537	0.000000	0.493652	0.000000	0.000000	0.000000	8957.00
128	9	192	64	32	0.30	B3_ModernHopfield	3018	0.848958	0.918132	0.000000	0.503174	0.000000	0.000000	0.000000	37144.00
128	9	192	64	32	0.30	Candidate_LatentCP3_SVD	3019	0.000000	0.220540	0.000000	0.250732	0.360091	69.495310	0.620352	1064168.00
128	9	192	64	32	0.30	Candidate_LatentCP3_TP	3019	0.000000	0.375570	0.000000	0.281494	0.655793	85.938662	0.837842	885826.00
128	9	192	64	32	0.30	B0_Pairwise_LowRank	3019	0.000000	0.434896	0.000000	0.349365	0.000000	0.000000	0.000000	114240.00
128	9	192	64	32	0.30	B1_LinearSVD	3019	0.000000	0.515218	0.000000	0.436523	0.000000	0.000000	0.000000	42947.00
128	9	192	64	32	0.30	B2_1NN_Oracle	3019	0.875000	0.931559	0.000000	0.484131	0.000000	0.000000	0.000000	2343.00
128	9	192	64	32	0.30	B3_ModernHopfield	3019	0.880208	0.931152	0.000000	0.479004	0.000000	0.000000	0.000000	37270.00
128	9	192	64	32	0.30	Candidate_LatentCP3_SVD	3020	0.000000	0.281087	0.000000	0.215820	0.342665	72.326485	0.621269	648959.00
128	9	192	64	32	0.30	Candidate_LatentCP3_TP	3020	0.000000	0.363200	0.000000	0.287598	0.655934	87.400501	0.843197	951827.00
128	9	192	64	32	0.30	B0_Pairwise_LowRank	3020	0.000000	0.442708	0.000000	0.339355	0.000000	0.000000	0.000000	108296.00
128	9	192	64	32	0.30	B1_LinearSVD	3020	0.000000	0.523519	0.000000	0.454102	0.000000	0.000000	0.000000	49559.00
128	9	192	64	32	0.30	B2_1NN_Oracle	3020	0.875000	0.932373	0.000000	0.504639	0.000000	0.000000	0.000000	2253.00
128	9	192	64	32	0.30	B3_ModernHopfield	3020	0.869792	0.932210	0.000000	0.514404	0.000000	0.000000	0.000000	30207.00
