split	cycle_k	model	noise	steps	seed	instance_id	exact_solve	mean_node_acc	limit_cycle	wall_time_us
IID_Short	3	LearnedDualEnergy	0.10	1	0	0	0.0000	0.9167	0.0000	63.52
IID_Short	3	RecurrentAttention	0.10	1	0	0	0.0000	0.9167	0.0000	9.83
IID_Short	3	GNN_MessagePassing	0.10	1	0	0	0.0000	0.4167	0.0000	7.79
IID_Short	3	LearnedDualEnergy	0.10	1	1	1	0.0000	0.8958	0.0000	27.46
IID_Short	3	RecurrentAttention	0.10	1	1	1	0.0000	0.8958	0.0000	6.15
IID_Short	3	GNN_MessagePassing	0.10	1	1	1	0.0000	0.4792	0.0000	6.23
IID_Short	3	LearnedDualEnergy	0.10	1	2	2	0.0000	0.9375	0.0000	23.17
IID_Short	3	RecurrentAttention	0.10	1	2	2	0.0000	0.9375	0.0000	6.14
IID_Short	3	GNN_MessagePassing	0.10	1	2	2	0.0000	0.5417	0.0000	5.91
IID_Short	3	LearnedDualEnergy	0.10	1	3	3	0.0000	0.8958	0.0000	23.96
IID_Short	3	RecurrentAttention	0.10	1	3	3	0.0000	0.8958	0.0000	6.35
IID_Short	3	GNN_MessagePassing	0.10	1	3	3	0.0000	0.4375	0.0000	7.30
IID_Short	3	LearnedDualEnergy	0.10	1	4	4	0.0000	0.9375	0.0000	24.02
IID_Short	3	RecurrentAttention	0.10	1	4	4	0.0000	0.9375	0.0000	5.97
IID_Short	3	GNN_MessagePassing	0.10	1	4	4	0.0000	0.3958	0.0000	6.33
IID_Short	3	LearnedDualEnergy	0.10	1	5	5	0.0000	0.8750	0.0000	23.47
IID_Short	3	RecurrentAttention	0.10	1	5	5	0.0000	0.8750	0.0000	5.41
IID_Short	3	GNN_MessagePassing	0.10	1	5	5	0.0000	0.5208	0.0000	5.88
IID_Short	3	LearnedDualEnergy	0.10	1	6	6	0.0000	0.8542	0.0000	23.93
IID_Short	3	RecurrentAttention	0.10	1	6	6	0.0000	0.8542	0.0000	5.75
IID_Short	3	GNN_MessagePassing	0.10	1	6	6	0.0000	0.4792	0.0000	5.87
IID_Short	3	LearnedDualEnergy	0.10	1	7	7	0.0000	0.8958	0.0000	22.86
IID_Short	3	RecurrentAttention	0.10	1	7	7	0.0000	0.8750	0.0000	5.69
IID_Short	3	GNN_MessagePassing	0.10	1	7	7	0.0000	0.5208	0.0000	5.84
IID_Short	3	LearnedDualEnergy	0.10	1	8	8	0.0000	0.9375	0.0000	23.65
IID_Short	3	RecurrentAttention	0.10	1	8	8	0.0000	0.9375	0.0000	5.73
IID_Short	3	GNN_MessagePassing	0.10	1	8	8	0.0000	0.4583	0.0000	5.75
IID_Short	3	LearnedDualEnergy	0.10	1	9	9	0.0000	0.9792	0.0000	24.49
IID_Short	3	RecurrentAttention	0.10	1	9	9	0.0000	0.9375	0.0000	5.76
IID_Short	3	GNN_MessagePassing	0.10	1	9	9	0.0000	0.4583	0.0000	6.31
IID_Short	3	LearnedDualEnergy	0.10	1	10	10	0.0000	0.9375	0.0000	32.23
IID_Short	3	RecurrentAttention	0.10	1	10	10	0.0000	0.9167	0.0000	8.29
IID_Short	3	GNN_MessagePassing	0.10	1	10	10	0.0000	0.5417	0.0000	8.06
IID_Short	3	LearnedDualEnergy	0.10	1	11	11	0.0000	0.8542	0.0000	26.22
IID_Short	3	RecurrentAttention	0.10	1	11	11	0.0000	0.8542	0.0000	6.33
IID_Short	3	GNN_MessagePassing	0.10	1	11	11	0.0000	0.3958	0.0000	6.12
IID_Short	3	LearnedDualEnergy	0.10	1	12	12	0.0000	0.9167	0.0000	24.06
IID_Short	3	RecurrentAttention	0.10	1	12	12	0.0000	0.8750	0.0000	6.73
IID_Short	3	GNN_MessagePassing	0.10	1	12	12	0.0000	0.5833	0.0000	6.41
IID_Short	3	LearnedDualEnergy	0.10	1	13	13	0.0000	0.8958	0.0000	30.98
IID_Short	3	RecurrentAttention	0.10	1	13	13	0.0000	0.8750	0.0000	6.37
IID_Short	3	GNN_MessagePassing	0.10	1	13	13	0.0000	0.4792	0.0000	7.06
IID_Short	3	LearnedDualEnergy	0.10	1	14	14	0.0000	0.9375	0.0000	23.96
IID_Short	3	RecurrentAttention	0.10	1	14	14	0.0000	0.9167	0.0000	6.08
IID_Short	3	GNN_MessagePassing	0.10	1	14	14	0.0000	0.5625	0.0000	6.66
IID_Short	3	LearnedDualEnergy	0.10	1	15	15	0.0000	0.8958	0.0000	23.56
IID_Short	3	RecurrentAttention	0.10	1	15	15	0.0000	0.8958	0.0000	5.66
IID_Short	3	GNN_MessagePassing	0.10	1	15	15	0.0000	0.5000	0.0000	6.22
IID_Short	3	LearnedDualEnergy	0.10	1	16	16	0.0000	0.9167	0.0000	60.25
IID_Short	3	RecurrentAttention	0.10	1	16	16	0.0000	0.9167	0.0000	6.87
IID_Short	3	GNN_MessagePassing	0.10	1	16	16	0.0000	0.5208	0.0000	6.95
IID_Short	3	LearnedDualEnergy	0.10	1	17	17	0.0000	0.8333	0.0000	26.12
IID_Short	3	RecurrentAttention	0.10	1	17	17	0.0000	0.8333	0.0000	6.41
IID_Short	3	GNN_MessagePassing	0.10	1	17	17	0.0000	0.4792	0.0000	6.53
IID_Short	3	LearnedDualEnergy	0.10	1	18	18	0.0000	0.9167	0.0000	23.64
IID_Short	3	RecurrentAttention	0.10	1	18	18	0.0000	0.8750	0.0000	5.84
IID_Short	3	GNN_MessagePassing	0.10	1	18	18	0.0000	0.3958	0.0000	5.97
IID_Short	3	LearnedDualEnergy	0.10	1	19	19	0.0000	0.9167	0.0000	22.73
IID_Short	3	RecurrentAttention	0.10	1	19	19	0.0000	0.9167	0.0000	6.56
IID_Short	3	GNN_MessagePassing	0.10	1	19	19	0.0000	0.3958	0.0000	6.46
IID_Short	3	LearnedDualEnergy	0.10	2	0	0	0.0000	0.9167	0.0000	44.80
IID_Short	3	RecurrentAttention	0.10	2	0	0	0.0000	0.8750	0.0000	12.48
IID_Short	3	GNN_MessagePassing	0.10	2	0	0	0.0000	0.5417	0.0000	12.26
IID_Short	3	LearnedDualEnergy	0.10	2	1	1	0.0000	0.8958	0.0000	43.96
IID_Short	3	RecurrentAttention	0.10	2	1	1	0.0000	0.8750	0.0000	11.34
IID_Short	3	GNN_MessagePassing	0.10	2	1	1	0.0000	0.3333	0.0000	12.45
IID_Short	3	LearnedDualEnergy	0.10	2	2	2	0.0000	0.9375	0.0000	39.84
IID_Short	3	RecurrentAttention	0.10	2	2	2	0.0000	0.8542	0.0000	11.20
IID_Short	3	GNN_MessagePassing	0.10	2	2	2	0.0000	0.5625	0.0000	11.17
IID_Short	3	LearnedDualEnergy	0.10	2	3	3	0.0000	0.8958	0.0000	43.62
IID_Short	3	RecurrentAttention	0.10	2	3	3	0.0000	0.8958	0.0000	13.10
IID_Short	3	GNN_MessagePassing	0.10	2	3	3	0.0000	0.5833	0.0000	12.02
IID_Short	3	LearnedDualEnergy	0.10	2	4	4	0.0000	0.9375	0.0000	40.35
IID_Short	3	RecurrentAttention	0.10	2	4	4	0.0000	0.8958	0.0000	11.84
IID_Short	3	GNN_MessagePassing	0.10	2	4	4	0.0000	0.4583	0.0000	12.09
IID_Short	3	LearnedDualEnergy	0.10	2	5	5	0.0000	0.8750	0.0000	122.43
IID_Short	3	RecurrentAttention	0.10	2	5	5	0.0000	0.8333	0.0000	13.05
IID_Short	3	GNN_MessagePassing	0.10	2	5	5	0.0000	0.4583	0.0000	12.96
IID_Short	3	LearnedDualEnergy	0.10	2	6	6	0.0000	0.8542	0.0000	41.87
IID_Short	3	RecurrentAttention	0.10	2	6	6	0.0000	0.8542	0.0000	13.04
IID_Short	3	GNN_MessagePassing	0.10	2	6	6	0.0000	0.5000	0.0000	11.48
IID_Short	3	LearnedDualEnergy	0.10	2	7	7	0.0000	0.8958	0.0000	40.99
IID_Short	3	RecurrentAttention	0.10	2	7	7	0.0000	0.8125	0.0000	11.86
IID_Short	3	GNN_MessagePassing	0.10	2	7	7	0.0000	0.4167	0.0000	12.90
IID_Short	3	LearnedDualEnergy	0.10	2	8	8	0.0000	0.9375	0.0000	40.33
IID_Short	3	RecurrentAttention	0.10	2	8	8	0.0000	0.8958	0.0000	11.65
IID_Short	3	GNN_MessagePassing	0.10	2	8	8	0.0000	0.4583	0.0000	11.26
IID_Short	3	LearnedDualEnergy	0.10	2	9	9	0.0000	0.9792	0.0000	40.17
IID_Short	3	RecurrentAttention	0.10	2	9	9	0.0000	0.8750	0.0000	11.57
IID_Short	3	GNN_MessagePassing	0.10	2	9	9	0.0000	0.6458	0.0000	13.24
IID_Short	3	LearnedDualEnergy	0.10	2	10	10	0.0000	0.9375	0.0000	49.95
IID_Short	3	RecurrentAttention	0.10	2	10	10	0.0000	0.8750	0.0000	13.72
IID_Short	3	GNN_MessagePassing	0.10	2	10	10	0.0000	0.6042	0.0000	14.35
IID_Short	3	LearnedDualEnergy	0.10	2	11	11	0.0000	0.8542	0.0000	43.57
IID_Short	3	RecurrentAttention	0.10	2	11	11	0.0000	0.8125	0.0000	13.52
IID_Short	3	GNN_MessagePassing	0.10	2	11	11	0.0000	0.3333	0.0000	11.84
IID_Short	3	LearnedDualEnergy	0.10	2	12	12	0.0000	0.9167	0.0000	41.55
IID_Short	3	RecurrentAttention	0.10	2	12	12	0.0000	0.8542	0.0000	11.43
IID_Short	3	GNN_MessagePassing	0.10	2	12	12	0.0000	0.5000	0.0000	11.45
IID_Short	3	LearnedDualEnergy	0.10	2	13	13	0.0000	0.8958	0.0000	48.78
IID_Short	3	RecurrentAttention	0.10	2	13	13	0.0000	0.8125	0.0000	11.12
IID_Short	3	GNN_MessagePassing	0.10	2	13	13	0.0000	0.5625	0.0000	11.56
IID_Short	3	LearnedDualEnergy	0.10	2	14	14	0.0000	0.9375	0.0000	40.93
IID_Short	3	RecurrentAttention	0.10	2	14	14	0.0000	0.8958	0.0000	11.39
IID_Short	3	GNN_MessagePassing	0.10	2	14	14	0.0000	0.5625	0.0000	12.04
IID_Short	3	LearnedDualEnergy	0.10	2	15	15	0.0000	0.8958	0.0000	41.65
IID_Short	3	RecurrentAttention	0.10	2	15	15	0.0000	0.8750	0.0000	11.68
IID_Short	3	GNN_MessagePassing	0.10	2	15	15	0.0000	0.5833	0.0000	13.12
IID_Short	3	LearnedDualEnergy	0.10	2	16	16	0.0000	0.9167	0.0000	40.39
IID_Short	3	RecurrentAttention	0.10	2	16	16	0.0000	0.9167	0.0000	11.68
IID_Short	3	GNN_MessagePassing	0.10	2	16	16	0.0000	0.5000	0.0000	11.82
IID_Short	3	LearnedDualEnergy	0.10	2	17	17	0.0000	0.8333	0.0000	41.38
IID_Short	3	RecurrentAttention	0.10	2	17	17	0.0000	0.8333	0.0000	11.71
IID_Short	3	GNN_MessagePassing	0.10	2	17	17	0.0000	0.5833	0.0000	12.49
IID_Short	3	LearnedDualEnergy	0.10	2	18	18	0.0000	0.9167	0.0000	41.72
IID_Short	3	RecurrentAttention	0.10	2	18	18	0.0000	0.8750	0.0000	11.96
IID_Short	3	GNN_MessagePassing	0.10	2	18	18	0.0000	0.5833	0.0000	11.56
IID_Short	3	LearnedDualEnergy	0.10	2	19	19	0.0000	0.9167	0.0000	41.65
IID_Short	3	RecurrentAttention	0.10	2	19	19	0.0000	0.9167	0.0000	12.70
IID_Short	3	GNN_MessagePassing	0.10	2	19	19	0.0000	0.4375	0.0000	12.10
IID_Short	3	LearnedDualEnergy	0.10	4	0	0	0.0000	0.9167	0.0000	82.99
IID_Short	3	RecurrentAttention	0.10	4	0	0	0.0000	0.8333	0.0000	26.40
IID_Short	3	GNN_MessagePassing	0.10	4	0	0	0.0000	0.5417	0.0000	24.29
IID_Short	3	LearnedDualEnergy	0.10	4	1	1	0.0000	0.8958	0.0000	76.75
IID_Short	3	RecurrentAttention	0.10	4	1	1	0.0000	0.8125	0.0000	23.36
IID_Short	3	GNN_MessagePassing	0.10	4	1	1	0.0000	0.5000	0.0000	25.15
IID_Short	3	LearnedDualEnergy	0.10	4	2	2	0.0000	0.9375	0.0000	76.60
IID_Short	3	RecurrentAttention	0.10	4	2	2	0.0000	0.8333	0.0000	23.32
IID_Short	3	GNN_MessagePassing	0.10	4	2	2	0.0000	0.4583	0.0000	23.70
IID_Short	3	LearnedDualEnergy	0.10	4	3	3	0.0000	0.8958	0.0000	75.39
IID_Short	3	RecurrentAttention	0.10	4	3	3	0.0000	0.8750	0.0000	22.48
IID_Short	3	GNN_MessagePassing	0.10	4	3	3	0.0000	0.4583	0.0000	22.69
IID_Short	3	LearnedDualEnergy	0.10	4	4	4	0.0000	0.9375	0.0000	79.02
IID_Short	3	RecurrentAttention	0.10	4	4	4	0.0000	0.8542	0.0000	22.63
IID_Short	3	GNN_MessagePassing	0.10	4	4	4	0.0000	0.4583	0.0000	24.07
IID_Short	3	LearnedDualEnergy	0.10	4	5	5	0.0000	0.8750	0.0000	73.68
IID_Short	3	RecurrentAttention	0.10	4	5	5	0.0000	0.8125	0.0000	23.27
IID_Short	3	GNN_MessagePassing	0.10	4	5	5	0.0000	0.4792	0.0000	22.44
IID_Short	3	LearnedDualEnergy	0.10	4	6	6	0.0000	0.8542	0.0000	74.63
IID_Short	3	RecurrentAttention	0.10	4	6	6	0.0000	0.8542	0.0000	22.31
IID_Short	3	GNN_MessagePassing	0.10	4	6	6	0.0000	0.4375	0.0000	22.33
IID_Short	3	LearnedDualEnergy	0.10	4	7	7	0.0000	0.8958	0.0000	131.44
IID_Short	3	RecurrentAttention	0.10	4	7	7	0.0000	0.7917	0.0000	23.18
IID_Short	3	GNN_MessagePassing	0.10	4	7	7	0.0000	0.5208	0.0000	23.11
IID_Short	3	LearnedDualEnergy	0.10	4	8	8	0.0000	0.9375	0.0000	76.12
IID_Short	3	RecurrentAttention	0.10	4	8	8	0.0000	0.8333	0.0000	23.25
IID_Short	3	GNN_MessagePassing	0.10	4	8	8	0.0000	0.7500	0.0000	22.11
IID_Short	3	LearnedDualEnergy	0.10	4	9	9	0.0000	0.9792	0.0000	74.84
IID_Short	3	RecurrentAttention	0.10	4	9	9	0.0000	0.8542	0.0000	23.50
IID_Short	3	GNN_MessagePassing	0.10	4	9	9	0.0000	0.7708	0.0000	23.93
IID_Short	3	LearnedDualEnergy	0.10	4	10	10	0.0000	0.9375	0.0000	83.49
IID_Short	3	RecurrentAttention	0.10	4	10	10	0.0000	0.8333	0.0000	25.29
IID_Short	3	GNN_MessagePassing	0.10	4	10	10	0.0000	0.6042	0.0000	23.97
IID_Short	3	LearnedDualEnergy	0.10	4	11	11	0.0000	0.8542	0.0000	73.82
IID_Short	3	RecurrentAttention	0.10	4	11	11	0.0000	0.7917	0.0000	22.25
IID_Short	3	GNN_MessagePassing	0.10	4	11	11	0.0000	0.5417	0.0000	22.27
IID_Short	3	LearnedDualEnergy	0.10	4	12	12	0.0000	0.9167	0.0000	72.01
IID_Short	3	RecurrentAttention	0.10	4	12	12	0.0000	0.7500	0.0000	23.19
IID_Short	3	GNN_MessagePassing	0.10	4	12	12	0.0000	0.5208	0.0000	22.77
IID_Short	3	LearnedDualEnergy	0.10	4	13	13	0.0000	0.8958	0.0000	72.88
IID_Short	3	RecurrentAttention	0.10	4	13	13	0.0000	0.7708	0.0000	22.10
IID_Short	3	GNN_MessagePassing	0.10	4	13	13	0.0000	0.6667	0.0000	23.27
IID_Short	3	LearnedDualEnergy	0.10	4	14	14	0.0000	0.9375	0.0000	75.05
IID_Short	3	RecurrentAttention	0.10	4	14	14	0.0000	0.7500	0.0000	22.63
IID_Short	3	GNN_MessagePassing	0.10	4	14	14	0.0000	0.4792	0.0000	22.85
IID_Short	3	LearnedDualEnergy	0.10	4	15	15	0.0000	0.8958	0.0000	72.06
IID_Short	3	RecurrentAttention	0.10	4	15	15	0.0000	0.8125	0.0000	23.47
IID_Short	3	GNN_MessagePassing	0.10	4	15	15	0.0000	0.5417	0.0000	23.43
IID_Short	3	LearnedDualEnergy	0.10	4	16	16	0.0000	0.9167	0.0000	73.82
IID_Short	3	RecurrentAttention	0.10	4	16	16	0.0000	0.8958	0.0000	148.00
IID_Short	3	GNN_MessagePassing	0.10	4	16	16	0.0000	0.5000	0.0000	23.17
IID_Short	3	LearnedDualEnergy	0.10	4	17	17	0.0000	0.8333	0.0000	76.64
IID_Short	3	RecurrentAttention	0.10	4	17	17	0.0000	0.7292	0.0000	24.17
IID_Short	3	GNN_MessagePassing	0.10	4	17	17	0.0000	0.2917	0.0000	22.23
IID_Short	3	LearnedDualEnergy	0.10	4	18	18	0.0000	0.9167	0.0000	73.83
IID_Short	3	RecurrentAttention	0.10	4	18	18	0.0000	0.7917	0.0000	22.95
IID_Short	3	GNN_MessagePassing	0.10	4	18	18	0.0000	0.4583	0.0000	23.37
IID_Short	3	LearnedDualEnergy	0.10	4	19	19	0.0000	0.9167	0.0000	109.01
IID_Short	3	RecurrentAttention	0.10	4	19	19	0.0000	0.8958	0.0000	23.46
IID_Short	3	GNN_MessagePassing	0.10	4	19	19	0.0000	0.6042	0.0000	26.94
IID_Short	3	LearnedDualEnergy	0.10	8	0	0	0.0000	0.9167	0.0000	159.44
IID_Short	3	RecurrentAttention	0.10	8	0	0	0.0000	0.7500	0.0000	51.38
IID_Short	3	GNN_MessagePassing	0.10	8	0	0	0.0000	0.5000	0.0000	49.07
IID_Short	3	LearnedDualEnergy	0.10	8	1	1	0.0000	0.8958	0.0000	148.40
IID_Short	3	RecurrentAttention	0.10	8	1	1	0.0000	0.6875	0.0000	50.56
IID_Short	3	GNN_MessagePassing	0.10	8	1	1	0.0000	0.5417	0.0000	49.25
IID_Short	3	LearnedDualEnergy	0.10	8	2	2	0.0000	0.9375	0.0000	241.83
IID_Short	3	RecurrentAttention	0.10	8	2	2	0.0000	0.7917	0.0000	47.97
IID_Short	3	GNN_MessagePassing	0.10	8	2	2	0.0000	0.3958	0.0000	46.72
IID_Short	3	LearnedDualEnergy	0.10	8	3	3	0.0000	0.8958	0.0000	168.12
IID_Short	3	RecurrentAttention	0.10	8	3	3	0.0000	0.7708	0.0000	47.43
IID_Short	3	GNN_MessagePassing	0.10	8	3	3	0.0000	0.5417	0.0000	48.58
IID_Short	3	LearnedDualEnergy	0.10	8	4	4	0.0000	0.9375	0.0000	146.99
IID_Short	3	RecurrentAttention	0.10	8	4	4	0.0000	0.7917	0.0000	49.42
IID_Short	3	GNN_MessagePassing	0.10	8	4	4	0.0000	0.3542	0.0000	47.82
IID_Short	3	LearnedDualEnergy	0.10	8	5	5	0.0000	0.8750	0.0000	229.66
IID_Short	3	RecurrentAttention	0.10	8	5	5	0.0000	0.7708	0.0000	48.35
IID_Short	3	GNN_MessagePassing	0.10	8	5	5	0.0000	0.4792	0.0000	47.53
IID_Short	3	LearnedDualEnergy	0.10	8	6	6	0.0000	0.8542	0.0000	198.20
IID_Short	3	RecurrentAttention	0.10	8	6	6	0.0000	0.8333	0.0000	47.11
IID_Short	3	GNN_MessagePassing	0.10	8	6	6	0.0000	0.5000	0.0000	49.40
IID_Short	3	LearnedDualEnergy	0.10	8	7	7	0.0000	0.8958	0.0000	143.81
IID_Short	3	RecurrentAttention	0.10	8	7	7	0.0000	0.7708	0.0000	64.38
IID_Short	3	GNN_MessagePassing	0.10	8	7	7	0.0000	0.5000	0.0000	46.90
IID_Short	3	LearnedDualEnergy	0.10	8	8	8	0.0000	0.9375	0.0000	142.07
IID_Short	3	RecurrentAttention	0.10	8	8	8	0.0000	0.7292	0.0000	46.67
IID_Short	3	GNN_MessagePassing	0.10	8	8	8	0.0000	0.5833	0.0000	46.59
IID_Short	3	LearnedDualEnergy	0.10	8	9	9	0.0000	0.9792	0.0000	143.63
IID_Short	3	RecurrentAttention	0.10	8	9	9	0.0000	0.8125	0.0000	48.34
IID_Short	3	GNN_MessagePassing	0.10	8	9	9	0.0000	0.5625	0.0000	46.94
IID_Short	3	LearnedDualEnergy	0.10	8	10	10	0.0000	0.9375	0.0000	151.84
IID_Short	3	RecurrentAttention	0.10	8	10	10	0.0000	0.7292	0.0000	49.32
IID_Short	3	GNN_MessagePassing	0.10	8	10	10	0.0000	0.4375	0.0000	89.61
IID_Short	3	LearnedDualEnergy	0.10	8	11	11	0.0000	0.8542	0.0000	147.79
IID_Short	3	RecurrentAttention	0.10	8	11	11	0.0000	0.7500	0.0000	150.47
IID_Short	3	GNN_MessagePassing	0.10	8	11	11	0.0000	0.4792	0.0000	30.35
IID_Short	3	LearnedDualEnergy	0.10	8	12	12	0.0000	0.9167	0.0000	106.29
IID_Short	3	RecurrentAttention	0.10	8	12	12	0.0000	0.6458	0.0000	37.48
IID_Short	3	GNN_MessagePassing	0.10	8	12	12	0.0000	0.5625	0.0000	28.61
IID_Short	3	LearnedDualEnergy	0.10	8	13	13	0.0000	0.8958	0.0000	109.97
IID_Short	3	RecurrentAttention	0.10	8	13	13	0.0000	0.6667	0.0000	101.61
IID_Short	3	GNN_MessagePassing	0.10	8	13	13	0.0000	0.5625	0.0000	31.05
IID_Short	3	LearnedDualEnergy	0.10	8	14	14	0.0000	0.9375	0.0000	108.04
IID_Short	3	RecurrentAttention	0.10	8	14	14	0.0000	0.7292	0.0000	37.64
IID_Short	3	GNN_MessagePassing	0.10	8	14	14	0.0000	0.6042	0.0000	28.86
IID_Short	3	LearnedDualEnergy	0.10	8	15	15	0.0000	0.8958	0.0000	146.02
IID_Short	3	RecurrentAttention	0.10	8	15	15	0.0000	0.8542	0.0000	48.48
IID_Short	3	GNN_MessagePassing	0.10	8	15	15	0.0000	0.5208	0.0000	46.77
IID_Short	3	LearnedDualEnergy	0.10	8	16	16	0.0000	0.9167	0.0000	144.32
IID_Short	3	RecurrentAttention	0.10	8	16	16	0.0000	0.8958	0.0000	47.61
IID_Short	3	GNN_MessagePassing	0.10	8	16	16	0.0000	0.5000	0.0000	46.14
IID_Short	3	LearnedDualEnergy	0.10	8	17	17	0.0000	0.8333	0.0000	143.21
IID_Short	3	RecurrentAttention	0.10	8	17	17	0.0000	0.6667	0.0000	47.73
IID_Short	3	GNN_MessagePassing	0.10	8	17	17	0.0000	0.4583	0.0000	49.66
IID_Short	3	LearnedDualEnergy	0.10	8	18	18	0.0000	0.9167	0.0000	243.05
IID_Short	3	RecurrentAttention	0.10	8	18	18	0.0000	0.6458	0.0000	48.82
IID_Short	3	GNN_MessagePassing	0.10	8	18	18	0.0000	0.5208	0.0000	46.38
IID_Short	3	LearnedDualEnergy	0.10	8	19	19	0.0000	0.9167	0.0000	117.51
IID_Short	3	RecurrentAttention	0.10	8	19	19	0.0000	0.6875	0.0000	36.83
IID_Short	3	GNN_MessagePassing	0.10	8	19	19	0.0000	0.5208	0.0000	28.71
IID_Short	3	LearnedDualEnergy	0.10	16	0	0	0.0000	0.9167	0.0000	212.56
IID_Short	3	RecurrentAttention	0.10	16	0	0	0.0000	0.7292	0.0000	72.78
IID_Short	3	GNN_MessagePassing	0.10	16	0	0	0.0000	0.3958	0.0000	56.74
IID_Short	3	LearnedDualEnergy	0.10	16	1	1	0.0000	0.8958	0.0000	205.55
IID_Short	3	RecurrentAttention	0.10	16	1	1	0.0000	0.6875	0.0000	73.84
IID_Short	3	GNN_MessagePassing	0.10	16	1	1	0.0000	0.4792	0.0000	57.25
IID_Short	3	LearnedDualEnergy	0.10	16	2	2	0.0000	0.9167	0.0000	201.81
IID_Short	3	RecurrentAttention	0.10	16	2	2	0.0000	0.7292	0.0000	72.79
IID_Short	3	GNN_MessagePassing	0.10	16	2	2	0.0000	0.3542	0.0000	91.91
IID_Short	3	LearnedDualEnergy	0.10	16	3	3	0.0000	0.8958	0.0000	204.92
IID_Short	3	RecurrentAttention	0.10	16	3	3	0.0000	0.5417	0.0000	85.47
IID_Short	3	GNN_MessagePassing	0.10	16	3	3	0.0000	0.5208	0.0000	89.60
IID_Short	3	LearnedDualEnergy	0.10	16	4	4	0.0000	0.9167	0.0000	327.24
IID_Short	3	RecurrentAttention	0.10	16	4	4	0.0000	0.7292	0.0000	100.77
IID_Short	3	GNN_MessagePassing	0.10	16	4	4	0.0000	0.4167	0.0000	97.82
IID_Short	3	LearnedDualEnergy	0.10	16	5	5	0.0000	0.8750	0.0000	342.20
IID_Short	3	RecurrentAttention	0.10	16	5	5	0.0000	0.7708	0.0000	98.51
IID_Short	3	GNN_MessagePassing	0.10	16	5	5	0.0000	0.6250	0.0000	95.74
IID_Short	3	LearnedDualEnergy	0.10	16	6	6	0.0000	0.8542	0.0000	283.31
IID_Short	3	RecurrentAttention	0.10	16	6	6	0.0000	0.7708	0.0000	96.31
IID_Short	3	GNN_MessagePassing	0.10	16	6	6	0.0000	0.4167	0.0000	95.60
IID_Short	3	LearnedDualEnergy	0.10	16	7	7	0.0000	0.8750	0.0000	233.93
IID_Short	3	RecurrentAttention	0.10	16	7	7	0.0000	0.7083	0.0000	74.62
IID_Short	3	GNN_MessagePassing	0.10	16	7	7	0.0000	0.4375	0.0000	57.32
IID_Short	3	LearnedDualEnergy	0.10	16	8	8	0.0000	0.9375	0.0000	201.25
IID_Short	3	RecurrentAttention	0.10	16	8	8	0.0000	0.6875	0.0000	84.82
IID_Short	3	GNN_MessagePassing	0.10	16	8	8	0.0000	0.6042	0.0000	57.42
IID_Short	3	LearnedDualEnergy	0.10	16	9	9	0.0000	0.9583	0.0000	373.02
IID_Short	3	RecurrentAttention	0.10	16	9	9	0.0000	0.7083	0.0000	95.64
IID_Short	3	GNN_MessagePassing	0.10	16	9	9	0.0000	0.5208	0.0000	96.63
IID_Short	3	LearnedDualEnergy	0.10	16	10	10	0.0000	0.9375	0.0000	239.87
IID_Short	3	RecurrentAttention	0.10	16	10	10	0.0000	0.6042	0.0000	88.78
IID_Short	3	GNN_MessagePassing	0.10	16	10	10	0.0000	0.3333	0.0000	57.91
IID_Short	3	LearnedDualEnergy	0.10	16	11	11	0.0000	0.8750	0.0000	205.30
IID_Short	3	RecurrentAttention	0.10	16	11	11	0.0000	0.7292	0.0000	74.63
IID_Short	3	GNN_MessagePassing	0.10	16	11	11	0.0000	0.5208	0.0000	55.99
IID_Short	3	LearnedDualEnergy	0.10	16	12	12	0.0000	0.8958	0.0000	202.29
IID_Short	3	RecurrentAttention	0.10	16	12	12	0.0000	0.6042	0.0000	1851.27
IID_Short	3	GNN_MessagePassing	0.10	16	12	12	0.0000	0.5000	0.0000	99.54
IID_Short	3	LearnedDualEnergy	0.10	16	13	13	0.0000	0.8958	0.0000	217.33
IID_Short	3	RecurrentAttention	0.10	16	13	13	0.0000	0.6458	0.0000	91.39
IID_Short	3	GNN_MessagePassing	0.10	16	13	13	0.0000	0.5625	0.0000	58.58
IID_Short	3	LearnedDualEnergy	0.10	16	14	14	0.0000	0.9375	0.0000	206.70
IID_Short	3	RecurrentAttention	0.10	16	14	14	0.0000	0.6667	0.0000	74.48
IID_Short	3	GNN_MessagePassing	0.10	16	14	14	0.0000	0.3958	0.0000	58.78
IID_Short	3	LearnedDualEnergy	0.10	16	15	15	0.0000	0.8958	0.0000	292.02
IID_Short	3	RecurrentAttention	0.10	16	15	15	0.0000	0.7292	0.0000	96.14
IID_Short	3	GNN_MessagePassing	0.10	16	15	15	0.0000	0.3958	0.0000	95.14
IID_Short	3	LearnedDualEnergy	0.10	16	16	16	0.0000	0.9167	0.0000	287.96
IID_Short	3	RecurrentAttention	0.10	16	16	16	0.0000	0.8958	0.0000	98.74
IID_Short	3	GNN_MessagePassing	0.10	16	16	16	0.0000	0.4792	0.0000	98.17
IID_Short	3	LearnedDualEnergy	0.10	16	17	17	0.0000	0.8125	0.0000	481.51
IID_Short	3	RecurrentAttention	0.10	16	17	17	0.0000	0.5833	0.0000	100.43
IID_Short	3	GNN_MessagePassing	0.10	16	17	17	0.0000	0.4583	0.0000	96.82
IID_Short	3	LearnedDualEnergy	0.10	16	18	18	0.0000	0.8750	0.0000	322.62
IID_Short	3	RecurrentAttention	0.10	16	18	18	0.0000	0.6042	0.0000	111.43
IID_Short	3	GNN_MessagePassing	0.10	16	18	18	0.0000	0.5208	0.0000	96.33
IID_Short	3	LearnedDualEnergy	0.10	16	19	19	0.0000	0.9167	0.0000	199.94
IID_Short	3	RecurrentAttention	0.10	16	19	19	0.0000	0.6250	0.0000	72.78
IID_Short	3	GNN_MessagePassing	0.10	16	19	19	0.0000	0.4167	0.0000	57.05
IID_Short	3	LearnedDualEnergy	0.10	32	0	0	0.0000	0.9167	0.0000	417.81
IID_Short	3	RecurrentAttention	0.10	32	0	0	0.0000	0.7083	0.0000	147.76
IID_Short	3	GNN_MessagePassing	0.10	32	0	0	0.0000	0.3958	0.0000	129.26
IID_Short	3	LearnedDualEnergy	0.10	32	1	1	0.0000	0.8125	0.0000	401.34
IID_Short	3	RecurrentAttention	0.10	32	1	1	0.0000	0.6042	0.0000	145.48
IID_Short	3	GNN_MessagePassing	0.10	32	1	1	0.0000	0.5000	0.0000	111.52
IID_Short	3	LearnedDualEnergy	0.10	32	2	2	0.0000	0.8958	0.0000	492.11
IID_Short	3	RecurrentAttention	0.10	32	2	2	0.0000	0.7500	0.0000	144.89
IID_Short	3	GNN_MessagePassing	0.10	32	2	2	0.0000	0.3542	0.0000	109.79
IID_Short	3	LearnedDualEnergy	0.10	32	3	3	0.0000	0.8958	0.0000	401.56
IID_Short	3	RecurrentAttention	0.10	32	3	3	0.0000	0.5417	0.0000	145.53
IID_Short	3	GNN_MessagePassing	0.10	32	3	3	0.0000	0.5417	0.0000	110.49
IID_Short	3	LearnedDualEnergy	0.10	32	4	4	0.0000	0.8750	0.0000	422.12
IID_Short	3	RecurrentAttention	0.10	32	4	4	0.0000	0.4792	0.0000	146.71
IID_Short	3	GNN_MessagePassing	0.10	32	4	4	0.0000	0.3958	0.0000	111.44
IID_Short	3	LearnedDualEnergy	0.10	32	5	5	0.0000	0.8750	0.0000	586.29
IID_Short	3	RecurrentAttention	0.10	32	5	5	0.0000	0.7917	0.0000	196.07
IID_Short	3	GNN_MessagePassing	0.10	32	5	5	0.0000	0.5833	0.0000	193.55
IID_Short	3	LearnedDualEnergy	0.10	32	6	6	0.0000	0.8333	0.0000	646.99
IID_Short	3	RecurrentAttention	0.10	32	6	6	0.0000	0.6250	0.0000	223.38
IID_Short	3	GNN_MessagePassing	0.10	32	6	6	0.0000	0.5208	0.0000	193.54
IID_Short	3	LearnedDualEnergy	0.10	32	7	7	0.0000	0.8333	0.0000	579.91
IID_Short	3	RecurrentAttention	0.10	32	7	7	0.0000	0.7083	0.0000	196.33
IID_Short	3	GNN_MessagePassing	0.10	32	7	7	0.0000	0.4375	0.0000	191.17
IID_Short	3	LearnedDualEnergy	0.10	32	8	8	0.0000	0.8958	0.0000	569.15
IID_Short	3	RecurrentAttention	0.10	32	8	8	0.0000	0.5625	0.0000	223.48
IID_Short	3	GNN_MessagePassing	0.10	32	8	8	0.0000	0.6250	0.0000	202.70
IID_Short	3	LearnedDualEnergy	0.10	32	9	9	0.0000	0.9167	0.0000	438.27
IID_Short	3	RecurrentAttention	0.10	32	9	9	0.0000	0.6875	0.0000	146.13
IID_Short	3	GNN_MessagePassing	0.10	32	9	9	0.0000	0.5208	0.0000	112.16
IID_Short	3	LearnedDualEnergy	0.10	32	10	10	0.0000	0.9167	0.0000	421.69
IID_Short	3	RecurrentAttention	0.10	32	10	10	0.0000	0.4583	0.0000	148.52
IID_Short	3	GNN_MessagePassing	0.10	32	10	10	0.0000	0.3333	0.0000	112.39
IID_Short	3	LearnedDualEnergy	0.10	32	11	11	0.0000	0.8750	0.0000	421.31
IID_Short	3	RecurrentAttention	0.10	32	11	11	0.0000	0.7292	0.0000	144.70
IID_Short	3	GNN_MessagePassing	0.10	32	11	11	0.0000	0.5000	0.0000	111.82
IID_Short	3	LearnedDualEnergy	0.10	32	12	12	0.0000	0.8750	0.0000	465.67
IID_Short	3	RecurrentAttention	0.10	32	12	12	0.0000	0.6250	0.0000	146.21
IID_Short	3	GNN_MessagePassing	0.10	32	12	12	0.0000	0.5208	0.0000	113.39
IID_Short	3	LearnedDualEnergy	0.10	32	13	13	0.0000	0.8958	0.0000	416.12
IID_Short	3	RecurrentAttention	0.10	32	13	13	0.0000	0.6458	0.0000	158.80
IID_Short	3	GNN_MessagePassing	0.10	32	13	13	0.0000	0.5625	0.0000	111.62
IID_Short	3	LearnedDualEnergy	0.10	32	14	14	0.0000	0.9167	0.0000	470.96
IID_Short	3	RecurrentAttention	0.10	32	14	14	0.0000	0.7083	0.0000	214.17
IID_Short	3	GNN_MessagePassing	0.10	32	14	14	0.0000	0.4167	0.0000	111.32
IID_Short	3	LearnedDualEnergy	0.10	32	15	15	0.0000	0.8542	0.0000	416.68
IID_Short	3	RecurrentAttention	0.10	32	15	15	0.0000	0.6875	0.0000	198.99
IID_Short	3	GNN_MessagePassing	0.10	32	15	15	0.0000	0.5208	0.0000	112.77
IID_Short	3	LearnedDualEnergy	0.10	32	16	16	0.0000	0.9167	0.0000	395.48
IID_Short	3	RecurrentAttention	0.10	32	16	16	0.0000	0.8542	0.0000	144.44
IID_Short	3	GNN_MessagePassing	0.10	32	16	16	0.0000	0.4792	0.0000	110.02
IID_Short	3	LearnedDualEnergy	0.10	32	17	17	0.0000	0.8125	0.0000	448.46
IID_Short	3	RecurrentAttention	0.10	32	17	17	0.0000	0.5625	0.0000	146.20
IID_Short	3	GNN_MessagePassing	0.10	32	17	17	0.0000	0.4792	0.0000	111.26
IID_Short	3	LearnedDualEnergy	0.10	32	18	18	0.0000	0.8542	0.0000	629.40
IID_Short	3	RecurrentAttention	0.10	32	18	18	0.0000	0.5833	0.0000	195.77
IID_Short	3	GNN_MessagePassing	0.10	32	18	18	0.0000	0.5208	0.0000	251.94
IID_Short	3	LearnedDualEnergy	0.10	32	19	19	0.0000	0.8750	0.0000	465.10
IID_Short	3	RecurrentAttention	0.10	32	19	19	0.0000	0.6875	0.0000	153.86
IID_Short	3	GNN_MessagePassing	0.10	32	19	19	0.0000	0.3958	0.0000	113.28
IID_Short	3	LearnedDualEnergy	0.20	1	0	0	0.0000	0.8750	0.0000	25.71
IID_Short	3	RecurrentAttention	0.20	1	0	0	0.0000	0.8750	0.0000	5.31
IID_Short	3	GNN_MessagePassing	0.20	1	0	0	0.0000	0.5208	0.0000	4.41
IID_Short	3	LearnedDualEnergy	0.20	1	1	1	0.0000	0.7292	0.0000	17.48
IID_Short	3	RecurrentAttention	0.20	1	1	1	0.0000	0.7292	0.0000	5.37
IID_Short	3	GNN_MessagePassing	0.20	1	1	1	0.0000	0.6250	0.0000	3.78
IID_Short	3	LearnedDualEnergy	0.20	1	2	2	0.0000	0.8125	0.0000	16.95
IID_Short	3	RecurrentAttention	0.20	1	2	2	0.0000	0.7708	0.0000	4.62
IID_Short	3	GNN_MessagePassing	0.20	1	2	2	0.0000	0.5000	0.0000	3.71
IID_Short	3	LearnedDualEnergy	0.20	1	3	3	0.0000	0.8333	0.0000	17.00
IID_Short	3	RecurrentAttention	0.20	1	3	3	0.0000	0.8333	0.0000	4.56
IID_Short	3	GNN_MessagePassing	0.20	1	3	3	0.0000	0.4375	0.0000	3.67
IID_Short	3	LearnedDualEnergy	0.20	1	4	4	0.0000	0.8333	0.0000	16.81
IID_Short	3	RecurrentAttention	0.20	1	4	4	0.0000	0.8333	0.0000	4.53
IID_Short	3	GNN_MessagePassing	0.20	1	4	4	0.0000	0.4792	0.0000	3.60
IID_Short	3	LearnedDualEnergy	0.20	1	5	5	0.0000	0.7917	0.0000	28.60
IID_Short	3	RecurrentAttention	0.20	1	5	5	0.0000	0.7917	0.0000	7.06
IID_Short	3	GNN_MessagePassing	0.20	1	5	5	0.0000	0.5208	0.0000	6.47
IID_Short	3	LearnedDualEnergy	0.20	1	6	6	0.0000	0.7708	0.0000	24.60
IID_Short	3	RecurrentAttention	0.20	1	6	6	0.0000	0.7500	0.0000	6.04
IID_Short	3	GNN_MessagePassing	0.20	1	6	6	0.0000	0.4167	0.0000	6.42
IID_Short	3	LearnedDualEnergy	0.20	1	7	7	0.0000	0.7917	0.0000	22.97
IID_Short	3	RecurrentAttention	0.20	1	7	7	0.0000	0.7917	0.0000	5.84
IID_Short	3	GNN_MessagePassing	0.20	1	7	7	0.0000	0.5417	0.0000	6.22
IID_Short	3	LearnedDualEnergy	0.20	1	8	8	0.0000	0.7917	0.0000	23.04
IID_Short	3	RecurrentAttention	0.20	1	8	8	0.0000	0.8125	0.0000	5.81
IID_Short	3	GNN_MessagePassing	0.20	1	8	8	0.0000	0.4375	0.0000	6.04
IID_Short	3	LearnedDualEnergy	0.20	1	9	9	0.0000	0.8542	0.0000	23.87
IID_Short	3	RecurrentAttention	0.20	1	9	9	0.0000	0.8542	0.0000	5.91
IID_Short	3	GNN_MessagePassing	0.20	1	9	9	0.0000	0.5625	0.0000	6.12
IID_Short	3	LearnedDualEnergy	0.20	1	10	10	0.0000	0.7500	0.0000	21.81
IID_Short	3	RecurrentAttention	0.20	1	10	10	0.0000	0.7500	0.0000	5.38
IID_Short	3	GNN_MessagePassing	0.20	1	10	10	0.0000	0.4375	0.0000	4.30
IID_Short	3	LearnedDualEnergy	0.20	1	11	11	0.0000	0.7917	0.0000	17.77
IID_Short	3	RecurrentAttention	0.20	1	11	11	0.0000	0.7708	0.0000	4.88
IID_Short	3	GNN_MessagePassing	0.20	1	11	11	0.0000	0.4167	0.0000	3.83
IID_Short	3	LearnedDualEnergy	0.20	1	12	12	0.0000	0.7917	0.0000	16.71
IID_Short	3	RecurrentAttention	0.20	1	12	12	0.0000	0.7917	0.0000	4.51
IID_Short	3	GNN_MessagePassing	0.20	1	12	12	0.0000	0.4583	0.0000	3.70
IID_Short	3	LearnedDualEnergy	0.20	1	13	13	0.0000	0.7500	0.0000	17.12
IID_Short	3	RecurrentAttention	0.20	1	13	13	0.0000	0.7083	0.0000	4.52
IID_Short	3	GNN_MessagePassing	0.20	1	13	13	0.0000	0.5417	0.0000	3.66
IID_Short	3	LearnedDualEnergy	0.20	1	14	14	0.0000	0.8333	0.0000	16.93
IID_Short	3	RecurrentAttention	0.20	1	14	14	0.0000	0.7708	0.0000	4.75
IID_Short	3	GNN_MessagePassing	0.20	1	14	14	0.0000	0.6250	0.0000	3.64
IID_Short	3	LearnedDualEnergy	0.20	1	15	15	0.0000	0.7500	0.0000	16.85
IID_Short	3	RecurrentAttention	0.20	1	15	15	0.0000	0.7292	0.0000	4.57
IID_Short	3	GNN_MessagePassing	0.20	1	15	15	0.0000	0.4167	0.0000	3.81
IID_Short	3	LearnedDualEnergy	0.20	1	16	16	0.0000	0.8333	0.0000	17.52
IID_Short	3	RecurrentAttention	0.20	1	16	16	0.0000	0.8333	0.0000	4.62
IID_Short	3	GNN_MessagePassing	0.20	1	16	16	0.0000	0.5208	0.0000	3.55
IID_Short	3	LearnedDualEnergy	0.20	1	17	17	0.0000	0.7917	0.0000	17.12
IID_Short	3	RecurrentAttention	0.20	1	17	17	0.0000	0.7708	0.0000	4.54
IID_Short	3	GNN_MessagePassing	0.20	1	17	17	0.0000	0.5000	0.0000	3.57
IID_Short	3	LearnedDualEnergy	0.20	1	18	18	0.0000	0.8125	0.0000	16.70
IID_Short	3	RecurrentAttention	0.20	1	18	18	0.0000	0.8125	0.0000	4.52
IID_Short	3	GNN_MessagePassing	0.20	1	18	18	0.0000	0.3958	0.0000	3.60
IID_Short	3	LearnedDualEnergy	0.20	1	19	19	0.0000	0.8750	0.0000	17.02
IID_Short	3	RecurrentAttention	0.20	1	19	19	0.0000	0.8750	0.0000	4.81
IID_Short	3	GNN_MessagePassing	0.20	1	19	19	0.0000	0.3750	0.0000	3.70
IID_Short	3	LearnedDualEnergy	0.20	2	0	0	0.0000	0.8750	0.0000	47.35
IID_Short	3	RecurrentAttention	0.20	2	0	0	0.0000	0.8542	0.0000	12.47
IID_Short	3	GNN_MessagePassing	0.20	2	0	0	0.0000	0.4375	0.0000	13.21
IID_Short	3	LearnedDualEnergy	0.20	2	1	1	0.0000	0.7292	0.0000	39.99
IID_Short	3	RecurrentAttention	0.20	2	1	1	0.0000	0.7292	0.0000	11.88
IID_Short	3	GNN_MessagePassing	0.20	2	1	1	0.0000	0.4583	0.0000	39.70
IID_Short	3	LearnedDualEnergy	0.20	2	2	2	0.0000	0.8125	0.0000	48.14
IID_Short	3	RecurrentAttention	0.20	2	2	2	0.0000	0.7292	0.0000	14.16
IID_Short	3	GNN_MessagePassing	0.20	2	2	2	0.0000	0.4792	0.0000	12.57
IID_Short	3	LearnedDualEnergy	0.20	2	3	3	0.0000	0.8333	0.0000	42.10
IID_Short	3	RecurrentAttention	0.20	2	3	3	0.0000	0.6875	0.0000	69.90
IID_Short	3	GNN_MessagePassing	0.20	2	3	3	0.0000	0.5000	0.0000	12.16
IID_Short	3	LearnedDualEnergy	0.20	2	4	4	0.0000	0.8333	0.0000	41.42
IID_Short	3	RecurrentAttention	0.20	2	4	4	0.0000	0.7500	0.0000	12.16
IID_Short	3	GNN_MessagePassing	0.20	2	4	4	0.0000	0.6042	0.0000	11.61
IID_Short	3	LearnedDualEnergy	0.20	2	5	5	0.0000	0.7917	0.0000	42.40
IID_Short	3	RecurrentAttention	0.20	2	5	5	0.0000	0.7917	0.0000	13.69
IID_Short	3	GNN_MessagePassing	0.20	2	5	5	0.0000	0.4167	0.0000	11.51
IID_Short	3	LearnedDualEnergy	0.20	2	6	6	0.0000	0.7708	0.0000	41.31
IID_Short	3	RecurrentAttention	0.20	2	6	6	0.0000	0.7500	0.0000	12.17
IID_Short	3	GNN_MessagePassing	0.20	2	6	6	0.0000	0.5208	0.0000	11.72
IID_Short	3	LearnedDualEnergy	0.20	2	7	7	0.0000	0.7917	0.0000	41.93
IID_Short	3	RecurrentAttention	0.20	2	7	7	0.0000	0.7500	0.0000	13.93
IID_Short	3	GNN_MessagePassing	0.20	2	7	7	0.0000	0.4583	0.0000	11.47
IID_Short	3	LearnedDualEnergy	0.20	2	8	8	0.0000	0.7917	0.0000	41.43
IID_Short	3	RecurrentAttention	0.20	2	8	8	0.0000	0.7708	0.0000	12.79
IID_Short	3	GNN_MessagePassing	0.20	2	8	8	0.0000	0.6667	0.0000	13.37
IID_Short	3	LearnedDualEnergy	0.20	2	9	9	0.0000	0.8542	0.0000	41.77
IID_Short	3	RecurrentAttention	0.20	2	9	9	0.0000	0.8542	0.0000	47.92
IID_Short	3	GNN_MessagePassing	0.20	2	9	9	0.0000	0.5417	0.0000	12.18
IID_Short	3	LearnedDualEnergy	0.20	2	10	10	0.0000	0.7500	0.0000	45.25
IID_Short	3	RecurrentAttention	0.20	2	10	10	0.0000	0.7708	0.0000	13.41
IID_Short	3	GNN_MessagePassing	0.20	2	10	10	0.0000	0.6042	0.0000	11.78
IID_Short	3	LearnedDualEnergy	0.20	2	11	11	0.0000	0.7917	0.0000	65.03
IID_Short	3	RecurrentAttention	0.20	2	11	11	0.0000	0.7708	0.0000	13.65
IID_Short	3	GNN_MessagePassing	0.20	2	11	11	0.0000	0.3750	0.0000	12.65
IID_Short	3	LearnedDualEnergy	0.20	2	12	12	0.0000	0.7917	0.0000	42.97
IID_Short	3	RecurrentAttention	0.20	2	12	12	0.0000	0.7500	0.0000	13.26
IID_Short	3	GNN_MessagePassing	0.20	2	12	12	0.0000	0.4583	0.0000	11.75
IID_Short	3	LearnedDualEnergy	0.20	2	13	13	0.0000	0.7500	0.0000	42.12
IID_Short	3	RecurrentAttention	0.20	2	13	13	0.0000	0.6875	0.0000	13.91
IID_Short	3	GNN_MessagePassing	0.20	2	13	13	0.0000	0.5833	0.0000	11.56
IID_Short	3	LearnedDualEnergy	0.20	2	14	14	0.0000	0.8333	0.0000	42.36
IID_Short	3	RecurrentAttention	0.20	2	14	14	0.0000	0.7083	0.0000	13.66
IID_Short	3	GNN_MessagePassing	0.20	2	14	14	0.0000	0.4375	0.0000	11.75
IID_Short	3	LearnedDualEnergy	0.20	2	15	15	0.0000	0.7500	0.0000	41.89
IID_Short	3	RecurrentAttention	0.20	2	15	15	0.0000	0.6667	0.0000	12.88
IID_Short	3	GNN_MessagePassing	0.20	2	15	15	0.0000	0.3750	0.0000	11.34
IID_Short	3	LearnedDualEnergy	0.20	2	16	16	0.0000	0.8333	0.0000	41.60
IID_Short	3	RecurrentAttention	0.20	2	16	16	0.0000	0.8333	0.0000	12.90
IID_Short	3	GNN_MessagePassing	0.20	2	16	16	0.0000	0.4583	0.0000	11.26
IID_Short	3	LearnedDualEnergy	0.20	2	17	17	0.0000	0.7917	0.0000	40.61
IID_Short	3	RecurrentAttention	0.20	2	17	17	0.0000	0.7083	0.0000	11.72
IID_Short	3	GNN_MessagePassing	0.20	2	17	17	0.0000	0.5208	0.0000	11.64
IID_Short	3	LearnedDualEnergy	0.20	2	18	18	0.0000	0.8125	0.0000	125.71
IID_Short	3	RecurrentAttention	0.20	2	18	18	0.0000	0.8125	0.0000	12.29
IID_Short	3	GNN_MessagePassing	0.20	2	18	18	0.0000	0.5208	0.0000	26.87
IID_Short	3	LearnedDualEnergy	0.20	2	19	19	0.0000	0.8750	0.0000	41.74
IID_Short	3	RecurrentAttention	0.20	2	19	19	0.0000	0.8542	0.0000	13.01
IID_Short	3	GNN_MessagePassing	0.20	2	19	19	0.0000	0.5000	0.0000	11.48
IID_Short	3	LearnedDualEnergy	0.20	4	0	0	0.0000	0.8750	0.0000	84.95
IID_Short	3	RecurrentAttention	0.20	4	0	0	0.0000	0.8125	0.0000	19.04
IID_Short	3	GNN_MessagePassing	0.20	4	0	0	0.0000	0.4792	0.0000	15.02
IID_Short	3	LearnedDualEnergy	0.20	4	1	1	0.0000	0.7292	0.0000	56.85
IID_Short	3	RecurrentAttention	0.20	4	1	1	0.0000	0.7292	0.0000	17.83
IID_Short	3	GNN_MessagePassing	0.20	4	1	1	0.0000	0.5625	0.0000	14.03
IID_Short	3	LearnedDualEnergy	0.20	4	2	2	0.0000	0.8125	0.0000	54.30
IID_Short	3	RecurrentAttention	0.20	4	2	2	0.0000	0.6875	0.0000	18.11
IID_Short	3	GNN_MessagePassing	0.20	4	2	2	0.0000	0.4167	0.0000	13.76
IID_Short	3	LearnedDualEnergy	0.20	4	3	3	0.0000	0.8333	0.0000	53.93
IID_Short	3	RecurrentAttention	0.20	4	3	3	0.0000	0.6458	0.0000	18.03
IID_Short	3	GNN_MessagePassing	0.20	4	3	3	0.0000	0.5000	0.0000	13.94
IID_Short	3	LearnedDualEnergy	0.20	4	4	4	0.0000	0.8333	0.0000	74.08
IID_Short	3	RecurrentAttention	0.20	4	4	4	0.0000	0.7083	0.0000	20.59
IID_Short	3	GNN_MessagePassing	0.20	4	4	4	0.0000	0.3750	0.0000	15.53
IID_Short	3	LearnedDualEnergy	0.20	4	5	5	0.0000	0.7917	0.0000	56.15
IID_Short	3	RecurrentAttention	0.20	4	5	5	0.0000	0.7083	0.0000	19.62
IID_Short	3	GNN_MessagePassing	0.20	4	5	5	0.0000	0.5000	0.0000	14.70
IID_Short	3	LearnedDualEnergy	0.20	4	6	6	0.0000	0.7708	0.0000	55.27
IID_Short	3	RecurrentAttention	0.20	4	6	6	0.0000	0.6875	0.0000	17.85
IID_Short	3	GNN_MessagePassing	0.20	4	6	6	0.0000	0.5208	0.0000	14.07
IID_Short	3	LearnedDualEnergy	0.20	4	7	7	0.0000	0.7917	0.0000	53.68
IID_Short	3	RecurrentAttention	0.20	4	7	7	0.0000	0.7083	0.0000	17.89
IID_Short	3	GNN_MessagePassing	0.20	4	7	7	0.0000	0.4792	0.0000	13.73
IID_Short	3	LearnedDualEnergy	0.20	4	8	8	0.0000	0.7917	0.0000	52.62
IID_Short	3	RecurrentAttention	0.20	4	8	8	0.0000	0.7708	0.0000	18.00
IID_Short	3	GNN_MessagePassing	0.20	4	8	8	0.0000	0.5417	0.0000	13.84
IID_Short	3	LearnedDualEnergy	0.20	4	9	9	0.0000	0.8542	0.0000	58.10
IID_Short	3	RecurrentAttention	0.20	4	9	9	0.0000	0.8542	0.0000	17.87
IID_Short	3	GNN_MessagePassing	0.20	4	9	9	0.0000	0.5625	0.0000	14.07
IID_Short	3	LearnedDualEnergy	0.20	4	10	10	0.0000	0.7500	0.0000	68.26
IID_Short	3	RecurrentAttention	0.20	4	10	10	0.0000	0.7500	0.0000	21.50
IID_Short	3	GNN_MessagePassing	0.20	4	10	10	0.0000	0.4792	0.0000	15.45
IID_Short	3	LearnedDualEnergy	0.20	4	11	11	0.0000	0.7917	0.0000	56.03
IID_Short	3	RecurrentAttention	0.20	4	11	11	0.0000	0.6875	0.0000	20.03
IID_Short	3	GNN_MessagePassing	0.20	4	11	11	0.0000	0.5208	0.0000	13.83
IID_Short	3	LearnedDualEnergy	0.20	4	12	12	0.0000	0.7917	0.0000	54.46
IID_Short	3	RecurrentAttention	0.20	4	12	12	0.0000	0.7083	0.0000	18.73
IID_Short	3	GNN_MessagePassing	0.20	4	12	12	0.0000	0.3958	0.0000	13.84
IID_Short	3	LearnedDualEnergy	0.20	4	13	13	0.0000	0.7500	0.0000	53.84
IID_Short	3	RecurrentAttention	0.20	4	13	13	0.0000	0.6250	0.0000	18.28
IID_Short	3	GNN_MessagePassing	0.20	4	13	13	0.0000	0.5208	0.0000	14.05
IID_Short	3	LearnedDualEnergy	0.20	4	14	14	0.0000	0.8333	0.0000	54.80
IID_Short	3	RecurrentAttention	0.20	4	14	14	0.0000	0.7083	0.0000	18.74
IID_Short	3	GNN_MessagePassing	0.20	4	14	14	0.0000	0.4375	0.0000	15.47
IID_Short	3	LearnedDualEnergy	0.20	4	15	15	0.0000	0.7500	0.0000	57.96
IID_Short	3	RecurrentAttention	0.20	4	15	15	0.0000	0.6458	0.0000	19.00
IID_Short	3	GNN_MessagePassing	0.20	4	15	15	0.0000	0.5000	0.0000	14.51
IID_Short	3	LearnedDualEnergy	0.20	4	16	16	0.0000	0.8333	0.0000	54.38
IID_Short	3	RecurrentAttention	0.20	4	16	16	0.0000	0.8542	0.0000	19.07
IID_Short	3	GNN_MessagePassing	0.20	4	16	16	0.0000	0.5208	0.0000	14.00
IID_Short	3	LearnedDualEnergy	0.20	4	17	17	0.0000	0.7917	0.0000	53.38
IID_Short	3	RecurrentAttention	0.20	4	17	17	0.0000	0.6667	0.0000	17.71
IID_Short	3	GNN_MessagePassing	0.20	4	17	17	0.0000	0.2708	0.0000	13.98
IID_Short	3	LearnedDualEnergy	0.20	4	18	18	0.0000	0.8125	0.0000	53.42
IID_Short	3	RecurrentAttention	0.20	4	18	18	0.0000	0.7708	0.0000	18.01
IID_Short	3	GNN_MessagePassing	0.20	4	18	18	0.0000	0.4583	0.0000	1472.61
IID_Short	3	LearnedDualEnergy	0.20	4	19	19	0.0000	0.8750	0.0000	54.16
IID_Short	3	RecurrentAttention	0.20	4	19	19	0.0000	0.8333	0.0000	18.30
IID_Short	3	GNN_MessagePassing	0.20	4	19	19	0.0000	0.6042	0.0000	14.35
IID_Short	3	LearnedDualEnergy	0.20	8	0	0	0.0000	0.8750	0.0000	162.46
IID_Short	3	RecurrentAttention	0.20	8	0	0	0.0000	0.7917	0.0000	58.28
IID_Short	3	GNN_MessagePassing	0.20	8	0	0	0.0000	0.5417	0.0000	46.83
IID_Short	3	LearnedDualEnergy	0.20	8	1	1	0.0000	0.7292	0.0000	219.14
IID_Short	3	RecurrentAttention	0.20	8	1	1	0.0000	0.7708	0.0000	49.84
IID_Short	3	GNN_MessagePassing	0.20	8	1	1	0.0000	0.5208	0.0000	49.34
IID_Short	3	LearnedDualEnergy	0.20	8	2	2	0.0000	0.8125	0.0000	208.27
IID_Short	3	RecurrentAttention	0.20	8	2	2	0.0000	0.5625	0.0000	48.32
IID_Short	3	GNN_MessagePassing	0.20	8	2	2	0.0000	0.4167	0.0000	50.44
IID_Short	3	LearnedDualEnergy	0.20	8	3	3	0.0000	0.8333	0.0000	154.54
IID_Short	3	RecurrentAttention	0.20	8	3	3	0.0000	0.5833	0.0000	48.21
IID_Short	3	GNN_MessagePassing	0.20	8	3	3	0.0000	0.4792	0.0000	49.66
IID_Short	3	LearnedDualEnergy	0.20	8	4	4	0.0000	0.8333	0.0000	103.44
IID_Short	3	RecurrentAttention	0.20	8	4	4	0.0000	0.6667	0.0000	36.47
IID_Short	3	GNN_MessagePassing	0.20	8	4	4	0.0000	0.3750	0.0000	28.78
IID_Short	3	LearnedDualEnergy	0.20	8	5	5	0.0000	0.7917	0.0000	103.70
IID_Short	3	RecurrentAttention	0.20	8	5	5	0.0000	0.6875	0.0000	66.08
IID_Short	3	GNN_MessagePassing	0.20	8	5	5	0.0000	0.5000	0.0000	28.70
IID_Short	3	LearnedDualEnergy	0.20	8	6	6	0.0000	0.7708	0.0000	105.27
IID_Short	3	RecurrentAttention	0.20	8	6	6	0.0000	0.6250	0.0000	38.70
IID_Short	3	GNN_MessagePassing	0.20	8	6	6	0.0000	0.5417	0.0000	28.80
IID_Short	3	LearnedDualEnergy	0.20	8	7	7	0.0000	0.7917	0.0000	148.27
IID_Short	3	RecurrentAttention	0.20	8	7	7	0.0000	0.6667	0.0000	48.37
IID_Short	3	GNN_MessagePassing	0.20	8	7	7	0.0000	0.4792	0.0000	101.64
IID_Short	3	LearnedDualEnergy	0.20	8	8	8	0.0000	0.7917	0.0000	101.98
IID_Short	3	RecurrentAttention	0.20	8	8	8	0.0000	0.7083	0.0000	37.05
IID_Short	3	GNN_MessagePassing	0.20	8	8	8	0.0000	0.5833	0.0000	28.21
IID_Short	3	LearnedDualEnergy	0.20	8	9	9	0.0000	0.8542	0.0000	104.51
IID_Short	3	RecurrentAttention	0.20	8	9	9	0.0000	0.7917	0.0000	36.95
IID_Short	3	GNN_MessagePassing	0.20	8	9	9	0.0000	0.5625	0.0000	27.79
IID_Short	3	LearnedDualEnergy	0.20	8	10	10	0.0000	0.7500	0.0000	113.39
IID_Short	3	RecurrentAttention	0.20	8	10	10	0.0000	0.6458	0.0000	38.61
IID_Short	3	GNN_MessagePassing	0.20	8	10	10	0.0000	0.5208	0.0000	30.69
IID_Short	3	LearnedDualEnergy	0.20	8	11	11	0.0000	0.7917	0.0000	105.98
IID_Short	3	RecurrentAttention	0.20	8	11	11	0.0000	0.6875	0.0000	38.06
IID_Short	3	GNN_MessagePassing	0.20	8	11	11	0.0000	0.5208	0.0000	47.39
IID_Short	3	LearnedDualEnergy	0.20	8	12	12	0.0000	0.7917	0.0000	106.14
IID_Short	3	RecurrentAttention	0.20	8	12	12	0.0000	0.7083	0.0000	37.46
IID_Short	3	GNN_MessagePassing	0.20	8	12	12	0.0000	0.4792	0.0000	29.77
IID_Short	3	LearnedDualEnergy	0.20	8	13	13	0.0000	0.7500	0.0000	104.79
IID_Short	3	RecurrentAttention	0.20	8	13	13	0.0000	0.6250	0.0000	37.32
IID_Short	3	GNN_MessagePassing	0.20	8	13	13	0.0000	0.6042	0.0000	214.30
IID_Short	3	LearnedDualEnergy	0.20	8	14	14	0.0000	0.8333	0.0000	103.81
IID_Short	3	RecurrentAttention	0.20	8	14	14	0.0000	0.6458	0.0000	36.44
IID_Short	3	GNN_MessagePassing	0.20	8	14	14	0.0000	0.4792	0.0000	28.47
IID_Short	3	LearnedDualEnergy	0.20	8	15	15	0.0000	0.7500	0.0000	155.47
IID_Short	3	RecurrentAttention	0.20	8	15	15	0.0000	0.5625	0.0000	58.19
IID_Short	3	GNN_MessagePassing	0.20	8	15	15	0.0000	0.3958	0.0000	46.50
IID_Short	3	LearnedDualEnergy	0.20	8	16	16	0.0000	0.8333	0.0000	127.00
IID_Short	3	RecurrentAttention	0.20	8	16	16	0.0000	0.8542	0.0000	38.29
IID_Short	3	GNN_MessagePassing	0.20	8	16	16	0.0000	0.5000	0.0000	29.49
IID_Short	3	LearnedDualEnergy	0.20	8	17	17	0.0000	0.7917	0.0000	105.95
IID_Short	3	RecurrentAttention	0.20	8	17	17	0.0000	0.6667	0.0000	36.88
IID_Short	3	GNN_MessagePassing	0.20	8	17	17	0.0000	0.4583	0.0000	27.81
IID_Short	3	LearnedDualEnergy	0.20	8	18	18	0.0000	0.8125	0.0000	151.51
IID_Short	3	RecurrentAttention	0.20	8	18	18	0.0000	0.7292	0.0000	37.89
IID_Short	3	GNN_MessagePassing	0.20	8	18	18	0.0000	0.5000	0.0000	29.14
IID_Short	3	LearnedDualEnergy	0.20	8	19	19	0.0000	0.8750	0.0000	103.92
IID_Short	3	RecurrentAttention	0.20	8	19	19	0.0000	0.7083	0.0000	36.86
IID_Short	3	GNN_MessagePassing	0.20	8	19	19	0.0000	0.5417	0.0000	29.04
IID_Short	3	LearnedDualEnergy	0.20	16	0	0	0.0000	0.8750	0.0000	213.78
IID_Short	3	RecurrentAttention	0.20	16	0	0	0.0000	0.7917	0.0000	74.49
IID_Short	3	GNN_MessagePassing	0.20	16	0	0	0.0000	0.3542	0.0000	58.31
IID_Short	3	LearnedDualEnergy	0.20	16	1	1	0.0000	0.7292	0.0000	204.80
IID_Short	3	RecurrentAttention	0.20	16	1	1	0.0000	0.7917	0.0000	73.38
IID_Short	3	GNN_MessagePassing	0.20	16	1	1	0.0000	0.4583	0.0000	57.59
IID_Short	3	LearnedDualEnergy	0.20	16	2	2	0.0000	0.8125	0.0000	206.51
IID_Short	3	RecurrentAttention	0.20	16	2	2	0.0000	0.5000	0.0000	75.45
IID_Short	3	GNN_MessagePassing	0.20	16	2	2	0.0000	0.3750	0.0000	58.18
IID_Short	3	LearnedDualEnergy	0.20	16	3	3	0.0000	0.8333	0.0000	207.50
IID_Short	3	RecurrentAttention	0.20	16	3	3	0.0000	0.5625	0.0000	106.27
IID_Short	3	GNN_MessagePassing	0.20	16	3	3	0.0000	0.4792	0.0000	57.62
IID_Short	3	LearnedDualEnergy	0.20	16	4	4	0.0000	0.8333	0.0000	205.58
IID_Short	3	RecurrentAttention	0.20	16	4	4	0.0000	0.6667	0.0000	75.47
IID_Short	3	GNN_MessagePassing	0.20	16	4	4	0.0000	0.3958	0.0000	58.21
IID_Short	3	LearnedDualEnergy	0.20	16	5	5	0.0000	0.7917	0.0000	205.33
IID_Short	3	RecurrentAttention	0.20	16	5	5	0.0000	0.6250	0.0000	166.45
IID_Short	3	GNN_MessagePassing	0.20	16	5	5	0.0000	0.6042	0.0000	93.22
IID_Short	3	LearnedDualEnergy	0.20	16	6	6	0.0000	0.7708	0.0000	307.41
IID_Short	3	RecurrentAttention	0.20	16	6	6	0.0000	0.6042	0.0000	127.64
IID_Short	3	GNN_MessagePassing	0.20	16	6	6	0.0000	0.4167	0.0000	192.54
IID_Short	3	LearnedDualEnergy	0.20	16	7	7	0.0000	0.7917	0.0000	292.30
IID_Short	3	RecurrentAttention	0.20	16	7	7	0.0000	0.6875	0.0000	95.81
IID_Short	3	GNN_MessagePassing	0.20	16	7	7	0.0000	0.5417	0.0000	95.53
IID_Short	3	LearnedDualEnergy	0.20	16	8	8	0.0000	0.7917	0.0000	285.99
IID_Short	3	RecurrentAttention	0.20	16	8	8	0.0000	0.6042	0.0000	95.68
IID_Short	3	GNN_MessagePassing	0.20	16	8	8	0.0000	0.6042	0.0000	140.54
IID_Short	3	LearnedDualEnergy	0.20	16	9	9	0.0000	0.8542	0.0000	209.00
IID_Short	3	RecurrentAttention	0.20	16	9	9	0.0000	0.6667	0.0000	75.92
IID_Short	3	GNN_MessagePassing	0.20	16	9	9	0.0000	0.5000	0.0000	57.45
IID_Short	3	LearnedDualEnergy	0.20	16	10	10	0.0000	0.7500	0.0000	219.28
IID_Short	3	RecurrentAttention	0.20	16	10	10	0.0000	0.5833	0.0000	74.57
IID_Short	3	GNN_MessagePassing	0.20	16	10	10	0.0000	0.3958	0.0000	60.15
IID_Short	3	LearnedDualEnergy	0.20	16	11	11	0.0000	0.8125	0.0000	203.25
IID_Short	3	RecurrentAttention	0.20	16	11	11	0.0000	0.6458	0.0000	73.27
IID_Short	3	GNN_MessagePassing	0.20	16	11	11	0.0000	0.5000	0.0000	58.19
IID_Short	3	LearnedDualEnergy	0.20	16	12	12	0.0000	0.7917	0.0000	206.34
IID_Short	3	RecurrentAttention	0.20	16	12	12	0.0000	0.5833	0.0000	73.19
IID_Short	3	GNN_MessagePassing	0.20	16	12	12	0.0000	0.5208	0.0000	57.55
IID_Short	3	LearnedDualEnergy	0.20	16	13	13	0.0000	0.7500	0.0000	207.70
IID_Short	3	RecurrentAttention	0.20	16	13	13	0.0000	0.5833	0.0000	73.78
IID_Short	3	GNN_MessagePassing	0.20	16	13	13	0.0000	0.5625	0.0000	56.29
IID_Short	3	LearnedDualEnergy	0.20	16	14	14	0.0000	0.8333	0.0000	245.49
IID_Short	3	RecurrentAttention	0.20	16	14	14	0.0000	0.6250	0.0000	74.41
IID_Short	3	GNN_MessagePassing	0.20	16	14	14	0.0000	0.3958	0.0000	57.47
IID_Short	3	LearnedDualEnergy	0.20	16	15	15	0.0000	0.7500	0.0000	200.88
IID_Short	3	RecurrentAttention	0.20	16	15	15	0.0000	0.5625	0.0000	73.05
IID_Short	3	GNN_MessagePassing	0.20	16	15	15	0.0000	0.4792	0.0000	57.53
IID_Short	3	LearnedDualEnergy	0.20	16	16	16	0.0000	0.8333	0.0000	208.95
IID_Short	3	RecurrentAttention	0.20	16	16	16	0.0000	0.8750	0.0000	75.32
IID_Short	3	GNN_MessagePassing	0.20	16	16	16	0.0000	0.5000	0.0000	59.93
IID_Short	3	LearnedDualEnergy	0.20	16	17	17	0.0000	0.7708	0.0000	214.93
IID_Short	3	RecurrentAttention	0.20	16	17	17	0.0000	0.5625	0.0000	87.31
IID_Short	3	GNN_MessagePassing	0.20	16	17	17	0.0000	0.4375	0.0000	134.60
IID_Short	3	LearnedDualEnergy	0.20	16	18	18	0.0000	0.7917	0.0000	227.14
IID_Short	3	RecurrentAttention	0.20	16	18	18	0.0000	0.6875	0.0000	77.26
IID_Short	3	GNN_MessagePassing	0.20	16	18	18	0.0000	0.3958	0.0000	106.78
IID_Short	3	LearnedDualEnergy	0.20	16	19	19	0.0000	0.8750	0.0000	239.87
IID_Short	3	RecurrentAttention	0.20	16	19	19	0.0000	0.5208	0.0000	79.83
IID_Short	3	GNN_MessagePassing	0.20	16	19	19	0.0000	0.4792	0.0000	58.52
IID_Short	3	LearnedDualEnergy	0.20	32	0	0	0.0000	0.8542	0.0000	462.35
IID_Short	3	RecurrentAttention	0.20	32	0	0	0.0000	0.7917	0.0000	154.42
IID_Short	3	GNN_MessagePassing	0.20	32	0	0	0.0000	0.3542	0.0000	118.00
IID_Short	3	LearnedDualEnergy	0.20	32	1	1	0.0000	0.7083	0.0000	408.82
IID_Short	3	RecurrentAttention	0.20	32	1	1	0.0000	0.7083	0.0000	147.29
IID_Short	3	GNN_MessagePassing	0.20	32	1	1	0.0000	0.5833	0.0000	153.78
IID_Short	3	LearnedDualEnergy	0.20	32	2	2	0.0000	0.8125	0.0000	410.99
IID_Short	3	RecurrentAttention	0.20	32	2	2	0.0000	0.4583	0.0000	150.39
IID_Short	3	GNN_MessagePassing	0.20	32	2	2	0.0000	0.4167	0.0000	114.51
IID_Short	3	LearnedDualEnergy	0.20	32	3	3	0.0000	0.8333	0.0000	413.22
IID_Short	3	RecurrentAttention	0.20	32	3	3	0.0000	0.5833	0.0000	152.37
IID_Short	3	GNN_MessagePassing	0.20	32	3	3	0.0000	0.5417	0.0000	113.51
IID_Short	3	LearnedDualEnergy	0.20	32	4	4	0.0000	0.8125	0.0000	437.86
IID_Short	3	RecurrentAttention	0.20	32	4	4	0.0000	0.6042	0.0000	184.09
IID_Short	3	GNN_MessagePassing	0.20	32	4	4	0.0000	0.4167	0.0000	126.05
IID_Short	3	LearnedDualEnergy	0.20	32	5	5	0.0000	0.7917	0.0000	904.50
IID_Short	3	RecurrentAttention	0.20	32	5	5	0.0000	0.5208	0.0000	159.31
IID_Short	3	GNN_MessagePassing	0.20	32	5	5	0.0000	0.6458	0.0000	115.17
IID_Short	3	LearnedDualEnergy	0.20	32	6	6	0.0000	0.7917	0.0000	499.67
IID_Short	3	RecurrentAttention	0.20	32	6	6	0.0000	0.6458	0.0000	156.59
IID_Short	3	GNN_MessagePassing	0.20	32	6	6	0.0000	0.5208	0.0000	159.50
IID_Short	3	LearnedDualEnergy	0.20	32	7	7	0.0000	0.7500	0.0000	524.15
IID_Short	3	RecurrentAttention	0.20	32	7	7	0.0000	0.6875	0.0000	149.70
IID_Short	3	GNN_MessagePassing	0.20	32	7	7	0.0000	0.5833	0.0000	114.81
IID_Short	3	LearnedDualEnergy	0.20	32	8	8	0.0000	0.7917	0.0000	407.17
IID_Short	3	RecurrentAttention	0.20	32	8	8	0.0000	0.5625	0.0000	146.70
IID_Short	3	GNN_MessagePassing	0.20	32	8	8	0.0000	0.6250	0.0000	111.51
IID_Short	3	LearnedDualEnergy	0.20	32	9	9	0.0000	0.8125	0.0000	406.63
IID_Short	3	RecurrentAttention	0.20	32	9	9	0.0000	0.4792	0.0000	149.23
IID_Short	3	GNN_MessagePassing	0.20	32	9	9	0.0000	0.5417	0.0000	112.57
IID_Short	3	LearnedDualEnergy	0.20	32	10	10	0.0000	0.7292	0.0000	622.38
IID_Short	3	RecurrentAttention	0.20	32	10	10	0.0000	0.5625	0.0000	265.19
IID_Short	3	GNN_MessagePassing	0.20	32	10	10	0.0000	0.3333	0.0000	214.63
IID_Short	3	LearnedDualEnergy	0.20	32	11	11	0.0000	0.7917	0.0000	571.07
IID_Short	3	RecurrentAttention	0.20	32	11	11	0.0000	0.6458	0.0000	305.11
IID_Short	3	GNN_MessagePassing	0.20	32	11	11	0.0000	0.4583	0.0000	187.60
IID_Short	3	LearnedDualEnergy	0.20	32	12	12	0.0000	0.7917	0.0000	614.92
IID_Short	3	RecurrentAttention	0.20	32	12	12	0.0000	0.5417	0.0000	191.21
IID_Short	3	GNN_MessagePassing	0.20	32	12	12	0.0000	0.5208	0.0000	186.18
IID_Short	3	LearnedDualEnergy	0.20	32	13	13	0.0000	0.7500	0.0000	3852.34
IID_Short	3	RecurrentAttention	0.20	32	13	13	0.0000	0.5833	0.0000	155.13
IID_Short	3	GNN_MessagePassing	0.20	32	13	13	0.0000	0.5625	0.0000	113.22
IID_Short	3	LearnedDualEnergy	0.20	32	14	14	0.0000	0.7917	0.0000	401.06
IID_Short	3	RecurrentAttention	0.20	32	14	14	0.0000	0.6458	0.0000	145.89
IID_Short	3	GNN_MessagePassing	0.20	32	14	14	0.0000	0.3958	0.0000	108.93
IID_Short	3	LearnedDualEnergy	0.20	32	15	15	0.0000	0.7292	0.0000	429.17
IID_Short	3	RecurrentAttention	0.20	32	15	15	0.0000	0.5000	0.0000	145.90
IID_Short	3	GNN_MessagePassing	0.20	32	15	15	0.0000	0.5208	0.0000	112.68
IID_Short	3	LearnedDualEnergy	0.20	32	16	16	0.0000	0.8125	0.0000	402.75
IID_Short	3	RecurrentAttention	0.20	32	16	16	0.0000	0.8125	0.0000	147.96
IID_Short	3	GNN_MessagePassing	0.20	32	16	16	0.0000	0.5000	0.0000	111.96
IID_Short	3	LearnedDualEnergy	0.20	32	17	17	0.0000	0.7500	0.0000	600.10
IID_Short	3	RecurrentAttention	0.20	32	17	17	0.0000	0.5000	0.0000	252.39
IID_Short	3	GNN_MessagePassing	0.20	32	17	17	0.0000	0.4792	0.0000	201.99
IID_Short	3	LearnedDualEnergy	0.20	32	18	18	0.0000	0.7708	0.0000	613.43
IID_Short	3	RecurrentAttention	0.20	32	18	18	0.0000	0.5833	0.0000	195.37
IID_Short	3	GNN_MessagePassing	0.20	32	18	18	0.0000	0.5417	0.0000	190.09
IID_Short	3	LearnedDualEnergy	0.20	32	19	19	0.0000	0.8333	0.0000	566.74
IID_Short	3	RecurrentAttention	0.20	32	19	19	0.0000	0.5625	0.0000	234.11
IID_Short	3	GNN_MessagePassing	0.20	32	19	19	0.0000	0.3958	0.0000	385.66
IID_Short	3	LearnedDualEnergy	0.30	1	0	0	0.0000	0.7500	0.0000	35.90
IID_Short	3	RecurrentAttention	0.30	1	0	0	0.0000	0.7500	0.0000	7.54
IID_Short	3	GNN_MessagePassing	0.30	1	0	0	0.0000	0.5000	0.0000	7.13
IID_Short	3	LearnedDualEnergy	0.30	1	1	1	0.0000	0.6667	0.0000	25.56
IID_Short	3	RecurrentAttention	0.30	1	1	1	0.0000	0.6875	0.0000	6.34
IID_Short	3	GNN_MessagePassing	0.30	1	1	1	0.0000	0.6875	0.0000	6.12
IID_Short	3	LearnedDualEnergy	0.30	1	2	2	0.0000	0.6875	0.0000	24.19
IID_Short	3	RecurrentAttention	0.30	1	2	2	0.0000	0.6875	0.0000	32.81
IID_Short	3	GNN_MessagePassing	0.30	1	2	2	0.0000	0.4792	0.0000	6.34
IID_Short	3	LearnedDualEnergy	0.30	1	3	3	0.0000	0.7500	0.0000	25.48
IID_Short	3	RecurrentAttention	0.30	1	3	3	0.0000	0.7500	0.0000	6.06
IID_Short	3	GNN_MessagePassing	0.30	1	3	3	0.0000	0.4375	0.0000	7.34
IID_Short	3	LearnedDualEnergy	0.30	1	4	4	0.0000	0.7292	0.0000	25.53
IID_Short	3	RecurrentAttention	0.30	1	4	4	0.0000	0.7292	0.0000	6.28
IID_Short	3	GNN_MessagePassing	0.30	1	4	4	0.0000	0.4583	0.0000	6.43
IID_Short	3	LearnedDualEnergy	0.30	1	5	5	0.0000	0.6875	0.0000	25.55
IID_Short	3	RecurrentAttention	0.30	1	5	5	0.0000	0.6875	0.0000	6.24
IID_Short	3	GNN_MessagePassing	0.30	1	5	5	0.0000	0.5417	0.0000	6.52
IID_Short	3	LearnedDualEnergy	0.30	1	6	6	0.0000	0.5833	0.0000	25.35
IID_Short	3	RecurrentAttention	0.30	1	6	6	0.0000	0.5625	0.0000	6.87
IID_Short	3	GNN_MessagePassing	0.30	1	6	6	0.0000	0.5000	0.0000	6.31
IID_Short	3	LearnedDualEnergy	0.30	1	7	7	0.0000	0.6667	0.0000	24.72
IID_Short	3	RecurrentAttention	0.30	1	7	7	0.0000	0.6667	0.0000	6.45
IID_Short	3	GNN_MessagePassing	0.30	1	7	7	0.0000	0.5208	0.0000	6.06
IID_Short	3	LearnedDualEnergy	0.30	1	8	8	0.0000	0.5833	0.0000	16.83
IID_Short	3	RecurrentAttention	0.30	1	8	8	0.0000	0.5833	0.0000	4.81
IID_Short	3	GNN_MessagePassing	0.30	1	8	8	0.0000	0.4375	0.0000	3.76
IID_Short	3	LearnedDualEnergy	0.30	1	9	9	0.0000	0.6875	0.0000	24.84
IID_Short	3	RecurrentAttention	0.30	1	9	9	0.0000	0.6667	0.0000	6.56
IID_Short	3	GNN_MessagePassing	0.30	1	9	9	0.0000	0.4792	0.0000	6.44
IID_Short	3	LearnedDualEnergy	0.30	1	10	10	0.0000	0.6667	0.0000	22.39
IID_Short	3	RecurrentAttention	0.30	1	10	10	0.0000	0.6667	0.0000	5.53
IID_Short	3	GNN_MessagePassing	0.30	1	10	10	0.0000	0.5000	0.0000	4.55
IID_Short	3	LearnedDualEnergy	0.30	1	11	11	0.0000	0.6458	0.0000	17.72
IID_Short	3	RecurrentAttention	0.30	1	11	11	0.0000	0.6458	0.0000	4.77
IID_Short	3	GNN_MessagePassing	0.30	1	11	11	0.0000	0.4375	0.0000	3.88
IID_Short	3	LearnedDualEnergy	0.30	1	12	12	0.0000	0.7083	0.0000	52.08
IID_Short	3	RecurrentAttention	0.30	1	12	12	0.0000	0.7083	0.0000	4.71
IID_Short	3	GNN_MessagePassing	0.30	1	12	12	0.0000	0.5208	0.0000	3.73
IID_Short	3	LearnedDualEnergy	0.30	1	13	13	0.0000	0.6250	0.0000	17.19
IID_Short	3	RecurrentAttention	0.30	1	13	13	0.0000	0.5833	0.0000	4.68
IID_Short	3	GNN_MessagePassing	0.30	1	13	13	0.0000	0.6458	0.0000	3.70
IID_Short	3	LearnedDualEnergy	0.30	1	14	14	0.0000	0.7708	0.0000	17.01
IID_Short	3	RecurrentAttention	0.30	1	14	14	0.0000	0.7292	0.0000	5.18
IID_Short	3	GNN_MessagePassing	0.30	1	14	14	0.0000	0.5000	0.0000	3.86
IID_Short	3	LearnedDualEnergy	0.30	1	15	15	0.0000	0.6667	0.0000	16.76
IID_Short	3	RecurrentAttention	0.30	1	15	15	0.0000	0.6250	0.0000	4.60
IID_Short	3	GNN_MessagePassing	0.30	1	15	15	0.0000	0.5000	0.0000	3.70
IID_Short	3	LearnedDualEnergy	0.30	1	16	16	0.0000	0.6458	0.0000	17.79
IID_Short	3	RecurrentAttention	0.30	1	16	16	0.0000	0.6458	0.0000	4.57
IID_Short	3	GNN_MessagePassing	0.30	1	16	16	0.0000	0.5625	0.0000	3.63
IID_Short	3	LearnedDualEnergy	0.30	1	17	17	0.0000	0.7083	0.0000	17.44
IID_Short	3	RecurrentAttention	0.30	1	17	17	0.0000	0.7083	0.0000	4.45
IID_Short	3	GNN_MessagePassing	0.30	1	17	17	0.0000	0.5208	0.0000	3.74
IID_Short	3	LearnedDualEnergy	0.30	1	18	18	0.0000	0.6458	0.0000	17.27
IID_Short	3	RecurrentAttention	0.30	1	18	18	0.0000	0.6458	0.0000	4.90
IID_Short	3	GNN_MessagePassing	0.30	1	18	18	0.0000	0.4167	0.0000	3.60
IID_Short	3	LearnedDualEnergy	0.30	1	19	19	0.0000	0.7083	0.0000	17.01
IID_Short	3	RecurrentAttention	0.30	1	19	19	0.0000	0.7083	0.0000	4.41
IID_Short	3	GNN_MessagePassing	0.30	1	19	19	0.0000	0.5417	0.0000	3.93
IID_Short	3	LearnedDualEnergy	0.30	2	0	0	0.0000	0.7500	0.0000	38.37
IID_Short	3	RecurrentAttention	0.30	2	0	0	0.0000	0.7292	0.0000	12.40
IID_Short	3	GNN_MessagePassing	0.30	2	0	0	0.0000	0.5417	0.0000	8.07
IID_Short	3	LearnedDualEnergy	0.30	2	1	1	0.0000	0.6667	0.0000	29.32
IID_Short	3	RecurrentAttention	0.30	2	1	1	0.0000	0.7083	0.0000	9.22
IID_Short	3	GNN_MessagePassing	0.30	2	1	1	0.0000	0.3750	0.0000	7.26
IID_Short	3	LearnedDualEnergy	0.30	2	2	2	0.0000	0.6875	0.0000	30.32
IID_Short	3	RecurrentAttention	0.30	2	2	2	0.0000	0.6667	0.0000	9.60
IID_Short	3	GNN_MessagePassing	0.30	2	2	2	0.0000	0.5208	0.0000	7.11
IID_Short	3	LearnedDualEnergy	0.30	2	3	3	0.0000	0.7500	0.0000	30.01
IID_Short	3	RecurrentAttention	0.30	2	3	3	0.0000	0.7500	0.0000	9.96
IID_Short	3	GNN_MessagePassing	0.30	2	3	3	0.0000	0.5000	0.0000	7.22
IID_Short	3	LearnedDualEnergy	0.30	2	4	4	0.0000	0.7292	0.0000	29.62
IID_Short	3	RecurrentAttention	0.30	2	4	4	0.0000	0.6875	0.0000	9.22
IID_Short	3	GNN_MessagePassing	0.30	2	4	4	0.0000	0.5208	0.0000	7.15
IID_Short	3	LearnedDualEnergy	0.30	2	5	5	0.0000	0.6875	0.0000	29.59
IID_Short	3	RecurrentAttention	0.30	2	5	5	0.0000	0.6875	0.0000	10.08
IID_Short	3	GNN_MessagePassing	0.30	2	5	5	0.0000	0.5000	0.0000	6.94
IID_Short	3	LearnedDualEnergy	0.30	2	6	6	0.0000	0.5833	0.0000	30.70
IID_Short	3	RecurrentAttention	0.30	2	6	6	0.0000	0.5625	0.0000	9.13
IID_Short	3	GNN_MessagePassing	0.30	2	6	6	0.0000	0.4583	0.0000	7.56
IID_Short	3	LearnedDualEnergy	0.30	2	7	7	0.0000	0.6667	0.0000	30.51
IID_Short	3	RecurrentAttention	0.30	2	7	7	0.0000	0.6042	0.0000	9.35
IID_Short	3	GNN_MessagePassing	0.30	2	7	7	0.0000	0.4792	0.0000	7.32
IID_Short	3	LearnedDualEnergy	0.30	2	8	8	0.0000	0.5833	0.0000	29.22
IID_Short	3	RecurrentAttention	0.30	2	8	8	0.0000	0.5417	0.0000	8.98
IID_Short	3	GNN_MessagePassing	0.30	2	8	8	0.0000	0.4792	0.0000	7.24
IID_Short	3	LearnedDualEnergy	0.30	2	9	9	0.0000	0.6875	0.0000	29.73
IID_Short	3	RecurrentAttention	0.30	2	9	9	0.0000	0.6458	0.0000	9.76
IID_Short	3	GNN_MessagePassing	0.30	2	9	9	0.0000	0.6042	0.0000	7.16
IID_Short	3	LearnedDualEnergy	0.30	2	10	10	0.0000	0.6667	0.0000	49.90
IID_Short	3	RecurrentAttention	0.30	2	10	10	0.0000	0.6042	0.0000	12.90
IID_Short	3	GNN_MessagePassing	0.30	2	10	10	0.0000	0.6250	0.0000	12.44
IID_Short	3	LearnedDualEnergy	0.30	2	11	11	0.0000	0.6458	0.0000	41.42
IID_Short	3	RecurrentAttention	0.30	2	11	11	0.0000	0.6667	0.0000	12.16
IID_Short	3	GNN_MessagePassing	0.30	2	11	11	0.0000	0.4167	0.0000	11.56
IID_Short	3	LearnedDualEnergy	0.30	2	12	12	0.0000	0.7083	0.0000	40.60
IID_Short	3	RecurrentAttention	0.30	2	12	12	0.0000	0.7083	0.0000	11.73
IID_Short	3	GNN_MessagePassing	0.30	2	12	12	0.0000	0.4792	0.0000	12.03
IID_Short	3	LearnedDualEnergy	0.30	2	13	13	0.0000	0.6250	0.0000	40.91
IID_Short	3	RecurrentAttention	0.30	2	13	13	0.0000	0.5208	0.0000	13.06
IID_Short	3	GNN_MessagePassing	0.30	2	13	13	0.0000	0.5417	0.0000	11.48
IID_Short	3	LearnedDualEnergy	0.30	2	14	14	0.0000	0.7708	0.0000	40.86
IID_Short	3	RecurrentAttention	0.30	2	14	14	0.0000	0.6667	0.0000	11.71
IID_Short	3	GNN_MessagePassing	0.30	2	14	14	0.0000	0.5000	0.0000	11.47
IID_Short	3	LearnedDualEnergy	0.30	2	15	15	0.0000	0.6667	0.0000	40.64
IID_Short	3	RecurrentAttention	0.30	2	15	15	0.0000	0.6250	0.0000	11.67
IID_Short	3	GNN_MessagePassing	0.30	2	15	15	0.0000	0.3750	0.0000	45.38
IID_Short	3	LearnedDualEnergy	0.30	2	16	16	0.0000	0.6458	0.0000	41.79
IID_Short	3	RecurrentAttention	0.30	2	16	16	0.0000	0.6042	0.0000	11.97
IID_Short	3	GNN_MessagePassing	0.30	2	16	16	0.0000	0.3542	0.0000	12.40
IID_Short	3	LearnedDualEnergy	0.30	2	17	17	0.0000	0.7083	0.0000	29.58
IID_Short	3	RecurrentAttention	0.30	2	17	17	0.0000	0.6875	0.0000	10.01
IID_Short	3	GNN_MessagePassing	0.30	2	17	17	0.0000	0.3958	0.0000	7.39
IID_Short	3	LearnedDualEnergy	0.30	2	18	18	0.0000	0.6458	0.0000	41.77
IID_Short	3	RecurrentAttention	0.30	2	18	18	0.0000	0.6042	0.0000	11.86
IID_Short	3	GNN_MessagePassing	0.30	2	18	18	0.0000	0.4167	0.0000	12.03
IID_Short	3	LearnedDualEnergy	0.30	2	19	19	0.0000	0.7083	0.0000	29.50
IID_Short	3	RecurrentAttention	0.30	2	19	19	0.0000	0.6667	0.0000	8.95
IID_Short	3	GNN_MessagePassing	0.30	2	19	19	0.0000	0.4583	0.0000	7.21
IID_Short	3	LearnedDualEnergy	0.30	4	0	0	0.0000	0.7500	0.0000	79.43
IID_Short	3	RecurrentAttention	0.30	4	0	0	0.0000	0.7083	0.0000	23.54
IID_Short	3	GNN_MessagePassing	0.30	4	0	0	0.0000	0.4583	0.0000	24.56
IID_Short	3	LearnedDualEnergy	0.30	4	1	1	0.0000	0.6667	0.0000	75.50
IID_Short	3	RecurrentAttention	0.30	4	1	1	0.0000	0.6667	0.0000	23.84
IID_Short	3	GNN_MessagePassing	0.30	4	1	1	0.0000	0.5208	0.0000	24.51
IID_Short	3	LearnedDualEnergy	0.30	4	2	2	0.0000	0.6875	0.0000	76.14
IID_Short	3	RecurrentAttention	0.30	4	2	2	0.0000	0.6042	0.0000	22.92
IID_Short	3	GNN_MessagePassing	0.30	4	2	2	0.0000	0.4167	0.0000	23.00
IID_Short	3	LearnedDualEnergy	0.30	4	3	3	0.0000	0.7500	0.0000	75.02
IID_Short	3	RecurrentAttention	0.30	4	3	3	0.0000	0.7292	0.0000	23.28
IID_Short	3	GNN_MessagePassing	0.30	4	3	3	0.0000	0.4583	0.0000	55.90
IID_Short	3	LearnedDualEnergy	0.30	4	4	4	0.0000	0.7292	0.0000	135.24
IID_Short	3	RecurrentAttention	0.30	4	4	4	0.0000	0.6875	0.0000	19.17
IID_Short	3	GNN_MessagePassing	0.30	4	4	4	0.0000	0.5833	0.0000	14.18
IID_Short	3	LearnedDualEnergy	0.30	4	5	5	0.0000	0.6875	0.0000	55.82
IID_Short	3	RecurrentAttention	0.30	4	5	5	0.0000	0.6042	0.0000	18.18
IID_Short	3	GNN_MessagePassing	0.30	4	5	5	0.0000	0.5625	0.0000	13.82
IID_Short	3	LearnedDualEnergy	0.30	4	6	6	0.0000	0.5833	0.0000	55.66
IID_Short	3	RecurrentAttention	0.30	4	6	6	0.0000	0.6042	0.0000	19.15
IID_Short	3	GNN_MessagePassing	0.30	4	6	6	0.0000	0.5625	0.0000	13.96
IID_Short	3	LearnedDualEnergy	0.30	4	7	7	0.0000	0.6667	0.0000	65.29
IID_Short	3	RecurrentAttention	0.30	4	7	7	0.0000	0.6042	0.0000	22.29
IID_Short	3	GNN_MessagePassing	0.30	4	7	7	0.0000	0.4792	0.0000	18.87
IID_Short	3	LearnedDualEnergy	0.30	4	8	8	0.0000	0.5833	0.0000	53.78
IID_Short	3	RecurrentAttention	0.30	4	8	8	0.0000	0.5417	0.0000	17.94
IID_Short	3	GNN_MessagePassing	0.30	4	8	8	0.0000	0.4583	0.0000	13.69
IID_Short	3	LearnedDualEnergy	0.30	4	9	9	0.0000	0.6875	0.0000	56.21
IID_Short	3	RecurrentAttention	0.30	4	9	9	0.0000	0.6458	0.0000	18.92
IID_Short	3	GNN_MessagePassing	0.30	4	9	9	0.0000	0.5625	0.0000	13.83
IID_Short	3	LearnedDualEnergy	0.30	4	10	10	0.0000	0.6667	0.0000	90.79
IID_Short	3	RecurrentAttention	0.30	4	10	10	0.0000	0.5625	0.0000	26.04
IID_Short	3	GNN_MessagePassing	0.30	4	10	10	0.0000	0.5208	0.0000	23.70
IID_Short	3	LearnedDualEnergy	0.30	4	11	11	0.0000	0.6458	0.0000	77.49
IID_Short	3	RecurrentAttention	0.30	4	11	11	0.0000	0.6042	0.0000	56.16
IID_Short	3	GNN_MessagePassing	0.30	4	11	11	0.0000	0.5208	0.0000	23.75
IID_Short	3	LearnedDualEnergy	0.30	4	12	12	0.0000	0.7083	0.0000	75.87
IID_Short	3	RecurrentAttention	0.30	4	12	12	0.0000	0.7083	0.0000	23.68
IID_Short	3	GNN_MessagePassing	0.30	4	12	12	0.0000	0.4583	0.0000	24.43
IID_Short	3	LearnedDualEnergy	0.30	4	13	13	0.0000	0.6250	0.0000	73.93
IID_Short	3	RecurrentAttention	0.30	4	13	13	0.0000	0.4792	0.0000	22.79
IID_Short	3	GNN_MessagePassing	0.30	4	13	13	0.0000	0.6042	0.0000	24.09
IID_Short	3	LearnedDualEnergy	0.30	4	14	14	0.0000	0.7708	0.0000	53.31
IID_Short	3	RecurrentAttention	0.30	4	14	14	0.0000	0.6250	0.0000	19.02
IID_Short	3	GNN_MessagePassing	0.30	4	14	14	0.0000	0.4375	0.0000	14.00
IID_Short	3	LearnedDualEnergy	0.30	4	15	15	0.0000	0.6667	0.0000	60.02
IID_Short	3	RecurrentAttention	0.30	4	15	15	0.0000	0.6042	0.0000	19.76
IID_Short	3	GNN_MessagePassing	0.30	4	15	15	0.0000	0.5625	0.0000	15.63
IID_Short	3	LearnedDualEnergy	0.30	4	16	16	0.0000	0.6458	0.0000	55.05
IID_Short	3	RecurrentAttention	0.30	4	16	16	0.0000	0.6042	0.0000	17.98
IID_Short	3	GNN_MessagePassing	0.30	4	16	16	0.0000	0.4375	0.0000	14.43
IID_Short	3	LearnedDualEnergy	0.30	4	17	17	0.0000	0.7083	0.0000	53.62
IID_Short	3	RecurrentAttention	0.30	4	17	17	0.0000	0.6250	0.0000	18.18
IID_Short	3	GNN_MessagePassing	0.30	4	17	17	0.0000	0.5000	0.0000	14.04
IID_Short	3	LearnedDualEnergy	0.30	4	18	18	0.0000	0.6458	0.0000	55.16
IID_Short	3	RecurrentAttention	0.30	4	18	18	0.0000	0.6042	0.0000	18.25
IID_Short	3	GNN_MessagePassing	0.30	4	18	18	0.0000	0.4375	0.0000	13.71
IID_Short	3	LearnedDualEnergy	0.30	4	19	19	0.0000	0.7083	0.0000	54.71
IID_Short	3	RecurrentAttention	0.30	4	19	19	0.0000	0.5833	0.0000	19.08
IID_Short	3	GNN_MessagePassing	0.30	4	19	19	0.0000	0.6250	0.0000	14.40
IID_Short	3	LearnedDualEnergy	0.30	8	0	0	0.0000	0.7500	0.0000	153.77
IID_Short	3	RecurrentAttention	0.30	8	0	0	0.0000	0.7292	0.0000	48.02
IID_Short	3	GNN_MessagePassing	0.30	8	0	0	0.0000	0.4167	0.0000	47.59
IID_Short	3	LearnedDualEnergy	0.30	8	1	1	0.0000	0.6667	0.0000	147.72
IID_Short	3	RecurrentAttention	0.30	8	1	1	0.0000	0.7083	0.0000	48.56
IID_Short	3	GNN_MessagePassing	0.30	8	1	1	0.0000	0.4583	0.0000	48.25
IID_Short	3	LearnedDualEnergy	0.30	8	2	2	0.0000	0.6875	0.0000	141.58
IID_Short	3	RecurrentAttention	0.30	8	2	2	0.0000	0.5833	0.0000	37.82
IID_Short	3	GNN_MessagePassing	0.30	8	2	2	0.0000	0.3125	0.0000	30.16
IID_Short	3	LearnedDualEnergy	0.30	8	3	3	0.0000	0.7500	0.0000	105.89
IID_Short	3	RecurrentAttention	0.30	8	3	3	0.0000	0.7083	0.0000	38.75
IID_Short	3	GNN_MessagePassing	0.30	8	3	3	0.0000	0.5208	0.0000	28.64
IID_Short	3	LearnedDualEnergy	0.30	8	4	4	0.0000	0.7292	0.0000	104.60
IID_Short	3	RecurrentAttention	0.30	8	4	4	0.0000	0.6667	0.0000	37.55
IID_Short	3	GNN_MessagePassing	0.30	8	4	4	0.0000	0.3958	0.0000	28.80
IID_Short	3	LearnedDualEnergy	0.30	8	5	5	0.0000	0.6875	0.0000	154.36
IID_Short	3	RecurrentAttention	0.30	8	5	5	0.0000	0.5625	0.0000	80.23
IID_Short	3	GNN_MessagePassing	0.30	8	5	5	0.0000	0.5833	0.0000	46.22
IID_Short	3	LearnedDualEnergy	0.30	8	6	6	0.0000	0.5833	0.0000	147.56
IID_Short	3	RecurrentAttention	0.30	8	6	6	0.0000	0.5208	0.0000	48.29
IID_Short	3	GNN_MessagePassing	0.30	8	6	6	0.0000	0.4583	0.0000	47.11
IID_Short	3	LearnedDualEnergy	0.30	8	7	7	0.0000	0.6667	0.0000	145.93
IID_Short	3	RecurrentAttention	0.30	8	7	7	0.0000	0.5625	0.0000	80.42
IID_Short	3	GNN_MessagePassing	0.30	8	7	7	0.0000	0.5625	0.0000	47.54
IID_Short	3	LearnedDualEnergy	0.30	8	8	8	0.0000	0.5833	0.0000	147.47
IID_Short	3	RecurrentAttention	0.30	8	8	8	0.0000	0.5625	0.0000	48.86
IID_Short	3	GNN_MessagePassing	0.30	8	8	8	0.0000	0.6458	0.0000	47.52
IID_Short	3	LearnedDualEnergy	0.30	8	9	9	0.0000	0.6875	0.0000	148.23
IID_Short	3	RecurrentAttention	0.30	8	9	9	0.0000	0.6042	0.0000	48.86
IID_Short	3	GNN_MessagePassing	0.30	8	9	9	0.0000	0.5000	0.0000	47.65
IID_Short	3	LearnedDualEnergy	0.30	8	10	10	0.0000	0.6667	0.0000	114.82
IID_Short	3	RecurrentAttention	0.30	8	10	10	0.0000	0.5417	0.0000	40.64
IID_Short	3	GNN_MessagePassing	0.30	8	10	10	0.0000	0.5417	0.0000	30.54
IID_Short	3	LearnedDualEnergy	0.30	8	11	11	0.0000	0.6458	0.0000	108.18
IID_Short	3	RecurrentAttention	0.30	8	11	11	0.0000	0.5625	0.0000	37.60
IID_Short	3	GNN_MessagePassing	0.30	8	11	11	0.0000	0.3958	0.0000	29.03
IID_Short	3	LearnedDualEnergy	0.30	8	12	12	0.0000	0.7083	0.0000	105.31
IID_Short	3	RecurrentAttention	0.30	8	12	12	0.0000	0.6875	0.0000	36.51
IID_Short	3	GNN_MessagePassing	0.30	8	12	12	0.0000	0.4583	0.0000	28.46
IID_Short	3	LearnedDualEnergy	0.30	8	13	13	0.0000	0.6250	0.0000	126.02
IID_Short	3	RecurrentAttention	0.30	8	13	13	0.0000	0.4792	0.0000	37.63
IID_Short	3	GNN_MessagePassing	0.30	8	13	13	0.0000	0.6875	0.0000	29.43
IID_Short	3	LearnedDualEnergy	0.30	8	14	14	0.0000	0.7708	0.0000	111.38
IID_Short	3	RecurrentAttention	0.30	8	14	14	0.0000	0.5833	0.0000	36.92
IID_Short	3	GNN_MessagePassing	0.30	8	14	14	0.0000	0.4375	0.0000	40.27
IID_Short	3	LearnedDualEnergy	0.30	8	15	15	0.0000	0.6667	0.0000	102.31
IID_Short	3	RecurrentAttention	0.30	8	15	15	0.0000	0.5625	0.0000	37.59
IID_Short	3	GNN_MessagePassing	0.30	8	15	15	0.0000	0.4375	0.0000	28.09
IID_Short	3	LearnedDualEnergy	0.30	8	16	16	0.0000	0.6458	0.0000	104.78
IID_Short	3	RecurrentAttention	0.30	8	16	16	0.0000	0.6250	0.0000	36.49
IID_Short	3	GNN_MessagePassing	0.30	8	16	16	0.0000	0.5625	0.0000	27.72
IID_Short	3	LearnedDualEnergy	0.30	8	17	17	0.0000	0.7083	0.0000	106.82
IID_Short	3	RecurrentAttention	0.30	8	17	17	0.0000	0.6250	0.0000	36.92
IID_Short	3	GNN_MessagePassing	0.30	8	17	17	0.0000	0.5208	0.0000	29.12
IID_Short	3	LearnedDualEnergy	0.30	8	18	18	0.0000	0.6458	0.0000	149.52
IID_Short	3	RecurrentAttention	0.30	8	18	18	0.0000	0.4792	0.0000	66.01
IID_Short	3	GNN_MessagePassing	0.30	8	18	18	0.0000	0.5417	0.0000	52.59
IID_Short	3	LearnedDualEnergy	0.30	8	19	19	0.0000	0.7083	0.0000	108.98
IID_Short	3	RecurrentAttention	0.30	8	19	19	0.0000	0.5625	0.0000	40.08
IID_Short	3	GNN_MessagePassing	0.30	8	19	19	0.0000	0.5625	0.0000	28.61
IID_Short	3	LearnedDualEnergy	0.30	16	0	0	0.0000	0.7500	0.0000	330.06
IID_Short	3	RecurrentAttention	0.30	16	0	0	0.0000	0.6875	0.0000	94.25
IID_Short	3	GNN_MessagePassing	0.30	16	0	0	0.0000	0.3750	0.0000	94.14
IID_Short	3	LearnedDualEnergy	0.30	16	1	1	0.0000	0.6667	0.0000	290.71
IID_Short	3	RecurrentAttention	0.30	16	1	1	0.0000	0.6667	0.0000	99.44
IID_Short	3	GNN_MessagePassing	0.30	16	1	1	0.0000	0.4792	0.0000	100.60
IID_Short	3	LearnedDualEnergy	0.30	16	2	2	0.0000	0.6875	0.0000	302.41
IID_Short	3	RecurrentAttention	0.30	16	2	2	0.0000	0.5833	0.0000	98.77
IID_Short	3	GNN_MessagePassing	0.30	16	2	2	0.0000	0.5000	0.0000	134.59
IID_Short	3	LearnedDualEnergy	0.30	16	3	3	0.0000	0.7500	0.0000	287.19
IID_Short	3	RecurrentAttention	0.30	16	3	3	0.0000	0.7083	0.0000	94.06
IID_Short	3	GNN_MessagePassing	0.30	16	3	3	0.0000	0.5417	0.0000	97.08
IID_Short	3	LearnedDualEnergy	0.30	16	4	4	0.0000	0.7292	0.0000	294.16
IID_Short	3	RecurrentAttention	0.30	16	4	4	0.0000	0.6875	0.0000	95.57
IID_Short	3	GNN_MessagePassing	0.30	16	4	4	0.0000	0.4375	0.0000	96.53
IID_Short	3	LearnedDualEnergy	0.30	16	5	5	0.0000	0.6875	0.0000	283.73
IID_Short	3	RecurrentAttention	0.30	16	5	5	0.0000	0.5833	0.0000	95.33
IID_Short	3	GNN_MessagePassing	0.30	16	5	5	0.0000	0.6250	0.0000	96.95
IID_Short	3	LearnedDualEnergy	0.30	16	6	6	0.0000	0.6042	0.0000	306.14
IID_Short	3	RecurrentAttention	0.30	16	6	6	0.0000	0.5000	0.0000	99.93
IID_Short	3	GNN_MessagePassing	0.30	16	6	6	0.0000	0.5208	0.0000	135.20
IID_Short	3	LearnedDualEnergy	0.30	16	7	7	0.0000	0.6875	0.0000	288.38
IID_Short	3	RecurrentAttention	0.30	16	7	7	0.0000	0.5417	0.0000	96.78
IID_Short	3	GNN_MessagePassing	0.30	16	7	7	0.0000	0.5833	0.0000	94.65
IID_Short	3	LearnedDualEnergy	0.30	16	8	8	0.0000	0.5833	0.0000	201.93
IID_Short	3	RecurrentAttention	0.30	16	8	8	0.0000	0.5833	0.0000	74.83
IID_Short	3	GNN_MessagePassing	0.30	16	8	8	0.0000	0.6250	0.0000	57.35
IID_Short	3	LearnedDualEnergy	0.30	16	9	9	0.0000	0.6875	0.0000	324.54
IID_Short	3	RecurrentAttention	0.30	16	9	9	0.0000	0.3958	0.0000	143.36
IID_Short	3	GNN_MessagePassing	0.30	16	9	9	0.0000	0.5208	0.0000	98.30
IID_Short	3	LearnedDualEnergy	0.30	16	10	10	0.0000	0.6667	0.0000	216.13
IID_Short	3	RecurrentAttention	0.30	16	10	10	0.0000	0.5417	0.0000	129.94
IID_Short	3	GNN_MessagePassing	0.30	16	10	10	0.0000	0.4167	0.0000	60.12
IID_Short	3	LearnedDualEnergy	0.30	16	11	11	0.0000	0.6458	0.0000	208.80
IID_Short	3	RecurrentAttention	0.30	16	11	11	0.0000	0.6250	0.0000	75.95
IID_Short	3	GNN_MessagePassing	0.30	16	11	11	0.0000	0.4792	0.0000	58.19
IID_Short	3	LearnedDualEnergy	0.30	16	12	12	0.0000	0.7083	0.0000	205.28
IID_Short	3	RecurrentAttention	0.30	16	12	12	0.0000	0.5417	0.0000	74.33
IID_Short	3	GNN_MessagePassing	0.30	16	12	12	0.0000	0.5417	0.0000	57.14
IID_Short	3	LearnedDualEnergy	0.30	16	13	13	0.0000	0.6250	0.0000	202.44
IID_Short	3	RecurrentAttention	0.30	16	13	13	0.0000	0.4583	0.0000	74.88
IID_Short	3	GNN_MessagePassing	0.30	16	13	13	0.0000	0.6458	0.0000	56.46
IID_Short	3	LearnedDualEnergy	0.30	16	14	14	0.0000	0.7708	0.0000	236.80
IID_Short	3	RecurrentAttention	0.30	16	14	14	0.0000	0.6042	0.0000	74.13
IID_Short	3	GNN_MessagePassing	0.30	16	14	14	0.0000	0.3958	0.0000	57.83
IID_Short	3	LearnedDualEnergy	0.30	16	15	15	0.0000	0.6667	0.0000	202.32
IID_Short	3	RecurrentAttention	0.30	16	15	15	0.0000	0.5625	0.0000	73.78
IID_Short	3	GNN_MessagePassing	0.30	16	15	15	0.0000	0.3750	0.0000	57.73
IID_Short	3	LearnedDualEnergy	0.30	16	16	16	0.0000	0.6458	0.0000	332.74
IID_Short	3	RecurrentAttention	0.30	16	16	16	0.0000	0.6250	0.0000	76.58
IID_Short	3	GNN_MessagePassing	0.30	16	16	16	0.0000	0.6250	0.0000	56.97
IID_Short	3	LearnedDualEnergy	0.30	16	17	17	0.0000	0.7083	0.0000	203.37
IID_Short	3	RecurrentAttention	0.30	16	17	17	0.0000	0.5625	0.0000	72.99
IID_Short	3	GNN_MessagePassing	0.30	16	17	17	0.0000	0.4583	0.0000	56.40
IID_Short	3	LearnedDualEnergy	0.30	16	18	18	0.0000	0.6250	0.0000	242.95
IID_Short	3	RecurrentAttention	0.30	16	18	18	0.0000	0.5000	0.0000	74.37
IID_Short	3	GNN_MessagePassing	0.30	16	18	18	0.0000	0.4167	0.0000	57.72
IID_Short	3	LearnedDualEnergy	0.30	16	19	19	0.0000	0.7083	0.0000	205.52
IID_Short	3	RecurrentAttention	0.30	16	19	19	0.0000	0.5208	0.0000	101.79
IID_Short	3	GNN_MessagePassing	0.30	16	19	19	0.0000	0.4375	0.0000	57.59
IID_Short	3	LearnedDualEnergy	0.30	32	0	0	0.0000	0.6875	0.0000	603.95
IID_Short	3	RecurrentAttention	0.30	32	0	0	0.0000	0.6875	0.0000	195.69
IID_Short	3	GNN_MessagePassing	0.30	32	0	0	0.0000	0.3542	0.0000	200.91
IID_Short	3	LearnedDualEnergy	0.30	32	1	1	0.0000	0.6458	0.0000	572.56
IID_Short	3	RecurrentAttention	0.30	32	1	1	0.0000	0.6250	0.0000	242.00
IID_Short	3	GNN_MessagePassing	0.30	32	1	1	0.0000	0.4583	0.0000	188.96
IID_Short	3	LearnedDualEnergy	0.30	32	2	2	0.0000	0.7083	0.0000	598.98
IID_Short	3	RecurrentAttention	0.30	32	2	2	0.0000	0.5833	0.0000	225.02
IID_Short	3	GNN_MessagePassing	0.30	32	2	2	0.0000	0.3333	0.0000	193.34
IID_Short	3	LearnedDualEnergy	0.30	32	3	3	0.0000	0.7500	0.0000	611.05
IID_Short	3	RecurrentAttention	0.30	32	3	3	0.0000	0.6667	0.0000	193.90
IID_Short	3	GNN_MessagePassing	0.30	32	3	3	0.0000	0.5208	0.0000	190.49
IID_Short	3	LearnedDualEnergy	0.30	32	4	4	0.0000	0.7292	0.0000	468.86
IID_Short	3	RecurrentAttention	0.30	32	4	4	0.0000	0.6875	0.0000	781.22
IID_Short	3	GNN_MessagePassing	0.30	32	4	4	0.0000	0.4167	0.0000	117.52
IID_Short	3	LearnedDualEnergy	0.30	32	5	5	0.0000	0.6875	0.0000	409.14
IID_Short	3	RecurrentAttention	0.30	32	5	5	0.0000	0.5417	0.0000	147.79
IID_Short	3	GNN_MessagePassing	0.30	32	5	5	0.0000	0.5625	0.0000	113.37
IID_Short	3	LearnedDualEnergy	0.30	32	6	6	0.0000	0.5625	0.0000	405.31
IID_Short	3	RecurrentAttention	0.30	32	6	6	0.0000	0.4792	0.0000	148.42
IID_Short	3	GNN_MessagePassing	0.30	32	6	6	0.0000	0.5417	0.0000	113.40
IID_Short	3	LearnedDualEnergy	0.30	32	7	7	0.0000	0.6875	0.0000	579.12
IID_Short	3	RecurrentAttention	0.30	32	7	7	0.0000	0.5833	0.0000	197.53
IID_Short	3	GNN_MessagePassing	0.30	32	7	7	0.0000	0.4583	0.0000	193.82
IID_Short	3	LearnedDualEnergy	0.30	32	8	8	0.0000	0.5625	0.0000	729.92
IID_Short	3	RecurrentAttention	0.30	32	8	8	0.0000	0.6042	0.0000	322.29
IID_Short	3	GNN_MessagePassing	0.30	32	8	8	0.0000	0.5833	0.0000	206.57
IID_Short	3	LearnedDualEnergy	0.30	32	9	9	0.0000	0.6875	0.0000	567.60
IID_Short	3	RecurrentAttention	0.30	32	9	9	0.0000	0.3750	0.0000	195.80
IID_Short	3	GNN_MessagePassing	0.30	32	9	9	0.0000	0.4792	0.0000	202.54
IID_Short	3	LearnedDualEnergy	0.30	32	10	10	0.0000	0.6458	0.0000	643.12
IID_Short	3	RecurrentAttention	0.30	32	10	10	0.0000	0.4792	0.0000	221.47
IID_Short	3	GNN_MessagePassing	0.30	32	10	10	0.0000	0.3333	0.0000	193.87
IID_Short	3	LearnedDualEnergy	0.30	32	11	11	0.0000	0.6875	0.0000	564.98
IID_Short	3	RecurrentAttention	0.30	32	11	11	0.0000	0.5833	0.0000	189.69
IID_Short	3	GNN_MessagePassing	0.30	32	11	11	0.0000	0.4583	0.0000	196.77
IID_Short	3	LearnedDualEnergy	0.30	32	12	12	0.0000	0.7500	0.0000	626.18
IID_Short	3	RecurrentAttention	0.30	32	12	12	0.0000	0.4375	0.0000	192.64
IID_Short	3	GNN_MessagePassing	0.30	32	12	12	0.0000	0.5417	0.0000	206.73
IID_Short	3	LearnedDualEnergy	0.30	32	13	13	0.0000	0.6042	0.0000	749.78
IID_Short	3	RecurrentAttention	0.30	32	13	13	0.0000	0.4583	0.0000	197.73
IID_Short	3	GNN_MessagePassing	0.30	32	13	13	0.0000	0.5208	0.0000	189.59
IID_Short	3	LearnedDualEnergy	0.30	32	14	14	0.0000	0.7292	0.0000	598.78
IID_Short	3	RecurrentAttention	0.30	32	14	14	0.0000	0.5417	0.0000	190.12
IID_Short	3	GNN_MessagePassing	0.30	32	14	14	0.0000	0.4167	0.0000	190.47
IID_Short	3	LearnedDualEnergy	0.30	32	15	15	0.0000	0.6458	0.0000	519.77
IID_Short	3	RecurrentAttention	0.30	32	15	15	0.0000	0.5833	0.0000	183.62
IID_Short	3	GNN_MessagePassing	0.30	32	15	15	0.0000	0.5417	0.0000	116.75
IID_Short	3	LearnedDualEnergy	0.30	32	16	16	0.0000	0.6250	0.0000	410.23
IID_Short	3	RecurrentAttention	0.30	32	16	16	0.0000	0.5833	0.0000	152.09
IID_Short	3	GNN_MessagePassing	0.30	32	16	16	0.0000	0.4792	0.0000	115.47
IID_Short	3	LearnedDualEnergy	0.30	32	17	17	0.0000	0.6875	0.0000	447.21
IID_Short	3	RecurrentAttention	0.30	32	17	17	0.0000	0.5208	0.0000	254.94
IID_Short	3	GNN_MessagePassing	0.30	32	17	17	0.0000	0.4792	0.0000	117.60
IID_Short	3	LearnedDualEnergy	0.30	32	18	18	0.0000	0.6250	0.0000	407.42
IID_Short	3	RecurrentAttention	0.30	32	18	18	0.0000	0.4792	0.0000	149.81
IID_Short	3	GNN_MessagePassing	0.30	32	18	18	0.0000	0.5417	0.0000	123.79
IID_Short	3	LearnedDualEnergy	0.30	32	19	19	0.0000	0.7083	0.0000	409.57
IID_Short	3	RecurrentAttention	0.30	32	19	19	0.0000	0.5208	0.0000	179.52
IID_Short	3	GNN_MessagePassing	0.30	32	19	19	0.0000	0.3750	0.0000	115.32
IID_Short	4	LearnedDualEnergy	0.10	1	0	0	0.0000	0.9219	0.0000	27.10
IID_Short	4	RecurrentAttention	0.10	1	0	0	0.0000	0.9062	0.0000	6.75
IID_Short	4	GNN_MessagePassing	0.10	1	0	0	0.0000	0.5000	0.0000	148.50
IID_Short	4	LearnedDualEnergy	0.10	1	1	1	0.0000	0.9531	0.0000	32.33
IID_Short	4	RecurrentAttention	0.10	1	1	1	0.0000	0.9219	0.0000	7.76
IID_Short	4	GNN_MessagePassing	0.10	1	1	1	0.0000	0.4844	0.0000	8.71
IID_Short	4	LearnedDualEnergy	0.10	1	2	2	0.0000	0.8906	0.0000	36.27
IID_Short	4	RecurrentAttention	0.10	1	2	2	0.0000	0.8594	0.0000	8.03
IID_Short	4	GNN_MessagePassing	0.10	1	2	2	0.0000	0.5469	0.0000	8.41
IID_Short	4	LearnedDualEnergy	0.10	1	3	3	0.0000	0.9062	0.0000	23.33
IID_Short	4	RecurrentAttention	0.10	1	3	3	0.0000	0.8594	0.0000	6.37
IID_Short	4	GNN_MessagePassing	0.10	1	3	3	0.0000	0.5938	0.0000	4.98
IID_Short	4	LearnedDualEnergy	0.10	1	4	4	0.0000	0.8906	0.0000	31.67
IID_Short	4	RecurrentAttention	0.10	1	4	4	0.0000	0.8906	0.0000	7.85
IID_Short	4	GNN_MessagePassing	0.10	1	4	4	0.0000	0.5000	0.0000	7.99
IID_Short	4	LearnedDualEnergy	0.10	1	5	5	0.0000	0.9375	0.0000	37.54
IID_Short	4	RecurrentAttention	0.10	1	5	5	0.0000	0.9062	0.0000	8.37
IID_Short	4	GNN_MessagePassing	0.10	1	5	5	0.0000	0.5000	0.0000	5.86
IID_Short	4	LearnedDualEnergy	0.10	1	6	6	0.0000	0.8594	0.0000	24.14
IID_Short	4	RecurrentAttention	0.10	1	6	6	0.0000	0.8594	0.0000	6.39
IID_Short	4	GNN_MessagePassing	0.10	1	6	6	0.0000	0.4844	0.0000	5.11
IID_Short	4	LearnedDualEnergy	0.10	1	7	7	0.0000	0.8750	0.0000	23.15
IID_Short	4	RecurrentAttention	0.10	1	7	7	0.0000	0.8281	0.0000	6.09
IID_Short	4	GNN_MessagePassing	0.10	1	7	7	0.0000	0.4688	0.0000	5.04
IID_Short	4	LearnedDualEnergy	0.10	1	8	8	0.0000	0.8438	0.0000	23.58
IID_Short	4	RecurrentAttention	0.10	1	8	8	0.0000	0.8438	0.0000	5.98
IID_Short	4	GNN_MessagePassing	0.10	1	8	8	0.0000	0.4844	0.0000	4.86
IID_Short	4	LearnedDualEnergy	0.10	1	9	9	0.0000	0.8438	0.0000	38.85
IID_Short	4	RecurrentAttention	0.10	1	9	9	0.0000	0.8438	0.0000	9.05
IID_Short	4	GNN_MessagePassing	0.10	1	9	9	0.0000	0.5312	0.0000	8.97
IID_Short	4	LearnedDualEnergy	0.10	1	10	10	0.0000	0.9375	0.0000	41.62
IID_Short	4	RecurrentAttention	0.10	1	10	10	0.0000	0.9375	0.0000	8.47
IID_Short	4	GNN_MessagePassing	0.10	1	10	10	0.0000	0.4844	0.0000	9.03
IID_Short	4	LearnedDualEnergy	0.10	1	11	11	0.0000	0.8906	0.0000	32.68
IID_Short	4	RecurrentAttention	0.10	1	11	11	0.0000	0.8750	0.0000	7.90
IID_Short	4	GNN_MessagePassing	0.10	1	11	11	0.0000	0.5000	0.0000	8.42
IID_Short	4	LearnedDualEnergy	0.10	1	12	12	0.0000	0.9062	0.0000	32.15
IID_Short	4	RecurrentAttention	0.10	1	12	12	0.0000	0.9062	0.0000	8.00
IID_Short	4	GNN_MessagePassing	0.10	1	12	12	0.0000	0.4062	0.0000	8.16
IID_Short	4	LearnedDualEnergy	0.10	1	13	13	0.0000	0.9062	0.0000	33.91
IID_Short	4	RecurrentAttention	0.10	1	13	13	0.0000	0.9062	0.0000	7.54
IID_Short	4	GNN_MessagePassing	0.10	1	13	13	0.0000	0.5312	0.0000	7.75
IID_Short	4	LearnedDualEnergy	0.10	1	14	14	0.0000	0.8906	0.0000	31.68
IID_Short	4	RecurrentAttention	0.10	1	14	14	0.0000	0.8906	0.0000	7.72
IID_Short	4	GNN_MessagePassing	0.10	1	14	14	0.0000	0.5000	0.0000	8.44
IID_Short	4	LearnedDualEnergy	0.10	1	15	15	0.0000	0.8750	0.0000	23.21
IID_Short	4	RecurrentAttention	0.10	1	15	15	0.0000	0.8750	0.0000	5.99
IID_Short	4	GNN_MessagePassing	0.10	1	15	15	0.0000	0.5625	0.0000	4.78
IID_Short	4	LearnedDualEnergy	0.10	1	16	16	0.0000	0.9844	0.0000	22.30
IID_Short	4	RecurrentAttention	0.10	1	16	16	0.0000	0.9844	0.0000	6.03
IID_Short	4	GNN_MessagePassing	0.10	1	16	16	0.0000	0.5156	0.0000	4.81
IID_Short	4	LearnedDualEnergy	0.10	1	17	17	0.0000	0.9219	0.0000	32.28
IID_Short	4	RecurrentAttention	0.10	1	17	17	0.0000	0.9062	0.0000	7.85
IID_Short	4	GNN_MessagePassing	0.10	1	17	17	0.0000	0.5156	0.0000	8.68
IID_Short	4	LearnedDualEnergy	0.10	1	18	18	0.0000	0.9062	0.0000	22.08
IID_Short	4	RecurrentAttention	0.10	1	18	18	0.0000	0.9062	0.0000	6.01
IID_Short	4	GNN_MessagePassing	0.10	1	18	18	0.0000	0.5469	0.0000	4.95
IID_Short	4	LearnedDualEnergy	0.10	1	19	19	0.0000	0.8906	0.0000	33.02
IID_Short	4	RecurrentAttention	0.10	1	19	19	0.0000	0.8906	0.0000	7.67
IID_Short	4	GNN_MessagePassing	0.10	1	19	19	0.0000	0.6562	0.0000	9.03
IID_Short	4	LearnedDualEnergy	0.10	2	0	0	0.0000	0.9219	0.0000	60.02
IID_Short	4	RecurrentAttention	0.10	2	0	0	0.0000	0.9062	0.0000	16.37
IID_Short	4	GNN_MessagePassing	0.10	2	0	0	0.0000	0.4062	0.0000	16.63
IID_Short	4	LearnedDualEnergy	0.10	2	1	1	0.0000	0.9531	0.0000	65.83
IID_Short	4	RecurrentAttention	0.10	2	1	1	0.0000	0.7969	0.0000	18.77
IID_Short	4	GNN_MessagePassing	0.10	2	1	1	0.0000	0.4844	0.0000	16.50
IID_Short	4	LearnedDualEnergy	0.10	2	2	2	0.0000	0.8906	0.0000	62.50
IID_Short	4	RecurrentAttention	0.10	2	2	2	0.0000	0.7812	0.0000	17.48
IID_Short	4	GNN_MessagePassing	0.10	2	2	2	0.0000	0.5312	0.0000	17.28
IID_Short	4	LearnedDualEnergy	0.10	2	3	3	0.0000	0.9062	0.0000	45.96
IID_Short	4	RecurrentAttention	0.10	2	3	3	0.0000	0.8125	0.0000	13.88
IID_Short	4	GNN_MessagePassing	0.10	2	3	3	0.0000	0.4531	0.0000	10.44
IID_Short	4	LearnedDualEnergy	0.10	2	4	4	0.0000	0.8906	0.0000	59.99
IID_Short	4	RecurrentAttention	0.10	2	4	4	0.0000	0.8750	0.0000	23.86
IID_Short	4	GNN_MessagePassing	0.10	2	4	4	0.0000	0.6562	0.0000	20.47
IID_Short	4	LearnedDualEnergy	0.10	2	5	5	0.0000	0.9375	0.0000	60.30
IID_Short	4	RecurrentAttention	0.10	2	5	5	0.0000	0.8125	0.0000	15.74
IID_Short	4	GNN_MessagePassing	0.10	2	5	5	0.0000	0.5625	0.0000	16.56
IID_Short	4	LearnedDualEnergy	0.10	2	6	6	0.0000	0.8594	0.0000	83.95
IID_Short	4	RecurrentAttention	0.10	2	6	6	0.0000	0.8125	0.0000	16.01
IID_Short	4	GNN_MessagePassing	0.10	2	6	6	0.0000	0.5938	0.0000	16.18
IID_Short	4	LearnedDualEnergy	0.10	2	7	7	0.0000	0.8750	0.0000	46.48
IID_Short	4	RecurrentAttention	0.10	2	7	7	0.0000	0.7969	0.0000	13.30
IID_Short	4	GNN_MessagePassing	0.10	2	7	7	0.0000	0.4844	0.0000	10.41
IID_Short	4	LearnedDualEnergy	0.10	2	8	8	0.0000	0.8438	0.0000	41.37
IID_Short	4	RecurrentAttention	0.10	2	8	8	0.0000	0.8438	0.0000	11.94
IID_Short	4	GNN_MessagePassing	0.10	2	8	8	0.0000	0.5312	0.0000	9.73
IID_Short	4	LearnedDualEnergy	0.10	2	9	9	0.0000	0.8438	0.0000	43.69
IID_Short	4	RecurrentAttention	0.10	2	9	9	0.0000	0.8125	0.0000	12.01
IID_Short	4	GNN_MessagePassing	0.10	2	9	9	0.0000	0.5625	0.0000	9.46
IID_Short	4	LearnedDualEnergy	0.10	2	10	10	0.0000	0.9375	0.0000	70.02
IID_Short	4	RecurrentAttention	0.10	2	10	10	0.0000	0.9219	0.0000	18.21
IID_Short	4	GNN_MessagePassing	0.10	2	10	10	0.0000	0.4375	0.0000	18.22
IID_Short	4	LearnedDualEnergy	0.10	2	11	11	0.0000	0.8906	0.0000	85.54
IID_Short	4	RecurrentAttention	0.10	2	11	11	0.0000	0.8125	0.0000	46.87
IID_Short	4	GNN_MessagePassing	0.10	2	11	11	0.0000	0.5312	0.0000	17.14
IID_Short	4	LearnedDualEnergy	0.10	2	12	12	0.0000	0.9062	0.0000	58.02
IID_Short	4	RecurrentAttention	0.10	2	12	12	0.0000	0.9062	0.0000	14.87
IID_Short	4	GNN_MessagePassing	0.10	2	12	12	0.0000	0.4688	0.0000	15.10
IID_Short	4	LearnedDualEnergy	0.10	2	13	13	0.0000	0.9062	0.0000	56.83
IID_Short	4	RecurrentAttention	0.10	2	13	13	0.0000	0.8594	0.0000	57.22
IID_Short	4	GNN_MessagePassing	0.10	2	13	13	0.0000	0.5312	0.0000	17.36
IID_Short	4	LearnedDualEnergy	0.10	2	14	14	0.0000	0.8906	0.0000	57.28
IID_Short	4	RecurrentAttention	0.10	2	14	14	0.0000	0.8750	0.0000	15.92
IID_Short	4	GNN_MessagePassing	0.10	2	14	14	0.0000	0.4531	0.0000	16.46
IID_Short	4	LearnedDualEnergy	0.10	2	15	15	0.0000	0.8750	0.0000	64.76
IID_Short	4	RecurrentAttention	0.10	2	15	15	0.0000	0.8594	0.0000	17.19
IID_Short	4	GNN_MessagePassing	0.10	2	15	15	0.0000	0.5938	0.0000	16.07
IID_Short	4	LearnedDualEnergy	0.10	2	16	16	0.0000	0.9844	0.0000	58.50
IID_Short	4	RecurrentAttention	0.10	2	16	16	0.0000	0.9375	0.0000	15.63
IID_Short	4	GNN_MessagePassing	0.10	2	16	16	0.0000	0.4062	0.0000	16.53
IID_Short	4	LearnedDualEnergy	0.10	2	17	17	0.0000	0.9219	0.0000	55.20
IID_Short	4	RecurrentAttention	0.10	2	17	17	0.0000	0.8438	0.0000	16.29
IID_Short	4	GNN_MessagePassing	0.10	2	17	17	0.0000	0.5781	0.0000	15.49
IID_Short	4	LearnedDualEnergy	0.10	2	18	18	0.0000	0.9062	0.0000	55.01
IID_Short	4	RecurrentAttention	0.10	2	18	18	0.0000	0.8906	0.0000	15.49
IID_Short	4	GNN_MessagePassing	0.10	2	18	18	0.0000	0.4531	0.0000	15.89
IID_Short	4	LearnedDualEnergy	0.10	2	19	19	0.0000	0.8906	0.0000	53.76
IID_Short	4	RecurrentAttention	0.10	2	19	19	0.0000	0.8906	0.0000	15.79
IID_Short	4	GNN_MessagePassing	0.10	2	19	19	0.0000	0.5781	0.0000	76.80
IID_Short	4	LearnedDualEnergy	0.10	4	0	0	0.0000	0.9219	0.0000	117.58
IID_Short	4	RecurrentAttention	0.10	4	0	0	0.0000	0.8438	0.0000	33.71
IID_Short	4	GNN_MessagePassing	0.10	4	0	0	0.0000	0.5000	0.0000	33.11
IID_Short	4	LearnedDualEnergy	0.10	4	1	1	0.0000	0.9531	0.0000	103.39
IID_Short	4	RecurrentAttention	0.10	4	1	1	0.0000	0.7344	0.0000	33.02
IID_Short	4	GNN_MessagePassing	0.10	4	1	1	0.0000	0.4531	0.0000	31.76
IID_Short	4	LearnedDualEnergy	0.10	4	2	2	0.0000	0.8906	0.0000	229.89
IID_Short	4	RecurrentAttention	0.10	4	2	2	0.0000	0.7031	0.0000	32.45
IID_Short	4	GNN_MessagePassing	0.10	4	2	2	0.0000	0.5156	0.0000	31.33
IID_Short	4	LearnedDualEnergy	0.10	4	3	3	0.0000	0.9062	0.0000	111.42
IID_Short	4	RecurrentAttention	0.10	4	3	3	0.0000	0.7031	0.0000	25.56
IID_Short	4	GNN_MessagePassing	0.10	4	3	3	0.0000	0.5625	0.0000	21.13
IID_Short	4	LearnedDualEnergy	0.10	4	4	4	0.0000	0.8906	0.0000	75.19
IID_Short	4	RecurrentAttention	0.10	4	4	4	0.0000	0.8281	0.0000	24.20
IID_Short	4	GNN_MessagePassing	0.10	4	4	4	0.0000	0.6875	0.0000	18.94
IID_Short	4	LearnedDualEnergy	0.10	4	5	5	0.0000	0.9375	0.0000	181.76
IID_Short	4	RecurrentAttention	0.10	4	5	5	0.0000	0.7969	0.0000	50.16
IID_Short	4	GNN_MessagePassing	0.10	4	5	5	0.0000	0.5625	0.0000	33.22
IID_Short	4	LearnedDualEnergy	0.10	4	6	6	0.0000	0.8594	0.0000	104.67
IID_Short	4	RecurrentAttention	0.10	4	6	6	0.0000	0.7500	0.0000	31.37
IID_Short	4	GNN_MessagePassing	0.10	4	6	6	0.0000	0.4219	0.0000	31.12
IID_Short	4	LearnedDualEnergy	0.10	4	7	7	0.0000	0.8750	0.0000	123.10
IID_Short	4	RecurrentAttention	0.10	4	7	7	0.0000	0.7500	0.0000	24.55
IID_Short	4	GNN_MessagePassing	0.10	4	7	7	0.0000	0.4375	0.0000	18.33
IID_Short	4	LearnedDualEnergy	0.10	4	8	8	0.0000	0.8438	0.0000	73.34
IID_Short	4	RecurrentAttention	0.10	4	8	8	0.0000	0.8438	0.0000	23.59
IID_Short	4	GNN_MessagePassing	0.10	4	8	8	0.0000	0.6250	0.0000	55.91
IID_Short	4	LearnedDualEnergy	0.10	4	9	9	0.0000	0.8438	0.0000	75.47
IID_Short	4	RecurrentAttention	0.10	4	9	9	0.0000	0.7656	0.0000	24.65
IID_Short	4	GNN_MessagePassing	0.10	4	9	9	0.0000	0.5156	0.0000	18.39
IID_Short	4	LearnedDualEnergy	0.10	4	10	10	0.0000	0.9375	0.0000	104.35
IID_Short	4	RecurrentAttention	0.10	4	10	10	0.0000	0.8906	0.0000	30.17
IID_Short	4	GNN_MessagePassing	0.10	4	10	10	0.0000	0.6250	0.0000	31.22
IID_Short	4	LearnedDualEnergy	0.10	4	11	11	0.0000	0.8906	0.0000	72.22
IID_Short	4	RecurrentAttention	0.10	4	11	11	0.0000	0.6719	0.0000	24.62
IID_Short	4	GNN_MessagePassing	0.10	4	11	11	0.0000	0.5000	0.0000	18.30
IID_Short	4	LearnedDualEnergy	0.10	4	12	12	0.0000	0.9062	0.0000	150.23
IID_Short	4	RecurrentAttention	0.10	4	12	12	0.0000	0.8281	0.0000	31.47
IID_Short	4	GNN_MessagePassing	0.10	4	12	12	0.0000	0.4531	0.0000	31.84
IID_Short	4	LearnedDualEnergy	0.10	4	13	13	0.0000	0.9062	0.0000	99.79
IID_Short	4	RecurrentAttention	0.10	4	13	13	0.0000	0.8125	0.0000	32.40
IID_Short	4	GNN_MessagePassing	0.10	4	13	13	0.0000	0.5000	0.0000	32.18
IID_Short	4	LearnedDualEnergy	0.10	4	14	14	0.0000	0.8906	0.0000	99.76
IID_Short	4	RecurrentAttention	0.10	4	14	14	0.0000	0.8281	0.0000	29.65
IID_Short	4	GNN_MessagePassing	0.10	4	14	14	0.0000	0.4844	0.0000	30.35
IID_Short	4	LearnedDualEnergy	0.10	4	15	15	0.0000	0.8750	0.0000	82.78
IID_Short	4	RecurrentAttention	0.10	4	15	15	0.0000	0.8125	0.0000	26.94
IID_Short	4	GNN_MessagePassing	0.10	4	15	15	0.0000	0.6562	0.0000	20.99
IID_Short	4	LearnedDualEnergy	0.10	4	16	16	0.0000	0.9844	0.0000	74.68
IID_Short	4	RecurrentAttention	0.10	4	16	16	0.0000	0.8594	0.0000	24.50
IID_Short	4	GNN_MessagePassing	0.10	4	16	16	0.0000	0.5312	0.0000	19.52
IID_Short	4	LearnedDualEnergy	0.10	4	17	17	0.0000	0.9219	0.0000	76.27
IID_Short	4	RecurrentAttention	0.10	4	17	17	0.0000	0.7812	0.0000	24.57
IID_Short	4	GNN_MessagePassing	0.10	4	17	17	0.0000	0.5312	0.0000	18.22
IID_Short	4	LearnedDualEnergy	0.10	4	18	18	0.0000	0.9062	0.0000	73.95
IID_Short	4	RecurrentAttention	0.10	4	18	18	0.0000	0.8438	0.0000	25.29
IID_Short	4	GNN_MessagePassing	0.10	4	18	18	0.0000	0.3438	0.0000	19.03
IID_Short	4	LearnedDualEnergy	0.10	4	19	19	0.0000	0.8906	0.0000	73.27
IID_Short	4	RecurrentAttention	0.10	4	19	19	0.0000	0.8438	0.0000	24.68
IID_Short	4	GNN_MessagePassing	0.10	4	19	19	0.0000	0.5781	0.0000	18.63
IID_Short	4	LearnedDualEnergy	0.10	8	0	0	0.0000	0.9219	0.0000	207.26
IID_Short	4	RecurrentAttention	0.10	8	0	0	0.0000	0.7500	0.0000	64.76
IID_Short	4	GNN_MessagePassing	0.10	8	0	0	0.0000	0.4062	0.0000	63.75
IID_Short	4	LearnedDualEnergy	0.10	8	1	1	0.0000	0.9531	0.0000	5097.82
IID_Short	4	RecurrentAttention	0.10	8	1	1	0.0000	0.6562	0.0000	64.64
IID_Short	4	GNN_MessagePassing	0.10	8	1	1	0.0000	0.3906	0.0000	63.83
IID_Short	4	LearnedDualEnergy	0.10	8	2	2	0.0000	0.8906	0.0000	191.01
IID_Short	4	RecurrentAttention	0.10	8	2	2	0.0000	0.6094	0.0000	87.93
IID_Short	4	GNN_MessagePassing	0.10	8	2	2	0.0000	0.4844	0.0000	67.23
IID_Short	4	LearnedDualEnergy	0.10	8	3	3	0.0000	0.9062	0.0000	244.22
IID_Short	4	RecurrentAttention	0.10	8	3	3	0.0000	0.6406	0.0000	67.13
IID_Short	4	GNN_MessagePassing	0.10	8	3	3	0.0000	0.5312	0.0000	66.02
IID_Short	4	LearnedDualEnergy	0.10	8	4	4	0.0000	0.8906	0.0000	197.46
IID_Short	4	RecurrentAttention	0.10	8	4	4	0.0000	0.7188	0.0000	63.88
IID_Short	4	GNN_MessagePassing	0.10	8	4	4	0.0000	0.6250	0.0000	65.61
IID_Short	4	LearnedDualEnergy	0.10	8	5	5	0.0000	0.9375	0.0000	215.12
IID_Short	4	RecurrentAttention	0.10	8	5	5	0.0000	0.7812	0.0000	63.26
IID_Short	4	GNN_MessagePassing	0.10	8	5	5	0.0000	0.4531	0.0000	67.77
IID_Short	4	LearnedDualEnergy	0.10	8	6	6	0.0000	0.8594	0.0000	247.30
IID_Short	4	RecurrentAttention	0.10	8	6	6	0.0000	0.6094	0.0000	92.34
IID_Short	4	GNN_MessagePassing	0.10	8	6	6	0.0000	0.5781	0.0000	65.30
IID_Short	4	LearnedDualEnergy	0.10	8	7	7	0.0000	0.8750	0.0000	200.40
IID_Short	4	RecurrentAttention	0.10	8	7	7	0.0000	0.7188	0.0000	249.02
IID_Short	4	GNN_MessagePassing	0.10	8	7	7	0.0000	0.5469	0.0000	64.00
IID_Short	4	LearnedDualEnergy	0.10	8	8	8	0.0000	0.8438	0.0000	198.72
IID_Short	4	RecurrentAttention	0.10	8	8	8	0.0000	0.7656	0.0000	62.62
IID_Short	4	GNN_MessagePassing	0.10	8	8	8	0.0000	0.4375	0.0000	62.02
IID_Short	4	LearnedDualEnergy	0.10	8	9	9	0.0000	0.8438	0.0000	220.58
IID_Short	4	RecurrentAttention	0.10	8	9	9	0.0000	0.7188	0.0000	62.44
IID_Short	4	GNN_MessagePassing	0.10	8	9	9	0.0000	0.3906	0.0000	62.48
IID_Short	4	LearnedDualEnergy	0.10	8	10	10	0.0000	0.9375	0.0000	197.35
IID_Short	4	RecurrentAttention	0.10	8	10	10	0.0000	0.8594	0.0000	63.96
IID_Short	4	GNN_MessagePassing	0.10	8	10	10	0.0000	0.4844	0.0000	63.71
IID_Short	4	LearnedDualEnergy	0.10	8	11	11	0.0000	0.8906	0.0000	197.91
IID_Short	4	RecurrentAttention	0.10	8	11	11	0.0000	0.6406	0.0000	64.95
IID_Short	4	GNN_MessagePassing	0.10	8	11	11	0.0000	0.4844	0.0000	65.94
IID_Short	4	LearnedDualEnergy	0.10	8	12	12	0.0000	0.9062	0.0000	203.36
IID_Short	4	RecurrentAttention	0.10	8	12	12	0.0000	0.7656	0.0000	63.79
IID_Short	4	GNN_MessagePassing	0.10	8	12	12	0.0000	0.4062	0.0000	63.26
IID_Short	4	LearnedDualEnergy	0.10	8	13	13	0.0000	0.9062	0.0000	4351.23
IID_Short	4	RecurrentAttention	0.10	8	13	13	0.0000	0.7188	0.0000	62.45
IID_Short	4	GNN_MessagePassing	0.10	8	13	13	0.0000	0.5469	0.0000	64.13
IID_Short	4	LearnedDualEnergy	0.10	8	14	14	0.0000	0.8906	0.0000	265.70
IID_Short	4	RecurrentAttention	0.10	8	14	14	0.0000	0.7500	0.0000	65.15
IID_Short	4	GNN_MessagePassing	0.10	8	14	14	0.0000	0.5469	0.0000	62.43
IID_Short	4	LearnedDualEnergy	0.10	8	15	15	0.0000	0.8750	0.0000	233.59
IID_Short	4	RecurrentAttention	0.10	8	15	15	0.0000	0.6719	0.0000	66.11
IID_Short	4	GNN_MessagePassing	0.10	8	15	15	0.0000	0.5312	0.0000	64.21
IID_Short	4	LearnedDualEnergy	0.10	8	16	16	0.0000	0.9844	0.0000	245.54
IID_Short	4	RecurrentAttention	0.10	8	16	16	0.0000	0.8438	0.0000	66.12
IID_Short	4	GNN_MessagePassing	0.10	8	16	16	0.0000	0.3438	0.0000	64.51
IID_Short	4	LearnedDualEnergy	0.10	8	17	17	0.0000	0.9219	0.0000	196.33
IID_Short	4	RecurrentAttention	0.10	8	17	17	0.0000	0.7188	0.0000	65.04
IID_Short	4	GNN_MessagePassing	0.10	8	17	17	0.0000	0.4688	0.0000	61.52
IID_Short	4	LearnedDualEnergy	0.10	8	18	18	0.0000	0.9062	0.0000	188.25
IID_Short	4	RecurrentAttention	0.10	8	18	18	0.0000	0.8125	0.0000	62.00
IID_Short	4	GNN_MessagePassing	0.10	8	18	18	0.0000	0.5312	0.0000	61.09
IID_Short	4	LearnedDualEnergy	0.10	8	19	19	0.0000	0.8906	0.0000	188.20
IID_Short	4	RecurrentAttention	0.10	8	19	19	0.0000	0.8281	0.0000	63.08
IID_Short	4	GNN_MessagePassing	0.10	8	19	19	0.0000	0.6094	0.0000	63.20
IID_Short	4	LearnedDualEnergy	0.10	16	0	0	0.0000	0.9219	0.0000	374.90
IID_Short	4	RecurrentAttention	0.10	16	0	0	0.0000	0.6406	0.0000	129.07
IID_Short	4	GNN_MessagePassing	0.10	16	0	0	0.0000	0.4688	0.0000	934.13
IID_Short	4	LearnedDualEnergy	0.10	16	1	1	0.0000	0.9531	0.0000	386.20
IID_Short	4	RecurrentAttention	0.10	16	1	1	0.0000	0.6250	0.0000	131.36
IID_Short	4	GNN_MessagePassing	0.10	16	1	1	0.0000	0.5312	0.0000	171.37
IID_Short	4	LearnedDualEnergy	0.10	16	2	2	0.0000	0.8906	0.0000	395.54
IID_Short	4	RecurrentAttention	0.10	16	2	2	0.0000	0.4375	0.0000	129.63
IID_Short	4	GNN_MessagePassing	0.10	16	2	2	0.0000	0.4844	0.0000	128.83
IID_Short	4	LearnedDualEnergy	0.10	16	3	3	0.0000	0.8906	0.0000	427.80
IID_Short	4	RecurrentAttention	0.10	16	3	3	0.0000	0.6406	0.0000	132.37
IID_Short	4	GNN_MessagePassing	0.10	16	3	3	0.0000	0.4219	0.0000	131.06
IID_Short	4	LearnedDualEnergy	0.10	16	4	4	0.0000	0.8906	0.0000	380.18
IID_Short	4	RecurrentAttention	0.10	16	4	4	0.0000	0.6719	0.0000	132.43
IID_Short	4	GNN_MessagePassing	0.10	16	4	4	0.0000	0.6406	0.0000	170.27
IID_Short	4	LearnedDualEnergy	0.10	16	5	5	0.0000	0.9375	0.0000	375.53
IID_Short	4	RecurrentAttention	0.10	16	5	5	0.0000	0.7344	0.0000	129.59
IID_Short	4	GNN_MessagePassing	0.10	16	5	5	0.0000	0.4219	0.0000	124.97
IID_Short	4	LearnedDualEnergy	0.10	16	6	6	0.0000	0.8438	0.0000	424.73
IID_Short	4	RecurrentAttention	0.10	16	6	6	0.0000	0.6875	0.0000	1134.39
IID_Short	4	GNN_MessagePassing	0.10	16	6	6	0.0000	0.5625	0.0000	105.49
IID_Short	4	LearnedDualEnergy	0.10	16	7	7	0.0000	0.8594	0.0000	403.72
IID_Short	4	RecurrentAttention	0.10	16	7	7	0.0000	0.5781	0.0000	134.93
IID_Short	4	GNN_MessagePassing	0.10	16	7	7	0.0000	0.5781	0.0000	125.69
IID_Short	4	LearnedDualEnergy	0.10	16	8	8	0.0000	0.8438	0.0000	393.14
IID_Short	4	RecurrentAttention	0.10	16	8	8	0.0000	0.7500	0.0000	127.63
IID_Short	4	GNN_MessagePassing	0.10	16	8	8	0.0000	0.5781	0.0000	151.71
IID_Short	4	LearnedDualEnergy	0.10	16	9	9	0.0000	0.8438	0.0000	281.63
IID_Short	4	RecurrentAttention	0.10	16	9	9	0.0000	0.7188	0.0000	99.24
IID_Short	4	GNN_MessagePassing	0.10	16	9	9	0.0000	0.3750	0.0000	77.79
IID_Short	4	LearnedDualEnergy	0.10	16	10	10	0.0000	0.9375	0.0000	428.70
IID_Short	4	RecurrentAttention	0.10	16	10	10	0.0000	0.7969	0.0000	124.99
IID_Short	4	GNN_MessagePassing	0.10	16	10	10	0.0000	0.5312	0.0000	128.13
IID_Short	4	LearnedDualEnergy	0.10	16	11	11	0.0000	0.8906	0.0000	450.56
IID_Short	4	RecurrentAttention	0.10	16	11	11	0.0000	0.5938	0.0000	130.15
IID_Short	4	GNN_MessagePassing	0.10	16	11	11	0.0000	0.4375	0.0000	177.69
IID_Short	4	LearnedDualEnergy	0.10	16	12	12	0.0000	0.8906	0.0000	395.23
IID_Short	4	RecurrentAttention	0.10	16	12	12	0.0000	0.7344	0.0000	135.79
IID_Short	4	GNN_MessagePassing	0.10	16	12	12	0.0000	0.5000	0.0000	170.21
IID_Short	4	LearnedDualEnergy	0.10	16	13	13	0.0000	0.9219	0.0000	379.04
IID_Short	4	RecurrentAttention	0.10	16	13	13	0.0000	0.6875	0.0000	129.36
IID_Short	4	GNN_MessagePassing	0.10	16	13	13	0.0000	0.5469	0.0000	135.52
IID_Short	4	LearnedDualEnergy	0.10	16	14	14	0.0000	0.8906	0.0000	408.26
IID_Short	4	RecurrentAttention	0.10	16	14	14	0.0000	0.6094	0.0000	135.21
IID_Short	4	GNN_MessagePassing	0.10	16	14	14	0.0000	0.5156	0.0000	130.30
IID_Short	4	LearnedDualEnergy	0.10	16	15	15	0.0000	0.8750	0.0000	382.85
IID_Short	4	RecurrentAttention	0.10	16	15	15	0.0000	0.5312	0.0000	131.25
IID_Short	4	GNN_MessagePassing	0.10	16	15	15	0.0000	0.5156	0.0000	3182.17
IID_Short	4	LearnedDualEnergy	0.10	16	16	16	0.0000	0.9844	0.0000	429.16
IID_Short	4	RecurrentAttention	0.10	16	16	16	0.0000	0.7812	0.0000	162.17
IID_Short	4	GNN_MessagePassing	0.10	16	16	16	0.0000	0.6562	0.0000	127.02
IID_Short	4	LearnedDualEnergy	0.10	16	17	17	0.0000	0.9219	0.0000	413.52
IID_Short	4	RecurrentAttention	0.10	16	17	17	0.0000	0.6406	0.0000	132.80
IID_Short	4	GNN_MessagePassing	0.10	16	17	17	0.0000	0.5312	0.0000	130.04
IID_Short	4	LearnedDualEnergy	0.10	16	18	18	0.0000	0.9062	0.0000	384.70
IID_Short	4	RecurrentAttention	0.10	16	18	18	0.0000	0.7188	0.0000	161.05
IID_Short	4	GNN_MessagePassing	0.10	16	18	18	0.0000	0.5312	0.0000	132.78
IID_Short	4	LearnedDualEnergy	0.10	16	19	19	0.0000	0.8906	0.0000	429.87
IID_Short	4	RecurrentAttention	0.10	16	19	19	0.0000	0.7344	0.0000	125.38
IID_Short	4	GNN_MessagePassing	0.10	16	19	19	0.0000	0.5000	0.0000	160.11
IID_Short	4	LearnedDualEnergy	0.10	32	0	0	0.0000	0.9062	0.0000	879.93
IID_Short	4	RecurrentAttention	0.10	32	0	0	0.0000	0.5625	0.0000	285.07
IID_Short	4	GNN_MessagePassing	0.10	32	0	0	0.0000	0.5000	0.0000	259.06
IID_Short	4	LearnedDualEnergy	0.10	32	1	1	0.0000	0.9375	0.0000	763.14
IID_Short	4	RecurrentAttention	0.10	32	1	1	0.0000	0.5938	0.0000	13811.31
IID_Short	4	GNN_MessagePassing	0.10	32	1	1	0.0000	0.4375	0.0000	159.07
IID_Short	4	LearnedDualEnergy	0.10	32	2	2	0.0000	0.8750	0.0000	9130.17
IID_Short	4	RecurrentAttention	0.10	32	2	2	0.0000	0.4219	0.0000	204.94
IID_Short	4	GNN_MessagePassing	0.10	32	2	2	0.0000	0.5000	0.0000	154.42
IID_Short	4	LearnedDualEnergy	0.10	32	3	3	0.0000	0.8750	0.0000	540.82
IID_Short	4	RecurrentAttention	0.10	32	3	3	0.0000	0.6250	0.0000	233.03
IID_Short	4	GNN_MessagePassing	0.10	32	3	3	0.0000	0.4531	0.0000	158.94
IID_Short	4	LearnedDualEnergy	0.10	32	4	4	0.0000	0.8906	0.0000	598.34
IID_Short	4	RecurrentAttention	0.10	32	4	4	0.0000	0.6562	0.0000	200.88
IID_Short	4	GNN_MessagePassing	0.10	32	4	4	0.0000	0.6250	0.0000	149.66
IID_Short	4	LearnedDualEnergy	0.10	32	5	5	0.0000	0.8906	0.0000	862.05
IID_Short	4	RecurrentAttention	0.10	32	5	5	0.0000	0.6875	0.0000	4675.27
IID_Short	4	GNN_MessagePassing	0.10	32	5	5	0.0000	0.4375	0.0000	248.55
IID_Short	4	LearnedDualEnergy	0.10	32	6	6	0.0000	0.8594	0.0000	805.79
IID_Short	4	RecurrentAttention	0.10	32	6	6	0.0000	0.6875	0.0000	204.57
IID_Short	4	GNN_MessagePassing	0.10	32	6	6	0.0000	0.5469	0.0000	156.45
IID_Short	4	LearnedDualEnergy	0.10	32	7	7	0.0000	0.8594	0.0000	817.17
IID_Short	4	RecurrentAttention	0.10	32	7	7	0.0000	0.5781	0.0000	257.96
IID_Short	4	GNN_MessagePassing	0.10	32	7	7	0.0000	0.5469	0.0000	291.53
IID_Short	4	LearnedDualEnergy	0.10	32	8	8	0.0000	0.8281	0.0000	788.73
IID_Short	4	RecurrentAttention	0.10	32	8	8	0.0000	0.6719	0.0000	249.14
IID_Short	4	GNN_MessagePassing	0.10	32	8	8	0.0000	0.5625	0.0000	261.90
IID_Short	4	LearnedDualEnergy	0.10	32	9	9	0.0000	0.7812	0.0000	795.86
IID_Short	4	RecurrentAttention	0.10	32	9	9	0.0000	0.6094	0.0000	306.28
IID_Short	4	GNN_MessagePassing	0.10	32	9	9	0.0000	0.3438	0.0000	243.99
IID_Short	4	LearnedDualEnergy	0.10	32	10	10	0.0000	0.9062	0.0000	3026.52
IID_Short	4	RecurrentAttention	0.10	32	10	10	0.0000	0.6406	0.0000	257.95
IID_Short	4	GNN_MessagePassing	0.10	32	10	10	0.0000	0.4688	0.0000	188.30
IID_Short	4	LearnedDualEnergy	0.10	32	11	11	0.0000	0.9062	0.0000	729.15
IID_Short	4	RecurrentAttention	0.10	32	11	11	0.0000	0.5625	0.0000	335.20
IID_Short	4	GNN_MessagePassing	0.10	32	11	11	0.0000	0.4688	0.0000	189.39
IID_Short	4	LearnedDualEnergy	0.10	32	12	12	0.0000	0.8750	0.0000	830.20
IID_Short	4	RecurrentAttention	0.10	32	12	12	0.0000	0.6719	0.0000	284.16
IID_Short	4	GNN_MessagePassing	0.10	32	12	12	0.0000	0.4844	0.0000	189.87
IID_Short	4	LearnedDualEnergy	0.10	32	13	13	0.0000	0.9219	0.0000	651.44
IID_Short	4	RecurrentAttention	0.10	32	13	13	0.0000	0.6406	0.0000	202.72
IID_Short	4	GNN_MessagePassing	0.10	32	13	13	0.0000	0.5625	0.0000	169.68
IID_Short	4	LearnedDualEnergy	0.10	32	14	14	0.0000	0.8594	0.0000	1040.10
IID_Short	4	RecurrentAttention	0.10	32	14	14	0.0000	0.5625	0.0000	325.24
IID_Short	4	GNN_MessagePassing	0.10	32	14	14	0.0000	0.5625	0.0000	262.44
IID_Short	4	LearnedDualEnergy	0.10	32	15	15	0.0000	0.8594	0.0000	906.53
IID_Short	4	RecurrentAttention	0.10	32	15	15	0.0000	0.5469	0.0000	259.81
IID_Short	4	GNN_MessagePassing	0.10	32	15	15	0.0000	0.5469	0.0000	253.90
IID_Short	4	LearnedDualEnergy	0.10	32	16	16	0.0000	0.9688	0.0000	875.47
IID_Short	4	RecurrentAttention	0.10	32	16	16	0.0000	0.6562	0.0000	257.31
IID_Short	4	GNN_MessagePassing	0.10	32	16	16	0.0000	0.6094	0.0000	1275.76
IID_Short	4	LearnedDualEnergy	0.10	32	17	17	0.0000	0.8906	0.0000	7590.68
IID_Short	4	RecurrentAttention	0.10	32	17	17	0.0000	0.6094	0.0000	206.35
IID_Short	4	GNN_MessagePassing	0.10	32	17	17	0.0000	0.4844	0.0000	155.08
IID_Short	4	LearnedDualEnergy	0.10	32	18	18	0.0000	0.9219	0.0000	905.77
IID_Short	4	RecurrentAttention	0.10	32	18	18	0.0000	0.6406	0.0000	262.36
IID_Short	4	GNN_MessagePassing	0.10	32	18	18	0.0000	0.5312	0.0000	261.90
IID_Short	4	LearnedDualEnergy	0.10	32	19	19	0.0000	0.8906	0.0000	761.11
IID_Short	4	RecurrentAttention	0.10	32	19	19	0.0000	0.5938	0.0000	251.97
IID_Short	4	GNN_MessagePassing	0.10	32	19	19	0.0000	0.4688	0.0000	263.26
IID_Short	4	LearnedDualEnergy	0.20	1	0	0	0.0000	0.7969	0.0000	37.58
IID_Short	4	RecurrentAttention	0.20	1	0	0	0.0000	0.7812	0.0000	7.59
IID_Short	4	GNN_MessagePassing	0.20	1	0	0	0.0000	0.5156	0.0000	5.52
IID_Short	4	LearnedDualEnergy	0.20	1	1	1	0.0000	0.9062	0.0000	24.67
IID_Short	4	RecurrentAttention	0.20	1	1	1	0.0000	0.8906	0.0000	6.29
IID_Short	4	GNN_MessagePassing	0.20	1	1	1	0.0000	0.4062	0.0000	5.79
IID_Short	4	LearnedDualEnergy	0.20	1	2	2	0.0000	0.8125	0.0000	23.24
IID_Short	4	RecurrentAttention	0.20	1	2	2	0.0000	0.7500	0.0000	6.59
IID_Short	4	GNN_MessagePassing	0.20	1	2	2	0.0000	0.4688	0.0000	4.95
IID_Short	4	LearnedDualEnergy	0.20	1	3	3	0.0000	0.7500	0.0000	23.56
IID_Short	4	RecurrentAttention	0.20	1	3	3	0.0000	0.7500	0.0000	6.79
IID_Short	4	GNN_MessagePassing	0.20	1	3	3	0.0000	0.6250	0.0000	5.39
IID_Short	4	LearnedDualEnergy	0.20	1	4	4	0.0000	0.8281	0.0000	24.78
IID_Short	4	RecurrentAttention	0.20	1	4	4	0.0000	0.7969	0.0000	6.18
IID_Short	4	GNN_MessagePassing	0.20	1	4	4	0.0000	0.5781	0.0000	5.36
IID_Short	4	LearnedDualEnergy	0.20	1	5	5	0.0000	0.8594	0.0000	23.68
IID_Short	4	RecurrentAttention	0.20	1	5	5	0.0000	0.8438	0.0000	6.33
IID_Short	4	GNN_MessagePassing	0.20	1	5	5	0.0000	0.5781	0.0000	4.97
IID_Short	4	LearnedDualEnergy	0.20	1	6	6	0.0000	0.8594	0.0000	24.75
IID_Short	4	RecurrentAttention	0.20	1	6	6	0.0000	0.8594	0.0000	6.45
IID_Short	4	GNN_MessagePassing	0.20	1	6	6	0.0000	0.4844	0.0000	5.06
IID_Short	4	LearnedDualEnergy	0.20	1	7	7	0.0000	0.7812	0.0000	24.94
IID_Short	4	RecurrentAttention	0.20	1	7	7	0.0000	0.7969	0.0000	6.95
IID_Short	4	GNN_MessagePassing	0.20	1	7	7	0.0000	0.4844	0.0000	4.95
IID_Short	4	LearnedDualEnergy	0.20	1	8	8	0.0000	0.7500	0.0000	24.20
IID_Short	4	RecurrentAttention	0.20	1	8	8	0.0000	0.7812	0.0000	6.72
IID_Short	4	GNN_MessagePassing	0.20	1	8	8	0.0000	0.5938	0.0000	5.01
IID_Short	4	LearnedDualEnergy	0.20	1	9	9	0.0000	0.7188	0.0000	23.86
IID_Short	4	RecurrentAttention	0.20	1	9	9	0.0000	0.7031	0.0000	7.31
IID_Short	4	GNN_MessagePassing	0.20	1	9	9	0.0000	0.5312	0.0000	4.87
IID_Short	4	LearnedDualEnergy	0.20	1	10	10	0.0000	0.8281	0.0000	23.82
IID_Short	4	RecurrentAttention	0.20	1	10	10	0.0000	0.8281	0.0000	6.73
IID_Short	4	GNN_MessagePassing	0.20	1	10	10	0.0000	0.4688	0.0000	4.71
IID_Short	4	LearnedDualEnergy	0.20	1	11	11	0.0000	0.8281	0.0000	22.80
IID_Short	4	RecurrentAttention	0.20	1	11	11	0.0000	0.8125	0.0000	5.97
IID_Short	4	GNN_MessagePassing	0.20	1	11	11	0.0000	0.5469	0.0000	5.20
IID_Short	4	LearnedDualEnergy	0.20	1	12	12	0.0000	0.8594	0.0000	22.72
IID_Short	4	RecurrentAttention	0.20	1	12	12	0.0000	0.8594	0.0000	6.26
IID_Short	4	GNN_MessagePassing	0.20	1	12	12	0.0000	0.3750	0.0000	4.77
IID_Short	4	LearnedDualEnergy	0.20	1	13	13	0.0000	0.8281	0.0000	23.05
IID_Short	4	RecurrentAttention	0.20	1	13	13	0.0000	0.8281	0.0000	6.71
IID_Short	4	GNN_MessagePassing	0.20	1	13	13	0.0000	0.5000	0.0000	4.67
IID_Short	4	LearnedDualEnergy	0.20	1	14	14	0.0000	0.7656	0.0000	22.82
IID_Short	4	RecurrentAttention	0.20	1	14	14	0.0000	0.7500	0.0000	6.74
IID_Short	4	GNN_MessagePassing	0.20	1	14	14	0.0000	0.5781	0.0000	4.91
IID_Short	4	LearnedDualEnergy	0.20	1	15	15	0.0000	0.7656	0.0000	23.85
IID_Short	4	RecurrentAttention	0.20	1	15	15	0.0000	0.7500	0.0000	6.51
IID_Short	4	GNN_MessagePassing	0.20	1	15	15	0.0000	0.6094	0.0000	4.73
IID_Short	4	LearnedDualEnergy	0.20	1	16	16	0.0000	0.9375	0.0000	76.64
IID_Short	4	RecurrentAttention	0.20	1	16	16	0.0000	0.9375	0.0000	8.38
IID_Short	4	GNN_MessagePassing	0.20	1	16	16	0.0000	0.5156	0.0000	8.46
IID_Short	4	LearnedDualEnergy	0.20	1	17	17	0.0000	0.8594	0.0000	103.14
IID_Short	4	RecurrentAttention	0.20	1	17	17	0.0000	0.8438	0.0000	9.92
IID_Short	4	GNN_MessagePassing	0.20	1	17	17	0.0000	0.5156	0.0000	9.55
IID_Short	4	LearnedDualEnergy	0.20	1	18	18	0.0000	0.8750	0.0000	32.93
IID_Short	4	RecurrentAttention	0.20	1	18	18	0.0000	0.8750	0.0000	8.39
IID_Short	4	GNN_MessagePassing	0.20	1	18	18	0.0000	0.5312	0.0000	6.13
IID_Short	4	LearnedDualEnergy	0.20	1	19	19	0.0000	0.7812	0.0000	22.59
IID_Short	4	RecurrentAttention	0.20	1	19	19	0.0000	0.7812	0.0000	6.06
IID_Short	4	GNN_MessagePassing	0.20	1	19	19	0.0000	0.6406	0.0000	4.96
IID_Short	4	LearnedDualEnergy	0.20	2	0	0	0.0000	0.7969	0.0000	43.58
IID_Short	4	RecurrentAttention	0.20	2	0	0	0.0000	0.7188	0.0000	12.57
IID_Short	4	GNN_MessagePassing	0.20	2	0	0	0.0000	0.5156	0.0000	9.62
IID_Short	4	LearnedDualEnergy	0.20	2	1	1	0.0000	0.9062	0.0000	38.87
IID_Short	4	RecurrentAttention	0.20	2	1	1	0.0000	0.8281	0.0000	12.65
IID_Short	4	GNN_MessagePassing	0.20	2	1	1	0.0000	0.5156	0.0000	9.28
IID_Short	4	LearnedDualEnergy	0.20	2	2	2	0.0000	0.8125	0.0000	39.68
IID_Short	4	RecurrentAttention	0.20	2	2	2	0.0000	0.7344	0.0000	12.13
IID_Short	4	GNN_MessagePassing	0.20	2	2	2	0.0000	0.4844	0.0000	10.08
IID_Short	4	LearnedDualEnergy	0.20	2	3	3	0.0000	0.7500	0.0000	39.64
IID_Short	4	RecurrentAttention	0.20	2	3	3	0.0000	0.6875	0.0000	12.02
IID_Short	4	GNN_MessagePassing	0.20	2	3	3	0.0000	0.6094	0.0000	9.71
IID_Short	4	LearnedDualEnergy	0.20	2	4	4	0.0000	0.8281	0.0000	39.26
IID_Short	4	RecurrentAttention	0.20	2	4	4	0.0000	0.7969	0.0000	11.90
IID_Short	4	GNN_MessagePassing	0.20	2	4	4	0.0000	0.6094	0.0000	9.88
IID_Short	4	LearnedDualEnergy	0.20	2	5	5	0.0000	0.8594	0.0000	40.82
IID_Short	4	RecurrentAttention	0.20	2	5	5	0.0000	0.7656	0.0000	12.23
IID_Short	4	GNN_MessagePassing	0.20	2	5	5	0.0000	0.4844	0.0000	9.29
IID_Short	4	LearnedDualEnergy	0.20	2	6	6	0.0000	0.8594	0.0000	40.57
IID_Short	4	RecurrentAttention	0.20	2	6	6	0.0000	0.8125	0.0000	11.99
IID_Short	4	GNN_MessagePassing	0.20	2	6	6	0.0000	0.5938	0.0000	9.86
IID_Short	4	LearnedDualEnergy	0.20	2	7	7	0.0000	0.7812	0.0000	39.89
IID_Short	4	RecurrentAttention	0.20	2	7	7	0.0000	0.7656	0.0000	11.99
IID_Short	4	GNN_MessagePassing	0.20	2	7	7	0.0000	0.4688	0.0000	9.68
IID_Short	4	LearnedDualEnergy	0.20	2	8	8	0.0000	0.7500	0.0000	40.15
IID_Short	4	RecurrentAttention	0.20	2	8	8	0.0000	0.7812	0.0000	12.00
IID_Short	4	GNN_MessagePassing	0.20	2	8	8	0.0000	0.4688	0.0000	9.43
IID_Short	4	LearnedDualEnergy	0.20	2	9	9	0.0000	0.7188	0.0000	39.60
IID_Short	4	RecurrentAttention	0.20	2	9	9	0.0000	0.7031	0.0000	12.53
IID_Short	4	GNN_MessagePassing	0.20	2	9	9	0.0000	0.5312	0.0000	9.42
IID_Short	4	LearnedDualEnergy	0.20	2	10	10	0.0000	0.8281	0.0000	40.19
IID_Short	4	RecurrentAttention	0.20	2	10	10	0.0000	0.7812	0.0000	12.29
IID_Short	4	GNN_MessagePassing	0.20	2	10	10	0.0000	0.4688	0.0000	9.51
IID_Short	4	LearnedDualEnergy	0.20	2	11	11	0.0000	0.8281	0.0000	39.74
IID_Short	4	RecurrentAttention	0.20	2	11	11	0.0000	0.8125	0.0000	12.53
IID_Short	4	GNN_MessagePassing	0.20	2	11	11	0.0000	0.5156	0.0000	9.75
IID_Short	4	LearnedDualEnergy	0.20	2	12	12	0.0000	0.8594	0.0000	41.14
IID_Short	4	RecurrentAttention	0.20	2	12	12	0.0000	0.7969	0.0000	12.06
IID_Short	4	GNN_MessagePassing	0.20	2	12	12	0.0000	0.5000	0.0000	9.64
IID_Short	4	LearnedDualEnergy	0.20	2	13	13	0.0000	0.8281	0.0000	41.80
IID_Short	4	RecurrentAttention	0.20	2	13	13	0.0000	0.7656	0.0000	43.01
IID_Short	4	GNN_MessagePassing	0.20	2	13	13	0.0000	0.5781	0.0000	10.02
IID_Short	4	LearnedDualEnergy	0.20	2	14	14	0.0000	0.7656	0.0000	42.88
IID_Short	4	RecurrentAttention	0.20	2	14	14	0.0000	0.7500	0.0000	13.48
IID_Short	4	GNN_MessagePassing	0.20	2	14	14	0.0000	0.4219	0.0000	10.26
IID_Short	4	LearnedDualEnergy	0.20	2	15	15	0.0000	0.7656	0.0000	43.18
IID_Short	4	RecurrentAttention	0.20	2	15	15	0.0000	0.7188	0.0000	13.03
IID_Short	4	GNN_MessagePassing	0.20	2	15	15	0.0000	0.6250	0.0000	9.65
IID_Short	4	LearnedDualEnergy	0.20	2	16	16	0.0000	0.9375	0.0000	39.34
IID_Short	4	RecurrentAttention	0.20	2	16	16	0.0000	0.9219	0.0000	12.52
IID_Short	4	GNN_MessagePassing	0.20	2	16	16	0.0000	0.4844	0.0000	10.30
IID_Short	4	LearnedDualEnergy	0.20	2	17	17	0.0000	0.8594	0.0000	56.14
IID_Short	4	RecurrentAttention	0.20	2	17	17	0.0000	0.7656	0.0000	14.56
IID_Short	4	GNN_MessagePassing	0.20	2	17	17	0.0000	0.5625	0.0000	16.42
IID_Short	4	LearnedDualEnergy	0.20	2	18	18	0.0000	0.8750	0.0000	53.31
IID_Short	4	RecurrentAttention	0.20	2	18	18	0.0000	0.8750	0.0000	14.25
IID_Short	4	GNN_MessagePassing	0.20	2	18	18	0.0000	0.4844	0.0000	14.98
IID_Short	4	LearnedDualEnergy	0.20	2	19	19	0.0000	0.7812	0.0000	51.90
IID_Short	4	RecurrentAttention	0.20	2	19	19	0.0000	0.7969	0.0000	14.78
IID_Short	4	GNN_MessagePassing	0.20	2	19	19	0.0000	0.6094	0.0000	56.03
IID_Short	4	LearnedDualEnergy	0.20	4	0	0	0.0000	0.7969	0.0000	102.66
IID_Short	4	RecurrentAttention	0.20	4	0	0	0.0000	0.6719	0.0000	25.90
IID_Short	4	GNN_MessagePassing	0.20	4	0	0	0.0000	0.4844	0.0000	19.24
IID_Short	4	LearnedDualEnergy	0.20	4	1	1	0.0000	0.9062	0.0000	75.24
IID_Short	4	RecurrentAttention	0.20	4	1	1	0.0000	0.7969	0.0000	24.89
IID_Short	4	GNN_MessagePassing	0.20	4	1	1	0.0000	0.4531	0.0000	19.66
IID_Short	4	LearnedDualEnergy	0.20	4	2	2	0.0000	0.8125	0.0000	73.86
IID_Short	4	RecurrentAttention	0.20	4	2	2	0.0000	0.7031	0.0000	24.48
IID_Short	4	GNN_MessagePassing	0.20	4	2	2	0.0000	0.4844	0.0000	20.45
IID_Short	4	LearnedDualEnergy	0.20	4	3	3	0.0000	0.7500	0.0000	72.66
IID_Short	4	RecurrentAttention	0.20	4	3	3	0.0000	0.6250	0.0000	24.74
IID_Short	4	GNN_MessagePassing	0.20	4	3	3	0.0000	0.5312	0.0000	19.81
IID_Short	4	LearnedDualEnergy	0.20	4	4	4	0.0000	0.8281	0.0000	73.98
IID_Short	4	RecurrentAttention	0.20	4	4	4	0.0000	0.7344	0.0000	24.95
IID_Short	4	GNN_MessagePassing	0.20	4	4	4	0.0000	0.6094	0.0000	18.80
IID_Short	4	LearnedDualEnergy	0.20	4	5	5	0.0000	0.8594	0.0000	71.90
IID_Short	4	RecurrentAttention	0.20	4	5	5	0.0000	0.6875	0.0000	24.41
IID_Short	4	GNN_MessagePassing	0.20	4	5	5	0.0000	0.4844	0.0000	19.10
IID_Short	4	LearnedDualEnergy	0.20	4	6	6	0.0000	0.8594	0.0000	75.32
IID_Short	4	RecurrentAttention	0.20	4	6	6	0.0000	0.7500	0.0000	24.70
IID_Short	4	GNN_MessagePassing	0.20	4	6	6	0.0000	0.4219	0.0000	18.60
IID_Short	4	LearnedDualEnergy	0.20	4	7	7	0.0000	0.7812	0.0000	74.14
IID_Short	4	RecurrentAttention	0.20	4	7	7	0.0000	0.6875	0.0000	24.60
IID_Short	4	GNN_MessagePassing	0.20	4	7	7	0.0000	0.5000	0.0000	57.87
IID_Short	4	LearnedDualEnergy	0.20	4	8	8	0.0000	0.7500	0.0000	73.71
IID_Short	4	RecurrentAttention	0.20	4	8	8	0.0000	0.7812	0.0000	24.28
IID_Short	4	GNN_MessagePassing	0.20	4	8	8	0.0000	0.6094	0.0000	19.28
IID_Short	4	LearnedDualEnergy	0.20	4	9	9	0.0000	0.7188	0.0000	72.97
IID_Short	4	RecurrentAttention	0.20	4	9	9	0.0000	0.6719	0.0000	24.34
IID_Short	4	GNN_MessagePassing	0.20	4	9	9	0.0000	0.4688	0.0000	19.38
IID_Short	4	LearnedDualEnergy	0.20	4	10	10	0.0000	0.8281	0.0000	150.51
IID_Short	4	RecurrentAttention	0.20	4	10	10	0.0000	0.7656	0.0000	29.69
IID_Short	4	GNN_MessagePassing	0.20	4	10	10	0.0000	0.5156	0.0000	29.22
IID_Short	4	LearnedDualEnergy	0.20	4	11	11	0.0000	0.8281	0.0000	92.38
IID_Short	4	RecurrentAttention	0.20	4	11	11	0.0000	0.7812	0.0000	27.19
IID_Short	4	GNN_MessagePassing	0.20	4	11	11	0.0000	0.4531	0.0000	30.33
IID_Short	4	LearnedDualEnergy	0.20	4	12	12	0.0000	0.8594	0.0000	93.19
IID_Short	4	RecurrentAttention	0.20	4	12	12	0.0000	0.7812	0.0000	26.99
IID_Short	4	GNN_MessagePassing	0.20	4	12	12	0.0000	0.4375	0.0000	29.41
IID_Short	4	LearnedDualEnergy	0.20	4	13	13	0.0000	0.8281	0.0000	90.60
IID_Short	4	RecurrentAttention	0.20	4	13	13	0.0000	0.7500	0.0000	28.62
IID_Short	4	GNN_MessagePassing	0.20	4	13	13	0.0000	0.4844	0.0000	28.62
IID_Short	4	LearnedDualEnergy	0.20	4	14	14	0.0000	0.7656	0.0000	96.16
IID_Short	4	RecurrentAttention	0.20	4	14	14	0.0000	0.7031	0.0000	27.54
IID_Short	4	GNN_MessagePassing	0.20	4	14	14	0.0000	0.4531	0.0000	29.32
IID_Short	4	LearnedDualEnergy	0.20	4	15	15	0.0000	0.7656	0.0000	180.43
IID_Short	4	RecurrentAttention	0.20	4	15	15	0.0000	0.6875	0.0000	31.58
IID_Short	4	GNN_MessagePassing	0.20	4	15	15	0.0000	0.5469	0.0000	30.38
IID_Short	4	LearnedDualEnergy	0.20	4	16	16	0.0000	0.9375	0.0000	120.55
IID_Short	4	RecurrentAttention	0.20	4	16	16	0.0000	0.8438	0.0000	30.00
IID_Short	4	GNN_MessagePassing	0.20	4	16	16	0.0000	0.6094	0.0000	31.10
IID_Short	4	LearnedDualEnergy	0.20	4	17	17	0.0000	0.8594	0.0000	74.10
IID_Short	4	RecurrentAttention	0.20	4	17	17	0.0000	0.7188	0.0000	24.37
IID_Short	4	GNN_MessagePassing	0.20	4	17	17	0.0000	0.4688	0.0000	18.47
IID_Short	4	LearnedDualEnergy	0.20	4	18	18	0.0000	0.8750	0.0000	75.68
IID_Short	4	RecurrentAttention	0.20	4	18	18	0.0000	0.8281	0.0000	30.65
IID_Short	4	GNN_MessagePassing	0.20	4	18	18	0.0000	0.4062	0.0000	29.28
IID_Short	4	LearnedDualEnergy	0.20	4	19	19	0.0000	0.7812	0.0000	96.33
IID_Short	4	RecurrentAttention	0.20	4	19	19	0.0000	0.7344	0.0000	29.97
IID_Short	4	GNN_MessagePassing	0.20	4	19	19	0.0000	0.6094	0.0000	30.93
IID_Short	4	LearnedDualEnergy	0.20	8	0	0	0.0000	0.7969	0.0000	227.28
IID_Short	4	RecurrentAttention	0.20	8	0	0	0.0000	0.6406	0.0000	66.93
IID_Short	4	GNN_MessagePassing	0.20	8	0	0	0.0000	0.3750	0.0000	66.64
IID_Short	4	LearnedDualEnergy	0.20	8	1	1	0.0000	0.9062	0.0000	207.87
IID_Short	4	RecurrentAttention	0.20	8	1	1	0.0000	0.7656	0.0000	64.62
IID_Short	4	GNN_MessagePassing	0.20	8	1	1	0.0000	0.4219	0.0000	68.21
IID_Short	4	LearnedDualEnergy	0.20	8	2	2	0.0000	0.8125	0.0000	207.71
IID_Short	4	RecurrentAttention	0.20	8	2	2	0.0000	0.6875	0.0000	64.95
IID_Short	4	GNN_MessagePassing	0.20	8	2	2	0.0000	0.4375	0.0000	64.94
IID_Short	4	LearnedDualEnergy	0.20	8	3	3	0.0000	0.7500	0.0000	260.89
IID_Short	4	RecurrentAttention	0.20	8	3	3	0.0000	0.6250	0.0000	64.76
IID_Short	4	GNN_MessagePassing	0.20	8	3	3	0.0000	0.4219	0.0000	64.87
IID_Short	4	LearnedDualEnergy	0.20	8	4	4	0.0000	0.8281	0.0000	195.76
IID_Short	4	RecurrentAttention	0.20	8	4	4	0.0000	0.7344	0.0000	64.17
IID_Short	4	GNN_MessagePassing	0.20	8	4	4	0.0000	0.5156	0.0000	65.03
IID_Short	4	LearnedDualEnergy	0.20	8	5	5	0.0000	0.8594	0.0000	194.11
IID_Short	4	RecurrentAttention	0.20	8	5	5	0.0000	0.5781	0.0000	65.43
IID_Short	4	GNN_MessagePassing	0.20	8	5	5	0.0000	0.4375	0.0000	64.06
IID_Short	4	LearnedDualEnergy	0.20	8	6	6	0.0000	0.8594	0.0000	303.07
IID_Short	4	RecurrentAttention	0.20	8	6	6	0.0000	0.6094	0.0000	64.03
IID_Short	4	GNN_MessagePassing	0.20	8	6	6	0.0000	0.5781	0.0000	63.88
IID_Short	4	LearnedDualEnergy	0.20	8	7	7	0.0000	0.7812	0.0000	194.60
IID_Short	4	RecurrentAttention	0.20	8	7	7	0.0000	0.5625	0.0000	103.33
IID_Short	4	GNN_MessagePassing	0.20	8	7	7	0.0000	0.5156	0.0000	68.25
IID_Short	4	LearnedDualEnergy	0.20	8	8	8	0.0000	0.7500	0.0000	201.52
IID_Short	4	RecurrentAttention	0.20	8	8	8	0.0000	0.6875	0.0000	64.85
IID_Short	4	GNN_MessagePassing	0.20	8	8	8	0.0000	0.5469	0.0000	66.05
IID_Short	4	LearnedDualEnergy	0.20	8	9	9	0.0000	0.7188	0.0000	1366.93
IID_Short	4	RecurrentAttention	0.20	8	9	9	0.0000	0.6562	0.0000	68.23
IID_Short	4	GNN_MessagePassing	0.20	8	9	9	0.0000	0.4219	0.0000	65.44
IID_Short	4	LearnedDualEnergy	0.20	8	10	10	0.0000	0.8281	0.0000	228.49
IID_Short	4	RecurrentAttention	0.20	8	10	10	0.0000	0.7812	0.0000	66.20
IID_Short	4	GNN_MessagePassing	0.20	8	10	10	0.0000	0.5156	0.0000	64.39
IID_Short	4	LearnedDualEnergy	0.20	8	11	11	0.0000	0.8281	0.0000	189.13
IID_Short	4	RecurrentAttention	0.20	8	11	11	0.0000	0.6719	0.0000	63.12
IID_Short	4	GNN_MessagePassing	0.20	8	11	11	0.0000	0.4531	0.0000	64.90
IID_Short	4	LearnedDualEnergy	0.20	8	12	12	0.0000	0.8594	0.0000	200.91
IID_Short	4	RecurrentAttention	0.20	8	12	12	0.0000	0.7031	0.0000	64.17
IID_Short	4	GNN_MessagePassing	0.20	8	12	12	0.0000	0.4219	0.0000	65.28
IID_Short	4	LearnedDualEnergy	0.20	8	13	13	0.0000	0.8281	0.0000	203.06
IID_Short	4	RecurrentAttention	0.20	8	13	13	0.0000	0.7656	0.0000	66.34
IID_Short	4	GNN_MessagePassing	0.20	8	13	13	0.0000	0.4844	0.0000	63.65
IID_Short	4	LearnedDualEnergy	0.20	8	14	14	0.0000	0.7656	0.0000	232.88
IID_Short	4	RecurrentAttention	0.20	8	14	14	0.0000	0.7031	0.0000	65.52
IID_Short	4	GNN_MessagePassing	0.20	8	14	14	0.0000	0.4844	0.0000	62.71
IID_Short	4	LearnedDualEnergy	0.20	8	15	15	0.0000	0.7656	0.0000	203.67
IID_Short	4	RecurrentAttention	0.20	8	15	15	0.0000	0.5938	0.0000	65.73
IID_Short	4	GNN_MessagePassing	0.20	8	15	15	0.0000	0.5625	0.0000	63.16
IID_Short	4	LearnedDualEnergy	0.20	8	16	16	0.0000	0.9375	0.0000	198.89
IID_Short	4	RecurrentAttention	0.20	8	16	16	0.0000	0.7969	0.0000	61.96
IID_Short	4	GNN_MessagePassing	0.20	8	16	16	0.0000	0.4375	0.0000	65.56
IID_Short	4	LearnedDualEnergy	0.20	8	17	17	0.0000	0.8594	0.0000	192.18
IID_Short	4	RecurrentAttention	0.20	8	17	17	0.0000	0.6562	0.0000	90.98
IID_Short	4	GNN_MessagePassing	0.20	8	17	17	0.0000	0.4375	0.0000	66.20
IID_Short	4	LearnedDualEnergy	0.20	8	18	18	0.0000	0.8750	0.0000	195.83
IID_Short	4	RecurrentAttention	0.20	8	18	18	0.0000	0.7969	0.0000	63.58
IID_Short	4	GNN_MessagePassing	0.20	8	18	18	0.0000	0.5156	0.0000	63.11
IID_Short	4	LearnedDualEnergy	0.20	8	19	19	0.0000	0.7812	0.0000	193.35
IID_Short	4	RecurrentAttention	0.20	8	19	19	0.0000	0.7031	0.0000	84.35
IID_Short	4	GNN_MessagePassing	0.20	8	19	19	0.0000	0.5625	0.0000	106.15
IID_Short	4	LearnedDualEnergy	0.20	16	0	0	0.0000	0.7969	0.0000	499.14
IID_Short	4	RecurrentAttention	0.20	16	0	0	0.0000	0.5938	0.0000	174.07
IID_Short	4	GNN_MessagePassing	0.20	16	0	0	0.0000	0.5469	0.0000	126.48
IID_Short	4	LearnedDualEnergy	0.20	16	1	1	0.0000	0.9062	0.0000	490.96
IID_Short	4	RecurrentAttention	0.20	16	1	1	0.0000	0.6094	0.0000	130.95
IID_Short	4	GNN_MessagePassing	0.20	16	1	1	0.0000	0.5469	0.0000	129.00
IID_Short	4	LearnedDualEnergy	0.20	16	2	2	0.0000	0.8125	0.0000	272.09
IID_Short	4	RecurrentAttention	0.20	16	2	2	0.0000	0.6406	0.0000	2021.14
IID_Short	4	GNN_MessagePassing	0.20	16	2	2	0.0000	0.5312	0.0000	78.19
IID_Short	4	LearnedDualEnergy	0.20	16	3	3	0.0000	0.7500	0.0000	375.81
IID_Short	4	RecurrentAttention	0.20	16	3	3	0.0000	0.5938	0.0000	127.22
IID_Short	4	GNN_MessagePassing	0.20	16	3	3	0.0000	0.4219	0.0000	130.05
IID_Short	4	LearnedDualEnergy	0.20	16	4	4	0.0000	0.8281	0.0000	483.31
IID_Short	4	RecurrentAttention	0.20	16	4	4	0.0000	0.7344	0.0000	134.40
IID_Short	4	GNN_MessagePassing	0.20	16	4	4	0.0000	0.5781	0.0000	131.05
IID_Short	4	LearnedDualEnergy	0.20	16	5	5	0.0000	0.8594	0.0000	396.55
IID_Short	4	RecurrentAttention	0.20	16	5	5	0.0000	0.5312	0.0000	131.90
IID_Short	4	GNN_MessagePassing	0.20	16	5	5	0.0000	0.4219	0.0000	128.74
IID_Short	4	LearnedDualEnergy	0.20	16	6	6	0.0000	0.8438	0.0000	418.67
IID_Short	4	RecurrentAttention	0.20	16	6	6	0.0000	0.6875	0.0000	128.10
IID_Short	4	GNN_MessagePassing	0.20	16	6	6	0.0000	0.5625	0.0000	240.31
IID_Short	4	LearnedDualEnergy	0.20	16	7	7	0.0000	0.7969	0.0000	395.32
IID_Short	4	RecurrentAttention	0.20	16	7	7	0.0000	0.4844	0.0000	132.55
IID_Short	4	GNN_MessagePassing	0.20	16	7	7	0.0000	0.5625	0.0000	126.27
IID_Short	4	LearnedDualEnergy	0.20	16	8	8	0.0000	0.7344	0.0000	380.67
IID_Short	4	RecurrentAttention	0.20	16	8	8	0.0000	0.6719	0.0000	130.02
IID_Short	4	GNN_MessagePassing	0.20	16	8	8	0.0000	0.5938	0.0000	125.38
IID_Short	4	LearnedDualEnergy	0.20	16	9	9	0.0000	0.7188	0.0000	436.30
IID_Short	4	RecurrentAttention	0.20	16	9	9	0.0000	0.6562	0.0000	126.72
IID_Short	4	GNN_MessagePassing	0.20	16	9	9	0.0000	0.4375	0.0000	123.19
IID_Short	4	LearnedDualEnergy	0.20	16	10	10	0.0000	0.8125	0.0000	398.33
IID_Short	4	RecurrentAttention	0.20	16	10	10	0.0000	0.7656	0.0000	129.52
IID_Short	4	GNN_MessagePassing	0.20	16	10	10	0.0000	0.5156	0.0000	131.86
IID_Short	4	LearnedDualEnergy	0.20	16	11	11	0.0000	0.8281	0.0000	454.20
IID_Short	4	RecurrentAttention	0.20	16	11	11	0.0000	0.5938	0.0000	129.17
IID_Short	4	GNN_MessagePassing	0.20	16	11	11	0.0000	0.4531	0.0000	135.48
IID_Short	4	LearnedDualEnergy	0.20	16	12	12	0.0000	0.8438	0.0000	464.26
IID_Short	4	RecurrentAttention	0.20	16	12	12	0.0000	0.6875	0.0000	180.62
IID_Short	4	GNN_MessagePassing	0.20	16	12	12	0.0000	0.5469	0.0000	127.67
IID_Short	4	LearnedDualEnergy	0.20	16	13	13	0.0000	0.8281	0.0000	400.43
IID_Short	4	RecurrentAttention	0.20	16	13	13	0.0000	0.7031	0.0000	129.24
IID_Short	4	GNN_MessagePassing	0.20	16	13	13	0.0000	0.5312	0.0000	293.29
IID_Short	4	LearnedDualEnergy	0.20	16	14	14	0.0000	0.7500	0.0000	384.77
IID_Short	4	RecurrentAttention	0.20	16	14	14	0.0000	0.6875	0.0000	133.36
IID_Short	4	GNN_MessagePassing	0.20	16	14	14	0.0000	0.5781	0.0000	132.57
IID_Short	4	LearnedDualEnergy	0.20	16	15	15	0.0000	0.7656	0.0000	489.84
IID_Short	4	RecurrentAttention	0.20	16	15	15	0.0000	0.6094	0.0000	131.44
IID_Short	4	GNN_MessagePassing	0.20	16	15	15	0.0000	0.4688	0.0000	5958.30
IID_Short	4	LearnedDualEnergy	0.20	16	16	16	0.0000	0.9375	0.0000	381.28
IID_Short	4	RecurrentAttention	0.20	16	16	16	0.0000	0.6562	0.0000	127.53
IID_Short	4	GNN_MessagePassing	0.20	16	16	16	0.0000	0.5312	0.0000	171.44
IID_Short	4	LearnedDualEnergy	0.20	16	17	17	0.0000	0.8594	0.0000	345.46
IID_Short	4	RecurrentAttention	0.20	16	17	17	0.0000	0.5781	0.0000	101.28
IID_Short	4	GNN_MessagePassing	0.20	16	17	17	0.0000	0.5312	0.0000	77.93
IID_Short	4	LearnedDualEnergy	0.20	16	18	18	0.0000	0.8750	0.0000	278.21
IID_Short	4	RecurrentAttention	0.20	16	18	18	0.0000	0.7344	0.0000	100.29
IID_Short	4	GNN_MessagePassing	0.20	16	18	18	0.0000	0.5625	0.0000	76.80
IID_Short	4	LearnedDualEnergy	0.20	16	19	19	0.0000	0.7812	0.0000	316.06
IID_Short	4	RecurrentAttention	0.20	16	19	19	0.0000	0.6406	0.0000	100.11
IID_Short	4	GNN_MessagePassing	0.20	16	19	19	0.0000	0.5156	0.0000	75.52
IID_Short	4	LearnedDualEnergy	0.20	32	0	0	0.0000	0.7969	0.0000	868.31
IID_Short	4	RecurrentAttention	0.20	32	0	0	0.0000	0.5625	0.0000	290.24
IID_Short	4	GNN_MessagePassing	0.20	32	0	0	0.0000	0.5469	0.0000	256.97
IID_Short	4	LearnedDualEnergy	0.20	32	1	1	0.0000	0.8750	0.0000	781.37
IID_Short	4	RecurrentAttention	0.20	32	1	1	0.0000	0.4844	0.0000	255.80
IID_Short	4	GNN_MessagePassing	0.20	32	1	1	0.0000	0.4844	0.0000	257.46
IID_Short	4	LearnedDualEnergy	0.20	32	2	2	0.0000	0.7812	0.0000	1000.84
IID_Short	4	RecurrentAttention	0.20	32	2	2	0.0000	0.5312	0.0000	5647.58
IID_Short	4	GNN_MessagePassing	0.20	32	2	2	0.0000	0.5156	0.0000	264.91
IID_Short	4	LearnedDualEnergy	0.20	32	3	3	0.0000	0.7500	0.0000	761.59
IID_Short	4	RecurrentAttention	0.20	32	3	3	0.0000	0.5469	0.0000	260.10
IID_Short	4	GNN_MessagePassing	0.20	32	3	3	0.0000	0.4688	0.0000	257.32
IID_Short	4	LearnedDualEnergy	0.20	32	4	4	0.0000	0.8281	0.0000	786.91
IID_Short	4	RecurrentAttention	0.20	32	4	4	0.0000	0.5469	0.0000	261.16
IID_Short	4	GNN_MessagePassing	0.20	32	4	4	0.0000	0.5781	0.0000	261.80
IID_Short	4	LearnedDualEnergy	0.20	32	5	5	0.0000	0.8594	0.0000	1162.02
IID_Short	4	RecurrentAttention	0.20	32	5	5	0.0000	0.5469	0.0000	381.54
IID_Short	4	GNN_MessagePassing	0.20	32	5	5	0.0000	0.3906	0.0000	376.35
IID_Short	4	LearnedDualEnergy	0.20	32	6	6	0.0000	0.8594	0.0000	1076.27
IID_Short	4	RecurrentAttention	0.20	32	6	6	0.0000	0.6875	0.0000	380.66
IID_Short	4	GNN_MessagePassing	0.20	32	6	6	0.0000	0.5469	0.0000	387.48
IID_Short	4	LearnedDualEnergy	0.20	32	7	7	0.0000	0.7812	0.0000	844.70
IID_Short	4	RecurrentAttention	0.20	32	7	7	0.0000	0.5625	0.0000	256.94
IID_Short	4	GNN_MessagePassing	0.20	32	7	7	0.0000	0.4844	0.0000	254.66
IID_Short	4	LearnedDualEnergy	0.20	32	8	8	0.0000	0.7344	0.0000	1471.79
IID_Short	4	RecurrentAttention	0.20	32	8	8	0.0000	0.6406	0.0000	200.36
IID_Short	4	GNN_MessagePassing	0.20	32	8	8	0.0000	0.5312	0.0000	155.23
IID_Short	4	LearnedDualEnergy	0.20	32	9	9	0.0000	0.7188	0.0000	851.64
IID_Short	4	RecurrentAttention	0.20	32	9	9	0.0000	0.6406	0.0000	298.77
IID_Short	4	GNN_MessagePassing	0.20	32	9	9	0.0000	0.4531	0.0000	265.91
IID_Short	4	LearnedDualEnergy	0.20	32	10	10	0.0000	0.8125	0.0000	587.49
IID_Short	4	RecurrentAttention	0.20	32	10	10	0.0000	0.7500	0.0000	288.39
IID_Short	4	GNN_MessagePassing	0.20	32	10	10	0.0000	0.4375	0.0000	153.31
IID_Short	4	LearnedDualEnergy	0.20	32	11	11	0.0000	0.7969	0.0000	536.68
IID_Short	4	RecurrentAttention	0.20	32	11	11	0.0000	0.5000	0.0000	237.80
IID_Short	4	GNN_MessagePassing	0.20	32	11	11	0.0000	0.5156	0.0000	153.37
IID_Short	4	LearnedDualEnergy	0.20	32	12	12	0.0000	0.7969	0.0000	1185.47
IID_Short	4	RecurrentAttention	0.20	32	12	12	0.0000	0.6562	0.0000	5738.94
IID_Short	4	GNN_MessagePassing	0.20	32	12	12	0.0000	0.4688	0.0000	151.33
IID_Short	4	LearnedDualEnergy	0.20	32	13	13	0.0000	0.8125	0.0000	818.62
IID_Short	4	RecurrentAttention	0.20	32	13	13	0.0000	0.6562	0.0000	290.36
IID_Short	4	GNN_MessagePassing	0.20	32	13	13	0.0000	0.5469	0.0000	258.39
IID_Short	4	LearnedDualEnergy	0.20	32	14	14	0.0000	0.7344	0.0000	533.71
IID_Short	4	RecurrentAttention	0.20	32	14	14	0.0000	0.6875	0.0000	241.39
IID_Short	4	GNN_MessagePassing	0.20	32	14	14	0.0000	0.5781	0.0000	149.03
IID_Short	4	LearnedDualEnergy	0.20	32	15	15	0.0000	0.7500	0.0000	541.88
IID_Short	4	RecurrentAttention	0.20	32	15	15	0.0000	0.5781	0.0000	198.03
IID_Short	4	GNN_MessagePassing	0.20	32	15	15	0.0000	0.5938	0.0000	152.20
IID_Short	4	LearnedDualEnergy	0.20	32	16	16	0.0000	0.9219	0.0000	545.04
IID_Short	4	RecurrentAttention	0.20	32	16	16	0.0000	0.7031	0.0000	217.52
IID_Short	4	GNN_MessagePassing	0.20	32	16	16	0.0000	0.5312	0.0000	150.90
IID_Short	4	LearnedDualEnergy	0.20	32	17	17	0.0000	0.8125	0.0000	548.32
IID_Short	4	RecurrentAttention	0.20	32	17	17	0.0000	0.5625	0.0000	200.78
IID_Short	4	GNN_MessagePassing	0.20	32	17	17	0.0000	0.4375	0.0000	152.86
IID_Short	4	LearnedDualEnergy	0.20	32	18	18	0.0000	0.9062	0.0000	1556.51
IID_Short	4	RecurrentAttention	0.20	32	18	18	0.0000	0.6406	0.0000	261.28
IID_Short	4	GNN_MessagePassing	0.20	32	18	18	0.0000	0.5312	0.0000	251.79
IID_Short	4	LearnedDualEnergy	0.20	32	19	19	0.0000	0.7656	0.0000	792.03
IID_Short	4	RecurrentAttention	0.20	32	19	19	0.0000	0.6719	0.0000	260.32
IID_Short	4	GNN_MessagePassing	0.20	32	19	19	0.0000	0.4531	0.0000	297.09
IID_Short	4	LearnedDualEnergy	0.30	1	0	0	0.0000	0.6875	0.0000	35.31
IID_Short	4	RecurrentAttention	0.30	1	0	0	0.0000	0.6875	0.0000	8.17
IID_Short	4	GNN_MessagePassing	0.30	1	0	0	0.0000	0.5312	0.0000	5.54
IID_Short	4	LearnedDualEnergy	0.30	1	1	1	0.0000	0.8438	0.0000	23.73
IID_Short	4	RecurrentAttention	0.30	1	1	1	0.0000	0.8438	0.0000	6.17
IID_Short	4	GNN_MessagePassing	0.30	1	1	1	0.0000	0.4844	0.0000	4.89
IID_Short	4	LearnedDualEnergy	0.30	1	2	2	0.0000	0.6719	0.0000	23.05
IID_Short	4	RecurrentAttention	0.30	1	2	2	0.0000	0.6562	0.0000	6.13
IID_Short	4	GNN_MessagePassing	0.30	1	2	2	0.0000	0.4531	0.0000	4.96
IID_Short	4	LearnedDualEnergy	0.30	1	3	3	0.0000	0.6719	0.0000	22.75
IID_Short	4	RecurrentAttention	0.30	1	3	3	0.0000	0.6719	0.0000	6.05
IID_Short	4	GNN_MessagePassing	0.30	1	3	3	0.0000	0.5000	0.0000	5.01
IID_Short	4	LearnedDualEnergy	0.30	1	4	4	0.0000	0.7656	0.0000	22.10
IID_Short	4	RecurrentAttention	0.30	1	4	4	0.0000	0.6562	0.0000	6.15
IID_Short	4	GNN_MessagePassing	0.30	1	4	4	0.0000	0.5000	0.0000	5.32
IID_Short	4	LearnedDualEnergy	0.30	1	5	5	0.0000	0.7969	0.0000	22.22
IID_Short	4	RecurrentAttention	0.30	1	5	5	0.0000	0.7812	0.0000	6.18
IID_Short	4	GNN_MessagePassing	0.30	1	5	5	0.0000	0.5156	0.0000	4.83
IID_Short	4	LearnedDualEnergy	0.30	1	6	6	0.0000	0.7031	0.0000	22.53
IID_Short	4	RecurrentAttention	0.30	1	6	6	0.0000	0.7031	0.0000	6.19
IID_Short	4	GNN_MessagePassing	0.30	1	6	6	0.0000	0.4844	0.0000	4.83
IID_Short	4	LearnedDualEnergy	0.30	1	7	7	0.0000	0.6875	0.0000	22.34
IID_Short	4	RecurrentAttention	0.30	1	7	7	0.0000	0.6875	0.0000	6.24
IID_Short	4	GNN_MessagePassing	0.30	1	7	7	0.0000	0.4844	0.0000	4.82
IID_Short	4	LearnedDualEnergy	0.30	1	8	8	0.0000	0.6094	0.0000	22.46
IID_Short	4	RecurrentAttention	0.30	1	8	8	0.0000	0.6094	0.0000	6.93
IID_Short	4	GNN_MessagePassing	0.30	1	8	8	0.0000	0.5469	0.0000	5.00
IID_Short	4	LearnedDualEnergy	0.30	1	9	9	0.0000	0.6250	0.0000	22.94
IID_Short	4	RecurrentAttention	0.30	1	9	9	0.0000	0.6250	0.0000	6.08
IID_Short	4	GNN_MessagePassing	0.30	1	9	9	0.0000	0.5938	0.0000	5.04
IID_Short	4	LearnedDualEnergy	0.30	1	10	10	0.0000	0.7656	0.0000	80.81
IID_Short	4	RecurrentAttention	0.30	1	10	10	0.0000	0.7656	0.0000	9.03
IID_Short	4	GNN_MessagePassing	0.30	1	10	10	0.0000	0.4844	0.0000	8.95
IID_Short	4	LearnedDualEnergy	0.30	1	11	11	0.0000	0.7500	0.0000	34.60
IID_Short	4	RecurrentAttention	0.30	1	11	11	0.0000	0.7656	0.0000	8.49
IID_Short	4	GNN_MessagePassing	0.30	1	11	11	0.0000	0.5625	0.0000	8.22
IID_Short	4	LearnedDualEnergy	0.30	1	12	12	0.0000	0.8281	0.0000	32.43
IID_Short	4	RecurrentAttention	0.30	1	12	12	0.0000	0.8125	0.0000	8.00
IID_Short	4	GNN_MessagePassing	0.30	1	12	12	0.0000	0.4219	0.0000	38.57
IID_Short	4	LearnedDualEnergy	0.30	1	13	13	0.0000	0.7344	0.0000	34.55
IID_Short	4	RecurrentAttention	0.30	1	13	13	0.0000	0.7500	0.0000	9.19
IID_Short	4	GNN_MessagePassing	0.30	1	13	13	0.0000	0.5312	0.0000	8.25
IID_Short	4	LearnedDualEnergy	0.30	1	14	14	0.0000	0.6562	0.0000	33.42
IID_Short	4	RecurrentAttention	0.30	1	14	14	0.0000	0.6562	0.0000	7.92
IID_Short	4	GNN_MessagePassing	0.30	1	14	14	0.0000	0.5156	0.0000	7.93
IID_Short	4	LearnedDualEnergy	0.30	1	15	15	0.0000	0.6719	0.0000	237.88
IID_Short	4	RecurrentAttention	0.30	1	15	15	0.0000	0.6719	0.0000	7.88
IID_Short	4	GNN_MessagePassing	0.30	1	15	15	0.0000	0.6094	0.0000	8.21
IID_Short	4	LearnedDualEnergy	0.30	1	16	16	0.0000	0.8438	0.0000	22.82
IID_Short	4	RecurrentAttention	0.30	1	16	16	0.0000	0.8438	0.0000	5.91
IID_Short	4	GNN_MessagePassing	0.30	1	16	16	0.0000	0.4844	0.0000	4.83
IID_Short	4	LearnedDualEnergy	0.30	1	17	17	0.0000	0.7188	0.0000	23.10
IID_Short	4	RecurrentAttention	0.30	1	17	17	0.0000	0.7188	0.0000	6.05
IID_Short	4	GNN_MessagePassing	0.30	1	17	17	0.0000	0.5469	0.0000	4.92
IID_Short	4	LearnedDualEnergy	0.30	1	18	18	0.0000	0.7188	0.0000	37.35
IID_Short	4	RecurrentAttention	0.30	1	18	18	0.0000	0.7188	0.0000	8.36
IID_Short	4	GNN_MessagePassing	0.30	1	18	18	0.0000	0.5000	0.0000	8.96
IID_Short	4	LearnedDualEnergy	0.30	1	19	19	0.0000	0.7031	0.0000	22.88
IID_Short	4	RecurrentAttention	0.30	1	19	19	0.0000	0.7031	0.0000	5.99
IID_Short	4	GNN_MessagePassing	0.30	1	19	19	0.0000	0.5781	0.0000	4.79
IID_Short	4	LearnedDualEnergy	0.30	2	0	0	0.0000	0.6875	0.0000	40.80
IID_Short	4	RecurrentAttention	0.30	2	0	0	0.0000	0.6875	0.0000	65.84
IID_Short	4	GNN_MessagePassing	0.30	2	0	0	0.0000	0.4688	0.0000	805.74
IID_Short	4	LearnedDualEnergy	0.30	2	1	1	0.0000	0.8438	0.0000	38.93
IID_Short	4	RecurrentAttention	0.30	2	1	1	0.0000	0.8594	0.0000	11.90
IID_Short	4	GNN_MessagePassing	0.30	2	1	1	0.0000	0.5156	0.0000	9.25
IID_Short	4	LearnedDualEnergy	0.30	2	2	2	0.0000	0.6719	0.0000	270.73
IID_Short	4	RecurrentAttention	0.30	2	2	2	0.0000	0.6250	0.0000	15.95
IID_Short	4	GNN_MessagePassing	0.30	2	2	2	0.0000	0.5469	0.0000	16.54
IID_Short	4	LearnedDualEnergy	0.30	2	3	3	0.0000	0.6719	0.0000	53.21
IID_Short	4	RecurrentAttention	0.30	2	3	3	0.0000	0.6562	0.0000	14.85
IID_Short	4	GNN_MessagePassing	0.30	2	3	3	0.0000	0.5312	0.0000	218.94
IID_Short	4	LearnedDualEnergy	0.30	2	4	4	0.0000	0.7656	0.0000	38.80
IID_Short	4	RecurrentAttention	0.30	2	4	4	0.0000	0.6719	0.0000	12.48
IID_Short	4	GNN_MessagePassing	0.30	2	4	4	0.0000	0.5938	0.0000	9.43
IID_Short	4	LearnedDualEnergy	0.30	2	5	5	0.0000	0.7969	0.0000	57.42
IID_Short	4	RecurrentAttention	0.30	2	5	5	0.0000	0.7500	0.0000	15.63
IID_Short	4	GNN_MessagePassing	0.30	2	5	5	0.0000	0.4219	0.0000	220.61
IID_Short	4	LearnedDualEnergy	0.30	2	6	6	0.0000	0.7031	0.0000	52.44
IID_Short	4	RecurrentAttention	0.30	2	6	6	0.0000	0.7031	0.0000	16.31
IID_Short	4	GNN_MessagePassing	0.30	2	6	6	0.0000	0.5312	0.0000	15.22
IID_Short	4	LearnedDualEnergy	0.30	2	7	7	0.0000	0.6875	0.0000	45.08
IID_Short	4	RecurrentAttention	0.30	2	7	7	0.0000	0.6719	0.0000	12.71
IID_Short	4	GNN_MessagePassing	0.30	2	7	7	0.0000	0.5156	0.0000	9.86
IID_Short	4	LearnedDualEnergy	0.30	2	8	8	0.0000	0.6094	0.0000	41.18
IID_Short	4	RecurrentAttention	0.30	2	8	8	0.0000	0.6094	0.0000	12.59
IID_Short	4	GNN_MessagePassing	0.30	2	8	8	0.0000	0.5469	0.0000	9.42
IID_Short	4	LearnedDualEnergy	0.30	2	9	9	0.0000	0.6250	0.0000	40.49
IID_Short	4	RecurrentAttention	0.30	2	9	9	0.0000	0.5938	0.0000	11.90
IID_Short	4	GNN_MessagePassing	0.30	2	9	9	0.0000	0.5156	0.0000	9.04
IID_Short	4	LearnedDualEnergy	0.30	2	10	10	0.0000	0.7656	0.0000	66.23
IID_Short	4	RecurrentAttention	0.30	2	10	10	0.0000	0.7344	0.0000	19.44
IID_Short	4	GNN_MessagePassing	0.30	2	10	10	0.0000	0.4688	0.0000	15.27
IID_Short	4	LearnedDualEnergy	0.30	2	11	11	0.0000	0.7500	0.0000	256.56
IID_Short	4	RecurrentAttention	0.30	2	11	11	0.0000	0.7344	0.0000	14.83
IID_Short	4	GNN_MessagePassing	0.30	2	11	11	0.0000	0.5781	0.0000	15.83
IID_Short	4	LearnedDualEnergy	0.30	2	12	12	0.0000	0.8281	0.0000	57.72
IID_Short	4	RecurrentAttention	0.30	2	12	12	0.0000	0.7812	0.0000	227.26
IID_Short	4	GNN_MessagePassing	0.30	2	12	12	0.0000	0.4375	0.0000	15.31
IID_Short	4	LearnedDualEnergy	0.30	2	13	13	0.0000	0.7344	0.0000	39.79
IID_Short	4	RecurrentAttention	0.30	2	13	13	0.0000	0.7344	0.0000	11.93
IID_Short	4	GNN_MessagePassing	0.30	2	13	13	0.0000	0.4844	0.0000	9.19
IID_Short	4	LearnedDualEnergy	0.30	2	14	14	0.0000	0.6562	0.0000	54.35
IID_Short	4	RecurrentAttention	0.30	2	14	14	0.0000	0.6250	0.0000	51.91
IID_Short	4	GNN_MessagePassing	0.30	2	14	14	0.0000	0.5156	0.0000	131.04
IID_Short	4	LearnedDualEnergy	0.30	2	15	15	0.0000	0.6719	0.0000	39.14
IID_Short	4	RecurrentAttention	0.30	2	15	15	0.0000	0.6094	0.0000	12.06
IID_Short	4	GNN_MessagePassing	0.30	2	15	15	0.0000	0.5469	0.0000	9.35
IID_Short	4	LearnedDualEnergy	0.30	2	16	16	0.0000	0.8438	0.0000	39.15
IID_Short	4	RecurrentAttention	0.30	2	16	16	0.0000	0.8438	0.0000	12.13
IID_Short	4	GNN_MessagePassing	0.30	2	16	16	0.0000	0.5469	0.0000	9.30
IID_Short	4	LearnedDualEnergy	0.30	2	17	17	0.0000	0.7188	0.0000	39.31
IID_Short	4	RecurrentAttention	0.30	2	17	17	0.0000	0.6875	0.0000	11.98
IID_Short	4	GNN_MessagePassing	0.30	2	17	17	0.0000	0.5469	0.0000	9.40
IID_Short	4	LearnedDualEnergy	0.30	2	18	18	0.0000	0.7188	0.0000	38.89
IID_Short	4	RecurrentAttention	0.30	2	18	18	0.0000	0.7188	0.0000	12.29
IID_Short	4	GNN_MessagePassing	0.30	2	18	18	0.0000	0.5469	0.0000	9.28
IID_Short	4	LearnedDualEnergy	0.30	2	19	19	0.0000	0.7031	0.0000	40.79
IID_Short	4	RecurrentAttention	0.30	2	19	19	0.0000	0.7188	0.0000	12.75
IID_Short	4	GNN_MessagePassing	0.30	2	19	19	0.0000	0.6719	0.0000	9.41
IID_Short	4	LearnedDualEnergy	0.30	4	0	0	0.0000	0.6875	0.0000	100.02
IID_Short	4	RecurrentAttention	0.30	4	0	0	0.0000	0.6719	0.0000	242.68
IID_Short	4	GNN_MessagePassing	0.30	4	0	0	0.0000	0.5156	0.0000	31.39
IID_Short	4	LearnedDualEnergy	0.30	4	1	1	0.0000	0.8438	0.0000	296.73
IID_Short	4	RecurrentAttention	0.30	4	1	1	0.0000	0.7656	0.0000	30.24
IID_Short	4	GNN_MessagePassing	0.30	4	1	1	0.0000	0.4688	0.0000	31.23
IID_Short	4	LearnedDualEnergy	0.30	4	2	2	0.0000	0.6719	0.0000	302.40
IID_Short	4	RecurrentAttention	0.30	4	2	2	0.0000	0.6094	0.0000	29.44
IID_Short	4	GNN_MessagePassing	0.30	4	2	2	0.0000	0.5469	0.0000	30.75
IID_Short	4	LearnedDualEnergy	0.30	4	3	3	0.0000	0.6719	0.0000	340.12
IID_Short	4	RecurrentAttention	0.30	4	3	3	0.0000	0.6406	0.0000	34.64
IID_Short	4	GNN_MessagePassing	0.30	4	3	3	0.0000	0.5312	0.0000	316.77
IID_Short	4	LearnedDualEnergy	0.30	4	4	4	0.0000	0.7656	0.0000	360.29
IID_Short	4	RecurrentAttention	0.30	4	4	4	0.0000	0.6250	0.0000	285.69
IID_Short	4	GNN_MessagePassing	0.30	4	4	4	0.0000	0.6719	0.0000	21.32
IID_Short	4	LearnedDualEnergy	0.30	4	5	5	0.0000	0.7969	0.0000	99.79
IID_Short	4	RecurrentAttention	0.30	4	5	5	0.0000	0.6719	0.0000	30.18
IID_Short	4	GNN_MessagePassing	0.30	4	5	5	0.0000	0.4688	0.0000	233.91
IID_Short	4	LearnedDualEnergy	0.30	4	6	6	0.0000	0.7031	0.0000	96.14
IID_Short	4	RecurrentAttention	0.30	4	6	6	0.0000	0.7031	0.0000	232.34
IID_Short	4	GNN_MessagePassing	0.30	4	6	6	0.0000	0.5312	0.0000	31.63
IID_Short	4	LearnedDualEnergy	0.30	4	7	7	0.0000	0.6875	0.0000	306.48
IID_Short	4	RecurrentAttention	0.30	4	7	7	0.0000	0.5625	0.0000	38.22
IID_Short	4	GNN_MessagePassing	0.30	4	7	7	0.0000	0.4062	0.0000	31.16
IID_Short	4	LearnedDualEnergy	0.30	4	8	8	0.0000	0.6094	0.0000	107.09
IID_Short	4	RecurrentAttention	0.30	4	8	8	0.0000	0.6094	0.0000	37.81
IID_Short	4	GNN_MessagePassing	0.30	4	8	8	0.0000	0.5312	0.0000	30.49
IID_Short	4	LearnedDualEnergy	0.30	4	9	9	0.0000	0.6250	0.0000	137.61
IID_Short	4	RecurrentAttention	0.30	4	9	9	0.0000	0.5781	0.0000	35.87
IID_Short	4	GNN_MessagePassing	0.30	4	9	9	0.0000	0.4688	0.0000	31.16
IID_Short	4	LearnedDualEnergy	0.30	4	10	10	0.0000	0.7656	0.0000	76.43
IID_Short	4	RecurrentAttention	0.30	4	10	10	0.0000	0.7188	0.0000	25.66
IID_Short	4	GNN_MessagePassing	0.30	4	10	10	0.0000	0.5312	0.0000	18.63
IID_Short	4	LearnedDualEnergy	0.30	4	11	11	0.0000	0.7500	0.0000	73.04
IID_Short	4	RecurrentAttention	0.30	4	11	11	0.0000	0.6562	0.0000	23.96
IID_Short	4	GNN_MessagePassing	0.30	4	11	11	0.0000	0.5625	0.0000	18.97
IID_Short	4	LearnedDualEnergy	0.30	4	12	12	0.0000	0.8281	0.0000	73.70
IID_Short	4	RecurrentAttention	0.30	4	12	12	0.0000	0.7500	0.0000	23.88
IID_Short	4	GNN_MessagePassing	0.30	4	12	12	0.0000	0.4844	0.0000	18.68
IID_Short	4	LearnedDualEnergy	0.30	4	13	13	0.0000	0.7344	0.0000	72.04
IID_Short	4	RecurrentAttention	0.30	4	13	13	0.0000	0.7344	0.0000	23.86
IID_Short	4	GNN_MessagePassing	0.30	4	13	13	0.0000	0.5312	0.0000	18.57
IID_Short	4	LearnedDualEnergy	0.30	4	14	14	0.0000	0.6562	0.0000	70.83
IID_Short	4	RecurrentAttention	0.30	4	14	14	0.0000	0.6406	0.0000	23.86
IID_Short	4	GNN_MessagePassing	0.30	4	14	14	0.0000	0.5000	0.0000	18.79
IID_Short	4	LearnedDualEnergy	0.30	4	15	15	0.0000	0.6719	0.0000	72.57
IID_Short	4	RecurrentAttention	0.30	4	15	15	0.0000	0.6406	0.0000	23.98
IID_Short	4	GNN_MessagePassing	0.30	4	15	15	0.0000	0.5781	0.0000	18.50
IID_Short	4	LearnedDualEnergy	0.30	4	16	16	0.0000	0.8438	0.0000	72.75
IID_Short	4	RecurrentAttention	0.30	4	16	16	0.0000	0.7812	0.0000	24.06
IID_Short	4	GNN_MessagePassing	0.30	4	16	16	0.0000	0.6094	0.0000	67.33
IID_Short	4	LearnedDualEnergy	0.30	4	17	17	0.0000	0.7188	0.0000	103.44
IID_Short	4	RecurrentAttention	0.30	4	17	17	0.0000	0.6875	0.0000	24.66
IID_Short	4	GNN_MessagePassing	0.30	4	17	17	0.0000	0.6250	0.0000	19.46
IID_Short	4	LearnedDualEnergy	0.30	4	18	18	0.0000	0.7188	0.0000	72.03
IID_Short	4	RecurrentAttention	0.30	4	18	18	0.0000	0.7188	0.0000	24.05
IID_Short	4	GNN_MessagePassing	0.30	4	18	18	0.0000	0.4062	0.0000	18.28
IID_Short	4	LearnedDualEnergy	0.30	4	19	19	0.0000	0.7031	0.0000	72.19
IID_Short	4	RecurrentAttention	0.30	4	19	19	0.0000	0.6562	0.0000	31.83
IID_Short	4	GNN_MessagePassing	0.30	4	19	19	0.0000	0.5156	0.0000	29.11
IID_Short	4	LearnedDualEnergy	0.30	8	0	0	0.0000	0.6875	0.0000	162.66
IID_Short	4	RecurrentAttention	0.30	8	0	0	0.0000	0.6875	0.0000	49.48
IID_Short	4	GNN_MessagePassing	0.30	8	0	0	0.0000	0.4062	0.0000	39.04
IID_Short	4	LearnedDualEnergy	0.30	8	1	1	0.0000	0.8438	0.0000	2623.23
IID_Short	4	RecurrentAttention	0.30	8	1	1	0.0000	0.7031	0.0000	50.92
IID_Short	4	GNN_MessagePassing	0.30	8	1	1	0.0000	0.4375	0.0000	39.51
IID_Short	4	LearnedDualEnergy	0.30	8	2	2	0.0000	0.6719	0.0000	140.22
IID_Short	4	RecurrentAttention	0.30	8	2	2	0.0000	0.6250	0.0000	79.57
IID_Short	4	GNN_MessagePassing	0.30	8	2	2	0.0000	0.4062	0.0000	39.05
IID_Short	4	LearnedDualEnergy	0.30	8	3	3	0.0000	0.6719	0.0000	138.84
IID_Short	4	RecurrentAttention	0.30	8	3	3	0.0000	0.6406	0.0000	50.09
IID_Short	4	GNN_MessagePassing	0.30	8	3	3	0.0000	0.4375	0.0000	37.81
IID_Short	4	LearnedDualEnergy	0.30	8	4	4	0.0000	0.7656	0.0000	139.41
IID_Short	4	RecurrentAttention	0.30	8	4	4	0.0000	0.6250	0.0000	51.30
IID_Short	4	GNN_MessagePassing	0.30	8	4	4	0.0000	0.5938	0.0000	37.49
IID_Short	4	LearnedDualEnergy	0.30	8	5	5	0.0000	0.7969	0.0000	160.29
IID_Short	4	RecurrentAttention	0.30	8	5	5	0.0000	0.6094	0.0000	52.45
IID_Short	4	GNN_MessagePassing	0.30	8	5	5	0.0000	0.4219	0.0000	39.09
IID_Short	4	LearnedDualEnergy	0.30	8	6	6	0.0000	0.7031	0.0000	237.99
IID_Short	4	RecurrentAttention	0.30	8	6	6	0.0000	0.6719	0.0000	50.23
IID_Short	4	GNN_MessagePassing	0.30	8	6	6	0.0000	0.5781	0.0000	39.19
IID_Short	4	LearnedDualEnergy	0.30	8	7	7	0.0000	0.6875	0.0000	140.71
IID_Short	4	RecurrentAttention	0.30	8	7	7	0.0000	0.5000	0.0000	79.06
IID_Short	4	GNN_MessagePassing	0.30	8	7	7	0.0000	0.5000	0.0000	39.02
IID_Short	4	LearnedDualEnergy	0.30	8	8	8	0.0000	0.6094	0.0000	141.56
IID_Short	4	RecurrentAttention	0.30	8	8	8	0.0000	0.5938	0.0000	49.67
IID_Short	4	GNN_MessagePassing	0.30	8	8	8	0.0000	0.4844	0.0000	37.80
IID_Short	4	LearnedDualEnergy	0.30	8	9	9	0.0000	0.6250	0.0000	143.60
IID_Short	4	RecurrentAttention	0.30	8	9	9	0.0000	0.5469	0.0000	49.67
IID_Short	4	GNN_MessagePassing	0.30	8	9	9	0.0000	0.4219	0.0000	38.12
IID_Short	4	LearnedDualEnergy	0.30	8	10	10	0.0000	0.7656	0.0000	154.04
IID_Short	4	RecurrentAttention	0.30	8	10	10	0.0000	0.6875	0.0000	104.54
IID_Short	4	GNN_MessagePassing	0.30	8	10	10	0.0000	0.4844	0.0000	42.12
IID_Short	4	LearnedDualEnergy	0.30	8	11	11	0.0000	0.7500	0.0000	143.78
IID_Short	4	RecurrentAttention	0.30	8	11	11	0.0000	0.6562	0.0000	51.07
IID_Short	4	GNN_MessagePassing	0.30	8	11	11	0.0000	0.4844	0.0000	40.01
IID_Short	4	LearnedDualEnergy	0.30	8	12	12	0.0000	0.8281	0.0000	140.50
IID_Short	4	RecurrentAttention	0.30	8	12	12	0.0000	0.6719	0.0000	51.39
IID_Short	4	GNN_MessagePassing	0.30	8	12	12	0.0000	0.4219	0.0000	39.39
IID_Short	4	LearnedDualEnergy	0.30	8	13	13	0.0000	0.7344	0.0000	143.10
IID_Short	4	RecurrentAttention	0.30	8	13	13	0.0000	0.6719	0.0000	49.81
IID_Short	4	GNN_MessagePassing	0.30	8	13	13	0.0000	0.5000	0.0000	39.32
IID_Short	4	LearnedDualEnergy	0.30	8	14	14	0.0000	0.6562	0.0000	140.24
IID_Short	4	RecurrentAttention	0.30	8	14	14	0.0000	0.5781	0.0000	50.52
IID_Short	4	GNN_MessagePassing	0.30	8	14	14	0.0000	0.5156	0.0000	81.48
IID_Short	4	LearnedDualEnergy	0.30	8	15	15	0.0000	0.6719	0.0000	143.50
IID_Short	4	RecurrentAttention	0.30	8	15	15	0.0000	0.6250	0.0000	49.25
IID_Short	4	GNN_MessagePassing	0.30	8	15	15	0.0000	0.5625	0.0000	38.40
IID_Short	4	LearnedDualEnergy	0.30	8	16	16	0.0000	0.8438	0.0000	139.48
IID_Short	4	RecurrentAttention	0.30	8	16	16	0.0000	0.7344	0.0000	50.59
IID_Short	4	GNN_MessagePassing	0.30	8	16	16	0.0000	0.5938	0.0000	38.28
IID_Short	4	LearnedDualEnergy	0.30	8	17	17	0.0000	0.7188	0.0000	149.19
IID_Short	4	RecurrentAttention	0.30	8	17	17	0.0000	0.6719	0.0000	52.68
IID_Short	4	GNN_MessagePassing	0.30	8	17	17	0.0000	0.4844	0.0000	39.20
IID_Short	4	LearnedDualEnergy	0.30	8	18	18	0.0000	0.7188	0.0000	140.26
IID_Short	4	RecurrentAttention	0.30	8	18	18	0.0000	0.7188	0.0000	49.73
IID_Short	4	GNN_MessagePassing	0.30	8	18	18	0.0000	0.5156	0.0000	84.96
IID_Short	4	LearnedDualEnergy	0.30	8	19	19	0.0000	0.7031	0.0000	1910.39
IID_Short	4	RecurrentAttention	0.30	8	19	19	0.0000	0.5938	0.0000	90.76
IID_Short	4	GNN_MessagePassing	0.30	8	19	19	0.0000	0.5312	0.0000	44.59
IID_Short	4	LearnedDualEnergy	0.30	16	0	0	0.0000	0.6875	0.0000	305.35
IID_Short	4	RecurrentAttention	0.30	16	0	0	0.0000	0.7188	0.0000	105.65
IID_Short	4	GNN_MessagePassing	0.30	16	0	0	0.0000	0.5000	0.0000	80.00
IID_Short	4	LearnedDualEnergy	0.30	16	1	1	0.0000	0.8438	0.0000	281.33
IID_Short	4	RecurrentAttention	0.30	16	1	1	0.0000	0.6719	0.0000	101.92
IID_Short	4	GNN_MessagePassing	0.30	16	1	1	0.0000	0.5469	0.0000	78.14
IID_Short	4	LearnedDualEnergy	0.30	16	2	2	0.0000	0.6719	0.0000	337.47
IID_Short	4	RecurrentAttention	0.30	16	2	2	0.0000	0.5938	0.0000	102.32
IID_Short	4	GNN_MessagePassing	0.30	16	2	2	0.0000	0.5156	0.0000	81.14
IID_Short	4	LearnedDualEnergy	0.30	16	3	3	0.0000	0.6719	0.0000	312.77
IID_Short	4	RecurrentAttention	0.30	16	3	3	0.0000	0.6094	0.0000	103.60
IID_Short	4	GNN_MessagePassing	0.30	16	3	3	0.0000	0.4062	0.0000	104.65
IID_Short	4	LearnedDualEnergy	0.30	16	4	4	0.0000	0.7656	0.0000	276.53
IID_Short	4	RecurrentAttention	0.30	16	4	4	0.0000	0.6250	0.0000	101.12
IID_Short	4	GNN_MessagePassing	0.30	16	4	4	0.0000	0.5781	0.0000	79.15
IID_Short	4	LearnedDualEnergy	0.30	16	5	5	0.0000	0.7969	0.0000	284.10
IID_Short	4	RecurrentAttention	0.30	16	5	5	0.0000	0.5625	0.0000	101.72
IID_Short	4	GNN_MessagePassing	0.30	16	5	5	0.0000	0.4531	0.0000	78.44
IID_Short	4	LearnedDualEnergy	0.30	16	6	6	0.0000	0.7031	0.0000	355.58
IID_Short	4	RecurrentAttention	0.30	16	6	6	0.0000	0.5625	0.0000	101.61
IID_Short	4	GNN_MessagePassing	0.30	16	6	6	0.0000	0.6406	0.0000	80.25
IID_Short	4	LearnedDualEnergy	0.30	16	7	7	0.0000	0.6875	0.0000	296.37
IID_Short	4	RecurrentAttention	0.30	16	7	7	0.0000	0.5000	0.0000	102.34
IID_Short	4	GNN_MessagePassing	0.30	16	7	7	0.0000	0.5156	0.0000	79.35
IID_Short	4	LearnedDualEnergy	0.30	16	8	8	0.0000	0.5938	0.0000	277.48
IID_Short	4	RecurrentAttention	0.30	16	8	8	0.0000	0.4688	0.0000	106.18
IID_Short	4	GNN_MessagePassing	0.30	16	8	8	0.0000	0.5469	0.0000	80.77
IID_Short	4	LearnedDualEnergy	0.30	16	9	9	0.0000	0.6250	0.0000	280.52
IID_Short	4	RecurrentAttention	0.30	16	9	9	0.0000	0.5781	0.0000	101.99
IID_Short	4	GNN_MessagePassing	0.30	16	9	9	0.0000	0.4844	0.0000	79.63
IID_Short	4	LearnedDualEnergy	0.30	16	10	10	0.0000	0.7500	0.0000	298.71
IID_Short	4	RecurrentAttention	0.30	16	10	10	0.0000	0.6719	0.0000	100.10
IID_Short	4	GNN_MessagePassing	0.30	16	10	10	0.0000	0.4375	0.0000	78.22
IID_Short	4	LearnedDualEnergy	0.30	16	11	11	0.0000	0.7500	0.0000	316.42
IID_Short	4	RecurrentAttention	0.30	16	11	11	0.0000	0.6562	0.0000	100.70
IID_Short	4	GNN_MessagePassing	0.30	16	11	11	0.0000	0.4531	0.0000	78.28
IID_Short	4	LearnedDualEnergy	0.30	16	12	12	0.0000	0.8125	0.0000	279.25
IID_Short	4	RecurrentAttention	0.30	16	12	12	0.0000	0.6406	0.0000	106.39
IID_Short	4	GNN_MessagePassing	0.30	16	12	12	0.0000	0.4688	0.0000	80.54
IID_Short	4	LearnedDualEnergy	0.30	16	13	13	0.0000	0.7344	0.0000	9926.58
IID_Short	4	RecurrentAttention	0.30	16	13	13	0.0000	0.5938	0.0000	101.90
IID_Short	4	GNN_MessagePassing	0.30	16	13	13	0.0000	0.6094	0.0000	78.92
IID_Short	4	LearnedDualEnergy	0.30	16	14	14	0.0000	0.6562	0.0000	317.03
IID_Short	4	RecurrentAttention	0.30	16	14	14	0.0000	0.5625	0.0000	118.77
IID_Short	4	GNN_MessagePassing	0.30	16	14	14	0.0000	0.6094	0.0000	125.39
IID_Short	4	LearnedDualEnergy	0.30	16	15	15	0.0000	0.6719	0.0000	344.32
IID_Short	4	RecurrentAttention	0.30	16	15	15	0.0000	0.6094	0.0000	106.93
IID_Short	4	GNN_MessagePassing	0.30	16	15	15	0.0000	0.4844	0.0000	82.02
IID_Short	4	LearnedDualEnergy	0.30	16	16	16	0.0000	0.8438	0.0000	279.86
IID_Short	4	RecurrentAttention	0.30	16	16	16	0.0000	0.6094	0.0000	100.68
IID_Short	4	GNN_MessagePassing	0.30	16	16	16	0.0000	0.5625	0.0000	78.96
IID_Short	4	LearnedDualEnergy	0.30	16	17	17	0.0000	0.7188	0.0000	308.00
IID_Short	4	RecurrentAttention	0.30	16	17	17	0.0000	0.5938	0.0000	100.04
IID_Short	4	GNN_MessagePassing	0.30	16	17	17	0.0000	0.4062	0.0000	77.45
IID_Short	4	LearnedDualEnergy	0.30	16	18	18	0.0000	0.7188	0.0000	275.90
IID_Short	4	RecurrentAttention	0.30	16	18	18	0.0000	0.6562	0.0000	100.61
IID_Short	4	GNN_MessagePassing	0.30	16	18	18	0.0000	0.6094	0.0000	75.67
IID_Short	4	LearnedDualEnergy	0.30	16	19	19	0.0000	0.7031	0.0000	910.88
IID_Short	4	RecurrentAttention	0.30	16	19	19	0.0000	0.5312	0.0000	107.19
IID_Short	4	GNN_MessagePassing	0.30	16	19	19	0.0000	0.5000	0.0000	81.38
IID_Short	4	LearnedDualEnergy	0.30	32	0	0	0.0000	0.6875	0.0000	782.40
IID_Short	4	RecurrentAttention	0.30	32	0	0	0.0000	0.7344	0.0000	296.00
IID_Short	4	GNN_MessagePassing	0.30	32	0	0	0.0000	0.4531	0.0000	256.81
IID_Short	4	LearnedDualEnergy	0.30	32	1	1	0.0000	0.8438	0.0000	777.97
IID_Short	4	RecurrentAttention	0.30	32	1	1	0.0000	0.5469	0.0000	375.72
IID_Short	4	GNN_MessagePassing	0.30	32	1	1	0.0000	0.4375	0.0000	255.98
IID_Short	4	LearnedDualEnergy	0.30	32	2	2	0.0000	0.6562	0.0000	534.58
IID_Short	4	RecurrentAttention	0.30	32	2	2	0.0000	0.5469	0.0000	231.28
IID_Short	4	GNN_MessagePassing	0.30	32	2	2	0.0000	0.6094	0.0000	151.48
IID_Short	4	LearnedDualEnergy	0.30	32	3	3	0.0000	0.6875	0.0000	584.97
IID_Short	4	RecurrentAttention	0.30	32	3	3	0.0000	0.5781	0.0000	213.05
IID_Short	4	GNN_MessagePassing	0.30	32	3	3	0.0000	0.4688	0.0000	244.51
IID_Short	4	LearnedDualEnergy	0.30	32	4	4	0.0000	0.7500	0.0000	675.54
IID_Short	4	RecurrentAttention	0.30	32	4	4	0.0000	0.6250	0.0000	229.12
IID_Short	4	GNN_MessagePassing	0.30	32	4	4	0.0000	0.5781	0.0000	230.40
IID_Short	4	LearnedDualEnergy	0.30	32	5	5	0.0000	0.7656	0.0000	922.93
IID_Short	4	RecurrentAttention	0.30	32	5	5	0.0000	0.5625	0.0000	266.91
IID_Short	4	GNN_MessagePassing	0.30	32	5	5	0.0000	0.3906	0.0000	264.10
IID_Short	4	LearnedDualEnergy	0.30	32	6	6	0.0000	0.7031	0.0000	810.13
IID_Short	4	RecurrentAttention	0.30	32	6	6	0.0000	0.4688	0.0000	289.24
IID_Short	4	GNN_MessagePassing	0.30	32	6	6	0.0000	0.6562	0.0000	252.17
IID_Short	4	LearnedDualEnergy	0.30	32	7	7	0.0000	0.7031	0.0000	2931.47
IID_Short	4	RecurrentAttention	0.30	32	7	7	0.0000	0.5312	0.0000	297.06
IID_Short	4	GNN_MessagePassing	0.30	32	7	7	0.0000	0.5469	0.0000	250.07
IID_Short	4	LearnedDualEnergy	0.30	32	8	8	0.0000	0.5938	0.0000	823.00
IID_Short	4	RecurrentAttention	0.30	32	8	8	0.0000	0.3750	0.0000	266.98
IID_Short	4	GNN_MessagePassing	0.30	32	8	8	0.0000	0.5312	0.0000	269.37
IID_Short	4	LearnedDualEnergy	0.30	32	9	9	0.0000	0.5781	0.0000	1762.60
IID_Short	4	RecurrentAttention	0.30	32	9	9	0.0000	0.5625	0.0000	296.12
IID_Short	4	GNN_MessagePassing	0.30	32	9	9	0.0000	0.5000	0.0000	290.95
IID_Short	4	LearnedDualEnergy	0.30	32	10	10	0.0000	0.7344	0.0000	606.20
IID_Short	4	RecurrentAttention	0.30	32	10	10	0.0000	0.6406	0.0000	236.28
IID_Short	4	GNN_MessagePassing	0.30	32	10	10	0.0000	0.3750	0.0000	156.37
IID_Short	4	LearnedDualEnergy	0.30	32	11	11	0.0000	0.7656	0.0000	584.36
IID_Short	4	RecurrentAttention	0.30	32	11	11	0.0000	0.6719	0.0000	209.60
IID_Short	4	GNN_MessagePassing	0.30	32	11	11	0.0000	0.5625	0.0000	163.70
IID_Short	4	LearnedDualEnergy	0.30	32	12	12	0.0000	0.8125	0.0000	676.94
IID_Short	4	RecurrentAttention	0.30	32	12	12	0.0000	0.6250	0.0000	340.70
IID_Short	4	GNN_MessagePassing	0.30	32	12	12	0.0000	0.4844	0.0000	254.16
IID_Short	4	LearnedDualEnergy	0.30	32	13	13	0.0000	0.7344	0.0000	742.43
IID_Short	4	RecurrentAttention	0.30	32	13	13	0.0000	0.5625	0.0000	287.84
IID_Short	4	GNN_MessagePassing	0.30	32	13	13	0.0000	0.5781	0.0000	280.69
IID_Short	4	LearnedDualEnergy	0.30	32	14	14	0.0000	0.6719	0.0000	837.08
IID_Short	4	RecurrentAttention	0.30	32	14	14	0.0000	0.6094	0.0000	265.38
IID_Short	4	GNN_MessagePassing	0.30	32	14	14	0.0000	0.5781	0.0000	256.57
IID_Short	4	LearnedDualEnergy	0.30	32	15	15	0.0000	0.6719	0.0000	829.44
IID_Short	4	RecurrentAttention	0.30	32	15	15	0.0000	0.5781	0.0000	260.59
IID_Short	4	GNN_MessagePassing	0.30	32	15	15	0.0000	0.5625	0.0000	293.17
IID_Short	4	LearnedDualEnergy	0.30	32	16	16	0.0000	0.8125	0.0000	7088.46
IID_Short	4	RecurrentAttention	0.30	32	16	16	0.0000	0.6250	0.0000	254.56
IID_Short	4	GNN_MessagePassing	0.30	32	16	16	0.0000	0.5156	0.0000	289.30
IID_Short	4	LearnedDualEnergy	0.30	32	17	17	0.0000	0.6875	0.0000	666.09
IID_Short	4	RecurrentAttention	0.30	32	17	17	0.0000	0.5000	0.0000	203.63
IID_Short	4	GNN_MessagePassing	0.30	32	17	17	0.0000	0.4531	0.0000	152.02
IID_Short	4	LearnedDualEnergy	0.30	32	18	18	0.0000	0.7344	0.0000	543.82
IID_Short	4	RecurrentAttention	0.30	32	18	18	0.0000	0.6094	0.0000	202.44
IID_Short	4	GNN_MessagePassing	0.30	32	18	18	0.0000	0.5312	0.0000	150.71
IID_Short	4	LearnedDualEnergy	0.30	32	19	19	0.0000	0.7188	0.0000	600.24
IID_Short	4	RecurrentAttention	0.30	32	19	19	0.0000	0.5625	0.0000	201.37
IID_Short	4	GNN_MessagePassing	0.30	32	19	19	0.0000	0.4844	0.0000	150.13
IID_Short	5	LearnedDualEnergy	0.10	1	0	0	0.0000	0.9000	0.0000	39.68
IID_Short	5	RecurrentAttention	0.10	1	0	0	0.0000	0.8875	0.0000	9.02
IID_Short	5	GNN_MessagePassing	0.10	1	0	0	0.0000	0.5875	0.0000	6.99
IID_Short	5	LearnedDualEnergy	0.10	1	1	1	0.0000	0.8875	0.0000	30.73
IID_Short	5	RecurrentAttention	0.10	1	1	1	0.0000	0.8750	0.0000	8.53
IID_Short	5	GNN_MessagePassing	0.10	1	1	1	0.0000	0.4750	0.0000	6.22
IID_Short	5	LearnedDualEnergy	0.10	1	2	2	0.0000	0.9250	0.0000	65.77
IID_Short	5	RecurrentAttention	0.10	1	2	2	0.0000	0.9000	0.0000	65.01
IID_Short	5	GNN_MessagePassing	0.10	1	2	2	0.0000	0.5750	0.0000	6.99
IID_Short	5	LearnedDualEnergy	0.10	1	3	3	0.0000	0.8875	0.0000	40.08
IID_Short	5	RecurrentAttention	0.10	1	3	3	0.0000	0.8625	0.0000	10.21
IID_Short	5	GNN_MessagePassing	0.10	1	3	3	0.0000	0.5000	0.0000	10.56
IID_Short	5	LearnedDualEnergy	0.10	1	4	4	0.0000	0.9000	0.0000	38.44
IID_Short	5	RecurrentAttention	0.10	1	4	4	0.0000	0.8750	0.0000	9.85
IID_Short	5	GNN_MessagePassing	0.10	1	4	4	0.0000	0.5375	0.0000	10.01
IID_Short	5	LearnedDualEnergy	0.10	1	5	5	0.0000	0.8625	0.0000	44.28
IID_Short	5	RecurrentAttention	0.10	1	5	5	0.0000	0.8375	0.0000	9.94
IID_Short	5	GNN_MessagePassing	0.10	1	5	5	0.0000	0.5000	0.0000	10.38
IID_Short	5	LearnedDualEnergy	0.10	1	6	6	0.0000	0.9375	0.0000	41.55
IID_Short	5	RecurrentAttention	0.10	1	6	6	0.0000	0.9250	0.0000	11.15
IID_Short	5	GNN_MessagePassing	0.10	1	6	6	0.0000	0.5375	0.0000	10.03
IID_Short	5	LearnedDualEnergy	0.10	1	7	7	0.0000	0.8750	0.0000	40.25
IID_Short	5	RecurrentAttention	0.10	1	7	7	0.0000	0.8750	0.0000	9.99
IID_Short	5	GNN_MessagePassing	0.10	1	7	7	0.0000	0.5125	0.0000	9.98
IID_Short	5	LearnedDualEnergy	0.10	1	8	8	0.0000	0.8750	0.0000	40.56
IID_Short	5	RecurrentAttention	0.10	1	8	8	0.0000	0.8625	0.0000	10.32
IID_Short	5	GNN_MessagePassing	0.10	1	8	8	0.0000	0.5125	0.0000	9.99
IID_Short	5	LearnedDualEnergy	0.10	1	9	9	0.0000	0.9500	0.0000	41.02
IID_Short	5	RecurrentAttention	0.10	1	9	9	0.0000	0.9500	0.0000	9.91
IID_Short	5	GNN_MessagePassing	0.10	1	9	9	0.0000	0.4375	0.0000	10.30
IID_Short	5	LearnedDualEnergy	0.10	1	10	10	0.0000	0.8500	0.0000	55.16
IID_Short	5	RecurrentAttention	0.10	1	10	10	0.0000	0.8500	0.0000	12.40
IID_Short	5	GNN_MessagePassing	0.10	1	10	10	0.0000	0.6000	0.0000	12.52
IID_Short	5	LearnedDualEnergy	0.10	1	11	11	0.0000	0.9000	0.0000	43.63
IID_Short	5	RecurrentAttention	0.10	1	11	11	0.0000	0.9000	0.0000	9.86
IID_Short	5	GNN_MessagePassing	0.10	1	11	11	0.0000	0.5625	0.0000	10.15
IID_Short	5	LearnedDualEnergy	0.10	1	12	12	0.0000	0.8750	0.0000	40.79
IID_Short	5	RecurrentAttention	0.10	1	12	12	0.0000	0.8750	0.0000	10.02
IID_Short	5	GNN_MessagePassing	0.10	1	12	12	0.0000	0.5125	0.0000	10.62
IID_Short	5	LearnedDualEnergy	0.10	1	13	13	0.0000	0.8875	0.0000	40.99
IID_Short	5	RecurrentAttention	0.10	1	13	13	0.0000	0.8625	0.0000	10.13
IID_Short	5	GNN_MessagePassing	0.10	1	13	13	0.0000	0.5250	0.0000	11.40
IID_Short	5	LearnedDualEnergy	0.10	1	14	14	0.0000	0.9250	0.0000	40.70
IID_Short	5	RecurrentAttention	0.10	1	14	14	0.0000	0.9250	0.0000	10.43
IID_Short	5	GNN_MessagePassing	0.10	1	14	14	0.0000	0.4750	0.0000	9.96
IID_Short	5	LearnedDualEnergy	0.10	1	15	15	0.0000	0.8750	0.0000	40.26
IID_Short	5	RecurrentAttention	0.10	1	15	15	0.0000	0.8625	0.0000	10.26
IID_Short	5	GNN_MessagePassing	0.10	1	15	15	0.0000	0.5375	0.0000	10.53
IID_Short	5	LearnedDualEnergy	0.10	1	16	16	0.0000	0.9000	0.0000	40.71
IID_Short	5	RecurrentAttention	0.10	1	16	16	0.0000	0.8875	0.0000	10.20
IID_Short	5	GNN_MessagePassing	0.10	1	16	16	0.0000	0.4625	0.0000	10.06
IID_Short	5	LearnedDualEnergy	0.10	1	17	17	0.0000	0.8625	0.0000	39.52
IID_Short	5	RecurrentAttention	0.10	1	17	17	0.0000	0.8500	0.0000	10.07
IID_Short	5	GNN_MessagePassing	0.10	1	17	17	0.0000	0.5625	0.0000	9.50
IID_Short	5	LearnedDualEnergy	0.10	1	18	18	0.0000	0.9250	0.0000	39.49
IID_Short	5	RecurrentAttention	0.10	1	18	18	0.0000	0.9250	0.0000	9.85
IID_Short	5	GNN_MessagePassing	0.10	1	18	18	0.0000	0.4875	0.0000	10.10
IID_Short	5	LearnedDualEnergy	0.10	1	19	19	0.0000	0.9125	0.0000	40.28
IID_Short	5	RecurrentAttention	0.10	1	19	19	0.0000	0.9000	0.0000	10.10
IID_Short	5	GNN_MessagePassing	0.10	1	19	19	0.0000	0.5250	0.0000	11.43
IID_Short	5	LearnedDualEnergy	0.10	2	0	0	0.0000	0.9000	0.0000	76.37
IID_Short	5	RecurrentAttention	0.10	2	0	0	0.0000	0.8875	0.0000	20.35
IID_Short	5	GNN_MessagePassing	0.10	2	0	0	0.0000	0.5875	0.0000	20.86
IID_Short	5	LearnedDualEnergy	0.10	2	1	1	0.0000	0.8875	0.0000	68.93
IID_Short	5	RecurrentAttention	0.10	2	1	1	0.0000	0.8375	0.0000	19.66
IID_Short	5	GNN_MessagePassing	0.10	2	1	1	0.0000	0.5125	0.0000	21.30
IID_Short	5	LearnedDualEnergy	0.10	2	2	2	0.0000	0.9250	0.0000	68.16
IID_Short	5	RecurrentAttention	0.10	2	2	2	0.0000	0.8500	0.0000	19.56
IID_Short	5	GNN_MessagePassing	0.10	2	2	2	0.0000	0.5000	0.0000	20.00
IID_Short	5	LearnedDualEnergy	0.10	2	3	3	0.0000	0.8875	0.0000	71.25
IID_Short	5	RecurrentAttention	0.10	2	3	3	0.0000	0.8625	0.0000	20.50
IID_Short	5	GNN_MessagePassing	0.10	2	3	3	0.0000	0.4750	0.0000	19.35
IID_Short	5	LearnedDualEnergy	0.10	2	4	4	0.0000	0.9000	0.0000	66.11
IID_Short	5	RecurrentAttention	0.10	2	4	4	0.0000	0.8000	0.0000	20.41
IID_Short	5	GNN_MessagePassing	0.10	2	4	4	0.0000	0.5000	0.0000	19.31
IID_Short	5	LearnedDualEnergy	0.10	2	5	5	0.0000	0.8625	0.0000	66.99
IID_Short	5	RecurrentAttention	0.10	2	5	5	0.0000	0.8250	0.0000	19.83
IID_Short	5	GNN_MessagePassing	0.10	2	5	5	0.0000	0.5375	0.0000	19.47
IID_Short	5	LearnedDualEnergy	0.10	2	6	6	0.0000	0.9375	0.0000	125.64
IID_Short	5	RecurrentAttention	0.10	2	6	6	0.0000	0.9000	0.0000	20.30
IID_Short	5	GNN_MessagePassing	0.10	2	6	6	0.0000	0.4875	0.0000	21.75
IID_Short	5	LearnedDualEnergy	0.10	2	7	7	0.0000	0.8750	0.0000	117.06
IID_Short	5	RecurrentAttention	0.10	2	7	7	0.0000	0.8375	0.0000	20.00
IID_Short	5	GNN_MessagePassing	0.10	2	7	7	0.0000	0.6250	0.0000	21.44
IID_Short	5	LearnedDualEnergy	0.10	2	8	8	0.0000	0.8750	0.0000	48.94
IID_Short	5	RecurrentAttention	0.10	2	8	8	0.0000	0.8250	0.0000	15.15
IID_Short	5	GNN_MessagePassing	0.10	2	8	8	0.0000	0.4500	0.0000	11.44
IID_Short	5	LearnedDualEnergy	0.10	2	9	9	0.0000	0.9500	0.0000	72.21
IID_Short	5	RecurrentAttention	0.10	2	9	9	0.0000	0.9250	0.0000	20.20
IID_Short	5	GNN_MessagePassing	0.10	2	9	9	0.0000	0.4625	0.0000	20.97
IID_Short	5	LearnedDualEnergy	0.10	2	10	10	0.0000	0.8500	0.0000	51.53
IID_Short	5	RecurrentAttention	0.10	2	10	10	0.0000	0.7875	0.0000	59.39
IID_Short	5	GNN_MessagePassing	0.10	2	10	10	0.0000	0.4000	0.0000	12.48
IID_Short	5	LearnedDualEnergy	0.10	2	11	11	0.0000	0.9000	0.0000	69.90
IID_Short	5	RecurrentAttention	0.10	2	11	11	0.0000	0.9000	0.0000	15.42
IID_Short	5	GNN_MessagePassing	0.10	2	11	11	0.0000	0.4250	0.0000	12.03
IID_Short	5	LearnedDualEnergy	0.10	2	12	12	0.0000	0.8750	0.0000	69.99
IID_Short	5	RecurrentAttention	0.10	2	12	12	0.0000	0.8250	0.0000	15.43
IID_Short	5	GNN_MessagePassing	0.10	2	12	12	0.0000	0.4250	0.0000	76.66
IID_Short	5	LearnedDualEnergy	0.10	2	13	13	0.0000	0.8875	0.0000	54.36
IID_Short	5	RecurrentAttention	0.10	2	13	13	0.0000	0.8500	0.0000	16.52
IID_Short	5	GNN_MessagePassing	0.10	2	13	13	0.0000	0.6000	0.0000	12.30
IID_Short	5	LearnedDualEnergy	0.10	2	14	14	0.0000	0.9250	0.0000	49.91
IID_Short	5	RecurrentAttention	0.10	2	14	14	0.0000	0.9250	0.0000	15.35
IID_Short	5	GNN_MessagePassing	0.10	2	14	14	0.0000	0.4500	0.0000	13.61
IID_Short	5	LearnedDualEnergy	0.10	2	15	15	0.0000	0.8750	0.0000	50.47
IID_Short	5	RecurrentAttention	0.10	2	15	15	0.0000	0.8000	0.0000	15.54
IID_Short	5	GNN_MessagePassing	0.10	2	15	15	0.0000	0.5625	0.0000	12.62
IID_Short	5	LearnedDualEnergy	0.10	2	16	16	0.0000	0.9000	0.0000	47.98
IID_Short	5	RecurrentAttention	0.10	2	16	16	0.0000	0.8375	0.0000	15.13
IID_Short	5	GNN_MessagePassing	0.10	2	16	16	0.0000	0.4500	0.0000	13.55
IID_Short	5	LearnedDualEnergy	0.10	2	17	17	0.0000	0.8625	0.0000	51.38
IID_Short	5	RecurrentAttention	0.10	2	17	17	0.0000	0.7875	0.0000	16.10
IID_Short	5	GNN_MessagePassing	0.10	2	17	17	0.0000	0.4375	0.0000	11.68
IID_Short	5	LearnedDualEnergy	0.10	2	18	18	0.0000	0.9250	0.0000	49.40
IID_Short	5	RecurrentAttention	0.10	2	18	18	0.0000	0.9000	0.0000	15.75
IID_Short	5	GNN_MessagePassing	0.10	2	18	18	0.0000	0.4750	0.0000	12.12
IID_Short	5	LearnedDualEnergy	0.10	2	19	19	0.0000	0.9125	0.0000	48.21
IID_Short	5	RecurrentAttention	0.10	2	19	19	0.0000	0.8875	0.0000	15.05
IID_Short	5	GNN_MessagePassing	0.10	2	19	19	0.0000	0.5125	0.0000	12.43
IID_Short	5	LearnedDualEnergy	0.10	4	0	0	0.0000	0.9000	0.0000	157.42
IID_Short	5	RecurrentAttention	0.10	4	0	0	0.0000	0.8625	0.0000	47.45
IID_Short	5	GNN_MessagePassing	0.10	4	0	0	0.0000	0.5875	0.0000	39.86
IID_Short	5	LearnedDualEnergy	0.10	4	1	1	0.0000	0.8875	0.0000	160.72
IID_Short	5	RecurrentAttention	0.10	4	1	1	0.0000	0.7625	0.0000	39.88
IID_Short	5	GNN_MessagePassing	0.10	4	1	1	0.0000	0.4875	0.0000	39.81
IID_Short	5	LearnedDualEnergy	0.10	4	2	2	0.0000	0.9250	0.0000	128.94
IID_Short	5	RecurrentAttention	0.10	4	2	2	0.0000	0.7750	0.0000	40.51
IID_Short	5	GNN_MessagePassing	0.10	4	2	2	0.0000	0.4375	0.0000	39.06
IID_Short	5	LearnedDualEnergy	0.10	4	3	3	0.0000	0.8875	0.0000	124.57
IID_Short	5	RecurrentAttention	0.10	4	3	3	0.0000	0.7625	0.0000	37.56
IID_Short	5	GNN_MessagePassing	0.10	4	3	3	0.0000	0.4500	0.0000	40.39
IID_Short	5	LearnedDualEnergy	0.10	4	4	4	0.0000	0.9000	0.0000	121.76
IID_Short	5	RecurrentAttention	0.10	4	4	4	0.0000	0.7125	0.0000	79.69
IID_Short	5	GNN_MessagePassing	0.10	4	4	4	0.0000	0.4500	0.0000	40.46
IID_Short	5	LearnedDualEnergy	0.10	4	5	5	0.0000	0.8625	0.0000	128.05
IID_Short	5	RecurrentAttention	0.10	4	5	5	0.0000	0.7875	0.0000	40.65
IID_Short	5	GNN_MessagePassing	0.10	4	5	5	0.0000	0.5000	0.0000	40.39
IID_Short	5	LearnedDualEnergy	0.10	4	6	6	0.0000	0.9375	0.0000	126.58
IID_Short	5	RecurrentAttention	0.10	4	6	6	0.0000	0.8250	0.0000	37.34
IID_Short	5	GNN_MessagePassing	0.10	4	6	6	0.0000	0.5375	0.0000	37.39
IID_Short	5	LearnedDualEnergy	0.10	4	7	7	0.0000	0.8750	0.0000	121.09
IID_Short	5	RecurrentAttention	0.10	4	7	7	0.0000	0.7625	0.0000	39.41
IID_Short	5	GNN_MessagePassing	0.10	4	7	7	0.0000	0.5625	0.0000	38.52
IID_Short	5	LearnedDualEnergy	0.10	4	8	8	0.0000	0.8750	0.0000	135.48
IID_Short	5	RecurrentAttention	0.10	4	8	8	0.0000	0.8125	0.0000	31.68
IID_Short	5	GNN_MessagePassing	0.10	4	8	8	0.0000	0.5000	0.0000	24.59
IID_Short	5	LearnedDualEnergy	0.10	4	9	9	0.0000	0.9500	0.0000	116.97
IID_Short	5	RecurrentAttention	0.10	4	9	9	0.0000	0.8625	0.0000	37.34
IID_Short	5	GNN_MessagePassing	0.10	4	9	9	0.0000	0.6000	0.0000	38.83
IID_Short	5	LearnedDualEnergy	0.10	4	10	10	0.0000	0.8500	0.0000	101.27
IID_Short	5	RecurrentAttention	0.10	4	10	10	0.0000	0.7625	0.0000	32.70
IID_Short	5	GNN_MessagePassing	0.10	4	10	10	0.0000	0.5375	0.0000	25.23
IID_Short	5	LearnedDualEnergy	0.10	4	11	11	0.0000	0.9000	0.0000	126.82
IID_Short	5	RecurrentAttention	0.10	4	11	11	0.0000	0.8750	0.0000	34.12
IID_Short	5	GNN_MessagePassing	0.10	4	11	11	0.0000	0.4750	0.0000	24.32
IID_Short	5	LearnedDualEnergy	0.10	4	12	12	0.0000	0.8750	0.0000	94.16
IID_Short	5	RecurrentAttention	0.10	4	12	12	0.0000	0.8000	0.0000	31.10
IID_Short	5	GNN_MessagePassing	0.10	4	12	12	0.0000	0.5750	0.0000	23.62
IID_Short	5	LearnedDualEnergy	0.10	4	13	13	0.0000	0.8875	0.0000	92.82
IID_Short	5	RecurrentAttention	0.10	4	13	13	0.0000	0.7375	0.0000	35.02
IID_Short	5	GNN_MessagePassing	0.10	4	13	13	0.0000	0.5875	0.0000	34.90
IID_Short	5	LearnedDualEnergy	0.10	4	14	14	0.0000	0.9250	0.0000	119.78
IID_Short	5	RecurrentAttention	0.10	4	14	14	0.0000	0.9250	0.0000	37.39
IID_Short	5	GNN_MessagePassing	0.10	4	14	14	0.0000	0.6000	0.0000	35.90
IID_Short	5	LearnedDualEnergy	0.10	4	15	15	0.0000	0.8750	0.0000	100.68
IID_Short	5	RecurrentAttention	0.10	4	15	15	0.0000	0.7500	0.0000	30.44
IID_Short	5	GNN_MessagePassing	0.10	4	15	15	0.0000	0.5875	0.0000	23.35
IID_Short	5	LearnedDualEnergy	0.10	4	16	16	0.0000	0.9000	0.0000	93.42
IID_Short	5	RecurrentAttention	0.10	4	16	16	0.0000	0.7500	0.0000	30.86
IID_Short	5	GNN_MessagePassing	0.10	4	16	16	0.0000	0.5250	0.0000	23.16
IID_Short	5	LearnedDualEnergy	0.10	4	17	17	0.0000	0.8625	0.0000	93.00
IID_Short	5	RecurrentAttention	0.10	4	17	17	0.0000	0.7125	0.0000	29.87
IID_Short	5	GNN_MessagePassing	0.10	4	17	17	0.0000	0.5000	0.0000	22.86
IID_Short	5	LearnedDualEnergy	0.10	4	18	18	0.0000	0.9250	0.0000	91.60
IID_Short	5	RecurrentAttention	0.10	4	18	18	0.0000	0.8875	0.0000	32.05
IID_Short	5	GNN_MessagePassing	0.10	4	18	18	0.0000	0.4875	0.0000	24.04
IID_Short	5	LearnedDualEnergy	0.10	4	19	19	0.0000	0.9125	0.0000	90.64
IID_Short	5	RecurrentAttention	0.10	4	19	19	0.0000	0.8375	0.0000	30.01
IID_Short	5	GNN_MessagePassing	0.10	4	19	19	0.0000	0.5000	0.0000	22.77
IID_Short	5	LearnedDualEnergy	0.10	8	0	0	0.0000	0.9000	0.0000	185.74
IID_Short	5	RecurrentAttention	0.10	8	0	0	0.0000	0.7625	0.0000	66.73
IID_Short	5	GNN_MessagePassing	0.10	8	0	0	0.0000	0.6125	0.0000	50.21
IID_Short	5	LearnedDualEnergy	0.10	8	1	1	0.0000	0.8875	0.0000	183.68
IID_Short	5	RecurrentAttention	0.10	8	1	1	0.0000	0.7250	0.0000	62.00
IID_Short	5	GNN_MessagePassing	0.10	8	1	1	0.0000	0.4875	0.0000	47.95
IID_Short	5	LearnedDualEnergy	0.10	8	2	2	0.0000	0.9250	0.0000	178.83
IID_Short	5	RecurrentAttention	0.10	8	2	2	0.0000	0.7000	0.0000	62.46
IID_Short	5	GNN_MessagePassing	0.10	8	2	2	0.0000	0.5250	0.0000	46.31
IID_Short	5	LearnedDualEnergy	0.10	8	3	3	0.0000	0.8875	0.0000	179.66
IID_Short	5	RecurrentAttention	0.10	8	3	3	0.0000	0.7625	0.0000	63.46
IID_Short	5	GNN_MessagePassing	0.10	8	3	3	0.0000	0.4875	0.0000	48.99
IID_Short	5	LearnedDualEnergy	0.10	8	4	4	0.0000	0.9000	0.0000	180.39
IID_Short	5	RecurrentAttention	0.10	8	4	4	0.0000	0.6500	0.0000	63.22
IID_Short	5	GNN_MessagePassing	0.10	8	4	4	0.0000	0.4875	0.0000	50.54
IID_Short	5	LearnedDualEnergy	0.10	8	5	5	0.0000	0.8625	0.0000	238.30
IID_Short	5	RecurrentAttention	0.10	8	5	5	0.0000	0.7250	0.0000	232.08
IID_Short	5	GNN_MessagePassing	0.10	8	5	5	0.0000	0.5125	0.0000	52.48
IID_Short	5	LearnedDualEnergy	0.10	8	6	6	0.0000	0.9375	0.0000	218.04
IID_Short	5	RecurrentAttention	0.10	8	6	6	0.0000	0.7750	0.0000	84.20
IID_Short	5	GNN_MessagePassing	0.10	8	6	6	0.0000	0.4000	0.0000	68.96
IID_Short	5	LearnedDualEnergy	0.10	8	7	7	0.0000	0.8750	0.0000	238.75
IID_Short	5	RecurrentAttention	0.10	8	7	7	0.0000	0.6875	0.0000	85.34
IID_Short	5	GNN_MessagePassing	0.10	8	7	7	0.0000	0.4875	0.0000	69.12
IID_Short	5	LearnedDualEnergy	0.10	8	8	8	0.0000	0.8625	0.0000	239.21
IID_Short	5	RecurrentAttention	0.10	8	8	8	0.0000	0.7750	0.0000	83.51
IID_Short	5	GNN_MessagePassing	0.10	8	8	8	0.0000	0.6000	0.0000	72.92
IID_Short	5	LearnedDualEnergy	0.10	8	9	9	0.0000	0.9500	0.0000	221.24
IID_Short	5	RecurrentAttention	0.10	8	9	9	0.0000	0.7875	0.0000	89.10
IID_Short	5	GNN_MessagePassing	0.10	8	9	9	0.0000	0.4875	0.0000	121.63
IID_Short	5	LearnedDualEnergy	0.10	8	10	10	0.0000	0.8500	0.0000	259.44
IID_Short	5	RecurrentAttention	0.10	8	10	10	0.0000	0.7250	0.0000	80.90
IID_Short	5	GNN_MessagePassing	0.10	8	10	10	0.0000	0.4750	0.0000	80.47
IID_Short	5	LearnedDualEnergy	0.10	8	11	11	0.0000	0.9000	0.0000	286.00
IID_Short	5	RecurrentAttention	0.10	8	11	11	0.0000	0.8625	0.0000	81.52
IID_Short	5	GNN_MessagePassing	0.10	8	11	11	0.0000	0.4750	0.0000	83.71
IID_Short	5	LearnedDualEnergy	0.10	8	12	12	0.0000	0.8750	0.0000	241.85
IID_Short	5	RecurrentAttention	0.10	8	12	12	0.0000	0.7625	0.0000	79.34
IID_Short	5	GNN_MessagePassing	0.10	8	12	12	0.0000	0.5625	0.0000	81.48
IID_Short	5	LearnedDualEnergy	0.10	8	13	13	0.0000	0.8875	0.0000	248.74
IID_Short	5	RecurrentAttention	0.10	8	13	13	0.0000	0.6375	0.0000	78.88
IID_Short	5	GNN_MessagePassing	0.10	8	13	13	0.0000	0.5125	0.0000	81.08
IID_Short	5	LearnedDualEnergy	0.10	8	14	14	0.0000	0.9250	0.0000	317.65
IID_Short	5	RecurrentAttention	0.10	8	14	14	0.0000	0.9125	0.0000	81.22
IID_Short	5	GNN_MessagePassing	0.10	8	14	14	0.0000	0.5625	0.0000	77.85
IID_Short	5	LearnedDualEnergy	0.10	8	15	15	0.0000	0.8750	0.0000	240.32
IID_Short	5	RecurrentAttention	0.10	8	15	15	0.0000	0.6750	0.0000	79.50
IID_Short	5	GNN_MessagePassing	0.10	8	15	15	0.0000	0.4625	0.0000	77.80
IID_Short	5	LearnedDualEnergy	0.10	8	16	16	0.0000	0.9000	0.0000	278.00
IID_Short	5	RecurrentAttention	0.10	8	16	16	0.0000	0.7375	0.0000	80.59
IID_Short	5	GNN_MessagePassing	0.10	8	16	16	0.0000	0.4750	0.0000	76.39
IID_Short	5	LearnedDualEnergy	0.10	8	17	17	0.0000	0.8625	0.0000	239.09
IID_Short	5	RecurrentAttention	0.10	8	17	17	0.0000	0.6625	0.0000	78.51
IID_Short	5	GNN_MessagePassing	0.10	8	17	17	0.0000	0.5250	0.0000	78.07
IID_Short	5	LearnedDualEnergy	0.10	8	18	18	0.0000	0.9250	0.0000	244.77
IID_Short	5	RecurrentAttention	0.10	8	18	18	0.0000	0.8125	0.0000	79.27
IID_Short	5	GNN_MessagePassing	0.10	8	18	18	0.0000	0.5500	0.0000	83.07
IID_Short	5	LearnedDualEnergy	0.10	8	19	19	0.0000	0.9125	0.0000	251.63
IID_Short	5	RecurrentAttention	0.10	8	19	19	0.0000	0.7875	0.0000	85.97
IID_Short	5	GNN_MessagePassing	0.10	8	19	19	0.0000	0.4375	0.0000	69.47
IID_Short	5	LearnedDualEnergy	0.10	16	0	0	0.0000	0.8750	0.0000	453.02
IID_Short	5	RecurrentAttention	0.10	16	0	0	0.0000	0.7375	0.0000	127.45
IID_Short	5	GNN_MessagePassing	0.10	16	0	0	0.0000	0.5875	0.0000	99.00
IID_Short	5	LearnedDualEnergy	0.10	16	1	1	0.0000	0.8750	0.0000	341.82
IID_Short	5	RecurrentAttention	0.10	16	1	1	0.0000	0.6750	0.0000	126.45
IID_Short	5	GNN_MessagePassing	0.10	16	1	1	0.0000	0.5000	0.0000	96.37
IID_Short	5	LearnedDualEnergy	0.10	16	2	2	0.0000	0.9250	0.0000	495.48
IID_Short	5	RecurrentAttention	0.10	16	2	2	0.0000	0.6875	0.0000	165.91
IID_Short	5	GNN_MessagePassing	0.10	16	2	2	0.0000	0.5500	0.0000	119.73
IID_Short	5	LearnedDualEnergy	0.10	16	3	3	0.0000	0.8875	0.0000	406.01
IID_Short	5	RecurrentAttention	0.10	16	3	3	0.0000	0.7250	0.0000	128.14
IID_Short	5	GNN_MessagePassing	0.10	16	3	3	0.0000	0.5125	0.0000	125.83
IID_Short	5	LearnedDualEnergy	0.10	16	4	4	0.0000	0.9000	0.0000	513.44
IID_Short	5	RecurrentAttention	0.10	16	4	4	0.0000	0.6375	0.0000	167.36
IID_Short	5	GNN_MessagePassing	0.10	16	4	4	0.0000	0.4125	0.0000	128.95
IID_Short	5	LearnedDualEnergy	0.10	16	5	5	0.0000	0.8625	0.0000	495.97
IID_Short	5	RecurrentAttention	0.10	16	5	5	0.0000	0.6500	0.0000	161.73
IID_Short	5	GNN_MessagePassing	0.10	16	5	5	0.0000	0.5250	0.0000	158.12
IID_Short	5	LearnedDualEnergy	0.10	16	6	6	0.0000	0.9500	0.0000	505.11
IID_Short	5	RecurrentAttention	0.10	16	6	6	0.0000	0.7500	0.0000	209.88
IID_Short	5	GNN_MessagePassing	0.10	16	6	6	0.0000	0.5000	0.0000	98.22
IID_Short	5	LearnedDualEnergy	0.10	16	7	7	0.0000	0.8750	0.0000	340.81
IID_Short	5	RecurrentAttention	0.10	16	7	7	0.0000	0.6375	0.0000	149.22
IID_Short	5	GNN_MessagePassing	0.10	16	7	7	0.0000	0.5250	0.0000	96.11
IID_Short	5	LearnedDualEnergy	0.10	16	8	8	0.0000	0.8375	0.0000	345.39
IID_Short	5	RecurrentAttention	0.10	16	8	8	0.0000	0.7125	0.0000	123.44
IID_Short	5	GNN_MessagePassing	0.10	16	8	8	0.0000	0.5250	0.0000	95.17
IID_Short	5	LearnedDualEnergy	0.10	16	9	9	0.0000	0.9375	0.0000	395.64
IID_Short	5	RecurrentAttention	0.10	16	9	9	0.0000	0.7750	0.0000	122.28
IID_Short	5	GNN_MessagePassing	0.10	16	9	9	0.0000	0.5375	0.0000	95.02
IID_Short	5	LearnedDualEnergy	0.10	16	10	10	0.0000	0.8375	0.0000	372.53
IID_Short	5	RecurrentAttention	0.10	16	10	10	0.0000	0.7375	0.0000	127.78
IID_Short	5	GNN_MessagePassing	0.10	16	10	10	0.0000	0.4250	0.0000	102.16
IID_Short	5	LearnedDualEnergy	0.10	16	11	11	0.0000	0.9000	0.0000	394.28
IID_Short	5	RecurrentAttention	0.10	16	11	11	0.0000	0.8625	0.0000	130.43
IID_Short	5	GNN_MessagePassing	0.10	16	11	11	0.0000	0.5000	0.0000	221.54
IID_Short	5	LearnedDualEnergy	0.10	16	12	12	0.0000	0.8750	0.0000	450.40
IID_Short	5	RecurrentAttention	0.10	16	12	12	0.0000	0.7125	0.0000	127.10
IID_Short	5	GNN_MessagePassing	0.10	16	12	12	0.0000	0.4875	0.0000	96.14
IID_Short	5	LearnedDualEnergy	0.10	16	13	13	0.0000	0.8875	0.0000	344.61
IID_Short	5	RecurrentAttention	0.10	16	13	13	0.0000	0.5500	0.0000	125.50
IID_Short	5	GNN_MessagePassing	0.10	16	13	13	0.0000	0.5000	0.0000	96.39
IID_Short	5	LearnedDualEnergy	0.10	16	14	14	0.0000	0.9250	0.0000	345.11
IID_Short	5	RecurrentAttention	0.10	16	14	14	0.0000	0.8750	0.0000	170.30
IID_Short	5	GNN_MessagePassing	0.10	16	14	14	0.0000	0.5125	0.0000	117.78
IID_Short	5	LearnedDualEnergy	0.10	16	15	15	0.0000	0.8750	0.0000	340.10
IID_Short	5	RecurrentAttention	0.10	16	15	15	0.0000	0.6250	0.0000	123.17
IID_Short	5	GNN_MessagePassing	0.10	16	15	15	0.0000	0.4625	0.0000	93.04
IID_Short	5	LearnedDualEnergy	0.10	16	16	16	0.0000	0.8750	0.0000	341.62
IID_Short	5	RecurrentAttention	0.10	16	16	16	0.0000	0.7500	0.0000	127.86
IID_Short	5	GNN_MessagePassing	0.10	16	16	16	0.0000	0.4750	0.0000	96.97
IID_Short	5	LearnedDualEnergy	0.10	16	17	17	0.0000	0.8625	0.0000	338.13
IID_Short	5	RecurrentAttention	0.10	16	17	17	0.0000	0.6125	0.0000	122.82
IID_Short	5	GNN_MessagePassing	0.10	16	17	17	0.0000	0.4375	0.0000	96.05
IID_Short	5	LearnedDualEnergy	0.10	16	18	18	0.0000	0.9250	0.0000	343.87
IID_Short	5	RecurrentAttention	0.10	16	18	18	0.0000	0.7875	0.0000	2425.71
IID_Short	5	GNN_MessagePassing	0.10	16	18	18	0.0000	0.5250	0.0000	95.52
IID_Short	5	LearnedDualEnergy	0.10	16	19	19	0.0000	0.9125	0.0000	350.11
IID_Short	5	RecurrentAttention	0.10	16	19	19	0.0000	0.7750	0.0000	344.58
IID_Short	5	GNN_MessagePassing	0.10	16	19	19	0.0000	0.4750	0.0000	120.14
IID_Short	5	LearnedDualEnergy	0.10	32	0	0	0.0000	0.8375	0.0000	793.36
IID_Short	5	RecurrentAttention	0.10	32	0	0	0.0000	0.6750	0.0000	257.88
IID_Short	5	GNN_MessagePassing	0.10	32	0	0	0.0000	0.6125	0.0000	189.42
IID_Short	5	LearnedDualEnergy	0.10	32	1	1	0.0000	0.8625	0.0000	683.43
IID_Short	5	RecurrentAttention	0.10	32	1	1	0.0000	0.6375	0.0000	289.45
IID_Short	5	GNN_MessagePassing	0.10	32	1	1	0.0000	0.4875	0.0000	193.10
IID_Short	5	LearnedDualEnergy	0.10	32	2	2	0.0000	0.9250	0.0000	703.37
IID_Short	5	RecurrentAttention	0.10	32	2	2	0.0000	0.6875	0.0000	250.08
IID_Short	5	GNN_MessagePassing	0.10	32	2	2	0.0000	0.6250	0.0000	191.72
IID_Short	5	LearnedDualEnergy	0.10	32	3	3	0.0000	0.8625	0.0000	1005.04
IID_Short	5	RecurrentAttention	0.10	32	3	3	0.0000	0.6750	0.0000	294.69
IID_Short	5	GNN_MessagePassing	0.10	32	3	3	0.0000	0.4875	0.0000	195.49
IID_Short	5	LearnedDualEnergy	0.10	32	4	4	0.0000	0.8625	0.0000	718.96
IID_Short	5	RecurrentAttention	0.10	32	4	4	0.0000	0.5750	0.0000	268.90
IID_Short	5	GNN_MessagePassing	0.10	32	4	4	0.0000	0.3875	0.0000	234.04
IID_Short	5	LearnedDualEnergy	0.10	32	5	5	0.0000	0.8625	0.0000	695.65
IID_Short	5	RecurrentAttention	0.10	32	5	5	0.0000	0.5875	0.0000	257.16
IID_Short	5	GNN_MessagePassing	0.10	32	5	5	0.0000	0.4875	0.0000	243.86
IID_Short	5	LearnedDualEnergy	0.10	32	6	6	0.0000	0.9625	0.0000	740.28
IID_Short	5	RecurrentAttention	0.10	32	6	6	0.0000	0.6625	0.0000	251.14
IID_Short	5	GNN_MessagePassing	0.10	32	6	6	0.0000	0.4375	0.0000	187.80
IID_Short	5	LearnedDualEnergy	0.10	32	7	7	0.0000	0.8500	0.0000	662.23
IID_Short	5	RecurrentAttention	0.10	32	7	7	0.0000	0.6250	0.0000	259.26
IID_Short	5	GNN_MessagePassing	0.10	32	7	7	0.0000	0.4750	0.0000	186.40
IID_Short	5	LearnedDualEnergy	0.10	32	8	8	0.0000	0.8375	0.0000	709.16
IID_Short	5	RecurrentAttention	0.10	32	8	8	0.0000	0.6000	0.0000	245.36
IID_Short	5	GNN_MessagePassing	0.10	32	8	8	0.0000	0.5250	0.0000	191.55
IID_Short	5	LearnedDualEnergy	0.10	32	9	9	0.0000	0.9375	0.0000	675.84
IID_Short	5	RecurrentAttention	0.10	32	9	9	0.0000	0.7375	0.0000	373.63
IID_Short	5	GNN_MessagePassing	0.10	32	9	9	0.0000	0.4625	0.0000	402.60
IID_Short	5	LearnedDualEnergy	0.10	32	10	10	0.0000	0.8125	0.0000	733.31
IID_Short	5	RecurrentAttention	0.10	32	10	10	0.0000	0.7250	0.0000	250.80
IID_Short	5	GNN_MessagePassing	0.10	32	10	10	0.0000	0.4250	0.0000	194.53
IID_Short	5	LearnedDualEnergy	0.10	32	11	11	0.0000	0.8875	0.0000	729.57
IID_Short	5	RecurrentAttention	0.10	32	11	11	0.0000	0.8250	0.0000	252.75
IID_Short	5	GNN_MessagePassing	0.10	32	11	11	0.0000	0.4500	0.0000	189.42
IID_Short	5	LearnedDualEnergy	0.10	32	12	12	0.0000	0.8500	0.0000	671.88
IID_Short	5	RecurrentAttention	0.10	32	12	12	0.0000	0.5250	0.0000	254.04
IID_Short	5	GNN_MessagePassing	0.10	32	12	12	0.0000	0.5125	0.0000	192.11
IID_Short	5	LearnedDualEnergy	0.10	32	13	13	0.0000	0.8500	0.0000	716.25
IID_Short	5	RecurrentAttention	0.10	32	13	13	0.0000	0.5125	0.0000	247.57
IID_Short	5	GNN_MessagePassing	0.10	32	13	13	0.0000	0.5375	0.0000	187.39
IID_Short	5	LearnedDualEnergy	0.10	32	14	14	0.0000	0.9000	0.0000	694.74
IID_Short	5	RecurrentAttention	0.10	32	14	14	0.0000	0.6500	0.0000	6650.69
IID_Short	5	GNN_MessagePassing	0.10	32	14	14	0.0000	0.4750	0.0000	216.46
IID_Short	5	LearnedDualEnergy	0.10	32	15	15	0.0000	0.8250	0.0000	940.46
IID_Short	5	RecurrentAttention	0.10	32	15	15	0.0000	0.6625	0.0000	326.63
IID_Short	5	GNN_MessagePassing	0.10	32	15	15	0.0000	0.4875	0.0000	227.31
IID_Short	5	LearnedDualEnergy	0.10	32	16	16	0.0000	0.8500	0.0000	855.25
IID_Short	5	RecurrentAttention	0.10	32	16	16	0.0000	0.7125	0.0000	248.29
IID_Short	5	GNN_MessagePassing	0.10	32	16	16	0.0000	0.5125	0.0000	189.10
IID_Short	5	LearnedDualEnergy	0.10	32	17	17	0.0000	0.8000	0.0000	758.87
IID_Short	5	RecurrentAttention	0.10	32	17	17	0.0000	0.5625	0.0000	598.86
IID_Short	5	GNN_MessagePassing	0.10	32	17	17	0.0000	0.4125	0.0000	286.01
IID_Short	5	LearnedDualEnergy	0.10	32	18	18	0.0000	0.9000	0.0000	1529.68
IID_Short	5	RecurrentAttention	0.10	32	18	18	0.0000	0.7750	0.0000	309.78
IID_Short	5	GNN_MessagePassing	0.10	32	18	18	0.0000	0.5500	0.0000	360.57
IID_Short	5	LearnedDualEnergy	0.10	32	19	19	0.0000	0.9000	0.0000	789.90
IID_Short	5	RecurrentAttention	0.10	32	19	19	0.0000	0.7250	0.0000	301.25
IID_Short	5	GNN_MessagePassing	0.10	32	19	19	0.0000	0.4250	0.0000	196.69
IID_Short	5	LearnedDualEnergy	0.20	1	0	0	0.0000	0.7625	0.0000	35.89
IID_Short	5	RecurrentAttention	0.20	1	0	0	0.0000	0.7250	0.0000	8.66
IID_Short	5	GNN_MessagePassing	0.20	1	0	0	0.0000	0.5250	0.0000	6.72
IID_Short	5	LearnedDualEnergy	0.20	1	1	1	0.0000	0.7625	0.0000	28.57
IID_Short	5	RecurrentAttention	0.20	1	1	1	0.0000	0.7625	0.0000	7.67
IID_Short	5	GNN_MessagePassing	0.20	1	1	1	0.0000	0.4750	0.0000	6.32
IID_Short	5	LearnedDualEnergy	0.20	1	2	2	0.0000	0.8625	0.0000	28.20
IID_Short	5	RecurrentAttention	0.20	1	2	2	0.0000	0.8500	0.0000	7.50
IID_Short	5	GNN_MessagePassing	0.20	1	2	2	0.0000	0.5000	0.0000	5.96
IID_Short	5	LearnedDualEnergy	0.20	1	3	3	0.0000	0.8000	0.0000	28.05
IID_Short	5	RecurrentAttention	0.20	1	3	3	0.0000	0.7875	0.0000	7.70
IID_Short	5	GNN_MessagePassing	0.20	1	3	3	0.0000	0.5375	0.0000	5.90
IID_Short	5	LearnedDualEnergy	0.20	1	4	4	0.0000	0.8125	0.0000	27.61
IID_Short	5	RecurrentAttention	0.20	1	4	4	0.0000	0.7750	0.0000	7.53
IID_Short	5	GNN_MessagePassing	0.20	1	4	4	0.0000	0.6000	0.0000	5.93
IID_Short	5	LearnedDualEnergy	0.20	1	5	5	0.0000	0.7750	0.0000	33.87
IID_Short	5	RecurrentAttention	0.20	1	5	5	0.0000	0.7500	0.0000	8.48
IID_Short	5	GNN_MessagePassing	0.20	1	5	5	0.0000	0.6250	0.0000	6.77
IID_Short	5	LearnedDualEnergy	0.20	1	6	6	0.0000	0.7875	0.0000	28.80
IID_Short	5	RecurrentAttention	0.20	1	6	6	0.0000	0.7875	0.0000	7.51
IID_Short	5	GNN_MessagePassing	0.20	1	6	6	0.0000	0.5125	0.0000	6.06
IID_Short	5	LearnedDualEnergy	0.20	1	7	7	0.0000	0.8250	0.0000	28.16
IID_Short	5	RecurrentAttention	0.20	1	7	7	0.0000	0.8250	0.0000	7.55
IID_Short	5	GNN_MessagePassing	0.20	1	7	7	0.0000	0.3625	0.0000	6.00
IID_Short	5	LearnedDualEnergy	0.20	1	8	8	0.0000	0.7875	0.0000	28.07
IID_Short	5	RecurrentAttention	0.20	1	8	8	0.0000	0.7750	0.0000	7.50
IID_Short	5	GNN_MessagePassing	0.20	1	8	8	0.0000	0.4875	0.0000	6.29
IID_Short	5	LearnedDualEnergy	0.20	1	9	9	0.0000	0.8500	0.0000	28.45
IID_Short	5	RecurrentAttention	0.20	1	9	9	0.0000	0.8250	0.0000	7.56
IID_Short	5	GNN_MessagePassing	0.20	1	9	9	0.0000	0.5375	0.0000	5.90
IID_Short	5	LearnedDualEnergy	0.20	1	10	10	0.0000	0.7625	0.0000	35.92
IID_Short	5	RecurrentAttention	0.20	1	10	10	0.0000	0.7625	0.0000	9.08
IID_Short	5	GNN_MessagePassing	0.20	1	10	10	0.0000	0.5625	0.0000	6.87
IID_Short	5	LearnedDualEnergy	0.20	1	11	11	0.0000	0.7875	0.0000	27.96
IID_Short	5	RecurrentAttention	0.20	1	11	11	0.0000	0.7625	0.0000	8.26
IID_Short	5	GNN_MessagePassing	0.20	1	11	11	0.0000	0.5875	0.0000	6.13
IID_Short	5	LearnedDualEnergy	0.20	1	12	12	0.0000	0.8000	0.0000	27.63
IID_Short	5	RecurrentAttention	0.20	1	12	12	0.0000	0.7875	0.0000	7.64
IID_Short	5	GNN_MessagePassing	0.20	1	12	12	0.0000	0.5125	0.0000	6.00
IID_Short	5	LearnedDualEnergy	0.20	1	13	13	0.0000	0.8375	0.0000	27.74
IID_Short	5	RecurrentAttention	0.20	1	13	13	0.0000	0.8125	0.0000	7.40
IID_Short	5	GNN_MessagePassing	0.20	1	13	13	0.0000	0.4750	0.0000	6.71
IID_Short	5	LearnedDualEnergy	0.20	1	14	14	0.0000	0.8375	0.0000	27.71
IID_Short	5	RecurrentAttention	0.20	1	14	14	0.0000	0.8375	0.0000	7.42
IID_Short	5	GNN_MessagePassing	0.20	1	14	14	0.0000	0.4625	0.0000	6.02
IID_Short	5	LearnedDualEnergy	0.20	1	15	15	0.0000	0.7875	0.0000	28.34
IID_Short	5	RecurrentAttention	0.20	1	15	15	0.0000	0.7875	0.0000	7.67
IID_Short	5	GNN_MessagePassing	0.20	1	15	15	0.0000	0.5000	0.0000	6.11
IID_Short	5	LearnedDualEnergy	0.20	1	16	16	0.0000	0.8125	0.0000	28.04
IID_Short	5	RecurrentAttention	0.20	1	16	16	0.0000	0.8125	0.0000	7.50
IID_Short	5	GNN_MessagePassing	0.20	1	16	16	0.0000	0.4875	0.0000	5.94
IID_Short	5	LearnedDualEnergy	0.20	1	17	17	0.0000	0.7375	0.0000	27.62
IID_Short	5	RecurrentAttention	0.20	1	17	17	0.0000	0.7375	0.0000	7.57
IID_Short	5	GNN_MessagePassing	0.20	1	17	17	0.0000	0.5500	0.0000	6.26
IID_Short	5	LearnedDualEnergy	0.20	1	18	18	0.0000	0.8250	0.0000	27.82
IID_Short	5	RecurrentAttention	0.20	1	18	18	0.0000	0.8250	0.0000	7.56
IID_Short	5	GNN_MessagePassing	0.20	1	18	18	0.0000	0.5250	0.0000	5.96
IID_Short	5	LearnedDualEnergy	0.20	1	19	19	0.0000	0.7875	0.0000	27.76
IID_Short	5	RecurrentAttention	0.20	1	19	19	0.0000	0.7750	0.0000	7.62
IID_Short	5	GNN_MessagePassing	0.20	1	19	19	0.0000	0.5000	0.0000	5.91
IID_Short	5	LearnedDualEnergy	0.20	2	0	0	0.0000	0.7625	0.0000	95.93
IID_Short	5	RecurrentAttention	0.20	2	0	0	0.0000	0.7000	0.0000	16.08
IID_Short	5	GNN_MessagePassing	0.20	2	0	0	0.0000	0.4875	0.0000	12.10
IID_Short	5	LearnedDualEnergy	0.20	2	1	1	0.0000	0.7625	0.0000	240.96
IID_Short	5	RecurrentAttention	0.20	2	1	1	0.0000	0.7500	0.0000	16.28
IID_Short	5	GNN_MessagePassing	0.20	2	1	1	0.0000	0.4375	0.0000	12.01
IID_Short	5	LearnedDualEnergy	0.20	2	2	2	0.0000	0.8625	0.0000	50.33
IID_Short	5	RecurrentAttention	0.20	2	2	2	0.0000	0.8375	0.0000	14.82
IID_Short	5	GNN_MessagePassing	0.20	2	2	2	0.0000	0.5000	0.0000	11.65
IID_Short	5	LearnedDualEnergy	0.20	2	3	3	0.0000	0.8000	0.0000	49.22
IID_Short	5	RecurrentAttention	0.20	2	3	3	0.0000	0.7625	0.0000	15.45
IID_Short	5	GNN_MessagePassing	0.20	2	3	3	0.0000	0.5125	0.0000	11.41
IID_Short	5	LearnedDualEnergy	0.20	2	4	4	0.0000	0.8125	0.0000	48.48
IID_Short	5	RecurrentAttention	0.20	2	4	4	0.0000	0.7125	0.0000	14.97
IID_Short	5	GNN_MessagePassing	0.20	2	4	4	0.0000	0.5000	0.0000	11.52
IID_Short	5	LearnedDualEnergy	0.20	2	5	5	0.0000	0.7750	0.0000	49.98
IID_Short	5	RecurrentAttention	0.20	2	5	5	0.0000	0.7250	0.0000	15.97
IID_Short	5	GNN_MessagePassing	0.20	2	5	5	0.0000	0.5000	0.0000	11.61
IID_Short	5	LearnedDualEnergy	0.20	2	6	6	0.0000	0.7875	0.0000	50.22
IID_Short	5	RecurrentAttention	0.20	2	6	6	0.0000	0.7875	0.0000	15.77
IID_Short	5	GNN_MessagePassing	0.20	2	6	6	0.0000	0.4625	0.0000	12.55
IID_Short	5	LearnedDualEnergy	0.20	2	7	7	0.0000	0.8250	0.0000	49.44
IID_Short	5	RecurrentAttention	0.20	2	7	7	0.0000	0.8000	0.0000	15.13
IID_Short	5	GNN_MessagePassing	0.20	2	7	7	0.0000	0.6250	0.0000	11.57
IID_Short	5	LearnedDualEnergy	0.20	2	8	8	0.0000	0.7875	0.0000	49.02
IID_Short	5	RecurrentAttention	0.20	2	8	8	0.0000	0.7500	0.0000	15.47
IID_Short	5	GNN_MessagePassing	0.20	2	8	8	0.0000	0.4625	0.0000	11.56
IID_Short	5	LearnedDualEnergy	0.20	2	9	9	0.0000	0.8500	0.0000	49.46
IID_Short	5	RecurrentAttention	0.20	2	9	9	0.0000	0.8000	0.0000	15.33
IID_Short	5	GNN_MessagePassing	0.20	2	9	9	0.0000	0.4875	0.0000	11.48
IID_Short	5	LearnedDualEnergy	0.20	2	10	10	0.0000	0.7625	0.0000	81.68
IID_Short	5	RecurrentAttention	0.20	2	10	10	0.0000	0.7375	0.0000	22.35
IID_Short	5	GNN_MessagePassing	0.20	2	10	10	0.0000	0.4000	0.0000	20.73
IID_Short	5	LearnedDualEnergy	0.20	2	11	11	0.0000	0.7875	0.0000	71.02
IID_Short	5	RecurrentAttention	0.20	2	11	11	0.0000	0.7500	0.0000	22.18
IID_Short	5	GNN_MessagePassing	0.20	2	11	11	0.0000	0.4750	0.0000	22.23
IID_Short	5	LearnedDualEnergy	0.20	2	12	12	0.0000	0.8000	0.0000	69.88
IID_Short	5	RecurrentAttention	0.20	2	12	12	0.0000	0.7500	0.0000	18.91
IID_Short	5	GNN_MessagePassing	0.20	2	12	12	0.0000	0.4750	0.0000	19.66
IID_Short	5	LearnedDualEnergy	0.20	2	13	13	0.0000	0.8375	0.0000	69.53
IID_Short	5	RecurrentAttention	0.20	2	13	13	0.0000	0.8000	0.0000	41.08
IID_Short	5	GNN_MessagePassing	0.20	2	13	13	0.0000	0.6125	0.0000	18.98
IID_Short	5	LearnedDualEnergy	0.20	2	14	14	0.0000	0.8375	0.0000	66.41
IID_Short	5	RecurrentAttention	0.20	2	14	14	0.0000	0.8375	0.0000	18.41
IID_Short	5	GNN_MessagePassing	0.20	2	14	14	0.0000	0.4625	0.0000	18.70
IID_Short	5	LearnedDualEnergy	0.20	2	15	15	0.0000	0.7875	0.0000	66.31
IID_Short	5	RecurrentAttention	0.20	2	15	15	0.0000	0.7375	0.0000	18.89
IID_Short	5	GNN_MessagePassing	0.20	2	15	15	0.0000	0.6375	0.0000	19.20
IID_Short	5	LearnedDualEnergy	0.20	2	16	16	0.0000	0.8125	0.0000	67.90
IID_Short	5	RecurrentAttention	0.20	2	16	16	0.0000	0.7625	0.0000	19.41
IID_Short	5	GNN_MessagePassing	0.20	2	16	16	0.0000	0.5125	0.0000	18.54
IID_Short	5	LearnedDualEnergy	0.20	2	17	17	0.0000	0.7375	0.0000	58.74
IID_Short	5	RecurrentAttention	0.20	2	17	17	0.0000	0.6500	0.0000	17.26
IID_Short	5	GNN_MessagePassing	0.20	2	17	17	0.0000	0.5500	0.0000	13.19
IID_Short	5	LearnedDualEnergy	0.20	2	18	18	0.0000	0.8250	0.0000	50.71
IID_Short	5	RecurrentAttention	0.20	2	18	18	0.0000	0.8000	0.0000	15.16
IID_Short	5	GNN_MessagePassing	0.20	2	18	18	0.0000	0.5125	0.0000	11.91
IID_Short	5	LearnedDualEnergy	0.20	2	19	19	0.0000	0.7875	0.0000	67.24
IID_Short	5	RecurrentAttention	0.20	2	19	19	0.0000	0.7500	0.0000	19.40
IID_Short	5	GNN_MessagePassing	0.20	2	19	19	0.0000	0.4375	0.0000	19.19
IID_Short	5	LearnedDualEnergy	0.20	4	0	0	0.0000	0.7625	0.0000	135.60
IID_Short	5	RecurrentAttention	0.20	4	0	0	0.0000	0.6875	0.0000	39.34
IID_Short	5	GNN_MessagePassing	0.20	4	0	0	0.0000	0.5625	0.0000	40.10
IID_Short	5	LearnedDualEnergy	0.20	4	1	1	0.0000	0.7625	0.0000	126.74
IID_Short	5	RecurrentAttention	0.20	4	1	1	0.0000	0.7750	0.0000	38.83
IID_Short	5	GNN_MessagePassing	0.20	4	1	1	0.0000	0.5125	0.0000	39.86
IID_Short	5	LearnedDualEnergy	0.20	4	2	2	0.0000	0.8625	0.0000	126.44
IID_Short	5	RecurrentAttention	0.20	4	2	2	0.0000	0.8125	0.0000	38.15
IID_Short	5	GNN_MessagePassing	0.20	4	2	2	0.0000	0.5125	0.0000	40.12
IID_Short	5	LearnedDualEnergy	0.20	4	3	3	0.0000	0.8000	0.0000	129.43
IID_Short	5	RecurrentAttention	0.20	4	3	3	0.0000	0.7125	0.0000	38.57
IID_Short	5	GNN_MessagePassing	0.20	4	3	3	0.0000	0.4125	0.0000	43.72
IID_Short	5	LearnedDualEnergy	0.20	4	4	4	0.0000	0.8125	0.0000	122.88
IID_Short	5	RecurrentAttention	0.20	4	4	4	0.0000	0.6625	0.0000	39.77
IID_Short	5	GNN_MessagePassing	0.20	4	4	4	0.0000	0.4625	0.0000	39.00
IID_Short	5	LearnedDualEnergy	0.20	4	5	5	0.0000	0.7750	0.0000	119.51
IID_Short	5	RecurrentAttention	0.20	4	5	5	0.0000	0.7250	0.0000	38.28
IID_Short	5	GNN_MessagePassing	0.20	4	5	5	0.0000	0.5250	0.0000	40.13
IID_Short	5	LearnedDualEnergy	0.20	4	6	6	0.0000	0.7875	0.0000	122.28
IID_Short	5	RecurrentAttention	0.20	4	6	6	0.0000	0.8000	0.0000	37.54
IID_Short	5	GNN_MessagePassing	0.20	4	6	6	0.0000	0.4750	0.0000	40.17
IID_Short	5	LearnedDualEnergy	0.20	4	7	7	0.0000	0.8250	0.0000	89.41
IID_Short	5	RecurrentAttention	0.20	4	7	7	0.0000	0.7625	0.0000	30.38
IID_Short	5	GNN_MessagePassing	0.20	4	7	7	0.0000	0.5375	0.0000	23.10
IID_Short	5	LearnedDualEnergy	0.20	4	8	8	0.0000	0.7875	0.0000	122.47
IID_Short	5	RecurrentAttention	0.20	4	8	8	0.0000	0.7250	0.0000	78.69
IID_Short	5	GNN_MessagePassing	0.20	4	8	8	0.0000	0.5750	0.0000	40.01
IID_Short	5	LearnedDualEnergy	0.20	4	9	9	0.0000	0.8500	0.0000	89.42
IID_Short	5	RecurrentAttention	0.20	4	9	9	0.0000	0.7375	0.0000	31.21
IID_Short	5	GNN_MessagePassing	0.20	4	9	9	0.0000	0.5500	0.0000	23.67
IID_Short	5	LearnedDualEnergy	0.20	4	10	10	0.0000	0.7625	0.0000	98.16
IID_Short	5	RecurrentAttention	0.20	4	10	10	0.0000	0.7500	0.0000	32.49
IID_Short	5	GNN_MessagePassing	0.20	4	10	10	0.0000	0.5125	0.0000	25.58
IID_Short	5	LearnedDualEnergy	0.20	4	11	11	0.0000	0.7875	0.0000	90.38
IID_Short	5	RecurrentAttention	0.20	4	11	11	0.0000	0.7375	0.0000	30.50
IID_Short	5	GNN_MessagePassing	0.20	4	11	11	0.0000	0.4625	0.0000	23.59
IID_Short	5	LearnedDualEnergy	0.20	4	12	12	0.0000	0.8000	0.0000	90.46
IID_Short	5	RecurrentAttention	0.20	4	12	12	0.0000	0.7250	0.0000	31.43
IID_Short	5	GNN_MessagePassing	0.20	4	12	12	0.0000	0.5500	0.0000	25.26
IID_Short	5	LearnedDualEnergy	0.20	4	13	13	0.0000	0.8375	0.0000	92.07
IID_Short	5	RecurrentAttention	0.20	4	13	13	0.0000	0.6750	0.0000	32.26
IID_Short	5	GNN_MessagePassing	0.20	4	13	13	0.0000	0.6125	0.0000	24.25
IID_Short	5	LearnedDualEnergy	0.20	4	14	14	0.0000	0.8375	0.0000	91.59
IID_Short	5	RecurrentAttention	0.20	4	14	14	0.0000	0.8500	0.0000	31.96
IID_Short	5	GNN_MessagePassing	0.20	4	14	14	0.0000	0.6000	0.0000	24.23
IID_Short	5	LearnedDualEnergy	0.20	4	15	15	0.0000	0.7875	0.0000	96.04
IID_Short	5	RecurrentAttention	0.20	4	15	15	0.0000	0.7000	0.0000	31.75
IID_Short	5	GNN_MessagePassing	0.20	4	15	15	0.0000	0.5875	0.0000	25.14
IID_Short	5	LearnedDualEnergy	0.20	4	16	16	0.0000	0.8125	0.0000	90.22
IID_Short	5	RecurrentAttention	0.20	4	16	16	0.0000	0.7125	0.0000	30.05
IID_Short	5	GNN_MessagePassing	0.20	4	16	16	0.0000	0.5375	0.0000	23.35
IID_Short	5	LearnedDualEnergy	0.20	4	17	17	0.0000	0.7375	0.0000	92.15
IID_Short	5	RecurrentAttention	0.20	4	17	17	0.0000	0.6250	0.0000	30.20
IID_Short	5	GNN_MessagePassing	0.20	4	17	17	0.0000	0.5375	0.0000	24.05
IID_Short	5	LearnedDualEnergy	0.20	4	18	18	0.0000	0.8250	0.0000	90.48
IID_Short	5	RecurrentAttention	0.20	4	18	18	0.0000	0.7375	0.0000	30.00
IID_Short	5	GNN_MessagePassing	0.20	4	18	18	0.0000	0.5375	0.0000	23.19
IID_Short	5	LearnedDualEnergy	0.20	4	19	19	0.0000	0.7875	0.0000	103.39
IID_Short	5	RecurrentAttention	0.20	4	19	19	0.0000	0.7500	0.0000	33.18
IID_Short	5	GNN_MessagePassing	0.20	4	19	19	0.0000	0.4875	0.0000	23.94
IID_Short	5	LearnedDualEnergy	0.20	8	0	0	0.0000	0.7625	0.0000	254.33
IID_Short	5	RecurrentAttention	0.20	8	0	0	0.0000	0.6375	0.0000	79.81
IID_Short	5	GNN_MessagePassing	0.20	8	0	0	0.0000	0.6000	0.0000	80.82
IID_Short	5	LearnedDualEnergy	0.20	8	1	1	0.0000	0.7625	0.0000	245.11
IID_Short	5	RecurrentAttention	0.20	8	1	1	0.0000	0.6875	0.0000	79.92
IID_Short	5	GNN_MessagePassing	0.20	8	1	1	0.0000	0.5375	0.0000	79.36
IID_Short	5	LearnedDualEnergy	0.20	8	2	2	0.0000	0.8625	0.0000	246.41
IID_Short	5	RecurrentAttention	0.20	8	2	2	0.0000	0.8125	0.0000	82.01
IID_Short	5	GNN_MessagePassing	0.20	8	2	2	0.0000	0.5375	0.0000	80.56
IID_Short	5	LearnedDualEnergy	0.20	8	3	3	0.0000	0.8000	0.0000	299.31
IID_Short	5	RecurrentAttention	0.20	8	3	3	0.0000	0.6500	0.0000	113.00
IID_Short	5	GNN_MessagePassing	0.20	8	3	3	0.0000	0.4750	0.0000	80.34
IID_Short	5	LearnedDualEnergy	0.20	8	4	4	0.0000	0.8125	0.0000	239.67
IID_Short	5	RecurrentAttention	0.20	8	4	4	0.0000	0.6375	0.0000	78.80
IID_Short	5	GNN_MessagePassing	0.20	8	4	4	0.0000	0.5250	0.0000	81.42
IID_Short	5	LearnedDualEnergy	0.20	8	5	5	0.0000	0.7750	0.0000	179.42
IID_Short	5	RecurrentAttention	0.20	8	5	5	0.0000	0.7000	0.0000	61.60
IID_Short	5	GNN_MessagePassing	0.20	8	5	5	0.0000	0.5125	0.0000	48.25
IID_Short	5	LearnedDualEnergy	0.20	8	6	6	0.0000	0.7875	0.0000	176.26
IID_Short	5	RecurrentAttention	0.20	8	6	6	0.0000	0.7625	0.0000	61.74
IID_Short	5	GNN_MessagePassing	0.20	8	6	6	0.0000	0.4250	0.0000	46.60
IID_Short	5	LearnedDualEnergy	0.20	8	7	7	0.0000	0.8250	0.0000	245.27
IID_Short	5	RecurrentAttention	0.20	8	7	7	0.0000	0.7000	0.0000	80.65
IID_Short	5	GNN_MessagePassing	0.20	8	7	7	0.0000	0.5250	0.0000	84.29
IID_Short	5	LearnedDualEnergy	0.20	8	8	8	0.0000	0.7875	0.0000	169.70
IID_Short	5	RecurrentAttention	0.20	8	8	8	0.0000	0.6875	0.0000	62.00
IID_Short	5	GNN_MessagePassing	0.20	8	8	8	0.0000	0.5000	0.0000	47.87
IID_Short	5	LearnedDualEnergy	0.20	8	9	9	0.0000	0.8500	0.0000	172.98
IID_Short	5	RecurrentAttention	0.20	8	9	9	0.0000	0.6500	0.0000	63.39
IID_Short	5	GNN_MessagePassing	0.20	8	9	9	0.0000	0.5625	0.0000	50.20
IID_Short	5	LearnedDualEnergy	0.20	8	10	10	0.0000	0.7625	0.0000	187.21
IID_Short	5	RecurrentAttention	0.20	8	10	10	0.0000	0.7250	0.0000	68.26
IID_Short	5	GNN_MessagePassing	0.20	8	10	10	0.0000	0.5625	0.0000	70.21
IID_Short	5	LearnedDualEnergy	0.20	8	11	11	0.0000	0.7875	0.0000	185.55
IID_Short	5	RecurrentAttention	0.20	8	11	11	0.0000	0.7375	0.0000	61.63
IID_Short	5	GNN_MessagePassing	0.20	8	11	11	0.0000	0.4750	0.0000	46.74
IID_Short	5	LearnedDualEnergy	0.20	8	12	12	0.0000	0.8000	0.0000	179.17
IID_Short	5	RecurrentAttention	0.20	8	12	12	0.0000	0.6875	0.0000	62.54
IID_Short	5	GNN_MessagePassing	0.20	8	12	12	0.0000	0.5375	0.0000	49.84
IID_Short	5	LearnedDualEnergy	0.20	8	13	13	0.0000	0.8375	0.0000	195.52
IID_Short	5	RecurrentAttention	0.20	8	13	13	0.0000	0.5875	0.0000	64.64
IID_Short	5	GNN_MessagePassing	0.20	8	13	13	0.0000	0.5625	0.0000	50.21
IID_Short	5	LearnedDualEnergy	0.20	8	14	14	0.0000	0.8375	0.0000	176.88
IID_Short	5	RecurrentAttention	0.20	8	14	14	0.0000	0.8000	0.0000	63.85
IID_Short	5	GNN_MessagePassing	0.20	8	14	14	0.0000	0.4500	0.0000	91.08
IID_Short	5	LearnedDualEnergy	0.20	8	15	15	0.0000	0.7875	0.0000	188.38
IID_Short	5	RecurrentAttention	0.20	8	15	15	0.0000	0.6250	0.0000	66.50
IID_Short	5	GNN_MessagePassing	0.20	8	15	15	0.0000	0.5250	0.0000	49.41
IID_Short	5	LearnedDualEnergy	0.20	8	16	16	0.0000	0.8125	0.0000	176.62
IID_Short	5	RecurrentAttention	0.20	8	16	16	0.0000	0.7000	0.0000	64.00
IID_Short	5	GNN_MessagePassing	0.20	8	16	16	0.0000	0.4625	0.0000	49.27
IID_Short	5	LearnedDualEnergy	0.20	8	17	17	0.0000	0.7375	0.0000	174.69
IID_Short	5	RecurrentAttention	0.20	8	17	17	0.0000	0.6250	0.0000	63.21
IID_Short	5	GNN_MessagePassing	0.20	8	17	17	0.0000	0.5250	0.0000	47.66
IID_Short	5	LearnedDualEnergy	0.20	8	18	18	0.0000	0.8250	0.0000	178.05
IID_Short	5	RecurrentAttention	0.20	8	18	18	0.0000	0.6250	0.0000	60.85
IID_Short	5	GNN_MessagePassing	0.20	8	18	18	0.0000	0.5500	0.0000	46.06
IID_Short	5	LearnedDualEnergy	0.20	8	19	19	0.0000	0.7875	0.0000	218.20
IID_Short	5	RecurrentAttention	0.20	8	19	19	0.0000	0.7125	0.0000	61.45
IID_Short	5	GNN_MessagePassing	0.20	8	19	19	0.0000	0.5000	0.0000	48.28
IID_Short	5	LearnedDualEnergy	0.20	16	0	0	0.0000	0.7625	0.0000	504.48
IID_Short	5	RecurrentAttention	0.20	16	0	0	0.0000	0.6250	0.0000	163.97
IID_Short	5	GNN_MessagePassing	0.20	16	0	0	0.0000	0.5750	0.0000	158.45
IID_Short	5	LearnedDualEnergy	0.20	16	1	1	0.0000	0.7375	0.0000	531.20
IID_Short	5	RecurrentAttention	0.20	16	1	1	0.0000	0.6750	0.0000	168.24
IID_Short	5	GNN_MessagePassing	0.20	16	1	1	0.0000	0.5000	0.0000	215.41
IID_Short	5	LearnedDualEnergy	0.20	16	2	2	0.0000	0.8625	0.0000	487.68
IID_Short	5	RecurrentAttention	0.20	16	2	2	0.0000	0.7750	0.0000	159.80
IID_Short	5	GNN_MessagePassing	0.20	16	2	2	0.0000	0.5375	0.0000	159.04
IID_Short	5	LearnedDualEnergy	0.20	16	3	3	0.0000	0.8000	0.0000	465.65
IID_Short	5	RecurrentAttention	0.20	16	3	3	0.0000	0.6250	0.0000	163.95
IID_Short	5	GNN_MessagePassing	0.20	16	3	3	0.0000	0.5250	0.0000	2498.72
IID_Short	5	LearnedDualEnergy	0.20	16	4	4	0.0000	0.8125	0.0000	529.77
IID_Short	5	RecurrentAttention	0.20	16	4	4	0.0000	0.6250	0.0000	157.29
IID_Short	5	GNN_MessagePassing	0.20	16	4	4	0.0000	0.4125	0.0000	159.57
IID_Short	5	LearnedDualEnergy	0.20	16	5	5	0.0000	0.7750	0.0000	362.22
IID_Short	5	RecurrentAttention	0.20	16	5	5	0.0000	0.6875	0.0000	123.80
IID_Short	5	GNN_MessagePassing	0.20	16	5	5	0.0000	0.4875	0.0000	96.17
IID_Short	5	LearnedDualEnergy	0.20	16	6	6	0.0000	0.7875	0.0000	339.32
IID_Short	5	RecurrentAttention	0.20	16	6	6	0.0000	0.7500	0.0000	126.14
IID_Short	5	GNN_MessagePassing	0.20	16	6	6	0.0000	0.5375	0.0000	96.97
IID_Short	5	LearnedDualEnergy	0.20	16	7	7	0.0000	0.8250	0.0000	407.52
IID_Short	5	RecurrentAttention	0.20	16	7	7	0.0000	0.7000	0.0000	141.14
IID_Short	5	GNN_MessagePassing	0.20	16	7	7	0.0000	0.4875	0.0000	104.84
IID_Short	5	LearnedDualEnergy	0.20	16	8	8	0.0000	0.7750	0.0000	348.03
IID_Short	5	RecurrentAttention	0.20	16	8	8	0.0000	0.6250	0.0000	124.54
IID_Short	5	GNN_MessagePassing	0.20	16	8	8	0.0000	0.4750	0.0000	95.33
IID_Short	5	LearnedDualEnergy	0.20	16	9	9	0.0000	0.8375	0.0000	338.37
IID_Short	5	RecurrentAttention	0.20	16	9	9	0.0000	0.5625	0.0000	126.01
IID_Short	5	GNN_MessagePassing	0.20	16	9	9	0.0000	0.5250	0.0000	94.64
IID_Short	5	LearnedDualEnergy	0.20	16	10	10	0.0000	0.7625	0.0000	348.72
IID_Short	5	RecurrentAttention	0.20	16	10	10	0.0000	0.6875	0.0000	127.00
IID_Short	5	GNN_MessagePassing	0.20	16	10	10	0.0000	0.5000	0.0000	95.48
IID_Short	5	LearnedDualEnergy	0.20	16	11	11	0.0000	0.7875	0.0000	378.34
IID_Short	5	RecurrentAttention	0.20	16	11	11	0.0000	0.7000	0.0000	123.14
IID_Short	5	GNN_MessagePassing	0.20	16	11	11	0.0000	0.4750	0.0000	94.81
IID_Short	5	LearnedDualEnergy	0.20	16	12	12	0.0000	0.8000	0.0000	349.38
IID_Short	5	RecurrentAttention	0.20	16	12	12	0.0000	0.7000	0.0000	124.42
IID_Short	5	GNN_MessagePassing	0.20	16	12	12	0.0000	0.4625	0.0000	99.06
IID_Short	5	LearnedDualEnergy	0.20	16	13	13	0.0000	0.8375	0.0000	385.84
IID_Short	5	RecurrentAttention	0.20	16	13	13	0.0000	0.5375	0.0000	123.97
IID_Short	5	GNN_MessagePassing	0.20	16	13	13	0.0000	0.5250	0.0000	96.38
IID_Short	5	LearnedDualEnergy	0.20	16	14	14	0.0000	0.8375	0.0000	378.23
IID_Short	5	RecurrentAttention	0.20	16	14	14	0.0000	0.7625	0.0000	125.88
IID_Short	5	GNN_MessagePassing	0.20	16	14	14	0.0000	0.5375	0.0000	97.53
IID_Short	5	LearnedDualEnergy	0.20	16	15	15	0.0000	0.7875	0.0000	341.67
IID_Short	5	RecurrentAttention	0.20	16	15	15	0.0000	0.5625	0.0000	139.08
IID_Short	5	GNN_MessagePassing	0.20	16	15	15	0.0000	0.5000	0.0000	148.51
IID_Short	5	LearnedDualEnergy	0.20	16	16	16	0.0000	0.8125	0.0000	359.36
IID_Short	5	RecurrentAttention	0.20	16	16	16	0.0000	0.6500	0.0000	122.21
IID_Short	5	GNN_MessagePassing	0.20	16	16	16	0.0000	0.4875	0.0000	94.24
IID_Short	5	LearnedDualEnergy	0.20	16	17	17	0.0000	0.7375	0.0000	337.33
IID_Short	5	RecurrentAttention	0.20	16	17	17	0.0000	0.6375	0.0000	166.99
IID_Short	5	GNN_MessagePassing	0.20	16	17	17	0.0000	0.5250	0.0000	98.01
IID_Short	5	LearnedDualEnergy	0.20	16	18	18	0.0000	0.8250	0.0000	560.29
IID_Short	5	RecurrentAttention	0.20	16	18	18	0.0000	0.6125	0.0000	546.90
IID_Short	5	GNN_MessagePassing	0.20	16	18	18	0.0000	0.5250	0.0000	165.12
IID_Short	5	LearnedDualEnergy	0.20	16	19	19	0.0000	0.7875	0.0000	442.30
IID_Short	5	RecurrentAttention	0.20	16	19	19	0.0000	0.7000	0.0000	248.28
IID_Short	5	GNN_MessagePassing	0.20	16	19	19	0.0000	0.4375	0.0000	100.86
IID_Short	5	LearnedDualEnergy	0.20	32	0	0	0.0000	0.7750	0.0000	973.11
IID_Short	5	RecurrentAttention	0.20	32	0	0	0.0000	0.6375	0.0000	320.57
IID_Short	5	GNN_MessagePassing	0.20	32	0	0	0.0000	0.6250	0.0000	321.56
IID_Short	5	LearnedDualEnergy	0.20	32	1	1	0.0000	0.7625	0.0000	5129.03
IID_Short	5	RecurrentAttention	0.20	32	1	1	0.0000	0.5625	0.0000	350.84
IID_Short	5	GNN_MessagePassing	0.20	32	1	1	0.0000	0.4875	0.0000	321.94
IID_Short	5	LearnedDualEnergy	0.20	32	2	2	0.0000	0.8250	0.0000	1077.50
IID_Short	5	RecurrentAttention	0.20	32	2	2	0.0000	0.7375	0.0000	323.39
IID_Short	5	GNN_MessagePassing	0.20	32	2	2	0.0000	0.6375	0.0000	318.79
IID_Short	5	LearnedDualEnergy	0.20	32	3	3	0.0000	0.7750	0.0000	981.76
IID_Short	5	RecurrentAttention	0.20	32	3	3	0.0000	0.5750	0.0000	315.13
IID_Short	5	GNN_MessagePassing	0.20	32	3	3	0.0000	0.4875	0.0000	3445.12
IID_Short	5	LearnedDualEnergy	0.20	32	4	4	0.0000	0.7875	0.0000	1042.85
IID_Short	5	RecurrentAttention	0.20	32	4	4	0.0000	0.5375	0.0000	330.11
IID_Short	5	GNN_MessagePassing	0.20	32	4	4	0.0000	0.4875	0.0000	366.46
IID_Short	5	LearnedDualEnergy	0.20	32	5	5	0.0000	0.7375	0.0000	724.45
IID_Short	5	RecurrentAttention	0.20	32	5	5	0.0000	0.6750	0.0000	251.36
IID_Short	5	GNN_MessagePassing	0.20	32	5	5	0.0000	0.4750	0.0000	234.43
IID_Short	5	LearnedDualEnergy	0.20	32	6	6	0.0000	0.7500	0.0000	668.69
IID_Short	5	RecurrentAttention	0.20	32	6	6	0.0000	0.6250	0.0000	249.39
IID_Short	5	GNN_MessagePassing	0.20	32	6	6	0.0000	0.4750	0.0000	187.53
IID_Short	5	LearnedDualEnergy	0.20	32	7	7	0.0000	0.8125	0.0000	671.01
IID_Short	5	RecurrentAttention	0.20	32	7	7	0.0000	0.6375	0.0000	291.61
IID_Short	5	GNN_MessagePassing	0.20	32	7	7	0.0000	0.4375	0.0000	190.80
IID_Short	5	LearnedDualEnergy	0.20	32	8	8	0.0000	0.7500	0.0000	2487.66
IID_Short	5	RecurrentAttention	0.20	32	8	8	0.0000	0.6250	0.0000	247.86
IID_Short	5	GNN_MessagePassing	0.20	32	8	8	0.0000	0.5375	0.0000	192.51
IID_Short	5	LearnedDualEnergy	0.20	32	9	9	0.0000	0.8125	0.0000	673.78
IID_Short	5	RecurrentAttention	0.20	32	9	9	0.0000	0.4875	0.0000	279.14
IID_Short	5	GNN_MessagePassing	0.20	32	9	9	0.0000	0.5625	0.0000	190.52
IID_Short	5	LearnedDualEnergy	0.20	32	10	10	0.0000	0.7375	0.0000	703.42
IID_Short	5	RecurrentAttention	0.20	32	10	10	0.0000	0.7125	0.0000	253.06
IID_Short	5	GNN_MessagePassing	0.20	32	10	10	0.0000	0.3875	0.0000	195.16
IID_Short	5	LearnedDualEnergy	0.20	32	11	11	0.0000	0.7750	0.0000	734.00
IID_Short	5	RecurrentAttention	0.20	32	11	11	0.0000	0.6500	0.0000	252.97
IID_Short	5	GNN_MessagePassing	0.20	32	11	11	0.0000	0.4625	0.0000	215.21
IID_Short	5	LearnedDualEnergy	0.20	32	12	12	0.0000	0.8000	0.0000	5527.25
IID_Short	5	RecurrentAttention	0.20	32	12	12	0.0000	0.6500	0.0000	389.17
IID_Short	5	GNN_MessagePassing	0.20	32	12	12	0.0000	0.4875	0.0000	232.03
IID_Short	5	LearnedDualEnergy	0.20	32	13	13	0.0000	0.8000	0.0000	665.01
IID_Short	5	RecurrentAttention	0.20	32	13	13	0.0000	0.5500	0.0000	247.92
IID_Short	5	GNN_MessagePassing	0.20	32	13	13	0.0000	0.5375	0.0000	187.75
IID_Short	5	LearnedDualEnergy	0.20	32	14	14	0.0000	0.8125	0.0000	668.21
IID_Short	5	RecurrentAttention	0.20	32	14	14	0.0000	0.7375	0.0000	310.26
IID_Short	5	GNN_MessagePassing	0.20	32	14	14	0.0000	0.5250	0.0000	190.96
IID_Short	5	LearnedDualEnergy	0.20	32	15	15	0.0000	0.7625	0.0000	1154.12
IID_Short	5	RecurrentAttention	0.20	32	15	15	0.0000	0.5500	0.0000	324.07
IID_Short	5	GNN_MessagePassing	0.20	32	15	15	0.0000	0.4750	0.0000	356.15
IID_Short	5	LearnedDualEnergy	0.20	32	16	16	0.0000	0.7875	0.0000	1015.96
IID_Short	5	RecurrentAttention	0.20	32	16	16	0.0000	0.6000	0.0000	417.95
IID_Short	5	GNN_MessagePassing	0.20	32	16	16	0.0000	0.4750	0.0000	322.75
IID_Short	5	LearnedDualEnergy	0.20	32	17	17	0.0000	0.7375	0.0000	2110.68
IID_Short	5	RecurrentAttention	0.20	32	17	17	0.0000	0.6125	0.0000	338.77
IID_Short	5	GNN_MessagePassing	0.20	32	17	17	0.0000	0.4375	0.0000	316.03
IID_Short	5	LearnedDualEnergy	0.20	32	18	18	0.0000	0.8250	0.0000	677.44
IID_Short	5	RecurrentAttention	0.20	32	18	18	0.0000	0.6125	0.0000	251.43
IID_Short	5	GNN_MessagePassing	0.20	32	18	18	0.0000	0.5250	0.0000	187.80
IID_Short	5	LearnedDualEnergy	0.20	32	19	19	0.0000	0.7625	0.0000	979.59
IID_Short	5	RecurrentAttention	0.20	32	19	19	0.0000	0.5625	0.0000	366.28
IID_Short	5	GNN_MessagePassing	0.20	32	19	19	0.0000	0.4875	0.0000	314.71
IID_Short	5	LearnedDualEnergy	0.30	1	0	0	0.0000	0.6500	0.0000	55.03
IID_Short	5	RecurrentAttention	0.30	1	0	0	0.0000	0.6250	0.0000	11.79
IID_Short	5	GNN_MessagePassing	0.30	1	0	0	0.0000	0.6000	0.0000	11.14
IID_Short	5	LearnedDualEnergy	0.30	1	1	1	0.0000	0.6375	0.0000	40.14
IID_Short	5	RecurrentAttention	0.30	1	1	1	0.0000	0.6375	0.0000	10.75
IID_Short	5	GNN_MessagePassing	0.30	1	1	1	0.0000	0.4750	0.0000	10.41
IID_Short	5	LearnedDualEnergy	0.30	1	2	2	0.0000	0.7750	0.0000	39.43
IID_Short	5	RecurrentAttention	0.30	1	2	2	0.0000	0.7750	0.0000	9.81
IID_Short	5	GNN_MessagePassing	0.30	1	2	2	0.0000	0.4625	0.0000	10.50
IID_Short	5	LearnedDualEnergy	0.30	1	3	3	0.0000	0.7375	0.0000	40.65
IID_Short	5	RecurrentAttention	0.30	1	3	3	0.0000	0.7500	0.0000	11.19
IID_Short	5	GNN_MessagePassing	0.30	1	3	3	0.0000	0.5000	0.0000	10.00
IID_Short	5	LearnedDualEnergy	0.30	1	4	4	0.0000	0.7250	0.0000	39.16
IID_Short	5	RecurrentAttention	0.30	1	4	4	0.0000	0.7250	0.0000	10.32
IID_Short	5	GNN_MessagePassing	0.30	1	4	4	0.0000	0.6125	0.0000	10.30
IID_Short	5	LearnedDualEnergy	0.30	1	5	5	0.0000	0.7375	0.0000	39.96
IID_Short	5	RecurrentAttention	0.30	1	5	5	0.0000	0.7000	0.0000	10.98
IID_Short	5	GNN_MessagePassing	0.30	1	5	5	0.0000	0.6375	0.0000	10.08
IID_Short	5	LearnedDualEnergy	0.30	1	6	6	0.0000	0.7125	0.0000	77.33
IID_Short	5	RecurrentAttention	0.30	1	6	6	0.0000	0.7250	0.0000	10.11
IID_Short	5	GNN_MessagePassing	0.30	1	6	6	0.0000	0.5125	0.0000	10.58
IID_Short	5	LearnedDualEnergy	0.30	1	7	7	0.0000	0.7250	0.0000	90.69
IID_Short	5	RecurrentAttention	0.30	1	7	7	0.0000	0.7375	0.0000	9.75
IID_Short	5	GNN_MessagePassing	0.30	1	7	7	0.0000	0.4125	0.0000	10.71
IID_Short	5	LearnedDualEnergy	0.30	1	8	8	0.0000	0.7125	0.0000	40.40
IID_Short	5	RecurrentAttention	0.30	1	8	8	0.0000	0.6750	0.0000	9.94
IID_Short	5	GNN_MessagePassing	0.30	1	8	8	0.0000	0.5125	0.0000	9.97
IID_Short	5	LearnedDualEnergy	0.30	1	9	9	0.0000	0.7625	0.0000	39.49
IID_Short	5	RecurrentAttention	0.30	1	9	9	0.0000	0.7625	0.0000	9.88
IID_Short	5	GNN_MessagePassing	0.30	1	9	9	0.0000	0.5125	0.0000	10.79
IID_Short	5	LearnedDualEnergy	0.30	1	10	10	0.0000	0.6750	0.0000	43.07
IID_Short	5	RecurrentAttention	0.30	1	10	10	0.0000	0.6750	0.0000	9.15
IID_Short	5	GNN_MessagePassing	0.30	1	10	10	0.0000	0.5125	0.0000	7.23
IID_Short	5	LearnedDualEnergy	0.30	1	11	11	0.0000	0.7250	0.0000	30.67
IID_Short	5	RecurrentAttention	0.30	1	11	11	0.0000	0.7250	0.0000	7.70
IID_Short	5	GNN_MessagePassing	0.30	1	11	11	0.0000	0.5875	0.0000	7.03
IID_Short	5	LearnedDualEnergy	0.30	1	12	12	0.0000	0.6625	0.0000	28.24
IID_Short	5	RecurrentAttention	0.30	1	12	12	0.0000	0.6625	0.0000	7.67
IID_Short	5	GNN_MessagePassing	0.30	1	12	12	0.0000	0.4750	0.0000	6.58
IID_Short	5	LearnedDualEnergy	0.30	1	13	13	0.0000	0.7625	0.0000	29.00
IID_Short	5	RecurrentAttention	0.30	1	13	13	0.0000	0.7625	0.0000	7.97
IID_Short	5	GNN_MessagePassing	0.30	1	13	13	0.0000	0.4500	0.0000	6.06
IID_Short	5	LearnedDualEnergy	0.30	1	14	14	0.0000	0.7250	0.0000	37.91
IID_Short	5	RecurrentAttention	0.30	1	14	14	0.0000	0.7125	0.0000	9.96
IID_Short	5	GNN_MessagePassing	0.30	1	14	14	0.0000	0.5375	0.0000	6.22
IID_Short	5	LearnedDualEnergy	0.30	1	15	15	0.0000	0.6625	0.0000	29.27
IID_Short	5	RecurrentAttention	0.30	1	15	15	0.0000	0.6625	0.0000	7.82
IID_Short	5	GNN_MessagePassing	0.30	1	15	15	0.0000	0.4500	0.0000	6.20
IID_Short	5	LearnedDualEnergy	0.30	1	16	16	0.0000	0.7750	0.0000	28.31
IID_Short	5	RecurrentAttention	0.30	1	16	16	0.0000	0.7750	0.0000	7.71
IID_Short	5	GNN_MessagePassing	0.30	1	16	16	0.0000	0.5000	0.0000	6.08
IID_Short	5	LearnedDualEnergy	0.30	1	17	17	0.0000	0.6000	0.0000	31.49
IID_Short	5	RecurrentAttention	0.30	1	17	17	0.0000	0.5750	0.0000	9.35
IID_Short	5	GNN_MessagePassing	0.30	1	17	17	0.0000	0.5625	0.0000	10.14
IID_Short	5	LearnedDualEnergy	0.30	1	18	18	0.0000	0.7500	0.0000	38.66
IID_Short	5	RecurrentAttention	0.30	1	18	18	0.0000	0.7375	0.0000	11.93
IID_Short	5	GNN_MessagePassing	0.30	1	18	18	0.0000	0.4625	0.0000	10.59
IID_Short	5	LearnedDualEnergy	0.30	1	19	19	0.0000	0.6750	0.0000	40.62
IID_Short	5	RecurrentAttention	0.30	1	19	19	0.0000	0.6625	0.0000	7.82
IID_Short	5	GNN_MessagePassing	0.30	1	19	19	0.0000	0.5250	0.0000	6.24
IID_Short	5	LearnedDualEnergy	0.30	2	0	0	0.0000	0.6500	0.0000	51.77
IID_Short	5	RecurrentAttention	0.30	2	0	0	0.0000	0.6250	0.0000	16.89
IID_Short	5	GNN_MessagePassing	0.30	2	0	0	0.0000	0.5250	0.0000	12.35
IID_Short	5	LearnedDualEnergy	0.30	2	1	1	0.0000	0.6375	0.0000	75.32
IID_Short	5	RecurrentAttention	0.30	2	1	1	0.0000	0.6250	0.0000	20.50
IID_Short	5	GNN_MessagePassing	0.30	2	1	1	0.0000	0.5125	0.0000	20.38
IID_Short	5	LearnedDualEnergy	0.30	2	2	2	0.0000	0.7750	0.0000	279.76
IID_Short	5	RecurrentAttention	0.30	2	2	2	0.0000	0.7750	0.0000	19.80
IID_Short	5	GNN_MessagePassing	0.30	2	2	2	0.0000	0.4500	0.0000	20.44
IID_Short	5	LearnedDualEnergy	0.30	2	3	3	0.0000	0.7375	0.0000	50.78
IID_Short	5	RecurrentAttention	0.30	2	3	3	0.0000	0.7125	0.0000	16.47
IID_Short	5	GNN_MessagePassing	0.30	2	3	3	0.0000	0.5375	0.0000	12.04
IID_Short	5	LearnedDualEnergy	0.30	2	4	4	0.0000	0.7250	0.0000	74.39
IID_Short	5	RecurrentAttention	0.30	2	4	4	0.0000	0.6750	0.0000	20.30
IID_Short	5	GNN_MessagePassing	0.30	2	4	4	0.0000	0.5125	0.0000	20.07
IID_Short	5	LearnedDualEnergy	0.30	2	5	5	0.0000	0.7375	0.0000	112.59
IID_Short	5	RecurrentAttention	0.30	2	5	5	0.0000	0.7125	0.0000	20.35
IID_Short	5	GNN_MessagePassing	0.30	2	5	5	0.0000	0.5250	0.0000	20.17
IID_Short	5	LearnedDualEnergy	0.30	2	6	6	0.0000	0.7125	0.0000	68.95
IID_Short	5	RecurrentAttention	0.30	2	6	6	0.0000	0.7250	0.0000	19.82
IID_Short	5	GNN_MessagePassing	0.30	2	6	6	0.0000	0.4625	0.0000	19.96
IID_Short	5	LearnedDualEnergy	0.30	2	7	7	0.0000	0.7250	0.0000	68.88
IID_Short	5	RecurrentAttention	0.30	2	7	7	0.0000	0.7250	0.0000	19.42
IID_Short	5	GNN_MessagePassing	0.30	2	7	7	0.0000	0.6000	0.0000	19.80
IID_Short	5	LearnedDualEnergy	0.30	2	8	8	0.0000	0.7125	0.0000	69.24
IID_Short	5	RecurrentAttention	0.30	2	8	8	0.0000	0.6500	0.0000	19.04
IID_Short	5	GNN_MessagePassing	0.30	2	8	8	0.0000	0.5125	0.0000	19.97
IID_Short	5	LearnedDualEnergy	0.30	2	9	9	0.0000	0.7625	0.0000	67.70
IID_Short	5	RecurrentAttention	0.30	2	9	9	0.0000	0.7375	0.0000	18.87
IID_Short	5	GNN_MessagePassing	0.30	2	9	9	0.0000	0.5000	0.0000	18.02
IID_Short	5	LearnedDualEnergy	0.30	2	10	10	0.0000	0.6750	0.0000	56.57
IID_Short	5	RecurrentAttention	0.30	2	10	10	0.0000	0.6375	0.0000	16.34
IID_Short	5	GNN_MessagePassing	0.30	2	10	10	0.0000	0.4750	0.0000	30.24
IID_Short	5	LearnedDualEnergy	0.30	2	11	11	0.0000	0.7250	0.0000	50.88
IID_Short	5	RecurrentAttention	0.30	2	11	11	0.0000	0.7125	0.0000	15.54
IID_Short	5	GNN_MessagePassing	0.30	2	11	11	0.0000	0.4750	0.0000	12.11
IID_Short	5	LearnedDualEnergy	0.30	2	12	12	0.0000	0.6625	0.0000	50.37
IID_Short	5	RecurrentAttention	0.30	2	12	12	0.0000	0.6750	0.0000	15.44
IID_Short	5	GNN_MessagePassing	0.30	2	12	12	0.0000	0.5000	0.0000	11.92
IID_Short	5	LearnedDualEnergy	0.30	2	13	13	0.0000	0.7625	0.0000	49.33
IID_Short	5	RecurrentAttention	0.30	2	13	13	0.0000	0.7375	0.0000	14.97
IID_Short	5	GNN_MessagePassing	0.30	2	13	13	0.0000	0.6250	0.0000	11.67
IID_Short	5	LearnedDualEnergy	0.30	2	14	14	0.0000	0.7250	0.0000	48.69
IID_Short	5	RecurrentAttention	0.30	2	14	14	0.0000	0.7125	0.0000	15.02
IID_Short	5	GNN_MessagePassing	0.30	2	14	14	0.0000	0.4250	0.0000	11.40
IID_Short	5	LearnedDualEnergy	0.30	2	15	15	0.0000	0.6625	0.0000	48.86
IID_Short	5	RecurrentAttention	0.30	2	15	15	0.0000	0.6500	0.0000	15.86
IID_Short	5	GNN_MessagePassing	0.30	2	15	15	0.0000	0.4750	0.0000	11.51
IID_Short	5	LearnedDualEnergy	0.30	2	16	16	0.0000	0.7750	0.0000	50.97
IID_Short	5	RecurrentAttention	0.30	2	16	16	0.0000	0.7500	0.0000	17.52
IID_Short	5	GNN_MessagePassing	0.30	2	16	16	0.0000	0.5125	0.0000	11.60
IID_Short	5	LearnedDualEnergy	0.30	2	17	17	0.0000	0.6000	0.0000	52.28
IID_Short	5	RecurrentAttention	0.30	2	17	17	0.0000	0.5375	0.0000	15.16
IID_Short	5	GNN_MessagePassing	0.30	2	17	17	0.0000	0.5125	0.0000	11.82
IID_Short	5	LearnedDualEnergy	0.30	2	18	18	0.0000	0.7500	0.0000	67.96
IID_Short	5	RecurrentAttention	0.30	2	18	18	0.0000	0.6500	0.0000	18.79
IID_Short	5	GNN_MessagePassing	0.30	2	18	18	0.0000	0.5125	0.0000	19.40
IID_Short	5	LearnedDualEnergy	0.30	2	19	19	0.0000	0.6750	0.0000	48.81
IID_Short	5	RecurrentAttention	0.30	2	19	19	0.0000	0.6375	0.0000	15.13
IID_Short	5	GNN_MessagePassing	0.30	2	19	19	0.0000	0.5125	0.0000	11.50
IID_Short	5	LearnedDualEnergy	0.30	4	0	0	0.0000	0.6500	0.0000	102.86
IID_Short	5	RecurrentAttention	0.30	4	0	0	0.0000	0.6125	0.0000	32.10
IID_Short	5	GNN_MessagePassing	0.30	4	0	0	0.0000	0.5625	0.0000	25.59
IID_Short	5	LearnedDualEnergy	0.30	4	1	1	0.0000	0.6375	0.0000	91.65
IID_Short	5	RecurrentAttention	0.30	4	1	1	0.0000	0.6500	0.0000	30.60
IID_Short	5	GNN_MessagePassing	0.30	4	1	1	0.0000	0.5250	0.0000	23.79
IID_Short	5	LearnedDualEnergy	0.30	4	2	2	0.0000	0.7750	0.0000	92.30
IID_Short	5	RecurrentAttention	0.30	4	2	2	0.0000	0.7625	0.0000	30.37
IID_Short	5	GNN_MessagePassing	0.30	4	2	2	0.0000	0.5250	0.0000	23.61
IID_Short	5	LearnedDualEnergy	0.30	4	3	3	0.0000	0.7375	0.0000	92.90
IID_Short	5	RecurrentAttention	0.30	4	3	3	0.0000	0.7000	0.0000	31.18
IID_Short	5	GNN_MessagePassing	0.30	4	3	3	0.0000	0.4625	0.0000	23.54
IID_Short	5	LearnedDualEnergy	0.30	4	4	4	0.0000	0.7250	0.0000	91.56
IID_Short	5	RecurrentAttention	0.30	4	4	4	0.0000	0.6375	0.0000	30.19
IID_Short	5	GNN_MessagePassing	0.30	4	4	4	0.0000	0.5500	0.0000	23.43
IID_Short	5	LearnedDualEnergy	0.30	4	5	5	0.0000	0.7375	0.0000	91.84
IID_Short	5	RecurrentAttention	0.30	4	5	5	0.0000	0.7125	0.0000	30.34
IID_Short	5	GNN_MessagePassing	0.30	4	5	5	0.0000	0.5375	0.0000	24.14
IID_Short	5	LearnedDualEnergy	0.30	4	6	6	0.0000	0.7125	0.0000	92.31
IID_Short	5	RecurrentAttention	0.30	4	6	6	0.0000	0.7125	0.0000	30.83
IID_Short	5	GNN_MessagePassing	0.30	4	6	6	0.0000	0.5000	0.0000	23.19
IID_Short	5	LearnedDualEnergy	0.30	4	7	7	0.0000	0.7250	0.0000	91.36
IID_Short	5	RecurrentAttention	0.30	4	7	7	0.0000	0.6875	0.0000	30.55
IID_Short	5	GNN_MessagePassing	0.30	4	7	7	0.0000	0.6125	0.0000	23.12
IID_Short	5	LearnedDualEnergy	0.30	4	8	8	0.0000	0.7125	0.0000	91.07
IID_Short	5	RecurrentAttention	0.30	4	8	8	0.0000	0.6875	0.0000	30.41
IID_Short	5	GNN_MessagePassing	0.30	4	8	8	0.0000	0.5750	0.0000	23.48
IID_Short	5	LearnedDualEnergy	0.30	4	9	9	0.0000	0.7625	0.0000	90.60
IID_Short	5	RecurrentAttention	0.30	4	9	9	0.0000	0.7250	0.0000	30.93
IID_Short	5	GNN_MessagePassing	0.30	4	9	9	0.0000	0.5500	0.0000	23.82
IID_Short	5	LearnedDualEnergy	0.30	4	10	10	0.0000	0.6750	0.0000	168.88
IID_Short	5	RecurrentAttention	0.30	4	10	10	0.0000	0.6375	0.0000	39.64
IID_Short	5	GNN_MessagePassing	0.30	4	10	10	0.0000	0.5625	0.0000	38.61
IID_Short	5	LearnedDualEnergy	0.30	4	11	11	0.0000	0.7250	0.0000	125.57
IID_Short	5	RecurrentAttention	0.30	4	11	11	0.0000	0.7000	0.0000	38.05
IID_Short	5	GNN_MessagePassing	0.30	4	11	11	0.0000	0.4250	0.0000	39.56
IID_Short	5	LearnedDualEnergy	0.30	4	12	12	0.0000	0.6625	0.0000	149.41
IID_Short	5	RecurrentAttention	0.30	4	12	12	0.0000	0.6375	0.0000	42.18
IID_Short	5	GNN_MessagePassing	0.30	4	12	12	0.0000	0.5125	0.0000	38.91
IID_Short	5	LearnedDualEnergy	0.30	4	13	13	0.0000	0.7625	0.0000	127.21
IID_Short	5	RecurrentAttention	0.30	4	13	13	0.0000	0.7000	0.0000	40.32
IID_Short	5	GNN_MessagePassing	0.30	4	13	13	0.0000	0.5750	0.0000	39.02
IID_Short	5	LearnedDualEnergy	0.30	4	14	14	0.0000	0.7250	0.0000	125.21
IID_Short	5	RecurrentAttention	0.30	4	14	14	0.0000	0.7125	0.0000	40.42
IID_Short	5	GNN_MessagePassing	0.30	4	14	14	0.0000	0.5625	0.0000	40.71
IID_Short	5	LearnedDualEnergy	0.30	4	15	15	0.0000	0.6625	0.0000	129.69
IID_Short	5	RecurrentAttention	0.30	4	15	15	0.0000	0.6500	0.0000	41.39
IID_Short	5	GNN_MessagePassing	0.30	4	15	15	0.0000	0.5500	0.0000	40.69
IID_Short	5	LearnedDualEnergy	0.30	4	16	16	0.0000	0.7750	0.0000	128.37
IID_Short	5	RecurrentAttention	0.30	4	16	16	0.0000	0.7375	0.0000	40.12
IID_Short	5	GNN_MessagePassing	0.30	4	16	16	0.0000	0.5500	0.0000	38.75
IID_Short	5	LearnedDualEnergy	0.30	4	17	17	0.0000	0.6000	0.0000	90.61
IID_Short	5	RecurrentAttention	0.30	4	17	17	0.0000	0.5250	0.0000	68.83
IID_Short	5	GNN_MessagePassing	0.30	4	17	17	0.0000	0.4750	0.0000	24.21
IID_Short	5	LearnedDualEnergy	0.30	4	18	18	0.0000	0.7500	0.0000	125.61
IID_Short	5	RecurrentAttention	0.30	4	18	18	0.0000	0.6500	0.0000	38.49
IID_Short	5	GNN_MessagePassing	0.30	4	18	18	0.0000	0.5125	0.0000	37.12
IID_Short	5	LearnedDualEnergy	0.30	4	19	19	0.0000	0.6750	0.0000	93.21
IID_Short	5	RecurrentAttention	0.30	4	19	19	0.0000	0.6125	0.0000	30.51
IID_Short	5	GNN_MessagePassing	0.30	4	19	19	0.0000	0.4500	0.0000	23.34
IID_Short	5	LearnedDualEnergy	0.30	8	0	0	0.0000	0.6500	0.0000	255.00
IID_Short	5	RecurrentAttention	0.30	8	0	0	0.0000	0.6375	0.0000	82.17
IID_Short	5	GNN_MessagePassing	0.30	8	0	0	0.0000	0.6000	0.0000	81.14
IID_Short	5	LearnedDualEnergy	0.30	8	1	1	0.0000	0.6375	0.0000	246.18
IID_Short	5	RecurrentAttention	0.30	8	1	1	0.0000	0.5875	0.0000	82.40
IID_Short	5	GNN_MessagePassing	0.30	8	1	1	0.0000	0.5000	0.0000	84.97
IID_Short	5	LearnedDualEnergy	0.30	8	2	2	0.0000	0.7750	0.0000	2186.40
IID_Short	5	RecurrentAttention	0.30	8	2	2	0.0000	0.7125	0.0000	125.36
IID_Short	5	GNN_MessagePassing	0.30	8	2	2	0.0000	0.5250	0.0000	99.61
IID_Short	5	LearnedDualEnergy	0.30	8	3	3	0.0000	0.7375	0.0000	172.63
IID_Short	5	RecurrentAttention	0.30	8	3	3	0.0000	0.6750	0.0000	109.00
IID_Short	5	GNN_MessagePassing	0.30	8	3	3	0.0000	0.4875	0.0000	47.26
IID_Short	5	LearnedDualEnergy	0.30	8	4	4	0.0000	0.7250	0.0000	290.57
IID_Short	5	RecurrentAttention	0.30	8	4	4	0.0000	0.5375	0.0000	82.40
IID_Short	5	GNN_MessagePassing	0.30	8	4	4	0.0000	0.4750	0.0000	118.22
IID_Short	5	LearnedDualEnergy	0.30	8	5	5	0.0000	0.7375	0.0000	253.11
IID_Short	5	RecurrentAttention	0.30	8	5	5	0.0000	0.6875	0.0000	81.04
IID_Short	5	GNN_MessagePassing	0.30	8	5	5	0.0000	0.5375	0.0000	80.26
IID_Short	5	LearnedDualEnergy	0.30	8	6	6	0.0000	0.7125	0.0000	279.81
IID_Short	5	RecurrentAttention	0.30	8	6	6	0.0000	0.6875	0.0000	81.17
IID_Short	5	GNN_MessagePassing	0.30	8	6	6	0.0000	0.5375	0.0000	80.52
IID_Short	5	LearnedDualEnergy	0.30	8	7	7	0.0000	0.7250	0.0000	250.13
IID_Short	5	RecurrentAttention	0.30	8	7	7	0.0000	0.6625	0.0000	107.10
IID_Short	5	GNN_MessagePassing	0.30	8	7	7	0.0000	0.5375	0.0000	79.90
IID_Short	5	LearnedDualEnergy	0.30	8	8	8	0.0000	0.7125	0.0000	250.78
IID_Short	5	RecurrentAttention	0.30	8	8	8	0.0000	0.7000	0.0000	82.74
IID_Short	5	GNN_MessagePassing	0.30	8	8	8	0.0000	0.5250	0.0000	79.26
IID_Short	5	LearnedDualEnergy	0.30	8	9	9	0.0000	0.7625	0.0000	244.52
IID_Short	5	RecurrentAttention	0.30	8	9	9	0.0000	0.6875	0.0000	79.96
IID_Short	5	GNN_MessagePassing	0.30	8	9	9	0.0000	0.5000	0.0000	79.69
IID_Short	5	LearnedDualEnergy	0.30	8	10	10	0.0000	0.6750	0.0000	184.15
IID_Short	5	RecurrentAttention	0.30	8	10	10	0.0000	0.6625	0.0000	63.67
IID_Short	5	GNN_MessagePassing	0.30	8	10	10	0.0000	0.5375	0.0000	47.57
IID_Short	5	LearnedDualEnergy	0.30	8	11	11	0.0000	0.7250	0.0000	176.15
IID_Short	5	RecurrentAttention	0.30	8	11	11	0.0000	0.6750	0.0000	62.06
IID_Short	5	GNN_MessagePassing	0.30	8	11	11	0.0000	0.4250	0.0000	47.49
IID_Short	5	LearnedDualEnergy	0.30	8	12	12	0.0000	0.6625	0.0000	177.57
IID_Short	5	RecurrentAttention	0.30	8	12	12	0.0000	0.6375	0.0000	63.09
IID_Short	5	GNN_MessagePassing	0.30	8	12	12	0.0000	0.5125	0.0000	47.28
IID_Short	5	LearnedDualEnergy	0.30	8	13	13	0.0000	0.7625	0.0000	171.70
IID_Short	5	RecurrentAttention	0.30	8	13	13	0.0000	0.6250	0.0000	61.52
IID_Short	5	GNN_MessagePassing	0.30	8	13	13	0.0000	0.5625	0.0000	47.41
IID_Short	5	LearnedDualEnergy	0.30	8	14	14	0.0000	0.7250	0.0000	174.04
IID_Short	5	RecurrentAttention	0.30	8	14	14	0.0000	0.5875	0.0000	62.27
IID_Short	5	GNN_MessagePassing	0.30	8	14	14	0.0000	0.4500	0.0000	47.50
IID_Short	5	LearnedDualEnergy	0.30	8	15	15	0.0000	0.6625	0.0000	195.74
IID_Short	5	RecurrentAttention	0.30	8	15	15	0.0000	0.6375	0.0000	62.57
IID_Short	5	GNN_MessagePassing	0.30	8	15	15	0.0000	0.5875	0.0000	48.19
IID_Short	5	LearnedDualEnergy	0.30	8	16	16	0.0000	0.7750	0.0000	174.04
IID_Short	5	RecurrentAttention	0.30	8	16	16	0.0000	0.7125	0.0000	63.21
IID_Short	5	GNN_MessagePassing	0.30	8	16	16	0.0000	0.4500	0.0000	47.17
IID_Short	5	LearnedDualEnergy	0.30	8	17	17	0.0000	0.6000	0.0000	173.80
IID_Short	5	RecurrentAttention	0.30	8	17	17	0.0000	0.4875	0.0000	62.92
IID_Short	5	GNN_MessagePassing	0.30	8	17	17	0.0000	0.4625	0.0000	47.56
IID_Short	5	LearnedDualEnergy	0.30	8	18	18	0.0000	0.7500	0.0000	174.95
IID_Short	5	RecurrentAttention	0.30	8	18	18	0.0000	0.6250	0.0000	61.85
IID_Short	5	GNN_MessagePassing	0.30	8	18	18	0.0000	0.5375	0.0000	47.89
IID_Short	5	LearnedDualEnergy	0.30	8	19	19	0.0000	0.6750	0.0000	177.31
IID_Short	5	RecurrentAttention	0.30	8	19	19	0.0000	0.5625	0.0000	62.83
IID_Short	5	GNN_MessagePassing	0.30	8	19	19	0.0000	0.4625	0.0000	47.28
IID_Short	5	LearnedDualEnergy	0.30	16	0	0	0.0000	0.6500	0.0000	348.70
IID_Short	5	RecurrentAttention	0.30	16	0	0	0.0000	0.6250	0.0000	125.71
IID_Short	5	GNN_MessagePassing	0.30	16	0	0	0.0000	0.5750	0.0000	95.80
IID_Short	5	LearnedDualEnergy	0.30	16	1	1	0.0000	0.6375	0.0000	335.92
IID_Short	5	RecurrentAttention	0.30	16	1	1	0.0000	0.5250	0.0000	122.80
IID_Short	5	GNN_MessagePassing	0.30	16	1	1	0.0000	0.4875	0.0000	95.89
IID_Short	5	LearnedDualEnergy	0.30	16	2	2	0.0000	0.7750	0.0000	393.47
IID_Short	5	RecurrentAttention	0.30	16	2	2	0.0000	0.7250	0.0000	122.83
IID_Short	5	GNN_MessagePassing	0.30	16	2	2	0.0000	0.5750	0.0000	94.70
IID_Short	5	LearnedDualEnergy	0.30	16	3	3	0.0000	0.7375	0.0000	343.20
IID_Short	5	RecurrentAttention	0.30	16	3	3	0.0000	0.7000	0.0000	123.07
IID_Short	5	GNN_MessagePassing	0.30	16	3	3	0.0000	0.5375	0.0000	94.67
IID_Short	5	LearnedDualEnergy	0.30	16	4	4	0.0000	0.7000	0.0000	336.64
IID_Short	5	RecurrentAttention	0.30	16	4	4	0.0000	0.6000	0.0000	125.81
IID_Short	5	GNN_MessagePassing	0.30	16	4	4	0.0000	0.4375	0.0000	94.79
IID_Short	5	LearnedDualEnergy	0.30	16	5	5	0.0000	0.7375	0.0000	493.85
IID_Short	5	RecurrentAttention	0.30	16	5	5	0.0000	0.6750	0.0000	162.51
IID_Short	5	GNN_MessagePassing	0.30	16	5	5	0.0000	0.4625	0.0000	159.34
IID_Short	5	LearnedDualEnergy	0.30	16	6	6	0.0000	0.7125	0.0000	489.08
IID_Short	5	RecurrentAttention	0.30	16	6	6	0.0000	0.5625	0.0000	182.55
IID_Short	5	GNN_MessagePassing	0.30	16	6	6	0.0000	0.4750	0.0000	196.85
IID_Short	5	LearnedDualEnergy	0.30	16	7	7	0.0000	0.7250	0.0000	487.87
IID_Short	5	RecurrentAttention	0.30	16	7	7	0.0000	0.6250	0.0000	183.23
IID_Short	5	GNN_MessagePassing	0.30	16	7	7	0.0000	0.5000	0.0000	161.76
IID_Short	5	LearnedDualEnergy	0.30	16	8	8	0.0000	0.7125	0.0000	478.13
IID_Short	5	RecurrentAttention	0.30	16	8	8	0.0000	0.7125	0.0000	203.85
IID_Short	5	GNN_MessagePassing	0.30	16	8	8	0.0000	0.5500	0.0000	159.65
IID_Short	5	LearnedDualEnergy	0.30	16	9	9	0.0000	0.7625	0.0000	374.82
IID_Short	5	RecurrentAttention	0.30	16	9	9	0.0000	0.6375	0.0000	128.61
IID_Short	5	GNN_MessagePassing	0.30	16	9	9	0.0000	0.6000	0.0000	95.87
IID_Short	5	LearnedDualEnergy	0.30	16	10	10	0.0000	0.6750	0.0000	349.00
IID_Short	5	RecurrentAttention	0.30	16	10	10	0.0000	0.6500	0.0000	126.59
IID_Short	5	GNN_MessagePassing	0.30	16	10	10	0.0000	0.6125	0.0000	97.72
IID_Short	5	LearnedDualEnergy	0.30	16	11	11	0.0000	0.7250	0.0000	337.36
IID_Short	5	RecurrentAttention	0.30	16	11	11	0.0000	0.5750	0.0000	122.74
IID_Short	5	GNN_MessagePassing	0.30	16	11	11	0.0000	0.5000	0.0000	94.11
IID_Short	5	LearnedDualEnergy	0.30	16	12	12	0.0000	0.6625	0.0000	342.48
IID_Short	5	RecurrentAttention	0.30	16	12	12	0.0000	0.6250	0.0000	168.72
IID_Short	5	GNN_MessagePassing	0.30	16	12	12	0.0000	0.4250	0.0000	95.98
IID_Short	5	LearnedDualEnergy	0.30	16	13	13	0.0000	0.7625	0.0000	336.47
IID_Short	5	RecurrentAttention	0.30	16	13	13	0.0000	0.6500	0.0000	122.56
IID_Short	5	GNN_MessagePassing	0.30	16	13	13	0.0000	0.4750	0.0000	95.40
IID_Short	5	LearnedDualEnergy	0.30	16	14	14	0.0000	0.7250	0.0000	336.67
IID_Short	5	RecurrentAttention	0.30	16	14	14	0.0000	0.5875	0.0000	124.18
IID_Short	5	GNN_MessagePassing	0.30	16	14	14	0.0000	0.5375	0.0000	95.64
IID_Short	5	LearnedDualEnergy	0.30	16	15	15	0.0000	0.6625	0.0000	1411.89
IID_Short	5	RecurrentAttention	0.30	16	15	15	0.0000	0.6250	0.0000	124.77
IID_Short	5	GNN_MessagePassing	0.30	16	15	15	0.0000	0.4875	0.0000	93.47
IID_Short	5	LearnedDualEnergy	0.30	16	16	16	0.0000	0.7750	0.0000	359.40
IID_Short	5	RecurrentAttention	0.30	16	16	16	0.0000	0.7125	0.0000	125.49
IID_Short	5	GNN_MessagePassing	0.30	16	16	16	0.0000	0.4500	0.0000	95.62
IID_Short	5	LearnedDualEnergy	0.30	16	17	17	0.0000	0.6125	0.0000	400.40
IID_Short	5	RecurrentAttention	0.30	16	17	17	0.0000	0.4750	0.0000	123.78
IID_Short	5	GNN_MessagePassing	0.30	16	17	17	0.0000	0.4750	0.0000	136.12
IID_Short	5	LearnedDualEnergy	0.30	16	18	18	0.0000	0.7500	0.0000	513.53
IID_Short	5	RecurrentAttention	0.30	16	18	18	0.0000	0.5625	0.0000	202.94
IID_Short	5	GNN_MessagePassing	0.30	16	18	18	0.0000	0.5625	0.0000	163.79
IID_Short	5	LearnedDualEnergy	0.30	16	19	19	0.0000	0.6750	0.0000	339.27
IID_Short	5	RecurrentAttention	0.30	16	19	19	0.0000	0.5250	0.0000	128.09
IID_Short	5	GNN_MessagePassing	0.30	16	19	19	0.0000	0.4250	0.0000	95.59
IID_Short	5	LearnedDualEnergy	0.30	32	0	0	0.0000	0.6375	0.0000	724.48
IID_Short	5	RecurrentAttention	0.30	32	0	0	0.0000	0.5500	0.0000	245.08
IID_Short	5	GNN_MessagePassing	0.30	32	0	0	0.0000	0.6125	0.0000	186.98
IID_Short	5	LearnedDualEnergy	0.30	32	1	1	0.0000	0.6500	0.0000	986.86
IID_Short	5	RecurrentAttention	0.30	32	1	1	0.0000	0.5500	0.0000	346.27
IID_Short	5	GNN_MessagePassing	0.30	32	1	1	0.0000	0.4625	0.0000	307.98
IID_Short	5	LearnedDualEnergy	0.30	32	2	2	0.0000	0.7375	0.0000	899.59
IID_Short	5	RecurrentAttention	0.30	32	2	2	0.0000	0.6875	0.0000	295.48
IID_Short	5	GNN_MessagePassing	0.30	32	2	2	0.0000	0.6250	0.0000	301.55
IID_Short	5	LearnedDualEnergy	0.30	32	3	3	0.0000	0.7125	0.0000	1120.29
IID_Short	5	RecurrentAttention	0.30	32	3	3	0.0000	0.6875	0.0000	316.70
IID_Short	5	GNN_MessagePassing	0.30	32	3	3	0.0000	0.5125	0.0000	317.00
IID_Short	5	LearnedDualEnergy	0.30	32	4	4	0.0000	0.6750	0.0000	976.28
IID_Short	5	RecurrentAttention	0.30	32	4	4	0.0000	0.5625	0.0000	470.44
IID_Short	5	GNN_MessagePassing	0.30	32	4	4	0.0000	0.3125	0.0000	499.01
IID_Short	5	LearnedDualEnergy	0.30	32	5	5	0.0000	0.7125	0.0000	980.24
IID_Short	5	RecurrentAttention	0.30	32	5	5	0.0000	0.6500	0.0000	410.78
IID_Short	5	GNN_MessagePassing	0.30	32	5	5	0.0000	0.5125	0.0000	349.48
IID_Short	5	LearnedDualEnergy	0.30	32	6	6	0.0000	0.7000	0.0000	946.39
IID_Short	5	RecurrentAttention	0.30	32	6	6	0.0000	0.5375	0.0000	326.05
IID_Short	5	GNN_MessagePassing	0.30	32	6	6	0.0000	0.5250	0.0000	327.20
IID_Short	5	LearnedDualEnergy	0.30	32	7	7	0.0000	0.7250	0.0000	991.53
IID_Short	5	RecurrentAttention	0.30	32	7	7	0.0000	0.5875	0.0000	314.77
IID_Short	5	GNN_MessagePassing	0.30	32	7	7	0.0000	0.4875	0.0000	317.82
IID_Short	5	LearnedDualEnergy	0.30	32	8	8	0.0000	0.6625	0.0000	3853.31
IID_Short	5	RecurrentAttention	0.30	32	8	8	0.0000	0.7125	0.0000	326.38
IID_Short	5	GNN_MessagePassing	0.30	32	8	8	0.0000	0.5375	0.0000	739.85
IID_Short	5	LearnedDualEnergy	0.30	32	9	9	0.0000	0.7375	0.0000	686.61
IID_Short	5	RecurrentAttention	0.30	32	9	9	0.0000	0.5625	0.0000	1666.00
IID_Short	5	GNN_MessagePassing	0.30	32	9	9	0.0000	0.4625	0.0000	246.12
IID_Short	5	LearnedDualEnergy	0.30	32	10	10	0.0000	0.6500	0.0000	688.58
IID_Short	5	RecurrentAttention	0.30	32	10	10	0.0000	0.6375	0.0000	246.04
IID_Short	5	GNN_MessagePassing	0.30	32	10	10	0.0000	0.5375	0.0000	658.08
IID_Short	5	LearnedDualEnergy	0.30	32	11	11	0.0000	0.7125	0.0000	1135.51
IID_Short	5	RecurrentAttention	0.30	32	11	11	0.0000	0.5750	0.0000	295.69
IID_Short	5	GNN_MessagePassing	0.30	32	11	11	0.0000	0.4750	0.0000	290.58
IID_Short	5	LearnedDualEnergy	0.30	32	12	12	0.0000	0.6250	0.0000	730.62
IID_Short	5	RecurrentAttention	0.30	32	12	12	0.0000	0.6000	0.0000	245.54
IID_Short	5	GNN_MessagePassing	0.30	32	12	12	0.0000	0.5000	0.0000	207.49
IID_Short	5	LearnedDualEnergy	0.30	32	13	13	0.0000	0.7375	0.0000	663.37
IID_Short	5	RecurrentAttention	0.30	32	13	13	0.0000	0.6500	0.0000	288.83
IID_Short	5	GNN_MessagePassing	0.30	32	13	13	0.0000	0.5625	0.0000	187.83
IID_Short	5	LearnedDualEnergy	0.30	32	14	14	0.0000	0.7125	0.0000	693.29
IID_Short	5	RecurrentAttention	0.30	32	14	14	0.0000	0.6000	0.0000	248.00
IID_Short	5	GNN_MessagePassing	0.30	32	14	14	0.0000	0.5375	0.0000	190.70
IID_Short	5	LearnedDualEnergy	0.30	32	15	15	0.0000	0.6625	0.0000	997.14
IID_Short	5	RecurrentAttention	0.30	32	15	15	0.0000	0.5750	0.0000	259.23
IID_Short	5	GNN_MessagePassing	0.30	32	15	15	0.0000	0.5000	0.0000	205.82
IID_Short	5	LearnedDualEnergy	0.30	32	16	16	0.0000	0.7500	0.0000	667.24
IID_Short	5	RecurrentAttention	0.30	32	16	16	0.0000	0.5375	0.0000	255.96
IID_Short	5	GNN_MessagePassing	0.30	32	16	16	0.0000	0.4500	0.0000	224.80
IID_Short	5	LearnedDualEnergy	0.30	32	17	17	0.0000	0.6000	0.0000	687.33
IID_Short	5	RecurrentAttention	0.30	32	17	17	0.0000	0.5375	0.0000	263.87
IID_Short	5	GNN_MessagePassing	0.30	32	17	17	0.0000	0.4625	0.0000	188.96
IID_Short	5	LearnedDualEnergy	0.30	32	18	18	0.0000	0.7625	0.0000	728.31
IID_Short	5	RecurrentAttention	0.30	32	18	18	0.0000	0.5375	0.0000	284.08
IID_Short	5	GNN_MessagePassing	0.30	32	18	18	0.0000	0.5625	0.0000	191.35
IID_Short	5	LearnedDualEnergy	0.30	32	19	19	0.0000	0.6875	0.0000	669.74
IID_Short	5	RecurrentAttention	0.30	32	19	19	0.0000	0.5750	0.0000	248.06
IID_Short	5	GNN_MessagePassing	0.30	32	19	19	0.0000	0.5375	0.0000	189.35
OOD_Size	8	LearnedDualEnergy	0.10	1	0	0	0.0000	0.9141	0.0000	65.99
OOD_Size	8	RecurrentAttention	0.10	1	0	0	0.0000	0.9062	0.0000	15.08
OOD_Size	8	GNN_MessagePassing	0.10	1	0	0	0.0000	0.4766	0.0000	12.12
OOD_Size	8	LearnedDualEnergy	0.10	1	1	1	0.0000	0.8984	0.0000	48.25
OOD_Size	8	RecurrentAttention	0.10	1	1	1	0.0000	0.8906	0.0000	12.47
OOD_Size	8	GNN_MessagePassing	0.10	1	1	1	0.0000	0.4766	0.0000	10.25
OOD_Size	8	LearnedDualEnergy	0.10	1	2	2	0.0000	0.9141	0.0000	46.51
OOD_Size	8	RecurrentAttention	0.10	1	2	2	0.0000	0.8984	0.0000	12.90
OOD_Size	8	GNN_MessagePassing	0.10	1	2	2	0.0000	0.5234	0.0000	10.15
OOD_Size	8	LearnedDualEnergy	0.10	1	3	3	0.0000	0.9453	0.0000	47.54
OOD_Size	8	RecurrentAttention	0.10	1	3	3	0.0000	0.9219	0.0000	12.23
OOD_Size	8	GNN_MessagePassing	0.10	1	3	3	0.0000	0.5000	0.0000	9.67
OOD_Size	8	LearnedDualEnergy	0.10	1	4	4	0.0000	0.8984	0.0000	47.39
OOD_Size	8	RecurrentAttention	0.10	1	4	4	0.0000	0.8984	0.0000	13.35
OOD_Size	8	GNN_MessagePassing	0.10	1	4	4	0.0000	0.5000	0.0000	10.08
OOD_Size	8	LearnedDualEnergy	0.10	1	5	5	0.0000	0.8750	0.0000	46.37
OOD_Size	8	RecurrentAttention	0.10	1	5	5	0.0000	0.8750	0.0000	12.53
OOD_Size	8	GNN_MessagePassing	0.10	1	5	5	0.0000	0.5156	0.0000	10.12
OOD_Size	8	LearnedDualEnergy	0.10	1	6	6	0.0000	0.8984	0.0000	45.05
OOD_Size	8	RecurrentAttention	0.10	1	6	6	0.0000	0.8984	0.0000	12.20
OOD_Size	8	GNN_MessagePassing	0.10	1	6	6	0.0000	0.5234	0.0000	10.21
OOD_Size	8	LearnedDualEnergy	0.10	1	7	7	0.0000	0.9141	0.0000	45.43
OOD_Size	8	RecurrentAttention	0.10	1	7	7	0.0000	0.9141	0.0000	11.96
OOD_Size	8	GNN_MessagePassing	0.10	1	7	7	0.0000	0.5156	0.0000	10.10
OOD_Size	8	LearnedDualEnergy	0.10	1	8	8	0.0000	0.9062	0.0000	43.91
OOD_Size	8	RecurrentAttention	0.10	1	8	8	0.0000	0.8750	0.0000	12.63
OOD_Size	8	GNN_MessagePassing	0.10	1	8	8	0.0000	0.4922	0.0000	10.03
OOD_Size	8	LearnedDualEnergy	0.10	1	9	9	0.0000	0.9531	0.0000	44.93
OOD_Size	8	RecurrentAttention	0.10	1	9	9	0.0000	0.9297	0.0000	13.12
OOD_Size	8	GNN_MessagePassing	0.10	1	9	9	0.0000	0.5156	0.0000	10.49
OOD_Size	8	LearnedDualEnergy	0.10	1	10	10	0.0000	0.8906	0.0000	76.44
OOD_Size	8	RecurrentAttention	0.10	1	10	10	0.0000	0.8906	0.0000	17.74
OOD_Size	8	GNN_MessagePassing	0.10	1	10	10	0.0000	0.4531	0.0000	18.46
OOD_Size	8	LearnedDualEnergy	0.10	1	11	11	0.0000	0.8984	0.0000	65.61
OOD_Size	8	RecurrentAttention	0.10	1	11	11	0.0000	0.8750	0.0000	15.47
OOD_Size	8	GNN_MessagePassing	0.10	1	11	11	0.0000	0.5234	0.0000	17.21
OOD_Size	8	LearnedDualEnergy	0.10	1	12	12	0.0000	0.9219	0.0000	63.46
OOD_Size	8	RecurrentAttention	0.10	1	12	12	0.0000	0.8984	0.0000	15.44
OOD_Size	8	GNN_MessagePassing	0.10	1	12	12	0.0000	0.5078	0.0000	17.05
OOD_Size	8	LearnedDualEnergy	0.10	1	13	13	0.0000	0.9141	0.0000	64.89
OOD_Size	8	RecurrentAttention	0.10	1	13	13	0.0000	0.8750	0.0000	15.09
OOD_Size	8	GNN_MessagePassing	0.10	1	13	13	0.0000	0.5312	0.0000	16.89
OOD_Size	8	LearnedDualEnergy	0.10	1	14	14	0.0000	0.8828	0.0000	64.25
OOD_Size	8	RecurrentAttention	0.10	1	14	14	0.0000	0.8125	0.0000	16.31
OOD_Size	8	GNN_MessagePassing	0.10	1	14	14	0.0000	0.4609	0.0000	17.78
OOD_Size	8	LearnedDualEnergy	0.10	1	15	15	0.0000	0.8828	0.0000	72.92
OOD_Size	8	RecurrentAttention	0.10	1	15	15	0.0000	0.8828	0.0000	17.37
OOD_Size	8	GNN_MessagePassing	0.10	1	15	15	0.0000	0.5156	0.0000	18.13
OOD_Size	8	LearnedDualEnergy	0.10	1	16	16	0.0000	0.9141	0.0000	65.10
OOD_Size	8	RecurrentAttention	0.10	1	16	16	0.0000	0.8750	0.0000	17.24
OOD_Size	8	GNN_MessagePassing	0.10	1	16	16	0.0000	0.4531	0.0000	5122.78
OOD_Size	8	LearnedDualEnergy	0.10	1	17	17	0.0000	0.8516	0.0000	45.21
OOD_Size	8	RecurrentAttention	0.10	1	17	17	0.0000	0.8438	0.0000	12.14
OOD_Size	8	GNN_MessagePassing	0.10	1	17	17	0.0000	0.5781	0.0000	9.45
OOD_Size	8	LearnedDualEnergy	0.10	1	18	18	0.0000	0.9219	0.0000	45.42
OOD_Size	8	RecurrentAttention	0.10	1	18	18	0.0000	0.8984	0.0000	12.85
OOD_Size	8	GNN_MessagePassing	0.10	1	18	18	0.0000	0.4531	0.0000	11.99
OOD_Size	8	LearnedDualEnergy	0.10	1	19	19	0.0000	0.9062	0.0000	48.28
OOD_Size	8	RecurrentAttention	0.10	1	19	19	0.0000	0.8984	0.0000	12.00
OOD_Size	8	GNN_MessagePassing	0.10	1	19	19	0.0000	0.4141	0.0000	9.98
OOD_Size	8	LearnedDualEnergy	0.10	2	0	0	0.0000	0.9141	0.0000	134.70
OOD_Size	8	RecurrentAttention	0.10	2	0	0	0.0000	0.8906	0.0000	35.33
OOD_Size	8	GNN_MessagePassing	0.10	2	0	0	0.0000	0.4375	0.0000	34.20
OOD_Size	8	LearnedDualEnergy	0.10	2	1	1	0.0000	0.8984	0.0000	121.41
OOD_Size	8	RecurrentAttention	0.10	2	1	1	0.0000	0.8594	0.0000	31.85
OOD_Size	8	GNN_MessagePassing	0.10	2	1	1	0.0000	0.4688	0.0000	32.06
OOD_Size	8	LearnedDualEnergy	0.10	2	2	2	0.0000	0.9141	0.0000	111.77
OOD_Size	8	RecurrentAttention	0.10	2	2	2	0.0000	0.8750	0.0000	32.75
OOD_Size	8	GNN_MessagePassing	0.10	2	2	2	0.0000	0.4844	0.0000	33.56
OOD_Size	8	LearnedDualEnergy	0.10	2	3	3	0.0000	0.9453	0.0000	113.91
OOD_Size	8	RecurrentAttention	0.10	2	3	3	0.0000	0.8906	0.0000	32.52
OOD_Size	8	GNN_MessagePassing	0.10	2	3	3	0.0000	0.5312	0.0000	33.71
OOD_Size	8	LearnedDualEnergy	0.10	2	4	4	0.0000	0.8984	0.0000	147.35
OOD_Size	8	RecurrentAttention	0.10	2	4	4	0.0000	0.8594	0.0000	32.07
OOD_Size	8	GNN_MessagePassing	0.10	2	4	4	0.0000	0.4375	0.0000	31.98
OOD_Size	8	LearnedDualEnergy	0.10	2	5	5	0.0000	0.8750	0.0000	221.82
OOD_Size	8	RecurrentAttention	0.10	2	5	5	0.0000	0.8438	0.0000	32.80
OOD_Size	8	GNN_MessagePassing	0.10	2	5	5	0.0000	0.4453	0.0000	61.59
OOD_Size	8	LearnedDualEnergy	0.10	2	6	6	0.0000	0.8984	0.0000	135.86
OOD_Size	8	RecurrentAttention	0.10	2	6	6	0.0000	0.8828	0.0000	32.82
OOD_Size	8	GNN_MessagePassing	0.10	2	6	6	0.0000	0.5000	0.0000	33.65
OOD_Size	8	LearnedDualEnergy	0.10	2	7	7	0.0000	0.9141	0.0000	112.94
OOD_Size	8	RecurrentAttention	0.10	2	7	7	0.0000	0.8594	0.0000	31.73
OOD_Size	8	GNN_MessagePassing	0.10	2	7	7	0.0000	0.5781	0.0000	33.42
OOD_Size	8	LearnedDualEnergy	0.10	2	8	8	0.0000	0.9062	0.0000	112.56
OOD_Size	8	RecurrentAttention	0.10	2	8	8	0.0000	0.8438	0.0000	32.12
OOD_Size	8	GNN_MessagePassing	0.10	2	8	8	0.0000	0.5703	0.0000	33.11
OOD_Size	8	LearnedDualEnergy	0.10	2	9	9	0.0000	0.9531	0.0000	110.32
OOD_Size	8	RecurrentAttention	0.10	2	9	9	0.0000	0.9062	0.0000	32.95
OOD_Size	8	GNN_MessagePassing	0.10	2	9	9	0.0000	0.5391	0.0000	31.90
OOD_Size	8	LearnedDualEnergy	0.10	2	10	10	0.0000	0.8906	0.0000	2641.37
OOD_Size	8	RecurrentAttention	0.10	2	10	10	0.0000	0.8438	0.0000	32.12
OOD_Size	8	GNN_MessagePassing	0.10	2	10	10	0.0000	0.4297	0.0000	32.38
OOD_Size	8	LearnedDualEnergy	0.10	2	11	11	0.0000	0.8984	0.0000	107.70
OOD_Size	8	RecurrentAttention	0.10	2	11	11	0.0000	0.8594	0.0000	76.03
OOD_Size	8	GNN_MessagePassing	0.10	2	11	11	0.0000	0.5156	0.0000	33.51
OOD_Size	8	LearnedDualEnergy	0.10	2	12	12	0.0000	0.9219	0.0000	114.42
OOD_Size	8	RecurrentAttention	0.10	2	12	12	0.0000	0.8359	0.0000	33.51
OOD_Size	8	GNN_MessagePassing	0.10	2	12	12	0.0000	0.5078	0.0000	32.38
OOD_Size	8	LearnedDualEnergy	0.10	2	13	13	0.0000	0.9141	0.0000	112.65
OOD_Size	8	RecurrentAttention	0.10	2	13	13	0.0000	0.7891	0.0000	30.84
OOD_Size	8	GNN_MessagePassing	0.10	2	13	13	0.0000	0.5078	0.0000	34.66
OOD_Size	8	LearnedDualEnergy	0.10	2	14	14	0.0000	0.8828	0.0000	110.12
OOD_Size	8	RecurrentAttention	0.10	2	14	14	0.0000	0.7500	0.0000	30.87
OOD_Size	8	GNN_MessagePassing	0.10	2	14	14	0.0000	0.5312	0.0000	32.01
OOD_Size	8	LearnedDualEnergy	0.10	2	15	15	0.0000	0.8828	0.0000	122.06
OOD_Size	8	RecurrentAttention	0.10	2	15	15	0.0000	0.8672	0.0000	61.95
OOD_Size	8	GNN_MessagePassing	0.10	2	15	15	0.0000	0.4688	0.0000	5128.62
OOD_Size	8	LearnedDualEnergy	0.10	2	16	16	0.0000	0.9141	0.0000	109.99
OOD_Size	8	RecurrentAttention	0.10	2	16	16	0.0000	0.7812	0.0000	33.34
OOD_Size	8	GNN_MessagePassing	0.10	2	16	16	0.0000	0.5625	0.0000	31.35
OOD_Size	8	LearnedDualEnergy	0.10	2	17	17	0.0000	0.8516	0.0000	110.48
OOD_Size	8	RecurrentAttention	0.10	2	17	17	0.0000	0.8203	0.0000	32.38
OOD_Size	8	GNN_MessagePassing	0.10	2	17	17	0.0000	0.4375	0.0000	31.62
OOD_Size	8	LearnedDualEnergy	0.10	2	18	18	0.0000	0.9219	0.0000	109.05
OOD_Size	8	RecurrentAttention	0.10	2	18	18	0.0000	0.8594	0.0000	32.65
OOD_Size	8	GNN_MessagePassing	0.10	2	18	18	0.0000	0.4766	0.0000	30.89
OOD_Size	8	LearnedDualEnergy	0.10	2	19	19	0.0000	0.9062	0.0000	107.73
OOD_Size	8	RecurrentAttention	0.10	2	19	19	0.0000	0.8516	0.0000	30.90
OOD_Size	8	GNN_MessagePassing	0.10	2	19	19	0.0000	0.6016	0.0000	32.83
OOD_Size	8	LearnedDualEnergy	0.10	4	0	0	0.0000	0.9141	0.0000	172.77
OOD_Size	8	RecurrentAttention	0.10	4	0	0	0.0000	0.8516	0.0000	53.20
OOD_Size	8	GNN_MessagePassing	0.10	4	0	0	0.0000	0.5156	0.0000	41.38
OOD_Size	8	LearnedDualEnergy	0.10	4	1	1	0.0000	0.8984	0.0000	150.75
OOD_Size	8	RecurrentAttention	0.10	4	1	1	0.0000	0.8438	0.0000	51.32
OOD_Size	8	GNN_MessagePassing	0.10	4	1	1	0.0000	0.5469	0.0000	39.09
OOD_Size	8	LearnedDualEnergy	0.10	4	2	2	0.0000	0.9141	0.0000	149.43
OOD_Size	8	RecurrentAttention	0.10	4	2	2	0.0000	0.8359	0.0000	49.90
OOD_Size	8	GNN_MessagePassing	0.10	4	2	2	0.0000	0.5234	0.0000	39.52
OOD_Size	8	LearnedDualEnergy	0.10	4	3	3	0.0000	0.9453	0.0000	162.81
OOD_Size	8	RecurrentAttention	0.10	4	3	3	0.0000	0.8750	0.0000	52.00
OOD_Size	8	GNN_MessagePassing	0.10	4	3	3	0.0000	0.4609	0.0000	40.36
OOD_Size	8	LearnedDualEnergy	0.10	4	4	4	0.0000	0.8984	0.0000	977.47
OOD_Size	8	RecurrentAttention	0.10	4	4	4	0.0000	0.7969	0.0000	62.29
OOD_Size	8	GNN_MessagePassing	0.10	4	4	4	0.0000	0.5469	0.0000	63.77
OOD_Size	8	LearnedDualEnergy	0.10	4	5	5	0.0000	0.8750	0.0000	166.37
OOD_Size	8	RecurrentAttention	0.10	4	5	5	0.0000	0.7969	0.0000	63.67
OOD_Size	8	GNN_MessagePassing	0.10	4	5	5	0.0000	0.5312	0.0000	60.03
OOD_Size	8	LearnedDualEnergy	0.10	4	6	6	0.0000	0.8984	0.0000	278.74
OOD_Size	8	RecurrentAttention	0.10	4	6	6	0.0000	0.8281	0.0000	64.30
OOD_Size	8	GNN_MessagePassing	0.10	4	6	6	0.0000	0.4922	0.0000	67.07
OOD_Size	8	LearnedDualEnergy	0.10	4	7	7	0.0000	0.9141	0.0000	209.97
OOD_Size	8	RecurrentAttention	0.10	4	7	7	0.0000	0.7969	0.0000	62.69
OOD_Size	8	GNN_MessagePassing	0.10	4	7	7	0.0000	0.5625	0.0000	65.95
OOD_Size	8	LearnedDualEnergy	0.10	4	8	8	0.0000	0.9062	0.0000	207.10
OOD_Size	8	RecurrentAttention	0.10	4	8	8	0.0000	0.7891	0.0000	65.21
OOD_Size	8	GNN_MessagePassing	0.10	4	8	8	0.0000	0.5312	0.0000	61.97
OOD_Size	8	LearnedDualEnergy	0.10	4	9	9	0.0000	0.9531	0.0000	200.77
OOD_Size	8	RecurrentAttention	0.10	4	9	9	0.0000	0.8359	0.0000	64.86
OOD_Size	8	GNN_MessagePassing	0.10	4	9	9	0.0000	0.5312	0.0000	96.68
OOD_Size	8	LearnedDualEnergy	0.10	4	10	10	0.0000	0.8906	0.0000	199.14
OOD_Size	8	RecurrentAttention	0.10	4	10	10	0.0000	0.7969	0.0000	75.62
OOD_Size	8	GNN_MessagePassing	0.10	4	10	10	0.0000	0.4922	0.0000	61.33
OOD_Size	8	LearnedDualEnergy	0.10	4	11	11	0.0000	0.8984	0.0000	206.65
OOD_Size	8	RecurrentAttention	0.10	4	11	11	0.0000	0.7812	0.0000	95.00
OOD_Size	8	GNN_MessagePassing	0.10	4	11	11	0.0000	0.4766	0.0000	58.96
OOD_Size	8	LearnedDualEnergy	0.10	4	12	12	0.0000	0.9219	0.0000	199.66
OOD_Size	8	RecurrentAttention	0.10	4	12	12	0.0000	0.7891	0.0000	79.23
OOD_Size	8	GNN_MessagePassing	0.10	4	12	12	0.0000	0.5391	0.0000	68.04
OOD_Size	8	LearnedDualEnergy	0.10	4	13	13	0.0000	0.9141	0.0000	371.79
OOD_Size	8	RecurrentAttention	0.10	4	13	13	0.0000	0.7109	0.0000	86.61
OOD_Size	8	GNN_MessagePassing	0.10	4	13	13	0.0000	0.5391	0.0000	86.50
OOD_Size	8	LearnedDualEnergy	0.10	4	14	14	0.0000	0.8828	0.0000	202.63
OOD_Size	8	RecurrentAttention	0.10	4	14	14	0.0000	0.6328	0.0000	910.50
OOD_Size	8	GNN_MessagePassing	0.10	4	14	14	0.0000	0.5469	0.0000	100.66
OOD_Size	8	LearnedDualEnergy	0.10	4	15	15	0.0000	0.8828	0.0000	283.32
OOD_Size	8	RecurrentAttention	0.10	4	15	15	0.0000	0.8203	0.0000	64.89
OOD_Size	8	GNN_MessagePassing	0.10	4	15	15	0.0000	0.5156	0.0000	65.92
OOD_Size	8	LearnedDualEnergy	0.10	4	16	16	0.0000	0.9141	0.0000	199.06
OOD_Size	8	RecurrentAttention	0.10	4	16	16	0.0000	0.7188	0.0000	61.18
OOD_Size	8	GNN_MessagePassing	0.10	4	16	16	0.0000	0.5156	0.0000	62.90
OOD_Size	8	LearnedDualEnergy	0.10	4	17	17	0.0000	0.8516	0.0000	197.86
OOD_Size	8	RecurrentAttention	0.10	4	17	17	0.0000	0.7578	0.0000	62.83
OOD_Size	8	GNN_MessagePassing	0.10	4	17	17	0.0000	0.5469	0.0000	63.63
OOD_Size	8	LearnedDualEnergy	0.10	4	18	18	0.0000	0.9219	0.0000	207.57
OOD_Size	8	RecurrentAttention	0.10	4	18	18	0.0000	0.8125	0.0000	62.32
OOD_Size	8	GNN_MessagePassing	0.10	4	18	18	0.0000	0.5000	0.0000	64.87
OOD_Size	8	LearnedDualEnergy	0.10	4	19	19	0.0000	0.9062	0.0000	328.68
OOD_Size	8	RecurrentAttention	0.10	4	19	19	0.0000	0.7891	0.0000	88.56
OOD_Size	8	GNN_MessagePassing	0.10	4	19	19	0.0000	0.5234	0.0000	125.96
OOD_Size	8	LearnedDualEnergy	0.10	8	0	0	0.0000	0.9141	0.0000	413.36
OOD_Size	8	RecurrentAttention	0.10	8	0	0	0.0000	0.8047	0.0000	132.44
OOD_Size	8	GNN_MessagePassing	0.10	8	0	0	0.0000	0.3906	0.0000	121.19
OOD_Size	8	LearnedDualEnergy	0.10	8	1	1	0.0000	0.8984	0.0000	390.16
OOD_Size	8	RecurrentAttention	0.10	8	1	1	0.0000	0.7656	0.0000	131.88
OOD_Size	8	GNN_MessagePassing	0.10	8	1	1	0.0000	0.5703	0.0000	119.70
OOD_Size	8	LearnedDualEnergy	0.10	8	2	2	0.0000	0.9141	0.0000	450.73
OOD_Size	8	RecurrentAttention	0.10	8	2	2	0.0000	0.7734	0.0000	134.42
OOD_Size	8	GNN_MessagePassing	0.10	8	2	2	0.0000	0.5234	0.0000	121.27
OOD_Size	8	LearnedDualEnergy	0.10	8	3	3	0.0000	0.9453	0.0000	428.53
OOD_Size	8	RecurrentAttention	0.10	8	3	3	0.0000	0.8672	0.0000	135.69
OOD_Size	8	GNN_MessagePassing	0.10	8	3	3	0.0000	0.4531	0.0000	122.72
OOD_Size	8	LearnedDualEnergy	0.10	8	4	4	0.0000	0.8984	0.0000	437.69
OOD_Size	8	RecurrentAttention	0.10	8	4	4	0.0000	0.7500	0.0000	121.99
OOD_Size	8	GNN_MessagePassing	0.10	8	4	4	0.0000	0.4844	0.0000	119.90
OOD_Size	8	LearnedDualEnergy	0.10	8	5	5	0.0000	0.8750	0.0000	455.12
OOD_Size	8	RecurrentAttention	0.10	8	5	5	0.0000	0.7422	0.0000	137.74
OOD_Size	8	GNN_MessagePassing	0.10	8	5	5	0.0000	0.4688	0.0000	123.71
OOD_Size	8	LearnedDualEnergy	0.10	8	6	6	0.0000	0.8984	0.0000	396.57
OOD_Size	8	RecurrentAttention	0.10	8	6	6	0.0000	0.7656	0.0000	135.53
OOD_Size	8	GNN_MessagePassing	0.10	8	6	6	0.0000	0.5312	0.0000	124.30
OOD_Size	8	LearnedDualEnergy	0.10	8	7	7	0.0000	0.9141	0.0000	530.44
OOD_Size	8	RecurrentAttention	0.10	8	7	7	0.0000	0.7578	0.0000	113.58
OOD_Size	8	GNN_MessagePassing	0.10	8	7	7	0.0000	0.5625	0.0000	80.02
OOD_Size	8	LearnedDualEnergy	0.10	8	8	8	0.0000	0.9062	0.0000	290.81
OOD_Size	8	RecurrentAttention	0.10	8	8	8	0.0000	0.6875	0.0000	103.72
OOD_Size	8	GNN_MessagePassing	0.10	8	8	8	0.0000	0.5156	0.0000	80.98
OOD_Size	8	LearnedDualEnergy	0.10	8	9	9	0.0000	0.9531	0.0000	289.46
OOD_Size	8	RecurrentAttention	0.10	8	9	9	0.0000	0.7422	0.0000	100.50
OOD_Size	8	GNN_MessagePassing	0.10	8	9	9	0.0000	0.5156	0.0000	77.46
OOD_Size	8	LearnedDualEnergy	0.10	8	10	10	0.0000	0.8906	0.0000	435.42
OOD_Size	8	RecurrentAttention	0.10	8	10	10	0.0000	0.7656	0.0000	219.66
OOD_Size	8	GNN_MessagePassing	0.10	8	10	10	0.0000	0.4375	0.0000	127.46
OOD_Size	8	LearnedDualEnergy	0.10	8	11	11	0.0000	0.8984	0.0000	405.04
OOD_Size	8	RecurrentAttention	0.10	8	11	11	0.0000	0.7266	0.0000	129.14
OOD_Size	8	GNN_MessagePassing	0.10	8	11	11	0.0000	0.4844	0.0000	129.31
OOD_Size	8	LearnedDualEnergy	0.10	8	12	12	0.0000	0.9219	0.0000	438.14
OOD_Size	8	RecurrentAttention	0.10	8	12	12	0.0000	0.6953	0.0000	132.43
OOD_Size	8	GNN_MessagePassing	0.10	8	12	12	0.0000	0.4766	0.0000	129.07
OOD_Size	8	LearnedDualEnergy	0.10	8	13	13	0.0000	0.9141	0.0000	2551.76
OOD_Size	8	RecurrentAttention	0.10	8	13	13	0.0000	0.6875	0.0000	134.35
OOD_Size	8	GNN_MessagePassing	0.10	8	13	13	0.0000	0.5000	0.0000	126.00
OOD_Size	8	LearnedDualEnergy	0.10	8	14	14	0.0000	0.8828	0.0000	415.09
OOD_Size	8	RecurrentAttention	0.10	8	14	14	0.0000	0.6016	0.0000	147.79
OOD_Size	8	GNN_MessagePassing	0.10	8	14	14	0.0000	0.5156	0.0000	128.00
OOD_Size	8	LearnedDualEnergy	0.10	8	15	15	0.0000	0.8828	0.0000	389.40
OOD_Size	8	RecurrentAttention	0.10	8	15	15	0.0000	0.7812	0.0000	128.47
OOD_Size	8	GNN_MessagePassing	0.10	8	15	15	0.0000	0.5156	0.0000	1783.01
OOD_Size	8	LearnedDualEnergy	0.10	8	16	16	0.0000	0.9141	0.0000	471.76
OOD_Size	8	RecurrentAttention	0.10	8	16	16	0.0000	0.6562	0.0000	132.40
OOD_Size	8	GNN_MessagePassing	0.10	8	16	16	0.0000	0.4453	0.0000	130.76
OOD_Size	8	LearnedDualEnergy	0.10	8	17	17	0.0000	0.8516	0.0000	282.02
OOD_Size	8	RecurrentAttention	0.10	8	17	17	0.0000	0.7109	0.0000	151.56
OOD_Size	8	GNN_MessagePassing	0.10	8	17	17	0.0000	0.5312	0.0000	138.87
OOD_Size	8	LearnedDualEnergy	0.10	8	18	18	0.0000	0.9219	0.0000	617.71
OOD_Size	8	RecurrentAttention	0.10	8	18	18	0.0000	0.7656	0.0000	137.12
OOD_Size	8	GNN_MessagePassing	0.10	8	18	18	0.0000	0.4766	0.0000	128.33
OOD_Size	8	LearnedDualEnergy	0.10	8	19	19	0.0000	0.9062	0.0000	462.04
OOD_Size	8	RecurrentAttention	0.10	8	19	19	0.0000	0.7344	0.0000	126.08
OOD_Size	8	GNN_MessagePassing	0.10	8	19	19	0.0000	0.4531	0.0000	137.56
OOD_Size	8	LearnedDualEnergy	0.10	16	0	0	0.0000	0.9141	0.0000	710.52
OOD_Size	8	RecurrentAttention	0.10	16	0	0	0.0000	0.7188	0.0000	206.08
OOD_Size	8	GNN_MessagePassing	0.10	16	0	0	0.0000	0.5781	0.0000	172.85
OOD_Size	8	LearnedDualEnergy	0.10	16	1	1	0.0000	0.8984	0.0000	795.80
OOD_Size	8	RecurrentAttention	0.10	16	1	1	0.0000	0.7188	0.0000	261.50
OOD_Size	8	GNN_MessagePassing	0.10	16	1	1	0.0000	0.5625	0.0000	254.54
OOD_Size	8	LearnedDualEnergy	0.10	16	2	2	0.0000	0.9141	0.0000	1172.67
OOD_Size	8	RecurrentAttention	0.10	16	2	2	0.0000	0.7500	0.0000	3463.23
OOD_Size	8	GNN_MessagePassing	0.10	16	2	2	0.0000	0.4453	0.0000	175.95
OOD_Size	8	LearnedDualEnergy	0.10	16	3	3	0.0000	0.9453	0.0000	758.57
OOD_Size	8	RecurrentAttention	0.10	16	3	3	0.0000	0.8203	0.0000	349.93
OOD_Size	8	GNN_MessagePassing	0.10	16	3	3	0.0000	0.4922	0.0000	254.73
OOD_Size	8	LearnedDualEnergy	0.10	16	4	4	0.0000	0.8984	0.0000	841.50
OOD_Size	8	RecurrentAttention	0.10	16	4	4	0.0000	0.7188	0.0000	335.12
OOD_Size	8	GNN_MessagePassing	0.10	16	4	4	0.0000	0.4844	0.0000	2398.55
OOD_Size	8	LearnedDualEnergy	0.10	16	5	5	0.0000	0.8750	0.0000	7259.84
OOD_Size	8	RecurrentAttention	0.10	16	5	5	0.0000	0.7109	0.0000	263.89
OOD_Size	8	GNN_MessagePassing	0.10	16	5	5	0.0000	0.5781	0.0000	262.04
OOD_Size	8	LearnedDualEnergy	0.10	16	6	6	0.0000	0.8984	0.0000	851.53
OOD_Size	8	RecurrentAttention	0.10	16	6	6	0.0000	0.7109	0.0000	367.85
OOD_Size	8	GNN_MessagePassing	0.10	16	6	6	0.0000	0.4766	0.0000	256.34
OOD_Size	8	LearnedDualEnergy	0.10	16	7	7	0.0000	0.9141	0.0000	6007.48
OOD_Size	8	RecurrentAttention	0.10	16	7	7	0.0000	0.6641	0.0000	252.18
OOD_Size	8	GNN_MessagePassing	0.10	16	7	7	0.0000	0.4609	0.0000	224.02
OOD_Size	8	LearnedDualEnergy	0.10	16	8	8	0.0000	0.8984	0.0000	608.25
OOD_Size	8	RecurrentAttention	0.10	16	8	8	0.0000	0.6484	0.0000	212.96
OOD_Size	8	GNN_MessagePassing	0.10	16	8	8	0.0000	0.5078	0.0000	153.03
OOD_Size	8	LearnedDualEnergy	0.10	16	9	9	0.0000	0.9531	0.0000	695.77
OOD_Size	8	RecurrentAttention	0.10	16	9	9	0.0000	0.6562	0.0000	328.06
OOD_Size	8	GNN_MessagePassing	0.10	16	9	9	0.0000	0.5469	0.0000	261.95
OOD_Size	8	LearnedDualEnergy	0.10	16	10	10	0.0000	0.8906	0.0000	858.61
OOD_Size	8	RecurrentAttention	0.10	16	10	10	0.0000	0.6797	0.0000	262.63
OOD_Size	8	GNN_MessagePassing	0.10	16	10	10	0.0000	0.5234	0.0000	266.57
OOD_Size	8	LearnedDualEnergy	0.10	16	11	11	0.0000	0.8906	0.0000	841.38
OOD_Size	8	RecurrentAttention	0.10	16	11	11	0.0000	0.6797	0.0000	260.82
OOD_Size	8	GNN_MessagePassing	0.10	16	11	11	0.0000	0.4688	0.0000	284.97
OOD_Size	8	LearnedDualEnergy	0.10	16	12	12	0.0000	0.9141	0.0000	8991.07
OOD_Size	8	RecurrentAttention	0.10	16	12	12	0.0000	0.6172	0.0000	325.59
OOD_Size	8	GNN_MessagePassing	0.10	16	12	12	0.0000	0.5625	0.0000	257.02
OOD_Size	8	LearnedDualEnergy	0.10	16	13	13	0.0000	0.9141	0.0000	788.64
OOD_Size	8	RecurrentAttention	0.10	16	13	13	0.0000	0.6406	0.0000	263.37
OOD_Size	8	GNN_MessagePassing	0.10	16	13	13	0.0000	0.4922	0.0000	251.17
OOD_Size	8	LearnedDualEnergy	0.10	16	14	14	0.0000	0.8828	0.0000	834.86
OOD_Size	8	RecurrentAttention	0.10	16	14	14	0.0000	0.5781	0.0000	242.24
OOD_Size	8	GNN_MessagePassing	0.10	16	14	14	0.0000	0.4844	0.0000	253.46
OOD_Size	8	LearnedDualEnergy	0.10	16	15	15	0.0000	0.8828	0.0000	835.73
OOD_Size	8	RecurrentAttention	0.10	16	15	15	0.0000	0.6875	0.0000	286.92
OOD_Size	8	GNN_MessagePassing	0.10	16	15	15	0.0000	0.5234	0.0000	252.10
OOD_Size	8	LearnedDualEnergy	0.10	16	16	16	0.0000	0.9141	0.0000	905.38
OOD_Size	8	RecurrentAttention	0.10	16	16	16	0.0000	0.6172	0.0000	269.43
OOD_Size	8	GNN_MessagePassing	0.10	16	16	16	0.0000	0.5234	0.0000	316.11
OOD_Size	8	LearnedDualEnergy	0.10	16	17	17	0.0000	0.8438	0.0000	781.87
OOD_Size	8	RecurrentAttention	0.10	16	17	17	0.0000	0.6562	0.0000	502.83
OOD_Size	8	GNN_MessagePassing	0.10	16	17	17	0.0000	0.5391	0.0000	369.03
OOD_Size	8	LearnedDualEnergy	0.10	16	18	18	0.0000	0.9219	0.0000	824.14
OOD_Size	8	RecurrentAttention	0.10	16	18	18	0.0000	0.6953	0.0000	303.35
OOD_Size	8	GNN_MessagePassing	0.10	16	18	18	0.0000	0.5156	0.0000	251.85
OOD_Size	8	LearnedDualEnergy	0.10	16	19	19	0.0000	0.9062	0.0000	900.52
OOD_Size	8	RecurrentAttention	0.10	16	19	19	0.0000	0.6406	0.0000	272.47
OOD_Size	8	GNN_MessagePassing	0.10	16	19	19	0.0000	0.5391	0.0000	239.62
OOD_Size	8	LearnedDualEnergy	0.10	32	0	0	0.0000	0.9141	0.0000	1623.26
OOD_Size	8	RecurrentAttention	0.10	32	0	0	0.0000	0.6719	0.0000	577.99
OOD_Size	8	GNN_MessagePassing	0.10	32	0	0	0.0000	0.5547	0.0000	513.90
OOD_Size	8	LearnedDualEnergy	0.10	32	1	1	0.0000	0.8984	0.0000	1749.77
OOD_Size	8	RecurrentAttention	0.10	32	1	1	0.0000	0.6641	0.0000	615.42
OOD_Size	8	GNN_MessagePassing	0.10	32	1	1	0.0000	0.4688	0.0000	498.76
OOD_Size	8	LearnedDualEnergy	0.10	32	2	2	0.0000	0.9062	0.0000	14683.28
OOD_Size	8	RecurrentAttention	0.10	32	2	2	0.0000	0.6797	0.0000	446.58
OOD_Size	8	GNN_MessagePassing	0.10	32	2	2	0.0000	0.5547	0.0000	487.93
OOD_Size	8	LearnedDualEnergy	0.10	32	3	3	0.0000	0.9141	0.0000	1751.59
OOD_Size	8	RecurrentAttention	0.10	32	3	3	0.0000	0.7188	0.0000	645.62
OOD_Size	8	GNN_MessagePassing	0.10	32	3	3	0.0000	0.5156	0.0000	606.71
OOD_Size	8	LearnedDualEnergy	0.10	32	4	4	0.0000	0.8828	0.0000	1721.06
OOD_Size	8	RecurrentAttention	0.10	32	4	4	0.0000	0.6953	0.0000	583.71
OOD_Size	8	GNN_MessagePassing	0.10	32	4	4	0.0000	0.4766	0.0000	607.56
OOD_Size	8	LearnedDualEnergy	0.10	32	5	5	0.0000	0.8672	0.0000	1627.30
OOD_Size	8	RecurrentAttention	0.10	32	5	5	0.0000	0.6719	0.0000	554.57
OOD_Size	8	GNN_MessagePassing	0.10	32	5	5	0.0000	0.5703	0.0000	950.06
OOD_Size	8	LearnedDualEnergy	0.10	32	6	6	0.0000	0.8828	0.0000	1620.79
OOD_Size	8	RecurrentAttention	0.10	32	6	6	0.0000	0.6172	0.0000	584.90
OOD_Size	8	GNN_MessagePassing	0.10	32	6	6	0.0000	0.4766	0.0000	578.63
OOD_Size	8	LearnedDualEnergy	0.10	32	7	7	0.0000	0.8906	0.0000	1600.28
OOD_Size	8	RecurrentAttention	0.10	32	7	7	0.0000	0.5938	0.0000	1749.63
OOD_Size	8	GNN_MessagePassing	0.10	32	7	7	0.0000	0.4609	0.0000	432.94
OOD_Size	8	LearnedDualEnergy	0.10	32	8	8	0.0000	0.8828	0.0000	1328.72
OOD_Size	8	RecurrentAttention	0.10	32	8	8	0.0000	0.6250	0.0000	404.23
OOD_Size	8	GNN_MessagePassing	0.10	32	8	8	0.0000	0.4375	0.0000	296.99
OOD_Size	8	LearnedDualEnergy	0.10	32	9	9	0.0000	0.9453	0.0000	1356.17
OOD_Size	8	RecurrentAttention	0.10	32	9	9	0.0000	0.6484	0.0000	400.21
OOD_Size	8	GNN_MessagePassing	0.10	32	9	9	0.0000	0.5312	0.0000	373.44
OOD_Size	8	LearnedDualEnergy	0.10	32	10	10	0.0000	0.8828	0.0000	1921.54
OOD_Size	8	RecurrentAttention	0.10	32	10	10	0.0000	0.5938	0.0000	612.42
OOD_Size	8	GNN_MessagePassing	0.10	32	10	10	0.0000	0.4766	0.0000	553.43
OOD_Size	8	LearnedDualEnergy	0.10	32	11	11	0.0000	0.9062	0.0000	1601.36
OOD_Size	8	RecurrentAttention	0.10	32	11	11	0.0000	0.5938	0.0000	572.25
OOD_Size	8	GNN_MessagePassing	0.10	32	11	11	0.0000	0.4688	0.0000	513.52
OOD_Size	8	LearnedDualEnergy	0.10	32	12	12	0.0000	0.8828	0.0000	1605.58
OOD_Size	8	RecurrentAttention	0.10	32	12	12	0.0000	0.5547	0.0000	535.76
OOD_Size	8	GNN_MessagePassing	0.10	32	12	12	0.0000	0.5156	0.0000	639.22
OOD_Size	8	LearnedDualEnergy	0.10	32	13	13	0.0000	0.8750	0.0000	1498.63
OOD_Size	8	RecurrentAttention	0.10	32	13	13	0.0000	0.5938	0.0000	403.30
OOD_Size	8	GNN_MessagePassing	0.10	32	13	13	0.0000	0.5234	0.0000	328.94
OOD_Size	8	LearnedDualEnergy	0.10	32	14	14	0.0000	0.8672	0.0000	1141.19
OOD_Size	8	RecurrentAttention	0.10	32	14	14	0.0000	0.5234	0.0000	535.70
OOD_Size	8	GNN_MessagePassing	0.10	32	14	14	0.0000	0.5156	0.0000	302.39
OOD_Size	8	LearnedDualEnergy	0.10	32	15	15	0.0000	0.8516	0.0000	1690.60
OOD_Size	8	RecurrentAttention	0.10	32	15	15	0.0000	0.6250	0.0000	586.06
OOD_Size	8	GNN_MessagePassing	0.10	32	15	15	0.0000	0.5078	0.0000	592.43
OOD_Size	8	LearnedDualEnergy	0.10	32	16	16	0.0000	0.8750	0.0000	1988.34
OOD_Size	8	RecurrentAttention	0.10	32	16	16	0.0000	0.6016	0.0000	607.73
OOD_Size	8	GNN_MessagePassing	0.10	32	16	16	0.0000	0.5391	0.0000	499.05
OOD_Size	8	LearnedDualEnergy	0.10	32	17	17	0.0000	0.8359	0.0000	1194.35
OOD_Size	8	RecurrentAttention	0.10	32	17	17	0.0000	0.5781	0.0000	403.32
OOD_Size	8	GNN_MessagePassing	0.10	32	17	17	0.0000	0.4453	0.0000	302.81
OOD_Size	8	LearnedDualEnergy	0.10	32	18	18	0.0000	0.9141	0.0000	1894.66
OOD_Size	8	RecurrentAttention	0.10	32	18	18	0.0000	0.6875	0.0000	690.98
OOD_Size	8	GNN_MessagePassing	0.10	32	18	18	0.0000	0.4766	0.0000	570.07
OOD_Size	8	LearnedDualEnergy	0.10	32	19	19	0.0000	0.8984	0.0000	1568.60
OOD_Size	8	RecurrentAttention	0.10	32	19	19	0.0000	0.5859	0.0000	608.89
OOD_Size	8	GNN_MessagePassing	0.10	32	19	19	0.0000	0.6016	0.0000	297.90
OOD_Size	8	LearnedDualEnergy	0.20	1	0	0	0.0000	0.8438	0.0000	82.93
OOD_Size	8	RecurrentAttention	0.20	1	0	0	0.0000	0.8047	0.0000	18.88
OOD_Size	8	GNN_MessagePassing	0.20	1	0	0	0.0000	0.5156	0.0000	19.25
OOD_Size	8	LearnedDualEnergy	0.20	1	1	1	0.0000	0.7578	0.0000	62.11
OOD_Size	8	RecurrentAttention	0.20	1	1	1	0.0000	0.7031	0.0000	15.68
OOD_Size	8	GNN_MessagePassing	0.20	1	1	1	0.0000	0.4844	0.0000	17.16
OOD_Size	8	LearnedDualEnergy	0.20	1	2	2	0.0000	0.8203	0.0000	76.64
OOD_Size	8	RecurrentAttention	0.20	1	2	2	0.0000	0.8047	0.0000	24.71
OOD_Size	8	GNN_MessagePassing	0.20	1	2	2	0.0000	0.5703	0.0000	85.66
OOD_Size	8	LearnedDualEnergy	0.20	1	3	3	0.0000	0.8281	0.0000	65.28
OOD_Size	8	RecurrentAttention	0.20	1	3	3	0.0000	0.7969	0.0000	16.39
OOD_Size	8	GNN_MessagePassing	0.20	1	3	3	0.0000	0.4844	0.0000	16.45
OOD_Size	8	LearnedDualEnergy	0.20	1	4	4	0.0000	0.7812	0.0000	61.43
OOD_Size	8	RecurrentAttention	0.20	1	4	4	0.0000	0.7734	0.0000	15.59
OOD_Size	8	GNN_MessagePassing	0.20	1	4	4	0.0000	0.4609	0.0000	15.82
OOD_Size	8	LearnedDualEnergy	0.20	1	5	5	0.0000	0.7500	0.0000	61.64
OOD_Size	8	RecurrentAttention	0.20	1	5	5	0.0000	0.7422	0.0000	15.57
OOD_Size	8	GNN_MessagePassing	0.20	1	5	5	0.0000	0.5469	0.0000	15.59
OOD_Size	8	LearnedDualEnergy	0.20	1	6	6	0.0000	0.7969	0.0000	61.07
OOD_Size	8	RecurrentAttention	0.20	1	6	6	0.0000	0.7969	0.0000	15.51
OOD_Size	8	GNN_MessagePassing	0.20	1	6	6	0.0000	0.5000	0.0000	16.14
OOD_Size	8	LearnedDualEnergy	0.20	1	7	7	0.0000	0.8438	0.0000	62.29
OOD_Size	8	RecurrentAttention	0.20	1	7	7	0.0000	0.8438	0.0000	16.61
OOD_Size	8	GNN_MessagePassing	0.20	1	7	7	0.0000	0.4844	0.0000	15.78
OOD_Size	8	LearnedDualEnergy	0.20	1	8	8	0.0000	0.7891	0.0000	47.47
OOD_Size	8	RecurrentAttention	0.20	1	8	8	0.0000	0.7891	0.0000	12.96
OOD_Size	8	GNN_MessagePassing	0.20	1	8	8	0.0000	0.5312	0.0000	9.36
OOD_Size	8	LearnedDualEnergy	0.20	1	9	9	0.0000	0.8516	0.0000	63.82
OOD_Size	8	RecurrentAttention	0.20	1	9	9	0.0000	0.8438	0.0000	15.09
OOD_Size	8	GNN_MessagePassing	0.20	1	9	9	0.0000	0.5156	0.0000	16.66
OOD_Size	8	LearnedDualEnergy	0.20	1	10	10	0.0000	0.7422	0.0000	94.34
OOD_Size	8	RecurrentAttention	0.20	1	10	10	0.0000	0.7266	0.0000	16.47
OOD_Size	8	GNN_MessagePassing	0.20	1	10	10	0.0000	0.5156	0.0000	15.79
OOD_Size	8	LearnedDualEnergy	0.20	1	11	11	0.0000	0.8203	0.0000	61.42
OOD_Size	8	RecurrentAttention	0.20	1	11	11	0.0000	0.8047	0.0000	83.45
OOD_Size	8	GNN_MessagePassing	0.20	1	11	11	0.0000	0.5078	0.0000	13.19
OOD_Size	8	LearnedDualEnergy	0.20	1	12	12	0.0000	0.8203	0.0000	55.11
OOD_Size	8	RecurrentAttention	0.20	1	12	12	0.0000	0.8203	0.0000	12.49
OOD_Size	8	GNN_MessagePassing	0.20	1	12	12	0.0000	0.4844	0.0000	9.96
OOD_Size	8	LearnedDualEnergy	0.20	1	13	13	0.0000	0.7969	0.0000	47.34
OOD_Size	8	RecurrentAttention	0.20	1	13	13	0.0000	0.7812	0.0000	12.30
OOD_Size	8	GNN_MessagePassing	0.20	1	13	13	0.0000	0.5547	0.0000	9.54
OOD_Size	8	LearnedDualEnergy	0.20	1	14	14	0.0000	0.7812	0.0000	45.80
OOD_Size	8	RecurrentAttention	0.20	1	14	14	0.0000	0.7031	0.0000	12.09
OOD_Size	8	GNN_MessagePassing	0.20	1	14	14	0.0000	0.5156	0.0000	9.54
OOD_Size	8	LearnedDualEnergy	0.20	1	15	15	0.0000	0.8281	0.0000	44.88
OOD_Size	8	RecurrentAttention	0.20	1	15	15	0.0000	0.8359	0.0000	11.77
OOD_Size	8	GNN_MessagePassing	0.20	1	15	15	0.0000	0.4922	0.0000	9.41
OOD_Size	8	LearnedDualEnergy	0.20	1	16	16	0.0000	0.8047	0.0000	46.55
OOD_Size	8	RecurrentAttention	0.20	1	16	16	0.0000	0.7812	0.0000	12.88
OOD_Size	8	GNN_MessagePassing	0.20	1	16	16	0.0000	0.4219	0.0000	9.63
OOD_Size	8	LearnedDualEnergy	0.20	1	17	17	0.0000	0.7578	0.0000	47.82
OOD_Size	8	RecurrentAttention	0.20	1	17	17	0.0000	0.7344	0.0000	13.38
OOD_Size	8	GNN_MessagePassing	0.20	1	17	17	0.0000	0.5938	0.0000	31.75
OOD_Size	8	LearnedDualEnergy	0.20	1	18	18	0.0000	0.7891	0.0000	49.88
OOD_Size	8	RecurrentAttention	0.20	1	18	18	0.0000	0.7734	0.0000	14.31
OOD_Size	8	GNN_MessagePassing	0.20	1	18	18	0.0000	0.4609	0.0000	10.16
OOD_Size	8	LearnedDualEnergy	0.20	1	19	19	0.0000	0.8203	0.0000	44.70
OOD_Size	8	RecurrentAttention	0.20	1	19	19	0.0000	0.8203	0.0000	12.82
OOD_Size	8	GNN_MessagePassing	0.20	1	19	19	0.0000	0.4219	0.0000	9.80
OOD_Size	8	LearnedDualEnergy	0.20	2	0	0	0.0000	0.8438	0.0000	87.09
OOD_Size	8	RecurrentAttention	0.20	2	0	0	0.0000	0.7891	0.0000	27.32
OOD_Size	8	GNN_MessagePassing	0.20	2	0	0	0.0000	0.5234	0.0000	19.63
OOD_Size	8	LearnedDualEnergy	0.20	2	1	1	0.0000	0.7578	0.0000	81.16
OOD_Size	8	RecurrentAttention	0.20	2	1	1	0.0000	0.6562	0.0000	24.57
OOD_Size	8	GNN_MessagePassing	0.20	2	1	1	0.0000	0.5312	0.0000	19.25
OOD_Size	8	LearnedDualEnergy	0.20	2	2	2	0.0000	0.8203	0.0000	79.35
OOD_Size	8	RecurrentAttention	0.20	2	2	2	0.0000	0.7891	0.0000	24.95
OOD_Size	8	GNN_MessagePassing	0.20	2	2	2	0.0000	0.5156	0.0000	18.95
OOD_Size	8	LearnedDualEnergy	0.20	2	3	3	0.0000	0.8281	0.0000	79.79
OOD_Size	8	RecurrentAttention	0.20	2	3	3	0.0000	0.7656	0.0000	24.34
OOD_Size	8	GNN_MessagePassing	0.20	2	3	3	0.0000	0.5547	0.0000	19.44
OOD_Size	8	LearnedDualEnergy	0.20	2	4	4	0.0000	0.7812	0.0000	78.03
OOD_Size	8	RecurrentAttention	0.20	2	4	4	0.0000	0.7578	0.0000	24.62
OOD_Size	8	GNN_MessagePassing	0.20	2	4	4	0.0000	0.4219	0.0000	19.68
OOD_Size	8	LearnedDualEnergy	0.20	2	5	5	0.0000	0.7500	0.0000	119.52
OOD_Size	8	RecurrentAttention	0.20	2	5	5	0.0000	0.7344	0.0000	1019.84
OOD_Size	8	GNN_MessagePassing	0.20	2	5	5	0.0000	0.4844	0.0000	20.53
OOD_Size	8	LearnedDualEnergy	0.20	2	6	6	0.0000	0.7969	0.0000	78.45
OOD_Size	8	RecurrentAttention	0.20	2	6	6	0.0000	0.7891	0.0000	25.65
OOD_Size	8	GNN_MessagePassing	0.20	2	6	6	0.0000	0.4453	0.0000	21.66
OOD_Size	8	LearnedDualEnergy	0.20	2	7	7	0.0000	0.8438	0.0000	107.89
OOD_Size	8	RecurrentAttention	0.20	2	7	7	0.0000	0.8047	0.0000	52.83
OOD_Size	8	GNN_MessagePassing	0.20	2	7	7	0.0000	0.6328	0.0000	32.47
OOD_Size	8	LearnedDualEnergy	0.20	2	8	8	0.0000	0.7891	0.0000	112.41
OOD_Size	8	RecurrentAttention	0.20	2	8	8	0.0000	0.7734	0.0000	31.95
OOD_Size	8	GNN_MessagePassing	0.20	2	8	8	0.0000	0.5000	0.0000	33.02
OOD_Size	8	LearnedDualEnergy	0.20	2	9	9	0.0000	0.8516	0.0000	84.74
OOD_Size	8	RecurrentAttention	0.20	2	9	9	0.0000	0.8203	0.0000	26.45
OOD_Size	8	GNN_MessagePassing	0.20	2	9	9	0.0000	0.5938	0.0000	19.00
OOD_Size	8	LearnedDualEnergy	0.20	2	10	10	0.0000	0.7422	0.0000	156.28
OOD_Size	8	RecurrentAttention	0.20	2	10	10	0.0000	0.7344	0.0000	30.68
OOD_Size	8	GNN_MessagePassing	0.20	2	10	10	0.0000	0.4453	0.0000	32.19
OOD_Size	8	LearnedDualEnergy	0.20	2	11	11	0.0000	0.8203	0.0000	112.27
OOD_Size	8	RecurrentAttention	0.20	2	11	11	0.0000	0.7578	0.0000	31.90
OOD_Size	8	GNN_MessagePassing	0.20	2	11	11	0.0000	0.5703	0.0000	30.85
OOD_Size	8	LearnedDualEnergy	0.20	2	12	12	0.0000	0.8203	0.0000	106.61
OOD_Size	8	RecurrentAttention	0.20	2	12	12	0.0000	0.7734	0.0000	30.38
OOD_Size	8	GNN_MessagePassing	0.20	2	12	12	0.0000	0.5078	0.0000	30.67
OOD_Size	8	LearnedDualEnergy	0.20	2	13	13	0.0000	0.7969	0.0000	105.09
OOD_Size	8	RecurrentAttention	0.20	2	13	13	0.0000	0.7266	0.0000	32.04
OOD_Size	8	GNN_MessagePassing	0.20	2	13	13	0.0000	0.4375	0.0000	31.52
OOD_Size	8	LearnedDualEnergy	0.20	2	14	14	0.0000	0.7812	0.0000	113.90
OOD_Size	8	RecurrentAttention	0.20	2	14	14	0.0000	0.6719	0.0000	32.79
OOD_Size	8	GNN_MessagePassing	0.20	2	14	14	0.0000	0.5391	0.0000	33.48
OOD_Size	8	LearnedDualEnergy	0.20	2	15	15	0.0000	0.8281	0.0000	118.17
OOD_Size	8	RecurrentAttention	0.20	2	15	15	0.0000	0.8047	0.0000	31.45
OOD_Size	8	GNN_MessagePassing	0.20	2	15	15	0.0000	0.4922	0.0000	30.80
OOD_Size	8	LearnedDualEnergy	0.20	2	16	16	0.0000	0.8047	0.0000	85.96
OOD_Size	8	RecurrentAttention	0.20	2	16	16	0.0000	0.7578	0.0000	25.43
OOD_Size	8	GNN_MessagePassing	0.20	2	16	16	0.0000	0.5156	0.0000	19.01
OOD_Size	8	LearnedDualEnergy	0.20	2	17	17	0.0000	0.7578	0.0000	231.12
OOD_Size	8	RecurrentAttention	0.20	2	17	17	0.0000	0.7344	0.0000	31.26
OOD_Size	8	GNN_MessagePassing	0.20	2	17	17	0.0000	0.4766	0.0000	32.67
OOD_Size	8	LearnedDualEnergy	0.20	2	18	18	0.0000	0.7891	0.0000	80.44
OOD_Size	8	RecurrentAttention	0.20	2	18	18	0.0000	0.7188	0.0000	24.66
OOD_Size	8	GNN_MessagePassing	0.20	2	18	18	0.0000	0.5078	0.0000	18.69
OOD_Size	8	LearnedDualEnergy	0.20	2	19	19	0.0000	0.8203	0.0000	79.79
OOD_Size	8	RecurrentAttention	0.20	2	19	19	0.0000	0.7891	0.0000	24.78
OOD_Size	8	GNN_MessagePassing	0.20	2	19	19	0.0000	0.6484	0.0000	19.55
OOD_Size	8	LearnedDualEnergy	0.20	4	0	0	0.0000	0.8438	0.0000	156.46
OOD_Size	8	RecurrentAttention	0.20	4	0	0	0.0000	0.7734	0.0000	51.02
OOD_Size	8	GNN_MessagePassing	0.20	4	0	0	0.0000	0.4609	0.0000	38.73
OOD_Size	8	LearnedDualEnergy	0.20	4	1	1	0.0000	0.7578	0.0000	146.64
OOD_Size	8	RecurrentAttention	0.20	4	1	1	0.0000	0.6250	0.0000	49.29
OOD_Size	8	GNN_MessagePassing	0.20	4	1	1	0.0000	0.5547	0.0000	37.57
OOD_Size	8	LearnedDualEnergy	0.20	4	2	2	0.0000	0.8203	0.0000	192.48
OOD_Size	8	RecurrentAttention	0.20	4	2	2	0.0000	0.7734	0.0000	58.71
OOD_Size	8	GNN_MessagePassing	0.20	4	2	2	0.0000	0.5859	0.0000	63.18
OOD_Size	8	LearnedDualEnergy	0.20	4	3	3	0.0000	0.8281	0.0000	202.54
OOD_Size	8	RecurrentAttention	0.20	4	3	3	0.0000	0.7109	0.0000	61.19
OOD_Size	8	GNN_MessagePassing	0.20	4	3	3	0.0000	0.4375	0.0000	66.05
OOD_Size	8	LearnedDualEnergy	0.20	4	4	4	0.0000	0.7812	0.0000	192.38
OOD_Size	8	RecurrentAttention	0.20	4	4	4	0.0000	0.7031	0.0000	60.81
OOD_Size	8	GNN_MessagePassing	0.20	4	4	4	0.0000	0.4922	0.0000	60.59
OOD_Size	8	LearnedDualEnergy	0.20	4	5	5	0.0000	0.7500	0.0000	191.36
OOD_Size	8	RecurrentAttention	0.20	4	5	5	0.0000	0.6953	0.0000	59.89
OOD_Size	8	GNN_MessagePassing	0.20	4	5	5	0.0000	0.5234	0.0000	61.72
OOD_Size	8	LearnedDualEnergy	0.20	4	6	6	0.0000	0.7969	0.0000	192.12
OOD_Size	8	RecurrentAttention	0.20	4	6	6	0.0000	0.7734	0.0000	60.79
OOD_Size	8	GNN_MessagePassing	0.20	4	6	6	0.0000	0.5547	0.0000	60.59
OOD_Size	8	LearnedDualEnergy	0.20	4	7	7	0.0000	0.8438	0.0000	348.88
OOD_Size	8	RecurrentAttention	0.20	4	7	7	0.0000	0.7812	0.0000	66.97
OOD_Size	8	GNN_MessagePassing	0.20	4	7	7	0.0000	0.5469	0.0000	95.57
OOD_Size	8	LearnedDualEnergy	0.20	4	8	8	0.0000	0.7891	0.0000	1130.90
OOD_Size	8	RecurrentAttention	0.20	4	8	8	0.0000	0.7578	0.0000	65.95
OOD_Size	8	GNN_MessagePassing	0.20	4	8	8	0.0000	0.5156	0.0000	64.32
OOD_Size	8	LearnedDualEnergy	0.20	4	9	9	0.0000	0.8516	0.0000	205.42
OOD_Size	8	RecurrentAttention	0.20	4	9	9	0.0000	0.7812	0.0000	65.59
OOD_Size	8	GNN_MessagePassing	0.20	4	9	9	0.0000	0.5391	0.0000	64.33
OOD_Size	8	LearnedDualEnergy	0.20	4	10	10	0.0000	0.7422	0.0000	210.41
OOD_Size	8	RecurrentAttention	0.20	4	10	10	0.0000	0.7266	0.0000	65.28
OOD_Size	8	GNN_MessagePassing	0.20	4	10	10	0.0000	0.5078	0.0000	65.62
OOD_Size	8	LearnedDualEnergy	0.20	4	11	11	0.0000	0.8203	0.0000	259.80
OOD_Size	8	RecurrentAttention	0.20	4	11	11	0.0000	0.7422	0.0000	63.64
OOD_Size	8	GNN_MessagePassing	0.20	4	11	11	0.0000	0.5391	0.0000	63.62
OOD_Size	8	LearnedDualEnergy	0.20	4	12	12	0.0000	0.8203	0.0000	204.11
OOD_Size	8	RecurrentAttention	0.20	4	12	12	0.0000	0.6953	0.0000	64.48
OOD_Size	8	GNN_MessagePassing	0.20	4	12	12	0.0000	0.5781	0.0000	63.54
OOD_Size	8	LearnedDualEnergy	0.20	4	13	13	0.0000	0.7969	0.0000	202.28
OOD_Size	8	RecurrentAttention	0.20	4	13	13	0.0000	0.6875	0.0000	64.71
OOD_Size	8	GNN_MessagePassing	0.20	4	13	13	0.0000	0.5234	0.0000	63.11
OOD_Size	8	LearnedDualEnergy	0.20	4	14	14	0.0000	0.7812	0.0000	263.26
OOD_Size	8	RecurrentAttention	0.20	4	14	14	0.0000	0.5938	0.0000	66.48
OOD_Size	8	GNN_MessagePassing	0.20	4	14	14	0.0000	0.5234	0.0000	64.32
OOD_Size	8	LearnedDualEnergy	0.20	4	15	15	0.0000	0.8281	0.0000	202.60
OOD_Size	8	RecurrentAttention	0.20	4	15	15	0.0000	0.7578	0.0000	70.38
OOD_Size	8	GNN_MessagePassing	0.20	4	15	15	0.0000	0.5781	0.0000	63.81
OOD_Size	8	LearnedDualEnergy	0.20	4	16	16	0.0000	0.8047	0.0000	1607.99
OOD_Size	8	RecurrentAttention	0.20	4	16	16	0.0000	0.6641	0.0000	62.20
OOD_Size	8	GNN_MessagePassing	0.20	4	16	16	0.0000	0.4453	0.0000	61.68
OOD_Size	8	LearnedDualEnergy	0.20	4	17	17	0.0000	0.7578	0.0000	255.09
OOD_Size	8	RecurrentAttention	0.20	4	17	17	0.0000	0.6641	0.0000	65.25
OOD_Size	8	GNN_MessagePassing	0.20	4	17	17	0.0000	0.5625	0.0000	67.57
OOD_Size	8	LearnedDualEnergy	0.20	4	18	18	0.0000	0.7891	0.0000	215.94
OOD_Size	8	RecurrentAttention	0.20	4	18	18	0.0000	0.6719	0.0000	67.55
OOD_Size	8	GNN_MessagePassing	0.20	4	18	18	0.0000	0.5234	0.0000	65.48
OOD_Size	8	LearnedDualEnergy	0.20	4	19	19	0.0000	0.8203	0.0000	206.27
OOD_Size	8	RecurrentAttention	0.20	4	19	19	0.0000	0.7344	0.0000	62.81
OOD_Size	8	GNN_MessagePassing	0.20	4	19	19	0.0000	0.5859	0.0000	223.91
OOD_Size	8	LearnedDualEnergy	0.20	8	0	0	0.0000	0.8438	0.0000	398.45
OOD_Size	8	RecurrentAttention	0.20	8	0	0	0.0000	0.7109	0.0000	130.29
OOD_Size	8	GNN_MessagePassing	0.20	8	0	0	0.0000	0.3906	0.0000	131.86
OOD_Size	8	LearnedDualEnergy	0.20	8	1	1	0.0000	0.7578	0.0000	6224.91
OOD_Size	8	RecurrentAttention	0.20	8	1	1	0.0000	0.5547	0.0000	137.31
OOD_Size	8	GNN_MessagePassing	0.20	8	1	1	0.0000	0.5312	0.0000	204.56
OOD_Size	8	LearnedDualEnergy	0.20	8	2	2	0.0000	0.8203	0.0000	414.17
OOD_Size	8	RecurrentAttention	0.20	8	2	2	0.0000	0.7422	0.0000	156.27
OOD_Size	8	GNN_MessagePassing	0.20	8	2	2	0.0000	0.5312	0.0000	131.27
OOD_Size	8	LearnedDualEnergy	0.20	8	3	3	0.0000	0.8281	0.0000	445.07
OOD_Size	8	RecurrentAttention	0.20	8	3	3	0.0000	0.6250	0.0000	131.18
OOD_Size	8	GNN_MessagePassing	0.20	8	3	3	0.0000	0.4766	0.0000	542.08
OOD_Size	8	LearnedDualEnergy	0.20	8	4	4	0.0000	0.7812	0.0000	436.38
OOD_Size	8	RecurrentAttention	0.20	8	4	4	0.0000	0.5938	0.0000	127.12
OOD_Size	8	GNN_MessagePassing	0.20	8	4	4	0.0000	0.4766	0.0000	126.34
OOD_Size	8	LearnedDualEnergy	0.20	8	5	5	0.0000	0.7500	0.0000	405.92
OOD_Size	8	RecurrentAttention	0.20	8	5	5	0.0000	0.6250	0.0000	128.30
OOD_Size	8	GNN_MessagePassing	0.20	8	5	5	0.0000	0.4531	0.0000	128.89
OOD_Size	8	LearnedDualEnergy	0.20	8	6	6	0.0000	0.7969	0.0000	451.34
OOD_Size	8	RecurrentAttention	0.20	8	6	6	0.0000	0.7266	0.0000	136.00
OOD_Size	8	GNN_MessagePassing	0.20	8	6	6	0.0000	0.5547	0.0000	129.04
OOD_Size	8	LearnedDualEnergy	0.20	8	7	7	0.0000	0.8438	0.0000	433.36
OOD_Size	8	RecurrentAttention	0.20	8	7	7	0.0000	0.6953	0.0000	127.90
OOD_Size	8	GNN_MessagePassing	0.20	8	7	7	0.0000	0.5703	0.0000	129.57
OOD_Size	8	LearnedDualEnergy	0.20	8	8	8	0.0000	0.7891	0.0000	401.73
OOD_Size	8	RecurrentAttention	0.20	8	8	8	0.0000	0.6719	0.0000	136.15
OOD_Size	8	GNN_MessagePassing	0.20	8	8	8	0.0000	0.4922	0.0000	165.16
OOD_Size	8	LearnedDualEnergy	0.20	8	9	9	0.0000	0.8516	0.0000	399.38
OOD_Size	8	RecurrentAttention	0.20	8	9	9	0.0000	0.7344	0.0000	134.48
OOD_Size	8	GNN_MessagePassing	0.20	8	9	9	0.0000	0.4844	0.0000	138.60
OOD_Size	8	LearnedDualEnergy	0.20	8	10	10	0.0000	0.7422	0.0000	430.50
OOD_Size	8	RecurrentAttention	0.20	8	10	10	0.0000	0.6719	0.0000	123.42
OOD_Size	8	GNN_MessagePassing	0.20	8	10	10	0.0000	0.5469	0.0000	124.91
OOD_Size	8	LearnedDualEnergy	0.20	8	11	11	0.0000	0.8203	0.0000	474.23
OOD_Size	8	RecurrentAttention	0.20	8	11	11	0.0000	0.7344	0.0000	126.67
OOD_Size	8	GNN_MessagePassing	0.20	8	11	11	0.0000	0.5234	0.0000	133.26
OOD_Size	8	LearnedDualEnergy	0.20	8	12	12	0.0000	0.8203	0.0000	390.94
OOD_Size	8	RecurrentAttention	0.20	8	12	12	0.0000	0.6484	0.0000	129.56
OOD_Size	8	GNN_MessagePassing	0.20	8	12	12	0.0000	0.5156	0.0000	131.04
OOD_Size	8	LearnedDualEnergy	0.20	8	13	13	0.0000	0.7969	0.0000	4528.90
OOD_Size	8	RecurrentAttention	0.20	8	13	13	0.0000	0.6641	0.0000	132.60
OOD_Size	8	GNN_MessagePassing	0.20	8	13	13	0.0000	0.4766	0.0000	129.65
OOD_Size	8	LearnedDualEnergy	0.20	8	14	14	0.0000	0.7812	0.0000	368.03
OOD_Size	8	RecurrentAttention	0.20	8	14	14	0.0000	0.5938	0.0000	124.80
OOD_Size	8	GNN_MessagePassing	0.20	8	14	14	0.0000	0.5469	0.0000	205.19
OOD_Size	8	LearnedDualEnergy	0.20	8	15	15	0.0000	0.8281	0.0000	1252.82
OOD_Size	8	RecurrentAttention	0.20	8	15	15	0.0000	0.7266	0.0000	129.52
OOD_Size	8	GNN_MessagePassing	0.20	8	15	15	0.0000	0.5547	0.0000	130.30
OOD_Size	8	LearnedDualEnergy	0.20	8	16	16	0.0000	0.8047	0.0000	388.71
OOD_Size	8	RecurrentAttention	0.20	8	16	16	0.0000	0.6172	0.0000	179.74
OOD_Size	8	GNN_MessagePassing	0.20	8	16	16	0.0000	0.4844	0.0000	123.83
OOD_Size	8	LearnedDualEnergy	0.20	8	17	17	0.0000	0.7578	0.0000	1686.27
OOD_Size	8	RecurrentAttention	0.20	8	17	17	0.0000	0.6250	0.0000	170.56
OOD_Size	8	GNN_MessagePassing	0.20	8	17	17	0.0000	0.5391	0.0000	129.89
OOD_Size	8	LearnedDualEnergy	0.20	8	18	18	0.0000	0.7891	0.0000	1358.44
OOD_Size	8	RecurrentAttention	0.20	8	18	18	0.0000	0.6016	0.0000	128.15
OOD_Size	8	GNN_MessagePassing	0.20	8	18	18	0.0000	0.4922	0.0000	132.14
OOD_Size	8	LearnedDualEnergy	0.20	8	19	19	0.0000	0.8203	0.0000	389.93
OOD_Size	8	RecurrentAttention	0.20	8	19	19	0.0000	0.6797	0.0000	129.75
OOD_Size	8	GNN_MessagePassing	0.20	8	19	19	0.0000	0.4531	0.0000	126.81
OOD_Size	8	LearnedDualEnergy	0.20	16	0	0	0.0000	0.8438	0.0000	885.98
OOD_Size	8	RecurrentAttention	0.20	16	0	0	0.0000	0.6875	0.0000	256.39
OOD_Size	8	GNN_MessagePassing	0.20	16	0	0	0.0000	0.5703	0.0000	253.99
OOD_Size	8	LearnedDualEnergy	0.20	16	1	1	0.0000	0.7344	0.0000	969.70
OOD_Size	8	RecurrentAttention	0.20	16	1	1	0.0000	0.5391	0.0000	265.86
OOD_Size	8	GNN_MessagePassing	0.20	16	1	1	0.0000	0.5391	0.0000	257.65
OOD_Size	8	LearnedDualEnergy	0.20	16	2	2	0.0000	0.8203	0.0000	859.11
OOD_Size	8	RecurrentAttention	0.20	16	2	2	0.0000	0.7109	0.0000	255.10
OOD_Size	8	GNN_MessagePassing	0.20	16	2	2	0.0000	0.4688	0.0000	246.97
OOD_Size	8	LearnedDualEnergy	0.20	16	3	3	0.0000	0.8359	0.0000	3433.69
OOD_Size	8	RecurrentAttention	0.20	16	3	3	0.0000	0.6016	0.0000	264.00
OOD_Size	8	GNN_MessagePassing	0.20	16	3	3	0.0000	0.4922	0.0000	256.64
OOD_Size	8	LearnedDualEnergy	0.20	16	4	4	0.0000	0.7812	0.0000	925.17
OOD_Size	8	RecurrentAttention	0.20	16	4	4	0.0000	0.5391	0.0000	283.78
OOD_Size	8	GNN_MessagePassing	0.20	16	4	4	0.0000	0.4609	0.0000	3109.59
OOD_Size	8	LearnedDualEnergy	0.20	16	5	5	0.0000	0.7500	0.0000	978.83
OOD_Size	8	RecurrentAttention	0.20	16	5	5	0.0000	0.5547	0.0000	258.02
OOD_Size	8	GNN_MessagePassing	0.20	16	5	5	0.0000	0.5625	0.0000	256.54
OOD_Size	8	LearnedDualEnergy	0.20	16	6	6	0.0000	0.8047	0.0000	753.12
OOD_Size	8	RecurrentAttention	0.20	16	6	6	0.0000	0.6875	0.0000	258.55
OOD_Size	8	GNN_MessagePassing	0.20	16	6	6	0.0000	0.5234	0.0000	306.09
OOD_Size	8	LearnedDualEnergy	0.20	16	7	7	0.0000	0.8438	0.0000	689.11
OOD_Size	8	RecurrentAttention	0.20	16	7	7	0.0000	0.6484	0.0000	237.68
OOD_Size	8	GNN_MessagePassing	0.20	16	7	7	0.0000	0.4766	0.0000	156.21
OOD_Size	8	LearnedDualEnergy	0.20	16	8	8	0.0000	0.7891	0.0000	777.11
OOD_Size	8	RecurrentAttention	0.20	16	8	8	0.0000	0.5469	0.0000	265.38
OOD_Size	8	GNN_MessagePassing	0.20	16	8	8	0.0000	0.5625	0.0000	262.52
OOD_Size	8	LearnedDualEnergy	0.20	16	9	9	0.0000	0.8516	0.0000	868.97
OOD_Size	8	RecurrentAttention	0.20	16	9	9	0.0000	0.6641	0.0000	253.32
OOD_Size	8	GNN_MessagePassing	0.20	16	9	9	0.0000	0.4922	0.0000	285.77
OOD_Size	8	LearnedDualEnergy	0.20	16	10	10	0.0000	0.7422	0.0000	844.41
OOD_Size	8	RecurrentAttention	0.20	16	10	10	0.0000	0.6562	0.0000	262.12
OOD_Size	8	GNN_MessagePassing	0.20	16	10	10	0.0000	0.4297	0.0000	295.65
OOD_Size	8	LearnedDualEnergy	0.20	16	11	11	0.0000	0.8281	0.0000	1450.94
OOD_Size	8	RecurrentAttention	0.20	16	11	11	0.0000	0.7031	0.0000	257.36
OOD_Size	8	GNN_MessagePassing	0.20	16	11	11	0.0000	0.5156	0.0000	256.54
OOD_Size	8	LearnedDualEnergy	0.20	16	12	12	0.0000	0.8203	0.0000	842.86
OOD_Size	8	RecurrentAttention	0.20	16	12	12	0.0000	0.6250	0.0000	267.76
OOD_Size	8	GNN_MessagePassing	0.20	16	12	12	0.0000	0.5547	0.0000	292.43
OOD_Size	8	LearnedDualEnergy	0.20	16	13	13	0.0000	0.8047	0.0000	763.11
OOD_Size	8	RecurrentAttention	0.20	16	13	13	0.0000	0.6250	0.0000	340.19
OOD_Size	8	GNN_MessagePassing	0.20	16	13	13	0.0000	0.5000	0.0000	332.50
OOD_Size	8	LearnedDualEnergy	0.20	16	14	14	0.0000	0.7734	0.0000	668.45
OOD_Size	8	RecurrentAttention	0.20	16	14	14	0.0000	0.5781	0.0000	202.48
OOD_Size	8	GNN_MessagePassing	0.20	16	14	14	0.0000	0.4766	0.0000	157.31
OOD_Size	8	LearnedDualEnergy	0.20	16	15	15	0.0000	0.8281	0.0000	630.71
OOD_Size	8	RecurrentAttention	0.20	16	15	15	0.0000	0.7109	0.0000	353.65
OOD_Size	8	GNN_MessagePassing	0.20	16	15	15	0.0000	0.5234	0.0000	235.51
OOD_Size	8	LearnedDualEnergy	0.20	16	16	16	0.0000	0.7969	0.0000	834.84
OOD_Size	8	RecurrentAttention	0.20	16	16	16	0.0000	0.5938	0.0000	257.46
OOD_Size	8	GNN_MessagePassing	0.20	16	16	16	0.0000	0.5469	0.0000	289.41
OOD_Size	8	LearnedDualEnergy	0.20	16	17	17	0.0000	0.7578	0.0000	604.77
OOD_Size	8	RecurrentAttention	0.20	16	17	17	0.0000	0.5469	0.0000	210.18
OOD_Size	8	GNN_MessagePassing	0.20	16	17	17	0.0000	0.4922	0.0000	248.79
OOD_Size	8	LearnedDualEnergy	0.20	16	18	18	0.0000	0.7891	0.0000	935.46
OOD_Size	8	RecurrentAttention	0.20	16	18	18	0.0000	0.6172	0.0000	276.55
OOD_Size	8	GNN_MessagePassing	0.20	16	18	18	0.0000	0.5000	0.0000	249.16
OOD_Size	8	LearnedDualEnergy	0.20	16	19	19	0.0000	0.8203	0.0000	698.04
OOD_Size	8	RecurrentAttention	0.20	16	19	19	0.0000	0.6016	0.0000	262.68
OOD_Size	8	GNN_MessagePassing	0.20	16	19	19	0.0000	0.4922	0.0000	340.04
OOD_Size	8	LearnedDualEnergy	0.20	32	0	0	0.0000	0.8438	0.0000	1661.01
OOD_Size	8	RecurrentAttention	0.20	32	0	0	0.0000	0.6875	0.0000	555.43
OOD_Size	8	GNN_MessagePassing	0.20	32	0	0	0.0000	0.5625	0.0000	542.95
OOD_Size	8	LearnedDualEnergy	0.20	32	1	1	0.0000	0.7344	0.0000	1602.20
OOD_Size	8	RecurrentAttention	0.20	32	1	1	0.0000	0.5156	0.0000	500.23
OOD_Size	8	GNN_MessagePassing	0.20	32	1	1	0.0000	0.4922	0.0000	566.68
OOD_Size	8	LearnedDualEnergy	0.20	32	2	2	0.0000	0.7812	0.0000	15760.11
OOD_Size	8	RecurrentAttention	0.20	32	2	2	0.0000	0.6875	0.0000	564.52
OOD_Size	8	GNN_MessagePassing	0.20	32	2	2	0.0000	0.5391	0.0000	539.29
OOD_Size	8	LearnedDualEnergy	0.20	32	3	3	0.0000	0.8125	0.0000	1556.13
OOD_Size	8	RecurrentAttention	0.20	32	3	3	0.0000	0.5703	0.0000	1491.37
OOD_Size	8	GNN_MessagePassing	0.20	32	3	3	0.0000	0.4766	0.0000	503.31
OOD_Size	8	LearnedDualEnergy	0.20	32	4	4	0.0000	0.7891	0.0000	2149.09
OOD_Size	8	RecurrentAttention	0.20	32	4	4	0.0000	0.5156	0.0000	561.68
OOD_Size	8	GNN_MessagePassing	0.20	32	4	4	0.0000	0.4609	0.0000	538.80
OOD_Size	8	LearnedDualEnergy	0.20	32	5	5	0.0000	0.7422	0.0000	1625.37
OOD_Size	8	RecurrentAttention	0.20	32	5	5	0.0000	0.5391	0.0000	518.28
OOD_Size	8	GNN_MessagePassing	0.20	32	5	5	0.0000	0.5547	0.0000	534.43
OOD_Size	8	LearnedDualEnergy	0.20	32	6	6	0.0000	0.7500	0.0000	1826.35
OOD_Size	8	RecurrentAttention	0.20	32	6	6	0.0000	0.6328	0.0000	505.95
OOD_Size	8	GNN_MessagePassing	0.20	32	6	6	0.0000	0.5312	0.0000	500.87
OOD_Size	8	LearnedDualEnergy	0.20	32	7	7	0.0000	0.8281	0.0000	1784.43
OOD_Size	8	RecurrentAttention	0.20	32	7	7	0.0000	0.5938	0.0000	589.45
OOD_Size	8	GNN_MessagePassing	0.20	32	7	7	0.0000	0.4844	0.0000	539.05
OOD_Size	8	LearnedDualEnergy	0.20	32	8	8	0.0000	0.7578	0.0000	1144.65
OOD_Size	8	RecurrentAttention	0.20	32	8	8	0.0000	0.4922	0.0000	431.85
OOD_Size	8	GNN_MessagePassing	0.20	32	8	8	0.0000	0.5078	0.0000	300.80
OOD_Size	8	LearnedDualEnergy	0.20	32	9	9	0.0000	0.8672	0.0000	1106.37
OOD_Size	8	RecurrentAttention	0.20	32	9	9	0.0000	0.5781	0.0000	454.84
OOD_Size	8	GNN_MessagePassing	0.20	32	9	9	0.0000	0.5156	0.0000	301.42
OOD_Size	8	LearnedDualEnergy	0.20	32	10	10	0.0000	0.7344	0.0000	1739.12
OOD_Size	8	RecurrentAttention	0.20	32	10	10	0.0000	0.6562	0.0000	540.47
OOD_Size	8	GNN_MessagePassing	0.20	32	10	10	0.0000	0.5234	0.0000	522.43
OOD_Size	8	LearnedDualEnergy	0.20	32	11	11	0.0000	0.7969	0.0000	1926.81
OOD_Size	8	RecurrentAttention	0.20	32	11	11	0.0000	0.6172	0.0000	525.18
OOD_Size	8	GNN_MessagePassing	0.20	32	11	11	0.0000	0.5234	0.0000	532.29
OOD_Size	8	LearnedDualEnergy	0.20	32	12	12	0.0000	0.7969	0.0000	6411.34
OOD_Size	8	RecurrentAttention	0.20	32	12	12	0.0000	0.5547	0.0000	522.65
OOD_Size	8	GNN_MessagePassing	0.20	32	12	12	0.0000	0.4844	0.0000	510.36
OOD_Size	8	LearnedDualEnergy	0.20	32	13	13	0.0000	0.7969	0.0000	1597.40
OOD_Size	8	RecurrentAttention	0.20	32	13	13	0.0000	0.6328	0.0000	605.89
OOD_Size	8	GNN_MessagePassing	0.20	32	13	13	0.0000	0.5312	0.0000	637.77
OOD_Size	8	LearnedDualEnergy	0.20	32	14	14	0.0000	0.7734	0.0000	1608.06
OOD_Size	8	RecurrentAttention	0.20	32	14	14	0.0000	0.5703	0.0000	553.48
OOD_Size	8	GNN_MessagePassing	0.20	32	14	14	0.0000	0.5625	0.0000	503.10
OOD_Size	8	LearnedDualEnergy	0.20	32	15	15	0.0000	0.8203	0.0000	7816.32
OOD_Size	8	RecurrentAttention	0.20	32	15	15	0.0000	0.6719	0.0000	469.54
OOD_Size	8	GNN_MessagePassing	0.20	32	15	15	0.0000	0.5156	0.0000	304.47
OOD_Size	8	LearnedDualEnergy	0.20	32	16	16	0.0000	0.7812	0.0000	1274.62
OOD_Size	8	RecurrentAttention	0.20	32	16	16	0.0000	0.5703	0.0000	400.76
OOD_Size	8	GNN_MessagePassing	0.20	32	16	16	0.0000	0.5391	0.0000	306.56
OOD_Size	8	LearnedDualEnergy	0.20	32	17	17	0.0000	0.7500	0.0000	1235.44
OOD_Size	8	RecurrentAttention	0.20	32	17	17	0.0000	0.4922	0.0000	403.45
OOD_Size	8	GNN_MessagePassing	0.20	32	17	17	0.0000	0.4219	0.0000	303.30
OOD_Size	8	LearnedDualEnergy	0.20	32	18	18	0.0000	0.7891	0.0000	1148.41
OOD_Size	8	RecurrentAttention	0.20	32	18	18	0.0000	0.6094	0.0000	426.17
OOD_Size	8	GNN_MessagePassing	0.20	32	18	18	0.0000	0.4922	0.0000	304.16
OOD_Size	8	LearnedDualEnergy	0.20	32	19	19	0.0000	0.8203	0.0000	5567.51
OOD_Size	8	RecurrentAttention	0.20	32	19	19	0.0000	0.5547	0.0000	401.01
OOD_Size	8	GNN_MessagePassing	0.20	32	19	19	0.0000	0.4844	0.0000	317.13
OOD_Size	8	LearnedDualEnergy	0.30	1	0	0	0.0000	0.7656	0.0000	83.31
OOD_Size	8	RecurrentAttention	0.30	1	0	0	0.0000	0.7422	0.0000	16.96
OOD_Size	8	GNN_MessagePassing	0.30	1	0	0	0.0000	0.4922	0.0000	17.40
OOD_Size	8	LearnedDualEnergy	0.30	1	1	1	0.0000	0.6953	0.0000	66.22
OOD_Size	8	RecurrentAttention	0.30	1	1	1	0.0000	0.6797	0.0000	16.98
OOD_Size	8	GNN_MessagePassing	0.30	1	1	1	0.0000	0.4922	0.0000	16.72
OOD_Size	8	LearnedDualEnergy	0.30	1	2	2	0.0000	0.7500	0.0000	63.64
OOD_Size	8	RecurrentAttention	0.30	1	2	2	0.0000	0.7344	0.0000	16.74
OOD_Size	8	GNN_MessagePassing	0.30	1	2	2	0.0000	0.5469	0.0000	16.45
OOD_Size	8	LearnedDualEnergy	0.30	1	3	3	0.0000	0.7422	0.0000	61.23
OOD_Size	8	RecurrentAttention	0.30	1	3	3	0.0000	0.7266	0.0000	15.56
OOD_Size	8	GNN_MessagePassing	0.30	1	3	3	0.0000	0.4844	0.0000	15.09
OOD_Size	8	LearnedDualEnergy	0.30	1	4	4	0.0000	0.6797	0.0000	60.68
OOD_Size	8	RecurrentAttention	0.30	1	4	4	0.0000	0.6875	0.0000	15.57
OOD_Size	8	GNN_MessagePassing	0.30	1	4	4	0.0000	0.4609	0.0000	16.25
OOD_Size	8	LearnedDualEnergy	0.30	1	5	5	0.0000	0.6016	0.0000	61.54
OOD_Size	8	RecurrentAttention	0.30	1	5	5	0.0000	0.5938	0.0000	15.33
OOD_Size	8	GNN_MessagePassing	0.30	1	5	5	0.0000	0.4688	0.0000	16.29
OOD_Size	8	LearnedDualEnergy	0.30	1	6	6	0.0000	0.7422	0.0000	60.58
OOD_Size	8	RecurrentAttention	0.30	1	6	6	0.0000	0.7422	0.0000	15.03
OOD_Size	8	GNN_MessagePassing	0.30	1	6	6	0.0000	0.5234	0.0000	15.44
OOD_Size	8	LearnedDualEnergy	0.30	1	7	7	0.0000	0.7422	0.0000	62.94
OOD_Size	8	RecurrentAttention	0.30	1	7	7	0.0000	0.7422	0.0000	15.89
OOD_Size	8	GNN_MessagePassing	0.30	1	7	7	0.0000	0.4531	0.0000	15.96
OOD_Size	8	LearnedDualEnergy	0.30	1	8	8	0.0000	0.6562	0.0000	61.99
OOD_Size	8	RecurrentAttention	0.30	1	8	8	0.0000	0.6562	0.0000	15.45
OOD_Size	8	GNN_MessagePassing	0.30	1	8	8	0.0000	0.5625	0.0000	16.17
OOD_Size	8	LearnedDualEnergy	0.30	1	9	9	0.0000	0.7734	0.0000	65.77
OOD_Size	8	RecurrentAttention	0.30	1	9	9	0.0000	0.7578	0.0000	15.32
OOD_Size	8	GNN_MessagePassing	0.30	1	9	9	0.0000	0.5781	0.0000	15.84
OOD_Size	8	LearnedDualEnergy	0.30	1	10	10	0.0000	0.6719	0.0000	74.14
OOD_Size	8	RecurrentAttention	0.30	1	10	10	0.0000	0.6797	0.0000	16.29
OOD_Size	8	GNN_MessagePassing	0.30	1	10	10	0.0000	0.5391	0.0000	16.56
OOD_Size	8	LearnedDualEnergy	0.30	1	11	11	0.0000	0.7266	0.0000	60.00
OOD_Size	8	RecurrentAttention	0.30	1	11	11	0.0000	0.7109	0.0000	14.78
OOD_Size	8	GNN_MessagePassing	0.30	1	11	11	0.0000	0.4141	0.0000	16.01
OOD_Size	8	LearnedDualEnergy	0.30	1	12	12	0.0000	0.6953	0.0000	62.92
OOD_Size	8	RecurrentAttention	0.30	1	12	12	0.0000	0.6953	0.0000	17.13
OOD_Size	8	GNN_MessagePassing	0.30	1	12	12	0.0000	0.5469	0.0000	15.98
OOD_Size	8	LearnedDualEnergy	0.30	1	13	13	0.0000	0.6953	0.0000	64.19
OOD_Size	8	RecurrentAttention	0.30	1	13	13	0.0000	0.6797	0.0000	17.29
OOD_Size	8	GNN_MessagePassing	0.30	1	13	13	0.0000	0.5703	0.0000	15.68
OOD_Size	8	LearnedDualEnergy	0.30	1	14	14	0.0000	0.6953	0.0000	61.50
OOD_Size	8	RecurrentAttention	0.30	1	14	14	0.0000	0.6562	0.0000	16.67
OOD_Size	8	GNN_MessagePassing	0.30	1	14	14	0.0000	0.4844	0.0000	15.88
OOD_Size	8	LearnedDualEnergy	0.30	1	15	15	0.0000	0.6719	0.0000	62.67
OOD_Size	8	RecurrentAttention	0.30	1	15	15	0.0000	0.6641	0.0000	15.44
OOD_Size	8	GNN_MessagePassing	0.30	1	15	15	0.0000	0.5000	0.0000	15.21
OOD_Size	8	LearnedDualEnergy	0.30	1	16	16	0.0000	0.7031	0.0000	62.71
OOD_Size	8	RecurrentAttention	0.30	1	16	16	0.0000	0.6719	0.0000	14.92
OOD_Size	8	GNN_MessagePassing	0.30	1	16	16	0.0000	0.3672	0.0000	17.17
OOD_Size	8	LearnedDualEnergy	0.30	1	17	17	0.0000	0.6875	0.0000	63.97
OOD_Size	8	RecurrentAttention	0.30	1	17	17	0.0000	0.6719	0.0000	17.10
OOD_Size	8	GNN_MessagePassing	0.30	1	17	17	0.0000	0.5000	0.0000	16.45
OOD_Size	8	LearnedDualEnergy	0.30	1	18	18	0.0000	0.7109	0.0000	61.80
OOD_Size	8	RecurrentAttention	0.30	1	18	18	0.0000	0.6953	0.0000	15.32
OOD_Size	8	GNN_MessagePassing	0.30	1	18	18	0.0000	0.4844	0.0000	15.95
OOD_Size	8	LearnedDualEnergy	0.30	1	19	19	0.0000	0.7109	0.0000	62.57
OOD_Size	8	RecurrentAttention	0.30	1	19	19	0.0000	0.7109	0.0000	16.31
OOD_Size	8	GNN_MessagePassing	0.30	1	19	19	0.0000	0.4531	0.0000	16.85
OOD_Size	8	LearnedDualEnergy	0.30	2	0	0	0.0000	0.7656	0.0000	86.25
OOD_Size	8	RecurrentAttention	0.30	2	0	0	0.0000	0.7109	0.0000	24.76
OOD_Size	8	GNN_MessagePassing	0.30	2	0	0	0.0000	0.4844	0.0000	19.53
OOD_Size	8	LearnedDualEnergy	0.30	2	1	1	0.0000	0.6953	0.0000	78.95
OOD_Size	8	RecurrentAttention	0.30	2	1	1	0.0000	0.6406	0.0000	24.00
OOD_Size	8	GNN_MessagePassing	0.30	2	1	1	0.0000	0.4766	0.0000	20.09
OOD_Size	8	LearnedDualEnergy	0.30	2	2	2	0.0000	0.7500	0.0000	110.16
OOD_Size	8	RecurrentAttention	0.30	2	2	2	0.0000	0.7109	0.0000	31.60
OOD_Size	8	GNN_MessagePassing	0.30	2	2	2	0.0000	0.5156	0.0000	32.40
OOD_Size	8	LearnedDualEnergy	0.30	2	3	3	0.0000	0.7422	0.0000	109.78
OOD_Size	8	RecurrentAttention	0.30	2	3	3	0.0000	0.6875	0.0000	31.40
OOD_Size	8	GNN_MessagePassing	0.30	2	3	3	0.0000	0.5781	0.0000	32.35
OOD_Size	8	LearnedDualEnergy	0.30	2	4	4	0.0000	0.6797	0.0000	108.68
OOD_Size	8	RecurrentAttention	0.30	2	4	4	0.0000	0.6641	0.0000	32.43
OOD_Size	8	GNN_MessagePassing	0.30	2	4	4	0.0000	0.3906	0.0000	33.21
OOD_Size	8	LearnedDualEnergy	0.30	2	5	5	0.0000	0.6016	0.0000	1093.88
OOD_Size	8	RecurrentAttention	0.30	2	5	5	0.0000	0.5781	0.0000	25.49
OOD_Size	8	GNN_MessagePassing	0.30	2	5	5	0.0000	0.4766	0.0000	20.39
OOD_Size	8	LearnedDualEnergy	0.30	2	6	6	0.0000	0.7422	0.0000	115.18
OOD_Size	8	RecurrentAttention	0.30	2	6	6	0.0000	0.7344	0.0000	35.41
OOD_Size	8	GNN_MessagePassing	0.30	2	6	6	0.0000	0.4297	0.0000	35.62
OOD_Size	8	LearnedDualEnergy	0.30	2	7	7	0.0000	0.7422	0.0000	124.37
OOD_Size	8	RecurrentAttention	0.30	2	7	7	0.0000	0.6875	0.0000	34.26
OOD_Size	8	GNN_MessagePassing	0.30	2	7	7	0.0000	0.5469	0.0000	33.20
OOD_Size	8	LearnedDualEnergy	0.30	2	8	8	0.0000	0.6562	0.0000	158.39
OOD_Size	8	RecurrentAttention	0.30	2	8	8	0.0000	0.6406	0.0000	33.56
OOD_Size	8	GNN_MessagePassing	0.30	2	8	8	0.0000	0.4297	0.0000	32.46
OOD_Size	8	LearnedDualEnergy	0.30	2	9	9	0.0000	0.7734	0.0000	111.17
OOD_Size	8	RecurrentAttention	0.30	2	9	9	0.0000	0.7344	0.0000	32.67
OOD_Size	8	GNN_MessagePassing	0.30	2	9	9	0.0000	0.5391	0.0000	32.55
OOD_Size	8	LearnedDualEnergy	0.30	2	10	10	0.0000	0.6719	0.0000	119.13
OOD_Size	8	RecurrentAttention	0.30	2	10	10	0.0000	0.7031	0.0000	104.62
OOD_Size	8	GNN_MessagePassing	0.30	2	10	10	0.0000	0.4609	0.0000	35.07
OOD_Size	8	LearnedDualEnergy	0.30	2	11	11	0.0000	0.7266	0.0000	114.60
OOD_Size	8	RecurrentAttention	0.30	2	11	11	0.0000	0.7109	0.0000	33.61
OOD_Size	8	GNN_MessagePassing	0.30	2	11	11	0.0000	0.5000	0.0000	33.40
OOD_Size	8	LearnedDualEnergy	0.30	2	12	12	0.0000	0.6953	0.0000	181.14
OOD_Size	8	RecurrentAttention	0.30	2	12	12	0.0000	0.7031	0.0000	33.06
OOD_Size	8	GNN_MessagePassing	0.30	2	12	12	0.0000	0.4453	0.0000	32.93
OOD_Size	8	LearnedDualEnergy	0.30	2	13	13	0.0000	0.6953	0.0000	115.54
OOD_Size	8	RecurrentAttention	0.30	2	13	13	0.0000	0.6562	0.0000	31.91
OOD_Size	8	GNN_MessagePassing	0.30	2	13	13	0.0000	0.4688	0.0000	31.88
OOD_Size	8	LearnedDualEnergy	0.30	2	14	14	0.0000	0.6953	0.0000	108.94
OOD_Size	8	RecurrentAttention	0.30	2	14	14	0.0000	0.6016	0.0000	31.23
OOD_Size	8	GNN_MessagePassing	0.30	2	14	14	0.0000	0.5547	0.0000	31.58
OOD_Size	8	LearnedDualEnergy	0.30	2	15	15	0.0000	0.6719	0.0000	127.28
OOD_Size	8	RecurrentAttention	0.30	2	15	15	0.0000	0.6172	0.0000	31.95
OOD_Size	8	GNN_MessagePassing	0.30	2	15	15	0.0000	0.5078	0.0000	31.59
OOD_Size	8	LearnedDualEnergy	0.30	2	16	16	0.0000	0.7031	0.0000	109.05
OOD_Size	8	RecurrentAttention	0.30	2	16	16	0.0000	0.6016	0.0000	31.40
OOD_Size	8	GNN_MessagePassing	0.30	2	16	16	0.0000	0.5469	0.0000	32.71
OOD_Size	8	LearnedDualEnergy	0.30	2	17	17	0.0000	0.6875	0.0000	148.92
OOD_Size	8	RecurrentAttention	0.30	2	17	17	0.0000	0.6719	0.0000	32.21
OOD_Size	8	GNN_MessagePassing	0.30	2	17	17	0.0000	0.4375	0.0000	31.78
OOD_Size	8	LearnedDualEnergy	0.30	2	18	18	0.0000	0.7109	0.0000	78.79
OOD_Size	8	RecurrentAttention	0.30	2	18	18	0.0000	0.6719	0.0000	25.12
OOD_Size	8	GNN_MessagePassing	0.30	2	18	18	0.0000	0.5234	0.0000	19.41
OOD_Size	8	LearnedDualEnergy	0.30	2	19	19	0.0000	0.7109	0.0000	112.29
OOD_Size	8	RecurrentAttention	0.30	2	19	19	0.0000	0.7109	0.0000	30.38
OOD_Size	8	GNN_MessagePassing	0.30	2	19	19	0.0000	0.5234	0.0000	32.18
OOD_Size	8	LearnedDualEnergy	0.30	4	0	0	0.0000	0.7656	0.0000	220.11
OOD_Size	8	RecurrentAttention	0.30	4	0	0	0.0000	0.6875	0.0000	102.17
OOD_Size	8	GNN_MessagePassing	0.30	4	0	0	0.0000	0.4688	0.0000	66.70
OOD_Size	8	LearnedDualEnergy	0.30	4	1	1	0.0000	0.6953	0.0000	199.02
OOD_Size	8	RecurrentAttention	0.30	4	1	1	0.0000	0.5938	0.0000	62.75
OOD_Size	8	GNN_MessagePassing	0.30	4	1	1	0.0000	0.5625	0.0000	63.28
OOD_Size	8	LearnedDualEnergy	0.30	4	2	2	0.0000	0.7500	0.0000	199.28
OOD_Size	8	RecurrentAttention	0.30	4	2	2	0.0000	0.6562	0.0000	92.90
OOD_Size	8	GNN_MessagePassing	0.30	4	2	2	0.0000	0.5781	0.0000	64.97
OOD_Size	8	LearnedDualEnergy	0.30	4	3	3	0.0000	0.7422	0.0000	204.34
OOD_Size	8	RecurrentAttention	0.30	4	3	3	0.0000	0.6328	0.0000	62.74
OOD_Size	8	GNN_MessagePassing	0.30	4	3	3	0.0000	0.4453	0.0000	108.68
OOD_Size	8	LearnedDualEnergy	0.30	4	4	4	0.0000	0.6797	0.0000	202.88
OOD_Size	8	RecurrentAttention	0.30	4	4	4	0.0000	0.6406	0.0000	65.75
OOD_Size	8	GNN_MessagePassing	0.30	4	4	4	0.0000	0.5391	0.0000	63.58
OOD_Size	8	LearnedDualEnergy	0.30	4	5	5	0.0000	0.6016	0.0000	203.99
OOD_Size	8	RecurrentAttention	0.30	4	5	5	0.0000	0.6172	0.0000	64.86
OOD_Size	8	GNN_MessagePassing	0.30	4	5	5	0.0000	0.5234	0.0000	65.86
OOD_Size	8	LearnedDualEnergy	0.30	4	6	6	0.0000	0.7422	0.0000	205.39
OOD_Size	8	RecurrentAttention	0.30	4	6	6	0.0000	0.7422	0.0000	62.93
OOD_Size	8	GNN_MessagePassing	0.30	4	6	6	0.0000	0.5312	0.0000	66.57
OOD_Size	8	LearnedDualEnergy	0.30	4	7	7	0.0000	0.7422	0.0000	202.19
OOD_Size	8	RecurrentAttention	0.30	4	7	7	0.0000	0.6641	0.0000	63.45
OOD_Size	8	GNN_MessagePassing	0.30	4	7	7	0.0000	0.5000	0.0000	124.94
OOD_Size	8	LearnedDualEnergy	0.30	4	8	8	0.0000	0.6562	0.0000	210.40
OOD_Size	8	RecurrentAttention	0.30	4	8	8	0.0000	0.6016	0.0000	65.33
OOD_Size	8	GNN_MessagePassing	0.30	4	8	8	0.0000	0.4531	0.0000	63.93
OOD_Size	8	LearnedDualEnergy	0.30	4	9	9	0.0000	0.7734	0.0000	264.43
OOD_Size	8	RecurrentAttention	0.30	4	9	9	0.0000	0.6562	0.0000	63.92
OOD_Size	8	GNN_MessagePassing	0.30	4	9	9	0.0000	0.5078	0.0000	64.25
OOD_Size	8	LearnedDualEnergy	0.30	4	10	10	0.0000	0.6719	0.0000	257.94
OOD_Size	8	RecurrentAttention	0.30	4	10	10	0.0000	0.6875	0.0000	102.80
OOD_Size	8	GNN_MessagePassing	0.30	4	10	10	0.0000	0.5234	0.0000	66.14
OOD_Size	8	LearnedDualEnergy	0.30	4	11	11	0.0000	0.7266	0.0000	241.89
OOD_Size	8	RecurrentAttention	0.30	4	11	11	0.0000	0.6875	0.0000	63.15
OOD_Size	8	GNN_MessagePassing	0.30	4	11	11	0.0000	0.4922	0.0000	66.40
OOD_Size	8	LearnedDualEnergy	0.30	4	12	12	0.0000	0.6953	0.0000	197.26
OOD_Size	8	RecurrentAttention	0.30	4	12	12	0.0000	0.6406	0.0000	60.34
OOD_Size	8	GNN_MessagePassing	0.30	4	12	12	0.0000	0.5781	0.0000	62.93
OOD_Size	8	LearnedDualEnergy	0.30	4	13	13	0.0000	0.6953	0.0000	201.80
OOD_Size	8	RecurrentAttention	0.30	4	13	13	0.0000	0.6250	0.0000	84.23
OOD_Size	8	GNN_MessagePassing	0.30	4	13	13	0.0000	0.5547	0.0000	68.41
OOD_Size	8	LearnedDualEnergy	0.30	4	14	14	0.0000	0.6953	0.0000	200.85
OOD_Size	8	RecurrentAttention	0.30	4	14	14	0.0000	0.5234	0.0000	61.37
OOD_Size	8	GNN_MessagePassing	0.30	4	14	14	0.0000	0.5234	0.0000	62.65
OOD_Size	8	LearnedDualEnergy	0.30	4	15	15	0.0000	0.6719	0.0000	214.32
OOD_Size	8	RecurrentAttention	0.30	4	15	15	0.0000	0.6328	0.0000	117.55
OOD_Size	8	GNN_MessagePassing	0.30	4	15	15	0.0000	0.5391	0.0000	64.10
OOD_Size	8	LearnedDualEnergy	0.30	4	16	16	0.0000	0.7031	0.0000	243.40
OOD_Size	8	RecurrentAttention	0.30	4	16	16	0.0000	0.6094	0.0000	63.53
OOD_Size	8	GNN_MessagePassing	0.30	4	16	16	0.0000	0.4844	0.0000	64.49
OOD_Size	8	LearnedDualEnergy	0.30	4	17	17	0.0000	0.6875	0.0000	201.86
OOD_Size	8	RecurrentAttention	0.30	4	17	17	0.0000	0.6562	0.0000	61.80
OOD_Size	8	GNN_MessagePassing	0.30	4	17	17	0.0000	0.5234	0.0000	63.19
OOD_Size	8	LearnedDualEnergy	0.30	4	18	18	0.0000	0.7109	0.0000	199.51
OOD_Size	8	RecurrentAttention	0.30	4	18	18	0.0000	0.6328	0.0000	61.70
OOD_Size	8	GNN_MessagePassing	0.30	4	18	18	0.0000	0.4609	0.0000	62.34
OOD_Size	8	LearnedDualEnergy	0.30	4	19	19	0.0000	0.7109	0.0000	199.27
OOD_Size	8	RecurrentAttention	0.30	4	19	19	0.0000	0.6875	0.0000	99.27
OOD_Size	8	GNN_MessagePassing	0.30	4	19	19	0.0000	0.4844	0.0000	63.57
OOD_Size	8	LearnedDualEnergy	0.30	8	0	0	0.0000	0.7656	0.0000	451.35
OOD_Size	8	RecurrentAttention	0.30	8	0	0	0.0000	0.6406	0.0000	133.10
OOD_Size	8	GNN_MessagePassing	0.30	8	0	0	0.0000	0.4297	0.0000	128.26
OOD_Size	8	LearnedDualEnergy	0.30	8	1	1	0.0000	0.6953	0.0000	421.90
OOD_Size	8	RecurrentAttention	0.30	8	1	1	0.0000	0.5859	0.0000	127.33
OOD_Size	8	GNN_MessagePassing	0.30	8	1	1	0.0000	0.4688	0.0000	123.32
OOD_Size	8	LearnedDualEnergy	0.30	8	2	2	0.0000	0.7500	0.0000	294.97
OOD_Size	8	RecurrentAttention	0.30	8	2	2	0.0000	0.6562	0.0000	104.19
OOD_Size	8	GNN_MessagePassing	0.30	8	2	2	0.0000	0.4922	0.0000	84.38
OOD_Size	8	LearnedDualEnergy	0.30	8	3	3	0.0000	0.7422	0.0000	277.68
OOD_Size	8	RecurrentAttention	0.30	8	3	3	0.0000	0.5781	0.0000	141.85
OOD_Size	8	GNN_MessagePassing	0.30	8	3	3	0.0000	0.5312	0.0000	77.34
OOD_Size	8	LearnedDualEnergy	0.30	8	4	4	0.0000	0.6797	0.0000	320.27
OOD_Size	8	RecurrentAttention	0.30	8	4	4	0.0000	0.5938	0.0000	126.31
OOD_Size	8	GNN_MessagePassing	0.30	8	4	4	0.0000	0.4297	0.0000	123.70
OOD_Size	8	LearnedDualEnergy	0.30	8	5	5	0.0000	0.6016	0.0000	292.93
OOD_Size	8	RecurrentAttention	0.30	8	5	5	0.0000	0.5859	0.0000	100.59
OOD_Size	8	GNN_MessagePassing	0.30	8	5	5	0.0000	0.5391	0.0000	78.56
OOD_Size	8	LearnedDualEnergy	0.30	8	6	6	0.0000	0.7422	0.0000	323.01
OOD_Size	8	RecurrentAttention	0.30	8	6	6	0.0000	0.6797	0.0000	99.71
OOD_Size	8	GNN_MessagePassing	0.30	8	6	6	0.0000	0.5312	0.0000	76.60
OOD_Size	8	LearnedDualEnergy	0.30	8	7	7	0.0000	0.7422	0.0000	1063.88
OOD_Size	8	RecurrentAttention	0.30	8	7	7	0.0000	0.6719	0.0000	99.52
OOD_Size	8	GNN_MessagePassing	0.30	8	7	7	0.0000	0.5547	0.0000	77.78
OOD_Size	8	LearnedDualEnergy	0.30	8	8	8	0.0000	0.6562	0.0000	389.63
OOD_Size	8	RecurrentAttention	0.30	8	8	8	0.0000	0.5859	0.0000	132.43
OOD_Size	8	GNN_MessagePassing	0.30	8	8	8	0.0000	0.4844	0.0000	128.02
OOD_Size	8	LearnedDualEnergy	0.30	8	9	9	0.0000	0.7734	0.0000	750.39
OOD_Size	8	RecurrentAttention	0.30	8	9	9	0.0000	0.6016	0.0000	101.67
OOD_Size	8	GNN_MessagePassing	0.30	8	9	9	0.0000	0.5469	0.0000	78.29
OOD_Size	8	LearnedDualEnergy	0.30	8	10	10	0.0000	0.6719	0.0000	421.14
OOD_Size	8	RecurrentAttention	0.30	8	10	10	0.0000	0.6953	0.0000	127.06
OOD_Size	8	GNN_MessagePassing	0.30	8	10	10	0.0000	0.4375	0.0000	126.59
OOD_Size	8	LearnedDualEnergy	0.30	8	11	11	0.0000	0.7266	0.0000	381.60
OOD_Size	8	RecurrentAttention	0.30	8	11	11	0.0000	0.6484	0.0000	130.29
OOD_Size	8	GNN_MessagePassing	0.30	8	11	11	0.0000	0.4844	0.0000	128.44
OOD_Size	8	LearnedDualEnergy	0.30	8	12	12	0.0000	0.6953	0.0000	275.95
OOD_Size	8	RecurrentAttention	0.30	8	12	12	0.0000	0.6016	0.0000	98.70
OOD_Size	8	GNN_MessagePassing	0.30	8	12	12	0.0000	0.6094	0.0000	75.63
OOD_Size	8	LearnedDualEnergy	0.30	8	13	13	0.0000	0.6953	0.0000	279.41
OOD_Size	8	RecurrentAttention	0.30	8	13	13	0.0000	0.6016	0.0000	98.88
OOD_Size	8	GNN_MessagePassing	0.30	8	13	13	0.0000	0.4688	0.0000	75.37
OOD_Size	8	LearnedDualEnergy	0.30	8	14	14	0.0000	0.6953	0.0000	277.12
OOD_Size	8	RecurrentAttention	0.30	8	14	14	0.0000	0.5156	0.0000	136.90
OOD_Size	8	GNN_MessagePassing	0.30	8	14	14	0.0000	0.5547	0.0000	77.26
OOD_Size	8	LearnedDualEnergy	0.30	8	15	15	0.0000	0.6719	0.0000	276.47
OOD_Size	8	RecurrentAttention	0.30	8	15	15	0.0000	0.6094	0.0000	98.40
OOD_Size	8	GNN_MessagePassing	0.30	8	15	15	0.0000	0.5078	0.0000	75.33
OOD_Size	8	LearnedDualEnergy	0.30	8	16	16	0.0000	0.7031	0.0000	324.50
OOD_Size	8	RecurrentAttention	0.30	8	16	16	0.0000	0.5781	0.0000	105.63
OOD_Size	8	GNN_MessagePassing	0.30	8	16	16	0.0000	0.4766	0.0000	84.97
OOD_Size	8	LearnedDualEnergy	0.30	8	17	17	0.0000	0.6875	0.0000	308.34
OOD_Size	8	RecurrentAttention	0.30	8	17	17	0.0000	0.5625	0.0000	116.50
OOD_Size	8	GNN_MessagePassing	0.30	8	17	17	0.0000	0.5469	0.0000	76.39
OOD_Size	8	LearnedDualEnergy	0.30	8	18	18	0.0000	0.7109	0.0000	398.63
OOD_Size	8	RecurrentAttention	0.30	8	18	18	0.0000	0.6328	0.0000	129.62
OOD_Size	8	GNN_MessagePassing	0.30	8	18	18	0.0000	0.4609	0.0000	170.41
OOD_Size	8	LearnedDualEnergy	0.30	8	19	19	0.0000	0.7109	0.0000	281.99
OOD_Size	8	RecurrentAttention	0.30	8	19	19	0.0000	0.6250	0.0000	100.01
OOD_Size	8	GNN_MessagePassing	0.30	8	19	19	0.0000	0.3828	0.0000	75.41
OOD_Size	8	LearnedDualEnergy	0.30	16	0	0	0.0000	0.7656	0.0000	818.20
OOD_Size	8	RecurrentAttention	0.30	16	0	0	0.0000	0.6641	0.0000	266.20
OOD_Size	8	GNN_MessagePassing	0.30	16	0	0	0.0000	0.5703	0.0000	298.51
OOD_Size	8	LearnedDualEnergy	0.30	16	1	1	0.0000	0.6953	0.0000	856.05
OOD_Size	8	RecurrentAttention	0.30	16	1	1	0.0000	0.5234	0.0000	259.35
OOD_Size	8	GNN_MessagePassing	0.30	16	1	1	0.0000	0.5469	0.0000	251.24
OOD_Size	8	LearnedDualEnergy	0.30	16	2	2	0.0000	0.7500	0.0000	813.44
OOD_Size	8	RecurrentAttention	0.30	16	2	2	0.0000	0.5938	0.0000	321.54
OOD_Size	8	GNN_MessagePassing	0.30	16	2	2	0.0000	0.5391	0.0000	155.93
OOD_Size	8	LearnedDualEnergy	0.30	16	3	3	0.0000	0.7422	0.0000	580.27
OOD_Size	8	RecurrentAttention	0.30	16	3	3	0.0000	0.5391	0.0000	205.59
OOD_Size	8	GNN_MessagePassing	0.30	16	3	3	0.0000	0.5078	0.0000	163.61
OOD_Size	8	LearnedDualEnergy	0.30	16	4	4	0.0000	0.6875	0.0000	571.75
OOD_Size	8	RecurrentAttention	0.30	16	4	4	0.0000	0.5625	0.0000	205.40
OOD_Size	8	GNN_MessagePassing	0.30	16	4	4	0.0000	0.4688	0.0000	158.13
OOD_Size	8	LearnedDualEnergy	0.30	16	5	5	0.0000	0.6094	0.0000	824.36
OOD_Size	8	RecurrentAttention	0.30	16	5	5	0.0000	0.6094	0.0000	259.13
OOD_Size	8	GNN_MessagePassing	0.30	16	5	5	0.0000	0.5625	0.0000	258.44
OOD_Size	8	LearnedDualEnergy	0.30	16	6	6	0.0000	0.7344	0.0000	768.03
OOD_Size	8	RecurrentAttention	0.30	16	6	6	0.0000	0.6641	0.0000	308.74
OOD_Size	8	GNN_MessagePassing	0.30	16	6	6	0.0000	0.5234	0.0000	259.51
OOD_Size	8	LearnedDualEnergy	0.30	16	7	7	0.0000	0.7500	0.0000	3210.74
OOD_Size	8	RecurrentAttention	0.30	16	7	7	0.0000	0.6797	0.0000	256.67
OOD_Size	8	GNN_MessagePassing	0.30	16	7	7	0.0000	0.5000	0.0000	252.93
OOD_Size	8	LearnedDualEnergy	0.30	16	8	8	0.0000	0.6484	0.0000	793.29
OOD_Size	8	RecurrentAttention	0.30	16	8	8	0.0000	0.5156	0.0000	259.28
OOD_Size	8	GNN_MessagePassing	0.30	16	8	8	0.0000	0.4844	0.0000	257.53
OOD_Size	8	LearnedDualEnergy	0.30	16	9	9	0.0000	0.7734	0.0000	802.31
OOD_Size	8	RecurrentAttention	0.30	16	9	9	0.0000	0.6016	0.0000	261.66
OOD_Size	8	GNN_MessagePassing	0.30	16	9	9	0.0000	0.5156	0.0000	249.88
OOD_Size	8	LearnedDualEnergy	0.30	16	10	10	0.0000	0.6719	0.0000	561.90
OOD_Size	8	RecurrentAttention	0.30	16	10	10	0.0000	0.6719	0.0000	238.18
OOD_Size	8	GNN_MessagePassing	0.30	16	10	10	0.0000	0.5000	0.0000	242.25
OOD_Size	8	LearnedDualEnergy	0.30	16	11	11	0.0000	0.7344	0.0000	696.73
OOD_Size	8	RecurrentAttention	0.30	16	11	11	0.0000	0.5781	0.0000	218.82
OOD_Size	8	GNN_MessagePassing	0.30	16	11	11	0.0000	0.3984	0.0000	240.90
OOD_Size	8	LearnedDualEnergy	0.30	16	12	12	0.0000	0.7031	0.0000	577.33
OOD_Size	8	RecurrentAttention	0.30	16	12	12	0.0000	0.5859	0.0000	220.06
OOD_Size	8	GNN_MessagePassing	0.30	16	12	12	0.0000	0.5156	0.0000	220.04
OOD_Size	8	LearnedDualEnergy	0.30	16	13	13	0.0000	0.7031	0.0000	765.43
OOD_Size	8	RecurrentAttention	0.30	16	13	13	0.0000	0.5547	0.0000	211.70
OOD_Size	8	GNN_MessagePassing	0.30	16	13	13	0.0000	0.4688	0.0000	154.32
OOD_Size	8	LearnedDualEnergy	0.30	16	14	14	0.0000	0.6875	0.0000	564.99
OOD_Size	8	RecurrentAttention	0.30	16	14	14	0.0000	0.5000	0.0000	202.12
OOD_Size	8	GNN_MessagePassing	0.30	16	14	14	0.0000	0.4531	0.0000	152.28
OOD_Size	8	LearnedDualEnergy	0.30	16	15	15	0.0000	0.6719	0.0000	647.54
OOD_Size	8	RecurrentAttention	0.30	16	15	15	0.0000	0.5859	0.0000	256.34
OOD_Size	8	GNN_MessagePassing	0.30	16	15	15	0.0000	0.4844	0.0000	153.17
OOD_Size	8	LearnedDualEnergy	0.30	16	16	16	0.0000	0.7031	0.0000	541.27
OOD_Size	8	RecurrentAttention	0.30	16	16	16	0.0000	0.6016	0.0000	201.08
OOD_Size	8	GNN_MessagePassing	0.30	16	16	16	0.0000	0.5000	0.0000	153.87
OOD_Size	8	LearnedDualEnergy	0.30	16	17	17	0.0000	0.6875	0.0000	540.77
OOD_Size	8	RecurrentAttention	0.30	16	17	17	0.0000	0.5156	0.0000	201.50
OOD_Size	8	GNN_MessagePassing	0.30	16	17	17	0.0000	0.5234	0.0000	169.48
OOD_Size	8	LearnedDualEnergy	0.30	16	18	18	0.0000	0.7188	0.0000	824.08
OOD_Size	8	RecurrentAttention	0.30	16	18	18	0.0000	0.6250	0.0000	346.74
OOD_Size	8	GNN_MessagePassing	0.30	16	18	18	0.0000	0.4922	0.0000	155.21
OOD_Size	8	LearnedDualEnergy	0.30	16	19	19	0.0000	0.7109	0.0000	851.40
OOD_Size	8	RecurrentAttention	0.30	16	19	19	0.0000	0.5938	0.0000	343.34
OOD_Size	8	GNN_MessagePassing	0.30	16	19	19	0.0000	0.3906	0.0000	258.89
OOD_Size	8	LearnedDualEnergy	0.30	32	0	0	0.0000	0.7578	0.0000	1660.59
OOD_Size	8	RecurrentAttention	0.30	32	0	0	0.0000	0.6953	0.0000	663.70
OOD_Size	8	GNN_MessagePassing	0.30	32	0	0	0.0000	0.5391	0.0000	526.29
OOD_Size	8	LearnedDualEnergy	0.30	32	1	1	0.0000	0.6719	0.0000	2266.70
OOD_Size	8	RecurrentAttention	0.30	32	1	1	0.0000	0.4844	0.0000	538.73
OOD_Size	8	GNN_MessagePassing	0.30	32	1	1	0.0000	0.5078	0.0000	560.90
OOD_Size	8	LearnedDualEnergy	0.30	32	2	2	0.0000	0.7109	0.0000	1162.72
OOD_Size	8	RecurrentAttention	0.30	32	2	2	0.0000	0.6328	0.0000	427.45
OOD_Size	8	GNN_MessagePassing	0.30	32	2	2	0.0000	0.5078	0.0000	296.43
OOD_Size	8	LearnedDualEnergy	0.30	32	3	3	0.0000	0.7188	0.0000	1057.94
OOD_Size	8	RecurrentAttention	0.30	32	3	3	0.0000	0.5234	0.0000	458.39
OOD_Size	8	GNN_MessagePassing	0.30	32	3	3	0.0000	0.5156	0.0000	331.83
OOD_Size	8	LearnedDualEnergy	0.30	32	4	4	0.0000	0.6953	0.0000	5568.13
OOD_Size	8	RecurrentAttention	0.30	32	4	4	0.0000	0.5469	0.0000	428.87
OOD_Size	8	GNN_MessagePassing	0.30	32	4	4	0.0000	0.4531	0.0000	390.77
OOD_Size	8	LearnedDualEnergy	0.30	32	5	5	0.0000	0.5938	0.0000	1504.39
OOD_Size	8	RecurrentAttention	0.30	32	5	5	0.0000	0.5625	0.0000	513.35
OOD_Size	8	GNN_MessagePassing	0.30	32	5	5	0.0000	0.5078	0.0000	513.49
OOD_Size	8	LearnedDualEnergy	0.30	32	6	6	0.0000	0.7188	0.0000	1671.88
OOD_Size	8	RecurrentAttention	0.30	32	6	6	0.0000	0.6562	0.0000	510.08
OOD_Size	8	GNN_MessagePassing	0.30	32	6	6	0.0000	0.5078	0.0000	513.95
OOD_Size	8	LearnedDualEnergy	0.30	32	7	7	0.0000	0.7188	0.0000	1107.37
OOD_Size	8	RecurrentAttention	0.30	32	7	7	0.0000	0.6875	0.0000	398.87
OOD_Size	8	GNN_MessagePassing	0.30	32	7	7	0.0000	0.5000	0.0000	297.76
OOD_Size	8	LearnedDualEnergy	0.30	32	8	8	0.0000	0.6172	0.0000	1927.41
OOD_Size	8	RecurrentAttention	0.30	32	8	8	0.0000	0.5391	0.0000	396.18
OOD_Size	8	GNN_MessagePassing	0.30	32	8	8	0.0000	0.4688	0.0000	369.60
OOD_Size	8	LearnedDualEnergy	0.30	32	9	9	0.0000	0.7812	0.0000	1254.01
OOD_Size	8	RecurrentAttention	0.30	32	9	9	0.0000	0.5391	0.0000	398.39
OOD_Size	8	GNN_MessagePassing	0.30	32	9	9	0.0000	0.5391	0.0000	318.89
OOD_Size	8	LearnedDualEnergy	0.30	32	10	10	0.0000	0.6484	0.0000	1148.99
OOD_Size	8	RecurrentAttention	0.30	32	10	10	0.0000	0.6250	0.0000	444.71
OOD_Size	8	GNN_MessagePassing	0.30	32	10	10	0.0000	0.5391	0.0000	561.47
OOD_Size	8	LearnedDualEnergy	0.30	32	11	11	0.0000	0.7188	0.0000	1716.62
OOD_Size	8	RecurrentAttention	0.30	32	11	11	0.0000	0.5625	0.0000	661.54
OOD_Size	8	GNN_MessagePassing	0.30	32	11	11	0.0000	0.4609	0.0000	481.23
OOD_Size	8	LearnedDualEnergy	0.30	32	12	12	0.0000	0.7109	0.0000	1561.09
OOD_Size	8	RecurrentAttention	0.30	32	12	12	0.0000	0.5703	0.0000	813.08
OOD_Size	8	GNN_MessagePassing	0.30	32	12	12	0.0000	0.5312	0.0000	509.00
OOD_Size	8	LearnedDualEnergy	0.30	32	13	13	0.0000	0.7109	0.0000	1586.41
OOD_Size	8	RecurrentAttention	0.30	32	13	13	0.0000	0.5781	0.0000	540.89
OOD_Size	8	GNN_MessagePassing	0.30	32	13	13	0.0000	0.5234	0.0000	519.78
OOD_Size	8	LearnedDualEnergy	0.30	32	14	14	0.0000	0.6875	0.0000	1370.19
OOD_Size	8	RecurrentAttention	0.30	32	14	14	0.0000	0.5312	0.0000	388.48
OOD_Size	8	GNN_MessagePassing	0.30	32	14	14	0.0000	0.5156	0.0000	314.00
OOD_Size	8	LearnedDualEnergy	0.30	32	15	15	0.0000	0.6562	0.0000	1183.09
OOD_Size	8	RecurrentAttention	0.30	32	15	15	0.0000	0.5000	0.0000	620.40
OOD_Size	8	GNN_MessagePassing	0.30	32	15	15	0.0000	0.5000	0.0000	503.29
OOD_Size	8	LearnedDualEnergy	0.30	32	16	16	0.0000	0.6875	0.0000	2006.49
OOD_Size	8	RecurrentAttention	0.30	32	16	16	0.0000	0.5391	0.0000	514.50
OOD_Size	8	GNN_MessagePassing	0.30	32	16	16	0.0000	0.5547	0.0000	1376.54
OOD_Size	8	LearnedDualEnergy	0.30	32	17	17	0.0000	0.6797	0.0000	1559.65
OOD_Size	8	RecurrentAttention	0.30	32	17	17	0.0000	0.5312	0.0000	426.42
OOD_Size	8	GNN_MessagePassing	0.30	32	17	17	0.0000	0.5078	0.0000	300.43
OOD_Size	8	LearnedDualEnergy	0.30	32	18	18	0.0000	0.7109	0.0000	1103.41
OOD_Size	8	RecurrentAttention	0.30	32	18	18	0.0000	0.5938	0.0000	401.34
OOD_Size	8	GNN_MessagePassing	0.30	32	18	18	0.0000	0.4766	0.0000	300.93
OOD_Size	8	LearnedDualEnergy	0.30	32	19	19	0.0000	0.6875	0.0000	1182.42
OOD_Size	8	RecurrentAttention	0.30	32	19	19	0.0000	0.5781	0.0000	395.85
OOD_Size	8	GNN_MessagePassing	0.30	32	19	19	0.0000	0.4453	0.0000	296.95
OOD_Size	16	LearnedDualEnergy	0.10	1	0	0	0.0000	0.9023	0.0000	141.17
OOD_Size	16	RecurrentAttention	0.10	1	0	0	0.0000	0.8711	0.0000	31.90
OOD_Size	16	GNN_MessagePassing	0.10	1	0	0	0.0000	0.4570	0.0000	34.04
OOD_Size	16	LearnedDualEnergy	0.10	1	1	1	0.0000	0.9297	0.0000	129.49
OOD_Size	16	RecurrentAttention	0.10	1	1	1	0.0000	0.9219	0.0000	30.91
OOD_Size	16	GNN_MessagePassing	0.10	1	1	1	0.0000	0.4883	0.0000	33.82
OOD_Size	16	LearnedDualEnergy	0.10	1	2	2	0.0000	0.9258	0.0000	127.72
OOD_Size	16	RecurrentAttention	0.10	1	2	2	0.0000	0.9141	0.0000	31.69
OOD_Size	16	GNN_MessagePassing	0.10	1	2	2	0.0000	0.4922	0.0000	34.72
OOD_Size	16	LearnedDualEnergy	0.10	1	3	3	0.0000	0.8867	0.0000	149.57
OOD_Size	16	RecurrentAttention	0.10	1	3	3	0.0000	0.8711	0.0000	31.07
OOD_Size	16	GNN_MessagePassing	0.10	1	3	3	0.0000	0.5703	0.0000	32.76
OOD_Size	16	LearnedDualEnergy	0.10	1	4	4	0.0000	0.9141	0.0000	133.23
OOD_Size	16	RecurrentAttention	0.10	1	4	4	0.0000	0.9023	0.0000	32.51
OOD_Size	16	GNN_MessagePassing	0.10	1	4	4	0.0000	0.4922	0.0000	34.09
OOD_Size	16	LearnedDualEnergy	0.10	1	5	5	0.0000	0.8906	0.0000	129.43
OOD_Size	16	RecurrentAttention	0.10	1	5	5	0.0000	0.8750	0.0000	32.68
OOD_Size	16	GNN_MessagePassing	0.10	1	5	5	0.0000	0.5078	0.0000	32.88
OOD_Size	16	LearnedDualEnergy	0.10	1	6	6	0.0000	0.9062	0.0000	131.75
OOD_Size	16	RecurrentAttention	0.10	1	6	6	0.0000	0.8945	0.0000	31.94
OOD_Size	16	GNN_MessagePassing	0.10	1	6	6	0.0000	0.5117	0.0000	34.37
OOD_Size	16	LearnedDualEnergy	0.10	1	7	7	0.0000	0.9023	0.0000	126.91
OOD_Size	16	RecurrentAttention	0.10	1	7	7	0.0000	0.8945	0.0000	32.04
OOD_Size	16	GNN_MessagePassing	0.10	1	7	7	0.0000	0.5039	0.0000	35.37
OOD_Size	16	LearnedDualEnergy	0.10	1	8	8	0.0000	0.8906	0.0000	185.67
OOD_Size	16	RecurrentAttention	0.10	1	8	8	0.0000	0.8828	0.0000	25.58
OOD_Size	16	GNN_MessagePassing	0.10	1	8	8	0.0000	0.5000	0.0000	41.33
OOD_Size	16	LearnedDualEnergy	0.10	1	9	9	0.0000	0.9258	0.0000	128.02
OOD_Size	16	RecurrentAttention	0.10	1	9	9	0.0000	0.9062	0.0000	32.21
OOD_Size	16	GNN_MessagePassing	0.10	1	9	9	0.0000	0.4844	0.0000	32.58
OOD_Size	16	LearnedDualEnergy	0.10	1	10	10	0.0000	0.8281	0.0000	167.94
OOD_Size	16	RecurrentAttention	0.10	1	10	10	0.0000	0.8125	0.0000	27.72
OOD_Size	16	GNN_MessagePassing	0.10	1	10	10	0.0000	0.4219	0.0000	49.37
OOD_Size	16	LearnedDualEnergy	0.10	1	11	11	0.0000	0.9102	0.0000	115.13
OOD_Size	16	RecurrentAttention	0.10	1	11	11	0.0000	0.9062	0.0000	48.07
OOD_Size	16	GNN_MessagePassing	0.10	1	11	11	0.0000	0.4844	0.0000	20.94
OOD_Size	16	LearnedDualEnergy	0.10	1	12	12	0.0000	0.8945	0.0000	134.98
OOD_Size	16	RecurrentAttention	0.10	1	12	12	0.0000	0.8867	0.0000	24.92
OOD_Size	16	GNN_MessagePassing	0.10	1	12	12	0.0000	0.5117	0.0000	19.93
OOD_Size	16	LearnedDualEnergy	0.10	1	13	13	0.0000	0.9180	0.0000	135.89
OOD_Size	16	RecurrentAttention	0.10	1	13	13	0.0000	0.9023	0.0000	24.45
OOD_Size	16	GNN_MessagePassing	0.10	1	13	13	0.0000	0.4453	0.0000	39.55
OOD_Size	16	LearnedDualEnergy	0.10	1	14	14	0.0000	0.8945	0.0000	183.58
OOD_Size	16	RecurrentAttention	0.10	1	14	14	0.0000	0.8828	0.0000	25.14
OOD_Size	16	GNN_MessagePassing	0.10	1	14	14	0.0000	0.5000	0.0000	20.07
OOD_Size	16	LearnedDualEnergy	0.10	1	15	15	0.0000	0.8828	0.0000	196.59
OOD_Size	16	RecurrentAttention	0.10	1	15	15	0.0000	0.8594	0.0000	25.04
OOD_Size	16	GNN_MessagePassing	0.10	1	15	15	0.0000	0.5195	0.0000	41.67
OOD_Size	16	LearnedDualEnergy	0.10	1	16	16	0.0000	0.8750	0.0000	112.36
OOD_Size	16	RecurrentAttention	0.10	1	16	16	0.0000	0.8711	0.0000	45.42
OOD_Size	16	GNN_MessagePassing	0.10	1	16	16	0.0000	0.5625	0.0000	19.89
OOD_Size	16	LearnedDualEnergy	0.10	1	17	17	0.0000	0.9141	0.0000	143.17
OOD_Size	16	RecurrentAttention	0.10	1	17	17	0.0000	0.8984	0.0000	26.36
OOD_Size	16	GNN_MessagePassing	0.10	1	17	17	0.0000	0.5391	0.0000	21.64
OOD_Size	16	LearnedDualEnergy	0.10	1	18	18	0.0000	0.8984	0.0000	91.92
OOD_Size	16	RecurrentAttention	0.10	1	18	18	0.0000	0.8945	0.0000	24.53
OOD_Size	16	GNN_MessagePassing	0.10	1	18	18	0.0000	0.5000	0.0000	19.80
OOD_Size	16	LearnedDualEnergy	0.10	1	19	19	0.0000	0.8750	0.0000	94.61
OOD_Size	16	RecurrentAttention	0.10	1	19	19	0.0000	0.8672	0.0000	24.50
OOD_Size	16	GNN_MessagePassing	0.10	1	19	19	0.0000	0.5000	0.0000	19.89
OOD_Size	16	LearnedDualEnergy	0.10	2	0	0	0.0000	0.9023	0.0000	240.42
OOD_Size	16	RecurrentAttention	0.10	2	0	0	0.0000	0.8320	0.0000	63.97
OOD_Size	16	GNN_MessagePassing	0.10	2	0	0	0.0000	0.5000	0.0000	68.02
OOD_Size	16	LearnedDualEnergy	0.10	2	1	1	0.0000	0.9297	0.0000	222.31
OOD_Size	16	RecurrentAttention	0.10	2	1	1	0.0000	0.8789	0.0000	64.65
OOD_Size	16	GNN_MessagePassing	0.10	2	1	1	0.0000	0.4766	0.0000	64.71
OOD_Size	16	LearnedDualEnergy	0.10	2	2	2	0.0000	0.9258	0.0000	253.57
OOD_Size	16	RecurrentAttention	0.10	2	2	2	0.0000	0.8750	0.0000	63.66
OOD_Size	16	GNN_MessagePassing	0.10	2	2	2	0.0000	0.5234	0.0000	65.93
OOD_Size	16	LearnedDualEnergy	0.10	2	3	3	0.0000	0.8867	0.0000	215.62
OOD_Size	16	RecurrentAttention	0.10	2	3	3	0.0000	0.8047	0.0000	58.14
OOD_Size	16	GNN_MessagePassing	0.10	2	3	3	0.0000	0.4805	0.0000	63.25
OOD_Size	16	LearnedDualEnergy	0.10	2	4	4	0.0000	0.9141	0.0000	218.11
OOD_Size	16	RecurrentAttention	0.10	2	4	4	0.0000	0.8711	0.0000	63.99
OOD_Size	16	GNN_MessagePassing	0.10	2	4	4	0.0000	0.4336	0.0000	64.68
OOD_Size	16	LearnedDualEnergy	0.10	2	5	5	0.0000	0.8906	0.0000	158.34
OOD_Size	16	RecurrentAttention	0.10	2	5	5	0.0000	0.8438	0.0000	49.60
OOD_Size	16	GNN_MessagePassing	0.10	2	5	5	0.0000	0.5586	0.0000	175.31
OOD_Size	16	LearnedDualEnergy	0.10	2	6	6	0.0000	0.9062	0.0000	495.50
OOD_Size	16	RecurrentAttention	0.10	2	6	6	0.0000	0.8516	0.0000	121.50
OOD_Size	16	GNN_MessagePassing	0.10	2	6	6	0.0000	0.5273	0.0000	157.52
OOD_Size	16	LearnedDualEnergy	0.10	2	7	7	0.0000	0.9023	0.0000	540.93
OOD_Size	16	RecurrentAttention	0.10	2	7	7	0.0000	0.8555	0.0000	166.08
OOD_Size	16	GNN_MessagePassing	0.10	2	7	7	0.0000	0.4531	0.0000	156.83
OOD_Size	16	LearnedDualEnergy	0.10	2	8	8	0.0000	0.8906	0.0000	211.73
OOD_Size	16	RecurrentAttention	0.10	2	8	8	0.0000	0.8438	0.0000	62.02
OOD_Size	16	GNN_MessagePassing	0.10	2	8	8	0.0000	0.5430	0.0000	65.19
OOD_Size	16	LearnedDualEnergy	0.10	2	9	9	0.0000	0.9258	0.0000	181.50
OOD_Size	16	RecurrentAttention	0.10	2	9	9	0.0000	0.8711	0.0000	58.24
OOD_Size	16	GNN_MessagePassing	0.10	2	9	9	0.0000	0.5312	0.0000	62.29
OOD_Size	16	LearnedDualEnergy	0.10	2	10	10	0.0000	0.8281	0.0000	189.23
OOD_Size	16	RecurrentAttention	0.10	2	10	10	0.0000	0.7969	0.0000	50.76
OOD_Size	16	GNN_MessagePassing	0.10	2	10	10	0.0000	0.4961	0.0000	41.10
OOD_Size	16	LearnedDualEnergy	0.10	2	11	11	0.0000	0.9102	0.0000	158.10
OOD_Size	16	RecurrentAttention	0.10	2	11	11	0.0000	0.8594	0.0000	49.21
OOD_Size	16	GNN_MessagePassing	0.10	2	11	11	0.0000	0.4961	0.0000	39.55
OOD_Size	16	LearnedDualEnergy	0.10	2	12	12	0.0000	0.8945	0.0000	156.26
OOD_Size	16	RecurrentAttention	0.10	2	12	12	0.0000	0.8438	0.0000	48.52
OOD_Size	16	GNN_MessagePassing	0.10	2	12	12	0.0000	0.5078	0.0000	40.54
OOD_Size	16	LearnedDualEnergy	0.10	2	13	13	0.0000	0.9180	0.0000	587.02
OOD_Size	16	RecurrentAttention	0.10	2	13	13	0.0000	0.8789	0.0000	159.74
OOD_Size	16	GNN_MessagePassing	0.10	2	13	13	0.0000	0.5469	0.0000	191.88
OOD_Size	16	LearnedDualEnergy	0.10	2	14	14	0.0000	0.8945	0.0000	319.88
OOD_Size	16	RecurrentAttention	0.10	2	14	14	0.0000	0.8555	0.0000	55.07
OOD_Size	16	GNN_MessagePassing	0.10	2	14	14	0.0000	0.5117	0.0000	157.03
OOD_Size	16	LearnedDualEnergy	0.10	2	15	15	0.0000	0.8828	0.0000	169.02
OOD_Size	16	RecurrentAttention	0.10	2	15	15	0.0000	0.8203	0.0000	54.67
OOD_Size	16	GNN_MessagePassing	0.10	2	15	15	0.0000	0.5391	0.0000	41.28
OOD_Size	16	LearnedDualEnergy	0.10	2	16	16	0.0000	0.8750	0.0000	184.15
OOD_Size	16	RecurrentAttention	0.10	2	16	16	0.0000	0.8398	0.0000	50.48
OOD_Size	16	GNN_MessagePassing	0.10	2	16	16	0.0000	0.5273	0.0000	39.90
OOD_Size	16	LearnedDualEnergy	0.10	2	17	17	0.0000	0.9141	0.0000	225.61
OOD_Size	16	RecurrentAttention	0.10	2	17	17	0.0000	0.8594	0.0000	48.97
OOD_Size	16	GNN_MessagePassing	0.10	2	17	17	0.0000	0.5430	0.0000	39.13
OOD_Size	16	LearnedDualEnergy	0.10	2	18	18	0.0000	0.8984	0.0000	186.00
OOD_Size	16	RecurrentAttention	0.10	2	18	18	0.0000	0.8594	0.0000	50.69
OOD_Size	16	GNN_MessagePassing	0.10	2	18	18	0.0000	0.5352	0.0000	39.23
OOD_Size	16	LearnedDualEnergy	0.10	2	19	19	0.0000	0.8750	0.0000	160.64
OOD_Size	16	RecurrentAttention	0.10	2	19	19	0.0000	0.8438	0.0000	49.88
OOD_Size	16	GNN_MessagePassing	0.10	2	19	19	0.0000	0.5000	0.0000	38.79
OOD_Size	16	LearnedDualEnergy	0.10	4	0	0	0.0000	0.9023	0.0000	406.26
OOD_Size	16	RecurrentAttention	0.10	4	0	0	0.0000	0.7656	0.0000	102.74
OOD_Size	16	GNN_MessagePassing	0.10	4	0	0	0.0000	0.5508	0.0000	81.98
OOD_Size	16	LearnedDualEnergy	0.10	4	1	1	0.0000	0.9297	0.0000	304.71
OOD_Size	16	RecurrentAttention	0.10	4	1	1	0.0000	0.8047	0.0000	99.83
OOD_Size	16	GNN_MessagePassing	0.10	4	1	1	0.0000	0.4727	0.0000	84.00
OOD_Size	16	LearnedDualEnergy	0.10	4	2	2	0.0000	0.9258	0.0000	390.95
OOD_Size	16	RecurrentAttention	0.10	4	2	2	0.0000	0.7734	0.0000	99.58
OOD_Size	16	GNN_MessagePassing	0.10	4	2	2	0.0000	0.4414	0.0000	78.04
OOD_Size	16	LearnedDualEnergy	0.10	4	3	3	0.0000	0.8867	0.0000	292.05
OOD_Size	16	RecurrentAttention	0.10	4	3	3	0.0000	0.7617	0.0000	106.06
OOD_Size	16	GNN_MessagePassing	0.10	4	3	3	0.0000	0.4922	0.0000	78.82
OOD_Size	16	LearnedDualEnergy	0.10	4	4	4	0.0000	0.9141	0.0000	382.46
OOD_Size	16	RecurrentAttention	0.10	4	4	4	0.0000	0.8398	0.0000	119.07
OOD_Size	16	GNN_MessagePassing	0.10	4	4	4	0.0000	0.5273	0.0000	121.30
OOD_Size	16	LearnedDualEnergy	0.10	4	5	5	0.0000	0.8906	0.0000	450.65
OOD_Size	16	RecurrentAttention	0.10	4	5	5	0.0000	0.7930	0.0000	133.41
OOD_Size	16	GNN_MessagePassing	0.10	4	5	5	0.0000	0.4922	0.0000	127.48
OOD_Size	16	LearnedDualEnergy	0.10	4	6	6	0.0000	0.9062	0.0000	410.04
OOD_Size	16	RecurrentAttention	0.10	4	6	6	0.0000	0.7656	0.0000	164.22
OOD_Size	16	GNN_MessagePassing	0.10	4	6	6	0.0000	0.5352	0.0000	134.01
OOD_Size	16	LearnedDualEnergy	0.10	4	7	7	0.0000	0.9023	0.0000	456.86
OOD_Size	16	RecurrentAttention	0.10	4	7	7	0.0000	0.8164	0.0000	133.59
OOD_Size	16	GNN_MessagePassing	0.10	4	7	7	0.0000	0.5273	0.0000	130.59
OOD_Size	16	LearnedDualEnergy	0.10	4	8	8	0.0000	0.8906	0.0000	416.81
OOD_Size	16	RecurrentAttention	0.10	4	8	8	0.0000	0.8203	0.0000	130.40
OOD_Size	16	GNN_MessagePassing	0.10	4	8	8	0.0000	0.5820	0.0000	136.69
OOD_Size	16	LearnedDualEnergy	0.10	4	9	9	0.0000	0.9258	0.0000	1942.21
OOD_Size	16	RecurrentAttention	0.10	4	9	9	0.0000	0.8242	0.0000	111.96
OOD_Size	16	GNN_MessagePassing	0.10	4	9	9	0.0000	0.5234	0.0000	82.69
OOD_Size	16	LearnedDualEnergy	0.10	4	10	10	0.0000	0.8281	0.0000	475.18
OOD_Size	16	RecurrentAttention	0.10	4	10	10	0.0000	0.7422	0.0000	134.90
OOD_Size	16	GNN_MessagePassing	0.10	4	10	10	0.0000	0.5078	0.0000	135.84
OOD_Size	16	LearnedDualEnergy	0.10	4	11	11	0.0000	0.9102	0.0000	448.80
OOD_Size	16	RecurrentAttention	0.10	4	11	11	0.0000	0.8203	0.0000	160.03
OOD_Size	16	GNN_MessagePassing	0.10	4	11	11	0.0000	0.5391	0.0000	131.75
OOD_Size	16	LearnedDualEnergy	0.10	4	12	12	0.0000	0.8945	0.0000	449.85
OOD_Size	16	RecurrentAttention	0.10	4	12	12	0.0000	0.7891	0.0000	134.32
OOD_Size	16	GNN_MessagePassing	0.10	4	12	12	0.0000	0.4922	0.0000	136.13
OOD_Size	16	LearnedDualEnergy	0.10	4	13	13	0.0000	0.9180	0.0000	404.08
OOD_Size	16	RecurrentAttention	0.10	4	13	13	0.0000	0.8438	0.0000	123.03
OOD_Size	16	GNN_MessagePassing	0.10	4	13	13	0.0000	0.4961	0.0000	200.82
OOD_Size	16	LearnedDualEnergy	0.10	4	14	14	0.0000	0.8945	0.0000	404.14
OOD_Size	16	RecurrentAttention	0.10	4	14	14	0.0000	0.8125	0.0000	124.29
OOD_Size	16	GNN_MessagePassing	0.10	4	14	14	0.0000	0.5234	0.0000	180.37
OOD_Size	16	LearnedDualEnergy	0.10	4	15	15	0.0000	0.8828	0.0000	451.13
OOD_Size	16	RecurrentAttention	0.10	4	15	15	0.0000	0.7773	0.0000	131.86
OOD_Size	16	GNN_MessagePassing	0.10	4	15	15	0.0000	0.5586	0.0000	133.10
OOD_Size	16	LearnedDualEnergy	0.10	4	16	16	0.0000	0.8750	0.0000	422.00
OOD_Size	16	RecurrentAttention	0.10	4	16	16	0.0000	0.8398	0.0000	130.20
OOD_Size	16	GNN_MessagePassing	0.10	4	16	16	0.0000	0.4844	0.0000	135.64
OOD_Size	16	LearnedDualEnergy	0.10	4	17	17	0.0000	0.9141	0.0000	407.30
OOD_Size	16	RecurrentAttention	0.10	4	17	17	0.0000	0.8281	0.0000	120.55
OOD_Size	16	GNN_MessagePassing	0.10	4	17	17	0.0000	0.5156	0.0000	127.04
OOD_Size	16	LearnedDualEnergy	0.10	4	18	18	0.0000	0.8984	0.0000	393.75
OOD_Size	16	RecurrentAttention	0.10	4	18	18	0.0000	0.8203	0.0000	119.80
OOD_Size	16	GNN_MessagePassing	0.10	4	18	18	0.0000	0.4922	0.0000	76.75
OOD_Size	16	LearnedDualEnergy	0.10	4	19	19	0.0000	0.8750	0.0000	408.29
OOD_Size	16	RecurrentAttention	0.10	4	19	19	0.0000	0.7734	0.0000	129.37
OOD_Size	16	GNN_MessagePassing	0.10	4	19	19	0.0000	0.5312	0.0000	134.31
OOD_Size	16	LearnedDualEnergy	0.10	8	0	0	0.0000	0.9023	0.0000	1080.83
OOD_Size	16	RecurrentAttention	0.10	8	0	0	0.0000	0.6719	0.0000	262.13
OOD_Size	16	GNN_MessagePassing	0.10	8	0	0	0.0000	0.5547	0.0000	268.09
OOD_Size	16	LearnedDualEnergy	0.10	8	1	1	0.0000	0.9297	0.0000	902.13
OOD_Size	16	RecurrentAttention	0.10	8	1	1	0.0000	0.7383	0.0000	261.64
OOD_Size	16	GNN_MessagePassing	0.10	8	1	1	0.0000	0.5000	0.0000	263.35
OOD_Size	16	LearnedDualEnergy	0.10	8	2	2	0.0000	0.9258	0.0000	820.72
OOD_Size	16	RecurrentAttention	0.10	8	2	2	0.0000	0.6836	0.0000	299.65
OOD_Size	16	GNN_MessagePassing	0.10	8	2	2	0.0000	0.4219	0.0000	10938.77
OOD_Size	16	LearnedDualEnergy	0.10	8	3	3	0.0000	0.8867	0.0000	852.88
OOD_Size	16	RecurrentAttention	0.10	8	3	3	0.0000	0.7031	0.0000	245.11
OOD_Size	16	GNN_MessagePassing	0.10	8	3	3	0.0000	0.5273	0.0000	362.23
OOD_Size	16	LearnedDualEnergy	0.10	8	4	4	0.0000	0.9141	0.0000	781.70
OOD_Size	16	RecurrentAttention	0.10	8	4	4	0.0000	0.7383	0.0000	259.63
OOD_Size	16	GNN_MessagePassing	0.10	8	4	4	0.0000	0.5078	0.0000	273.74
OOD_Size	16	LearnedDualEnergy	0.10	8	5	5	0.0000	0.8906	0.0000	883.63
OOD_Size	16	RecurrentAttention	0.10	8	5	5	0.0000	0.7500	0.0000	333.29
OOD_Size	16	GNN_MessagePassing	0.10	8	5	5	0.0000	0.4688	0.0000	274.68
OOD_Size	16	LearnedDualEnergy	0.10	8	6	6	0.0000	0.9062	0.0000	801.62
OOD_Size	16	RecurrentAttention	0.10	8	6	6	0.0000	0.7109	0.0000	260.48
OOD_Size	16	GNN_MessagePassing	0.10	8	6	6	0.0000	0.5312	0.0000	349.12
OOD_Size	16	LearnedDualEnergy	0.10	8	7	7	0.0000	0.9023	0.0000	805.76
OOD_Size	16	RecurrentAttention	0.10	8	7	7	0.0000	0.7539	0.0000	261.42
OOD_Size	16	GNN_MessagePassing	0.10	8	7	7	0.0000	0.5117	0.0000	256.32
OOD_Size	16	LearnedDualEnergy	0.10	8	8	8	0.0000	0.8906	0.0000	9321.24
OOD_Size	16	RecurrentAttention	0.10	8	8	8	0.0000	0.7539	0.0000	283.33
OOD_Size	16	GNN_MessagePassing	0.10	8	8	8	0.0000	0.5312	0.0000	262.17
OOD_Size	16	LearnedDualEnergy	0.10	8	9	9	0.0000	0.9258	0.0000	790.38
OOD_Size	16	RecurrentAttention	0.10	8	9	9	0.0000	0.7539	0.0000	4401.95
OOD_Size	16	GNN_MessagePassing	0.10	8	9	9	0.0000	0.4805	0.0000	264.57
OOD_Size	16	LearnedDualEnergy	0.10	8	10	10	0.0000	0.8281	0.0000	791.16
OOD_Size	16	RecurrentAttention	0.10	8	10	10	0.0000	0.7109	0.0000	365.31
OOD_Size	16	GNN_MessagePassing	0.10	8	10	10	0.0000	0.4961	0.0000	259.31
OOD_Size	16	LearnedDualEnergy	0.10	8	11	11	0.0000	0.9102	0.0000	646.33
OOD_Size	16	RecurrentAttention	0.10	8	11	11	0.0000	0.7891	0.0000	201.83
OOD_Size	16	GNN_MessagePassing	0.10	8	11	11	0.0000	0.4805	0.0000	158.13
OOD_Size	16	LearnedDualEnergy	0.10	8	12	12	0.0000	0.8945	0.0000	610.02
OOD_Size	16	RecurrentAttention	0.10	8	12	12	0.0000	0.7305	0.0000	202.25
OOD_Size	16	GNN_MessagePassing	0.10	8	12	12	0.0000	0.4883	0.0000	159.21
OOD_Size	16	LearnedDualEnergy	0.10	8	13	13	0.0000	0.9180	0.0000	572.57
OOD_Size	16	RecurrentAttention	0.10	8	13	13	0.0000	0.7695	0.0000	203.67
OOD_Size	16	GNN_MessagePassing	0.10	8	13	13	0.0000	0.4961	0.0000	248.80
OOD_Size	16	LearnedDualEnergy	0.10	8	14	14	0.0000	0.8945	0.0000	657.38
OOD_Size	16	RecurrentAttention	0.10	8	14	14	0.0000	0.7891	0.0000	212.75
OOD_Size	16	GNN_MessagePassing	0.10	8	14	14	0.0000	0.5273	0.0000	198.04
OOD_Size	16	LearnedDualEnergy	0.10	8	15	15	0.0000	0.8828	0.0000	655.64
OOD_Size	16	RecurrentAttention	0.10	8	15	15	0.0000	0.7305	0.0000	236.27
OOD_Size	16	GNN_MessagePassing	0.10	8	15	15	0.0000	0.5078	0.0000	165.79
OOD_Size	16	LearnedDualEnergy	0.10	8	16	16	0.0000	0.8750	0.0000	672.48
OOD_Size	16	RecurrentAttention	0.10	8	16	16	0.0000	0.7656	0.0000	200.94
OOD_Size	16	GNN_MessagePassing	0.10	8	16	16	0.0000	0.5352	0.0000	159.63
OOD_Size	16	LearnedDualEnergy	0.10	8	17	17	0.0000	0.9141	0.0000	3145.63
OOD_Size	16	RecurrentAttention	0.10	8	17	17	0.0000	0.7500	0.0000	206.34
OOD_Size	16	GNN_MessagePassing	0.10	8	17	17	0.0000	0.5078	0.0000	162.19
OOD_Size	16	LearnedDualEnergy	0.10	8	18	18	0.0000	0.8984	0.0000	654.72
OOD_Size	16	RecurrentAttention	0.10	8	18	18	0.0000	0.7422	0.0000	217.01
OOD_Size	16	GNN_MessagePassing	0.10	8	18	18	0.0000	0.4727	0.0000	163.61
OOD_Size	16	LearnedDualEnergy	0.10	8	19	19	0.0000	0.8750	0.0000	753.50
OOD_Size	16	RecurrentAttention	0.10	8	19	19	0.0000	0.6836	0.0000	205.57
OOD_Size	16	GNN_MessagePassing	0.10	8	19	19	0.0000	0.5391	0.0000	198.13
OOD_Size	16	LearnedDualEnergy	0.10	16	0	0	0.0000	0.9062	0.0000	1731.36
OOD_Size	16	RecurrentAttention	0.10	16	0	0	0.0000	0.6250	0.0000	595.36
OOD_Size	16	GNN_MessagePassing	0.10	16	0	0	0.0000	0.5195	0.0000	562.97
OOD_Size	16	LearnedDualEnergy	0.10	16	1	1	0.0000	0.9297	0.0000	1663.14
OOD_Size	16	RecurrentAttention	0.10	16	1	1	0.0000	0.6797	0.0000	756.30
OOD_Size	16	GNN_MessagePassing	0.10	16	1	1	0.0000	0.5508	0.0000	525.30
OOD_Size	16	LearnedDualEnergy	0.10	16	2	2	0.0000	0.9258	0.0000	3167.10
OOD_Size	16	RecurrentAttention	0.10	16	2	2	0.0000	0.6055	0.0000	533.23
OOD_Size	16	GNN_MessagePassing	0.10	16	2	2	0.0000	0.4531	0.0000	552.94
OOD_Size	16	LearnedDualEnergy	0.10	16	3	3	0.0000	0.8828	0.0000	1181.82
OOD_Size	16	RecurrentAttention	0.10	16	3	3	0.0000	0.6367	0.0000	458.55
OOD_Size	16	GNN_MessagePassing	0.10	16	3	3	0.0000	0.5195	0.0000	320.39
OOD_Size	16	LearnedDualEnergy	0.10	16	4	4	0.0000	0.9141	0.0000	1248.92
OOD_Size	16	RecurrentAttention	0.10	16	4	4	0.0000	0.6719	0.0000	412.23
OOD_Size	16	GNN_MessagePassing	0.10	16	4	4	0.0000	0.5312	0.0000	332.95
OOD_Size	16	LearnedDualEnergy	0.10	16	5	5	0.0000	0.8867	0.0000	1209.14
OOD_Size	16	RecurrentAttention	0.10	16	5	5	0.0000	0.7148	0.0000	459.54
OOD_Size	16	GNN_MessagePassing	0.10	16	5	5	0.0000	0.4609	0.0000	341.35
OOD_Size	16	LearnedDualEnergy	0.10	16	6	6	0.0000	0.9023	0.0000	1176.39
OOD_Size	16	RecurrentAttention	0.10	16	6	6	0.0000	0.6367	0.0000	433.65
OOD_Size	16	GNN_MessagePassing	0.10	16	6	6	0.0000	0.5234	0.0000	396.24
OOD_Size	16	LearnedDualEnergy	0.10	16	7	7	0.0000	0.9023	0.0000	2704.25
OOD_Size	16	RecurrentAttention	0.10	16	7	7	0.0000	0.6836	0.0000	397.15
OOD_Size	16	GNN_MessagePassing	0.10	16	7	7	0.0000	0.5234	0.0000	334.27
OOD_Size	16	LearnedDualEnergy	0.10	16	8	8	0.0000	0.8867	0.0000	1224.96
OOD_Size	16	RecurrentAttention	0.10	16	8	8	0.0000	0.6602	0.0000	406.64
OOD_Size	16	GNN_MessagePassing	0.10	16	8	8	0.0000	0.5859	0.0000	349.09
OOD_Size	16	LearnedDualEnergy	0.10	16	9	9	0.0000	0.9219	0.0000	1127.12
OOD_Size	16	RecurrentAttention	0.10	16	9	9	0.0000	0.6836	0.0000	421.72
OOD_Size	16	GNN_MessagePassing	0.10	16	9	9	0.0000	0.5391	0.0000	8090.18
OOD_Size	16	LearnedDualEnergy	0.10	16	10	10	0.0000	0.8242	0.0000	1669.08
OOD_Size	16	RecurrentAttention	0.10	16	10	10	0.0000	0.6602	0.0000	399.95
OOD_Size	16	GNN_MessagePassing	0.10	16	10	10	0.0000	0.4609	0.0000	322.42
OOD_Size	16	LearnedDualEnergy	0.10	16	11	11	0.0000	0.9023	0.0000	1220.80
OOD_Size	16	RecurrentAttention	0.10	16	11	11	0.0000	0.7461	0.0000	481.21
OOD_Size	16	GNN_MessagePassing	0.10	16	11	11	0.0000	0.4570	0.0000	389.31
OOD_Size	16	LearnedDualEnergy	0.10	16	12	12	0.0000	0.8945	0.0000	9371.25
OOD_Size	16	RecurrentAttention	0.10	16	12	12	0.0000	0.6406	0.0000	460.19
OOD_Size	16	GNN_MessagePassing	0.10	16	12	12	0.0000	0.5156	0.0000	320.39
OOD_Size	16	LearnedDualEnergy	0.10	16	13	13	0.0000	0.9141	0.0000	1297.53
OOD_Size	16	RecurrentAttention	0.10	16	13	13	0.0000	0.6953	0.0000	445.03
OOD_Size	16	GNN_MessagePassing	0.10	16	13	13	0.0000	0.5078	0.0000	6302.99
OOD_Size	16	LearnedDualEnergy	0.10	16	14	14	0.0000	0.8867	0.0000	1639.71
OOD_Size	16	RecurrentAttention	0.10	16	14	14	0.0000	0.7617	0.0000	1104.74
OOD_Size	16	GNN_MessagePassing	0.10	16	14	14	0.0000	0.4414	0.0000	529.90
OOD_Size	16	LearnedDualEnergy	0.10	16	15	15	0.0000	0.8750	0.0000	1645.31
OOD_Size	16	RecurrentAttention	0.10	16	15	15	0.0000	0.6719	0.0000	531.50
OOD_Size	16	GNN_MessagePassing	0.10	16	15	15	0.0000	0.5352	0.0000	3963.42
OOD_Size	16	LearnedDualEnergy	0.10	16	16	16	0.0000	0.8750	0.0000	5159.36
OOD_Size	16	RecurrentAttention	0.10	16	16	16	0.0000	0.7109	0.0000	417.94
OOD_Size	16	GNN_MessagePassing	0.10	16	16	16	0.0000	0.5195	0.0000	363.94
OOD_Size	16	LearnedDualEnergy	0.10	16	17	17	0.0000	0.9180	0.0000	1301.99
OOD_Size	16	RecurrentAttention	0.10	16	17	17	0.0000	0.6523	0.0000	5581.74
OOD_Size	16	GNN_MessagePassing	0.10	16	17	17	0.0000	0.5273	0.0000	535.74
OOD_Size	16	LearnedDualEnergy	0.10	16	18	18	0.0000	0.8984	0.0000	1962.77
OOD_Size	16	RecurrentAttention	0.10	16	18	18	0.0000	0.6523	0.0000	546.51
OOD_Size	16	GNN_MessagePassing	0.10	16	18	18	0.0000	0.4727	0.0000	564.65
OOD_Size	16	LearnedDualEnergy	0.10	16	19	19	0.0000	0.8633	0.0000	4288.41
OOD_Size	16	RecurrentAttention	0.10	16	19	19	0.0000	0.6211	0.0000	594.59
OOD_Size	16	GNN_MessagePassing	0.10	16	19	19	0.0000	0.5625	0.0000	582.67
OOD_Size	16	LearnedDualEnergy	0.10	32	0	0	0.0000	0.8945	0.0000	10069.66
OOD_Size	16	RecurrentAttention	0.10	32	0	0	0.0000	0.5898	0.0000	1079.12
OOD_Size	16	GNN_MessagePassing	0.10	32	0	0	0.0000	0.4883	0.0000	1238.13
OOD_Size	16	LearnedDualEnergy	0.10	32	1	1	0.0000	0.9141	0.0000	3343.88
OOD_Size	16	RecurrentAttention	0.10	32	1	1	0.0000	0.6328	0.0000	1099.18
OOD_Size	16	GNN_MessagePassing	0.10	32	1	1	0.0000	0.5703	0.0000	13058.25
OOD_Size	16	LearnedDualEnergy	0.10	32	2	2	0.0000	0.9141	0.0000	3191.44
OOD_Size	16	RecurrentAttention	0.10	32	2	2	0.0000	0.5625	0.0000	1246.96
OOD_Size	16	GNN_MessagePassing	0.10	32	2	2	0.0000	0.4883	0.0000	6313.73
OOD_Size	16	LearnedDualEnergy	0.10	32	3	3	0.0000	0.8555	0.0000	3307.54
OOD_Size	16	RecurrentAttention	0.10	32	3	3	0.0000	0.5469	0.0000	1121.17
OOD_Size	16	GNN_MessagePassing	0.10	32	3	3	0.0000	0.4688	0.0000	1110.43
OOD_Size	16	LearnedDualEnergy	0.10	32	4	4	0.0000	0.8984	0.0000	2560.12
OOD_Size	16	RecurrentAttention	0.10	32	4	4	0.0000	0.5703	0.0000	794.29
OOD_Size	16	GNN_MessagePassing	0.10	32	4	4	0.0000	0.5273	0.0000	670.70
OOD_Size	16	LearnedDualEnergy	0.10	32	5	5	0.0000	0.8672	0.0000	3447.16
OOD_Size	16	RecurrentAttention	0.10	32	5	5	0.0000	0.6367	0.0000	822.24
OOD_Size	16	GNN_MessagePassing	0.10	32	5	5	0.0000	0.5391	0.0000	693.15
OOD_Size	16	LearnedDualEnergy	0.10	32	6	6	0.0000	0.8945	0.0000	7935.89
OOD_Size	16	RecurrentAttention	0.10	32	6	6	0.0000	0.6211	0.0000	1226.87
OOD_Size	16	GNN_MessagePassing	0.10	32	6	6	0.0000	0.5547	0.0000	1090.82
OOD_Size	16	LearnedDualEnergy	0.10	32	7	7	0.0000	0.8945	0.0000	8353.21
OOD_Size	16	RecurrentAttention	0.10	32	7	7	0.0000	0.6719	0.0000	1096.39
OOD_Size	16	GNN_MessagePassing	0.10	32	7	7	0.0000	0.5195	0.0000	1096.91
OOD_Size	16	LearnedDualEnergy	0.10	32	8	8	0.0000	0.8789	0.0000	3642.93
OOD_Size	16	RecurrentAttention	0.10	32	8	8	0.0000	0.6406	0.0000	1888.80
OOD_Size	16	GNN_MessagePassing	0.10	32	8	8	0.0000	0.5352	0.0000	1254.33
OOD_Size	16	LearnedDualEnergy	0.10	32	9	9	0.0000	0.8906	0.0000	3219.93
OOD_Size	16	RecurrentAttention	0.10	32	9	9	0.0000	0.6484	0.0000	1213.60
OOD_Size	16	GNN_MessagePassing	0.10	32	9	9	0.0000	0.4922	0.0000	1220.35
OOD_Size	16	LearnedDualEnergy	0.10	32	10	10	0.0000	0.8164	0.0000	9059.12
OOD_Size	16	RecurrentAttention	0.10	32	10	10	0.0000	0.6250	0.0000	1062.16
OOD_Size	16	GNN_MessagePassing	0.10	32	10	10	0.0000	0.4883	0.0000	1059.28
OOD_Size	16	LearnedDualEnergy	0.10	32	11	11	0.0000	0.8984	0.0000	11229.74
OOD_Size	16	RecurrentAttention	0.10	32	11	11	0.0000	0.6953	0.0000	2860.13
OOD_Size	16	GNN_MessagePassing	0.10	32	11	11	0.0000	0.4883	0.0000	645.07
OOD_Size	16	LearnedDualEnergy	0.10	32	12	12	0.0000	0.8750	0.0000	3719.19
OOD_Size	16	RecurrentAttention	0.10	32	12	12	0.0000	0.5547	0.0000	819.81
OOD_Size	16	GNN_MessagePassing	0.10	32	12	12	0.0000	0.5117	0.0000	722.56
OOD_Size	16	LearnedDualEnergy	0.10	32	13	13	0.0000	0.8945	0.0000	3701.23
OOD_Size	16	RecurrentAttention	0.10	32	13	13	0.0000	0.6680	0.0000	2674.62
OOD_Size	16	GNN_MessagePassing	0.10	32	13	13	0.0000	0.4961	0.0000	1183.72
OOD_Size	16	LearnedDualEnergy	0.10	32	14	14	0.0000	0.8750	0.0000	3473.58
OOD_Size	16	RecurrentAttention	0.10	32	14	14	0.0000	0.7383	0.0000	1277.13
OOD_Size	16	GNN_MessagePassing	0.10	32	14	14	0.0000	0.5117	0.0000	777.00
OOD_Size	16	LearnedDualEnergy	0.10	32	15	15	0.0000	0.8789	0.0000	3733.96
OOD_Size	16	RecurrentAttention	0.10	32	15	15	0.0000	0.5781	0.0000	1200.27
OOD_Size	16	GNN_MessagePassing	0.10	32	15	15	0.0000	0.4531	0.0000	1238.49
OOD_Size	16	LearnedDualEnergy	0.10	32	16	16	0.0000	0.8516	0.0000	22578.62
OOD_Size	16	RecurrentAttention	0.10	32	16	16	0.0000	0.6680	0.0000	9785.65
OOD_Size	16	GNN_MessagePassing	0.10	32	16	16	0.0000	0.4453	0.0000	1025.29
OOD_Size	16	LearnedDualEnergy	0.10	32	17	17	0.0000	0.9062	0.0000	3019.88
OOD_Size	16	RecurrentAttention	0.10	32	17	17	0.0000	0.6055	0.0000	792.43
OOD_Size	16	GNN_MessagePassing	0.10	32	17	17	0.0000	0.5508	0.0000	779.76
OOD_Size	16	LearnedDualEnergy	0.10	32	18	18	0.0000	0.8789	0.0000	2287.26
OOD_Size	16	RecurrentAttention	0.10	32	18	18	0.0000	0.6289	0.0000	923.22
OOD_Size	16	GNN_MessagePassing	0.10	32	18	18	0.0000	0.5195	0.0000	639.90
OOD_Size	16	LearnedDualEnergy	0.10	32	19	19	0.0000	0.8398	0.0000	2479.57
OOD_Size	16	RecurrentAttention	0.10	32	19	19	0.0000	0.5859	0.0000	1066.00
OOD_Size	16	GNN_MessagePassing	0.10	32	19	19	0.0000	0.5117	0.0000	1305.75
OOD_Size	16	LearnedDualEnergy	0.20	1	0	0	0.0000	0.8203	0.0000	214.29
OOD_Size	16	RecurrentAttention	0.20	1	0	0	0.0000	0.7930	0.0000	32.98
OOD_Size	16	GNN_MessagePassing	0.20	1	0	0	0.0000	0.4531	0.0000	36.21
OOD_Size	16	LearnedDualEnergy	0.20	1	1	1	0.0000	0.8125	0.0000	132.44
OOD_Size	16	RecurrentAttention	0.20	1	1	1	0.0000	0.8086	0.0000	32.52
OOD_Size	16	GNN_MessagePassing	0.20	1	1	1	0.0000	0.4961	0.0000	35.12
OOD_Size	16	LearnedDualEnergy	0.20	1	2	2	0.0000	0.8281	0.0000	134.22
OOD_Size	16	RecurrentAttention	0.20	1	2	2	0.0000	0.8242	0.0000	32.10
OOD_Size	16	GNN_MessagePassing	0.20	1	2	2	0.0000	0.4609	0.0000	34.29
OOD_Size	16	LearnedDualEnergy	0.20	1	3	3	0.0000	0.8164	0.0000	132.60
OOD_Size	16	RecurrentAttention	0.20	1	3	3	0.0000	0.7891	0.0000	31.90
OOD_Size	16	GNN_MessagePassing	0.20	1	3	3	0.0000	0.5000	0.0000	35.06
OOD_Size	16	LearnedDualEnergy	0.20	1	4	4	0.0000	0.7969	0.0000	132.85
OOD_Size	16	RecurrentAttention	0.20	1	4	4	0.0000	0.7969	0.0000	32.36
OOD_Size	16	GNN_MessagePassing	0.20	1	4	4	0.0000	0.5117	0.0000	33.05
OOD_Size	16	LearnedDualEnergy	0.20	1	5	5	0.0000	0.7617	0.0000	130.47
OOD_Size	16	RecurrentAttention	0.20	1	5	5	0.0000	0.7539	0.0000	33.62
OOD_Size	16	GNN_MessagePassing	0.20	1	5	5	0.0000	0.5039	0.0000	34.12
OOD_Size	16	LearnedDualEnergy	0.20	1	6	6	0.0000	0.8047	0.0000	130.11
OOD_Size	16	RecurrentAttention	0.20	1	6	6	0.0000	0.8008	0.0000	32.04
OOD_Size	16	GNN_MessagePassing	0.20	1	6	6	0.0000	0.4727	0.0000	32.65
OOD_Size	16	LearnedDualEnergy	0.20	1	7	7	0.0000	0.7969	0.0000	128.72
OOD_Size	16	RecurrentAttention	0.20	1	7	7	0.0000	0.7852	0.0000	31.16
OOD_Size	16	GNN_MessagePassing	0.20	1	7	7	0.0000	0.5078	0.0000	34.97
OOD_Size	16	LearnedDualEnergy	0.20	1	8	8	0.0000	0.8203	0.0000	8522.52
OOD_Size	16	RecurrentAttention	0.20	1	8	8	0.0000	0.7969	0.0000	47.65
OOD_Size	16	GNN_MessagePassing	0.20	1	8	8	0.0000	0.4648	0.0000	43.45
OOD_Size	16	LearnedDualEnergy	0.20	1	9	9	0.0000	0.7930	0.0000	128.14
OOD_Size	16	RecurrentAttention	0.20	1	9	9	0.0000	0.7930	0.0000	31.89
OOD_Size	16	GNN_MessagePassing	0.20	1	9	9	0.0000	0.4844	0.0000	31.76
OOD_Size	16	LearnedDualEnergy	0.20	1	10	10	0.0000	0.7109	0.0000	179.74
OOD_Size	16	RecurrentAttention	0.20	1	10	10	0.0000	0.7188	0.0000	31.89
OOD_Size	16	GNN_MessagePassing	0.20	1	10	10	0.0000	0.3984	0.0000	34.38
OOD_Size	16	LearnedDualEnergy	0.20	1	11	11	0.0000	0.7891	0.0000	128.06
OOD_Size	16	RecurrentAttention	0.20	1	11	11	0.0000	0.7930	0.0000	32.05
OOD_Size	16	GNN_MessagePassing	0.20	1	11	11	0.0000	0.4922	0.0000	33.42
OOD_Size	16	LearnedDualEnergy	0.20	1	12	12	0.0000	0.7930	0.0000	126.56
OOD_Size	16	RecurrentAttention	0.20	1	12	12	0.0000	0.7852	0.0000	31.34
OOD_Size	16	GNN_MessagePassing	0.20	1	12	12	0.0000	0.5000	0.0000	32.96
OOD_Size	16	LearnedDualEnergy	0.20	1	13	13	0.0000	0.8164	0.0000	130.41
OOD_Size	16	RecurrentAttention	0.20	1	13	13	0.0000	0.8164	0.0000	31.94
OOD_Size	16	GNN_MessagePassing	0.20	1	13	13	0.0000	0.4883	0.0000	32.99
OOD_Size	16	LearnedDualEnergy	0.20	1	14	14	0.0000	0.8125	0.0000	210.58
OOD_Size	16	RecurrentAttention	0.20	1	14	14	0.0000	0.7969	0.0000	35.02
OOD_Size	16	GNN_MessagePassing	0.20	1	14	14	0.0000	0.5117	0.0000	33.86
OOD_Size	16	LearnedDualEnergy	0.20	1	15	15	0.0000	0.7617	0.0000	128.08
OOD_Size	16	RecurrentAttention	0.20	1	15	15	0.0000	0.7578	0.0000	31.61
OOD_Size	16	GNN_MessagePassing	0.20	1	15	15	0.0000	0.4844	0.0000	33.96
OOD_Size	16	LearnedDualEnergy	0.20	1	16	16	0.0000	0.7930	0.0000	159.62
OOD_Size	16	RecurrentAttention	0.20	1	16	16	0.0000	0.7773	0.0000	32.82
OOD_Size	16	GNN_MessagePassing	0.20	1	16	16	0.0000	0.6016	0.0000	33.77
OOD_Size	16	LearnedDualEnergy	0.20	1	17	17	0.0000	0.8477	0.0000	128.73
OOD_Size	16	RecurrentAttention	0.20	1	17	17	0.0000	0.8359	0.0000	31.31
OOD_Size	16	GNN_MessagePassing	0.20	1	17	17	0.0000	0.5430	0.0000	34.23
OOD_Size	16	LearnedDualEnergy	0.20	1	18	18	0.0000	0.8086	0.0000	130.19
OOD_Size	16	RecurrentAttention	0.20	1	18	18	0.0000	0.7930	0.0000	71.08
OOD_Size	16	GNN_MessagePassing	0.20	1	18	18	0.0000	0.5039	0.0000	33.81
OOD_Size	16	LearnedDualEnergy	0.20	1	19	19	0.0000	0.7656	0.0000	131.24
OOD_Size	16	RecurrentAttention	0.20	1	19	19	0.0000	0.7500	0.0000	31.74
OOD_Size	16	GNN_MessagePassing	0.20	1	19	19	0.0000	0.4609	0.0000	33.04
OOD_Size	16	LearnedDualEnergy	0.20	2	0	0	0.0000	0.8203	0.0000	277.04
OOD_Size	16	RecurrentAttention	0.20	2	0	0	0.0000	0.7617	0.0000	182.49
OOD_Size	16	GNN_MessagePassing	0.20	2	0	0	0.0000	0.5391	0.0000	73.63
OOD_Size	16	LearnedDualEnergy	0.20	2	1	1	0.0000	0.8125	0.0000	239.36
OOD_Size	16	RecurrentAttention	0.20	2	1	1	0.0000	0.7656	0.0000	108.89
OOD_Size	16	GNN_MessagePassing	0.20	2	1	1	0.0000	0.4609	0.0000	66.20
OOD_Size	16	LearnedDualEnergy	0.20	2	2	2	0.0000	0.8281	0.0000	225.00
OOD_Size	16	RecurrentAttention	0.20	2	2	2	0.0000	0.7773	0.0000	103.84
OOD_Size	16	GNN_MessagePassing	0.20	2	2	2	0.0000	0.5117	0.0000	68.76
OOD_Size	16	LearnedDualEnergy	0.20	2	3	3	0.0000	0.8164	0.0000	231.93
OOD_Size	16	RecurrentAttention	0.20	2	3	3	0.0000	0.7852	0.0000	66.27
OOD_Size	16	GNN_MessagePassing	0.20	2	3	3	0.0000	0.5000	0.0000	64.70
OOD_Size	16	LearnedDualEnergy	0.20	2	4	4	0.0000	0.7969	0.0000	265.59
OOD_Size	16	RecurrentAttention	0.20	2	4	4	0.0000	0.7773	0.0000	63.19
OOD_Size	16	GNN_MessagePassing	0.20	2	4	4	0.0000	0.4609	0.0000	66.99
OOD_Size	16	LearnedDualEnergy	0.20	2	5	5	0.0000	0.7617	0.0000	249.85
OOD_Size	16	RecurrentAttention	0.20	2	5	5	0.0000	0.7266	0.0000	63.99
OOD_Size	16	GNN_MessagePassing	0.20	2	5	5	0.0000	0.4961	0.0000	66.35
OOD_Size	16	LearnedDualEnergy	0.20	2	6	6	0.0000	0.8047	0.0000	222.60
OOD_Size	16	RecurrentAttention	0.20	2	6	6	0.0000	0.7695	0.0000	122.82
OOD_Size	16	GNN_MessagePassing	0.20	2	6	6	0.0000	0.5469	0.0000	65.56
OOD_Size	16	LearnedDualEnergy	0.20	2	7	7	0.0000	0.7969	0.0000	221.64
OOD_Size	16	RecurrentAttention	0.20	2	7	7	0.0000	0.7500	0.0000	65.38
OOD_Size	16	GNN_MessagePassing	0.20	2	7	7	0.0000	0.4531	0.0000	64.16
OOD_Size	16	LearnedDualEnergy	0.20	2	8	8	0.0000	0.8203	0.0000	218.39
OOD_Size	16	RecurrentAttention	0.20	2	8	8	0.0000	0.7852	0.0000	65.93
OOD_Size	16	GNN_MessagePassing	0.20	2	8	8	0.0000	0.5508	0.0000	65.87
OOD_Size	16	LearnedDualEnergy	0.20	2	9	9	0.0000	0.7930	0.0000	266.52
OOD_Size	16	RecurrentAttention	0.20	2	9	9	0.0000	0.7578	0.0000	69.10
OOD_Size	16	GNN_MessagePassing	0.20	2	9	9	0.0000	0.5039	0.0000	65.26
OOD_Size	16	LearnedDualEnergy	0.20	2	10	10	0.0000	0.7109	0.0000	294.06
OOD_Size	16	RecurrentAttention	0.20	2	10	10	0.0000	0.7266	0.0000	67.37
OOD_Size	16	GNN_MessagePassing	0.20	2	10	10	0.0000	0.4805	0.0000	68.23
OOD_Size	16	LearnedDualEnergy	0.20	2	11	11	0.0000	0.7891	0.0000	229.18
OOD_Size	16	RecurrentAttention	0.20	2	11	11	0.0000	0.7578	0.0000	66.41
OOD_Size	16	GNN_MessagePassing	0.20	2	11	11	0.0000	0.4844	0.0000	69.78
OOD_Size	16	LearnedDualEnergy	0.20	2	12	12	0.0000	0.7930	0.0000	210.08
OOD_Size	16	RecurrentAttention	0.20	2	12	12	0.0000	0.7773	0.0000	59.30
OOD_Size	16	GNN_MessagePassing	0.20	2	12	12	0.0000	0.4922	0.0000	65.75
OOD_Size	16	LearnedDualEnergy	0.20	2	13	13	0.0000	0.8164	0.0000	218.14
OOD_Size	16	RecurrentAttention	0.20	2	13	13	0.0000	0.7930	0.0000	58.08
OOD_Size	16	GNN_MessagePassing	0.20	2	13	13	0.0000	0.5508	0.0000	63.64
OOD_Size	16	LearnedDualEnergy	0.20	2	14	14	0.0000	0.8125	0.0000	209.91
OOD_Size	16	RecurrentAttention	0.20	2	14	14	0.0000	0.7734	0.0000	63.16
OOD_Size	16	GNN_MessagePassing	0.20	2	14	14	0.0000	0.5234	0.0000	61.87
OOD_Size	16	LearnedDualEnergy	0.20	2	15	15	0.0000	0.7617	0.0000	340.58
OOD_Size	16	RecurrentAttention	0.20	2	15	15	0.0000	0.7305	0.0000	66.82
OOD_Size	16	GNN_MessagePassing	0.20	2	15	15	0.0000	0.5781	0.0000	68.46
OOD_Size	16	LearnedDualEnergy	0.20	2	16	16	0.0000	0.7930	0.0000	232.01
OOD_Size	16	RecurrentAttention	0.20	2	16	16	0.0000	0.7461	0.0000	69.09
OOD_Size	16	GNN_MessagePassing	0.20	2	16	16	0.0000	0.5195	0.0000	73.02
OOD_Size	16	LearnedDualEnergy	0.20	2	17	17	0.0000	0.8477	0.0000	282.05
OOD_Size	16	RecurrentAttention	0.20	2	17	17	0.0000	0.7930	0.0000	66.86
OOD_Size	16	GNN_MessagePassing	0.20	2	17	17	0.0000	0.5234	0.0000	67.93
OOD_Size	16	LearnedDualEnergy	0.20	2	18	18	0.0000	0.8086	0.0000	223.25
OOD_Size	16	RecurrentAttention	0.20	2	18	18	0.0000	0.7461	0.0000	63.73
OOD_Size	16	GNN_MessagePassing	0.20	2	18	18	0.0000	0.4453	0.0000	69.43
OOD_Size	16	LearnedDualEnergy	0.20	2	19	19	0.0000	0.7656	0.0000	278.13
OOD_Size	16	RecurrentAttention	0.20	2	19	19	0.0000	0.7344	0.0000	66.63
OOD_Size	16	GNN_MessagePassing	0.20	2	19	19	0.0000	0.5156	0.0000	71.03
OOD_Size	16	LearnedDualEnergy	0.20	4	0	0	0.0000	0.8203	0.0000	487.93
OOD_Size	16	RecurrentAttention	0.20	4	0	0	0.0000	0.7305	0.0000	169.48
OOD_Size	16	GNN_MessagePassing	0.20	4	0	0	0.0000	0.5430	0.0000	136.25
OOD_Size	16	LearnedDualEnergy	0.20	4	1	1	0.0000	0.8125	0.0000	417.09
OOD_Size	16	RecurrentAttention	0.20	4	1	1	0.0000	0.7422	0.0000	129.34
OOD_Size	16	GNN_MessagePassing	0.20	4	1	1	0.0000	0.4883	0.0000	137.03
OOD_Size	16	LearnedDualEnergy	0.20	4	2	2	0.0000	0.8281	0.0000	479.90
OOD_Size	16	RecurrentAttention	0.20	4	2	2	0.0000	0.7070	0.0000	128.99
OOD_Size	16	GNN_MessagePassing	0.20	4	2	2	0.0000	0.4922	0.0000	131.62
OOD_Size	16	LearnedDualEnergy	0.20	4	3	3	0.0000	0.8164	0.0000	455.62
OOD_Size	16	RecurrentAttention	0.20	4	3	3	0.0000	0.7617	0.0000	126.21
OOD_Size	16	GNN_MessagePassing	0.20	4	3	3	0.0000	0.5000	0.0000	128.33
OOD_Size	16	LearnedDualEnergy	0.20	4	4	4	0.0000	0.7969	0.0000	451.16
OOD_Size	16	RecurrentAttention	0.20	4	4	4	0.0000	0.7227	0.0000	127.16
OOD_Size	16	GNN_MessagePassing	0.20	4	4	4	0.0000	0.5391	0.0000	131.92
OOD_Size	16	LearnedDualEnergy	0.20	4	5	5	0.0000	0.7617	0.0000	426.63
OOD_Size	16	RecurrentAttention	0.20	4	5	5	0.0000	0.7109	0.0000	131.00
OOD_Size	16	GNN_MessagePassing	0.20	4	5	5	0.0000	0.5430	0.0000	133.80
OOD_Size	16	LearnedDualEnergy	0.20	4	6	6	0.0000	0.8047	0.0000	439.67
OOD_Size	16	RecurrentAttention	0.20	4	6	6	0.0000	0.7383	0.0000	133.30
OOD_Size	16	GNN_MessagePassing	0.20	4	6	6	0.0000	0.4883	0.0000	178.23
OOD_Size	16	LearnedDualEnergy	0.20	4	7	7	0.0000	0.7969	0.0000	413.88
OOD_Size	16	RecurrentAttention	0.20	4	7	7	0.0000	0.7266	0.0000	126.55
OOD_Size	16	GNN_MessagePassing	0.20	4	7	7	0.0000	0.5391	0.0000	129.43
OOD_Size	16	LearnedDualEnergy	0.20	4	8	8	0.0000	0.8203	0.0000	450.23
OOD_Size	16	RecurrentAttention	0.20	4	8	8	0.0000	0.7539	0.0000	140.61
OOD_Size	16	GNN_MessagePassing	0.20	4	8	8	0.0000	0.5703	0.0000	141.17
OOD_Size	16	LearnedDualEnergy	0.20	4	9	9	0.0000	0.7930	0.0000	2171.08
OOD_Size	16	RecurrentAttention	0.20	4	9	9	0.0000	0.7266	0.0000	127.89
OOD_Size	16	GNN_MessagePassing	0.20	4	9	9	0.0000	0.5273	0.0000	211.59
OOD_Size	16	LearnedDualEnergy	0.20	4	10	10	0.0000	0.7109	0.0000	427.95
OOD_Size	16	RecurrentAttention	0.20	4	10	10	0.0000	0.6797	0.0000	128.32
OOD_Size	16	GNN_MessagePassing	0.20	4	10	10	0.0000	0.5391	0.0000	133.07
OOD_Size	16	LearnedDualEnergy	0.20	4	11	11	0.0000	0.7891	0.0000	407.63
OOD_Size	16	RecurrentAttention	0.20	4	11	11	0.0000	0.7500	0.0000	130.06
OOD_Size	16	GNN_MessagePassing	0.20	4	11	11	0.0000	0.5352	0.0000	127.55
OOD_Size	16	LearnedDualEnergy	0.20	4	12	12	0.0000	0.7930	0.0000	433.52
OOD_Size	16	RecurrentAttention	0.20	4	12	12	0.0000	0.7461	0.0000	125.78
OOD_Size	16	GNN_MessagePassing	0.20	4	12	12	0.0000	0.4570	0.0000	2443.77
OOD_Size	16	LearnedDualEnergy	0.20	4	13	13	0.0000	0.8164	0.0000	465.58
OOD_Size	16	RecurrentAttention	0.20	4	13	13	0.0000	0.7695	0.0000	131.26
OOD_Size	16	GNN_MessagePassing	0.20	4	13	13	0.0000	0.4727	0.0000	132.36
OOD_Size	16	LearnedDualEnergy	0.20	4	14	14	0.0000	0.8125	0.0000	431.38
OOD_Size	16	RecurrentAttention	0.20	4	14	14	0.0000	0.7461	0.0000	136.66
OOD_Size	16	GNN_MessagePassing	0.20	4	14	14	0.0000	0.5000	0.0000	135.94
OOD_Size	16	LearnedDualEnergy	0.20	4	15	15	0.0000	0.7617	0.0000	320.45
OOD_Size	16	RecurrentAttention	0.20	4	15	15	0.0000	0.6914	0.0000	185.62
OOD_Size	16	GNN_MessagePassing	0.20	4	15	15	0.0000	0.5195	0.0000	163.80
OOD_Size	16	LearnedDualEnergy	0.20	4	16	16	0.0000	0.7930	0.0000	426.84
OOD_Size	16	RecurrentAttention	0.20	4	16	16	0.0000	0.7031	0.0000	129.46
OOD_Size	16	GNN_MessagePassing	0.20	4	16	16	0.0000	0.4805	0.0000	126.92
OOD_Size	16	LearnedDualEnergy	0.20	4	17	17	0.0000	0.8477	0.0000	440.69
OOD_Size	16	RecurrentAttention	0.20	4	17	17	0.0000	0.7461	0.0000	130.35
OOD_Size	16	GNN_MessagePassing	0.20	4	17	17	0.0000	0.5156	0.0000	189.07
OOD_Size	16	LearnedDualEnergy	0.20	4	18	18	0.0000	0.8086	0.0000	412.44
OOD_Size	16	RecurrentAttention	0.20	4	18	18	0.0000	0.7031	0.0000	163.78
OOD_Size	16	GNN_MessagePassing	0.20	4	18	18	0.0000	0.4727	0.0000	134.37
OOD_Size	16	LearnedDualEnergy	0.20	4	19	19	0.0000	0.7656	0.0000	426.94
OOD_Size	16	RecurrentAttention	0.20	4	19	19	0.0000	0.6875	0.0000	127.20
OOD_Size	16	GNN_MessagePassing	0.20	4	19	19	0.0000	0.5234	0.0000	129.73
OOD_Size	16	LearnedDualEnergy	0.20	8	0	0	0.0000	0.8203	0.0000	833.85
OOD_Size	16	RecurrentAttention	0.20	8	0	0	0.0000	0.7148	0.0000	260.94
OOD_Size	16	GNN_MessagePassing	0.20	8	0	0	0.0000	0.5352	0.0000	275.40
OOD_Size	16	LearnedDualEnergy	0.20	8	1	1	0.0000	0.8125	0.0000	789.55
OOD_Size	16	RecurrentAttention	0.20	8	1	1	0.0000	0.6406	0.0000	264.38
OOD_Size	16	GNN_MessagePassing	0.20	8	1	1	0.0000	0.4922	0.0000	303.89
OOD_Size	16	LearnedDualEnergy	0.20	8	2	2	0.0000	0.8281	0.0000	904.92
OOD_Size	16	RecurrentAttention	0.20	8	2	2	0.0000	0.6523	0.0000	259.13
OOD_Size	16	GNN_MessagePassing	0.20	8	2	2	0.0000	0.4219	0.0000	261.88
OOD_Size	16	LearnedDualEnergy	0.20	8	3	3	0.0000	0.8164	0.0000	839.97
OOD_Size	16	RecurrentAttention	0.20	8	3	3	0.0000	0.6836	0.0000	302.80
OOD_Size	16	GNN_MessagePassing	0.20	8	3	3	0.0000	0.5078	0.0000	253.35
OOD_Size	16	LearnedDualEnergy	0.20	8	4	4	0.0000	0.7969	0.0000	788.03
OOD_Size	16	RecurrentAttention	0.20	8	4	4	0.0000	0.6836	0.0000	328.37
OOD_Size	16	GNN_MessagePassing	0.20	8	4	4	0.0000	0.5508	0.0000	253.98
OOD_Size	16	LearnedDualEnergy	0.20	8	5	5	0.0000	0.7617	0.0000	585.42
OOD_Size	16	RecurrentAttention	0.20	8	5	5	0.0000	0.6445	0.0000	203.88
OOD_Size	16	GNN_MessagePassing	0.20	8	5	5	0.0000	0.5312	0.0000	2588.99
OOD_Size	16	LearnedDualEnergy	0.20	8	6	6	0.0000	0.8047	0.0000	769.75
OOD_Size	16	RecurrentAttention	0.20	8	6	6	0.0000	0.7148	0.0000	255.64
OOD_Size	16	GNN_MessagePassing	0.20	8	6	6	0.0000	0.5586	0.0000	268.23
OOD_Size	16	LearnedDualEnergy	0.20	8	7	7	0.0000	0.7969	0.0000	856.87
OOD_Size	16	RecurrentAttention	0.20	8	7	7	0.0000	0.6953	0.0000	269.66
OOD_Size	16	GNN_MessagePassing	0.20	8	7	7	0.0000	0.5078	0.0000	302.07
OOD_Size	16	LearnedDualEnergy	0.20	8	8	8	0.0000	0.8203	0.0000	758.95
OOD_Size	16	RecurrentAttention	0.20	8	8	8	0.0000	0.7227	0.0000	305.47
OOD_Size	16	GNN_MessagePassing	0.20	8	8	8	0.0000	0.5195	0.0000	262.71
OOD_Size	16	LearnedDualEnergy	0.20	8	9	9	0.0000	0.7930	0.0000	547.64
OOD_Size	16	RecurrentAttention	0.20	8	9	9	0.0000	0.6836	0.0000	226.90
OOD_Size	16	GNN_MessagePassing	0.20	8	9	9	0.0000	0.5117	0.0000	154.76
OOD_Size	16	LearnedDualEnergy	0.20	8	10	10	0.0000	0.7109	0.0000	826.56
OOD_Size	16	RecurrentAttention	0.20	8	10	10	0.0000	0.6484	0.0000	266.30
OOD_Size	16	GNN_MessagePassing	0.20	8	10	10	0.0000	0.5078	0.0000	264.06
OOD_Size	16	LearnedDualEnergy	0.20	8	11	11	0.0000	0.7891	0.0000	837.29
OOD_Size	16	RecurrentAttention	0.20	8	11	11	0.0000	0.7266	0.0000	301.93
OOD_Size	16	GNN_MessagePassing	0.20	8	11	11	0.0000	0.5273	0.0000	169.89
OOD_Size	16	LearnedDualEnergy	0.20	8	12	12	0.0000	0.7930	0.0000	778.51
OOD_Size	16	RecurrentAttention	0.20	8	12	12	0.0000	0.6914	0.0000	260.94
OOD_Size	16	GNN_MessagePassing	0.20	8	12	12	0.0000	0.5195	0.0000	253.14
OOD_Size	16	LearnedDualEnergy	0.20	8	13	13	0.0000	0.8164	0.0000	1002.05
OOD_Size	16	RecurrentAttention	0.20	8	13	13	0.0000	0.7344	0.0000	306.91
OOD_Size	16	GNN_MessagePassing	0.20	8	13	13	0.0000	0.4805	0.0000	256.45
OOD_Size	16	LearnedDualEnergy	0.20	8	14	14	0.0000	0.8125	0.0000	792.06
OOD_Size	16	RecurrentAttention	0.20	8	14	14	0.0000	0.6992	0.0000	300.25
OOD_Size	16	GNN_MessagePassing	0.20	8	14	14	0.0000	0.5039	0.0000	282.31
OOD_Size	16	LearnedDualEnergy	0.20	8	15	15	0.0000	0.7617	0.0000	604.65
OOD_Size	16	RecurrentAttention	0.20	8	15	15	0.0000	0.6875	0.0000	203.52
OOD_Size	16	GNN_MessagePassing	0.20	8	15	15	0.0000	0.5078	0.0000	156.68
OOD_Size	16	LearnedDualEnergy	0.20	8	16	16	0.0000	0.7930	0.0000	593.18
OOD_Size	16	RecurrentAttention	0.20	8	16	16	0.0000	0.6289	0.0000	223.15
OOD_Size	16	GNN_MessagePassing	0.20	8	16	16	0.0000	0.5039	0.0000	232.95
OOD_Size	16	LearnedDualEnergy	0.20	8	17	17	0.0000	0.8477	0.0000	817.55
OOD_Size	16	RecurrentAttention	0.20	8	17	17	0.0000	0.7148	0.0000	209.23
OOD_Size	16	GNN_MessagePassing	0.20	8	17	17	0.0000	0.5000	0.0000	156.32
OOD_Size	16	LearnedDualEnergy	0.20	8	18	18	0.0000	0.8086	0.0000	647.95
OOD_Size	16	RecurrentAttention	0.20	8	18	18	0.0000	0.6133	0.0000	283.20
OOD_Size	16	GNN_MessagePassing	0.20	8	18	18	0.0000	0.4844	0.0000	209.72
OOD_Size	16	LearnedDualEnergy	0.20	8	19	19	0.0000	0.7656	0.0000	690.37
OOD_Size	16	RecurrentAttention	0.20	8	19	19	0.0000	0.6562	0.0000	201.46
OOD_Size	16	GNN_MessagePassing	0.20	8	19	19	0.0000	0.4648	0.0000	156.22
OOD_Size	16	LearnedDualEnergy	0.20	16	0	0	0.0000	0.8203	0.0000	1544.41
OOD_Size	16	RecurrentAttention	0.20	16	0	0	0.0000	0.6641	0.0000	518.10
OOD_Size	16	GNN_MessagePassing	0.20	16	0	0	0.0000	0.5195	0.0000	561.61
OOD_Size	16	LearnedDualEnergy	0.20	16	1	1	0.0000	0.8125	0.0000	9571.89
OOD_Size	16	RecurrentAttention	0.20	16	1	1	0.0000	0.5898	0.0000	1200.88
OOD_Size	16	GNN_MessagePassing	0.20	16	1	1	0.0000	0.5117	0.0000	3449.96
OOD_Size	16	LearnedDualEnergy	0.20	16	2	2	0.0000	0.8242	0.0000	1494.15
OOD_Size	16	RecurrentAttention	0.20	16	2	2	0.0000	0.6406	0.0000	544.56
OOD_Size	16	GNN_MessagePassing	0.20	16	2	2	0.0000	0.4492	0.0000	551.97
OOD_Size	16	LearnedDualEnergy	0.20	16	3	3	0.0000	0.8164	0.0000	1323.89
OOD_Size	16	RecurrentAttention	0.20	16	3	3	0.0000	0.6016	0.0000	406.36
OOD_Size	16	GNN_MessagePassing	0.20	16	3	3	0.0000	0.5117	0.0000	359.02
OOD_Size	16	LearnedDualEnergy	0.20	16	4	4	0.0000	0.7930	0.0000	1451.06
OOD_Size	16	RecurrentAttention	0.20	16	4	4	0.0000	0.6172	0.0000	403.80
OOD_Size	16	GNN_MessagePassing	0.20	16	4	4	0.0000	0.5117	0.0000	370.05
OOD_Size	16	LearnedDualEnergy	0.20	16	5	5	0.0000	0.7539	0.0000	1805.01
OOD_Size	16	RecurrentAttention	0.20	16	5	5	0.0000	0.6094	0.0000	524.80
OOD_Size	16	GNN_MessagePassing	0.20	16	5	5	0.0000	0.5117	0.0000	496.94
OOD_Size	16	LearnedDualEnergy	0.20	16	6	6	0.0000	0.8047	0.0000	1319.73
OOD_Size	16	RecurrentAttention	0.20	16	6	6	0.0000	0.6328	0.0000	1241.67
OOD_Size	16	GNN_MessagePassing	0.20	16	6	6	0.0000	0.5469	0.0000	363.27
OOD_Size	16	LearnedDualEnergy	0.20	16	7	7	0.0000	0.7969	0.0000	1099.03
OOD_Size	16	RecurrentAttention	0.20	16	7	7	0.0000	0.6523	0.0000	430.19
OOD_Size	16	GNN_MessagePassing	0.20	16	7	7	0.0000	0.5469	0.0000	482.01
OOD_Size	16	LearnedDualEnergy	0.20	16	8	8	0.0000	0.8203	0.0000	1369.42
OOD_Size	16	RecurrentAttention	0.20	16	8	8	0.0000	0.6445	0.0000	563.07
OOD_Size	16	GNN_MessagePassing	0.20	16	8	8	0.0000	0.5352	0.0000	532.06
OOD_Size	16	LearnedDualEnergy	0.20	16	9	9	0.0000	0.7969	0.0000	1714.49
OOD_Size	16	RecurrentAttention	0.20	16	9	9	0.0000	0.6445	0.0000	502.96
OOD_Size	16	GNN_MessagePassing	0.20	16	9	9	0.0000	0.5664	0.0000	593.01
OOD_Size	16	LearnedDualEnergy	0.20	16	10	10	0.0000	0.7070	0.0000	1189.97
OOD_Size	16	RecurrentAttention	0.20	16	10	10	0.0000	0.5898	0.0000	398.38
OOD_Size	16	GNN_MessagePassing	0.20	16	10	10	0.0000	0.4492	0.0000	312.97
OOD_Size	16	LearnedDualEnergy	0.20	16	11	11	0.0000	0.7852	0.0000	1303.78
OOD_Size	16	RecurrentAttention	0.20	16	11	11	0.0000	0.6523	0.0000	911.11
OOD_Size	16	GNN_MessagePassing	0.20	16	11	11	0.0000	0.4375	0.0000	540.83
OOD_Size	16	LearnedDualEnergy	0.20	16	12	12	0.0000	0.7930	0.0000	1638.52
OOD_Size	16	RecurrentAttention	0.20	16	12	12	0.0000	0.6562	0.0000	521.89
OOD_Size	16	GNN_MessagePassing	0.20	16	12	12	0.0000	0.5391	0.0000	650.87
OOD_Size	16	LearnedDualEnergy	0.20	16	13	13	0.0000	0.8164	0.0000	1535.23
OOD_Size	16	RecurrentAttention	0.20	16	13	13	0.0000	0.7031	0.0000	612.95
OOD_Size	16	GNN_MessagePassing	0.20	16	13	13	0.0000	0.5000	0.0000	608.06
OOD_Size	16	LearnedDualEnergy	0.20	16	14	14	0.0000	0.8203	0.0000	1940.67
OOD_Size	16	RecurrentAttention	0.20	16	14	14	0.0000	0.6406	0.0000	494.13
OOD_Size	16	GNN_MessagePassing	0.20	16	14	14	0.0000	0.4648	0.0000	509.04
OOD_Size	16	LearnedDualEnergy	0.20	16	15	15	0.0000	0.7617	0.0000	1471.70
OOD_Size	16	RecurrentAttention	0.20	16	15	15	0.0000	0.6562	0.0000	529.85
OOD_Size	16	GNN_MessagePassing	0.20	16	15	15	0.0000	0.5156	0.0000	517.52
OOD_Size	16	LearnedDualEnergy	0.20	16	16	16	0.0000	0.7891	0.0000	2328.98
OOD_Size	16	RecurrentAttention	0.20	16	16	16	0.0000	0.6055	0.0000	4315.43
OOD_Size	16	GNN_MessagePassing	0.20	16	16	16	0.0000	0.5430	0.0000	6478.99
OOD_Size	16	LearnedDualEnergy	0.20	16	17	17	0.0000	0.8477	0.0000	1533.84
OOD_Size	16	RecurrentAttention	0.20	16	17	17	0.0000	0.6641	0.0000	508.56
OOD_Size	16	GNN_MessagePassing	0.20	16	17	17	0.0000	0.5078	0.0000	506.90
OOD_Size	16	LearnedDualEnergy	0.20	16	18	18	0.0000	0.8086	0.0000	1270.45
OOD_Size	16	RecurrentAttention	0.20	16	18	18	0.0000	0.5664	0.0000	407.04
OOD_Size	16	GNN_MessagePassing	0.20	16	18	18	0.0000	0.4805	0.0000	345.40
OOD_Size	16	LearnedDualEnergy	0.20	16	19	19	0.0000	0.7617	0.0000	1400.82
OOD_Size	16	RecurrentAttention	0.20	16	19	19	0.0000	0.6289	0.0000	520.99
OOD_Size	16	GNN_MessagePassing	0.20	16	19	19	0.0000	0.5117	0.0000	516.93
OOD_Size	16	LearnedDualEnergy	0.20	32	0	0	0.0000	0.8008	0.0000	2257.98
OOD_Size	16	RecurrentAttention	0.20	32	0	0	0.0000	0.6094	0.0000	897.42
OOD_Size	16	GNN_MessagePassing	0.20	32	0	0	0.0000	0.5039	0.0000	700.11
OOD_Size	16	LearnedDualEnergy	0.20	32	1	1	0.0000	0.8086	0.0000	9497.42
OOD_Size	16	RecurrentAttention	0.20	32	1	1	0.0000	0.5898	0.0000	3201.70
OOD_Size	16	GNN_MessagePassing	0.20	32	1	1	0.0000	0.5547	0.0000	3272.20
OOD_Size	16	LearnedDualEnergy	0.20	32	2	2	0.0000	0.8086	0.0000	3334.42
OOD_Size	16	RecurrentAttention	0.20	32	2	2	0.0000	0.6406	0.0000	1403.86
OOD_Size	16	GNN_MessagePassing	0.20	32	2	2	0.0000	0.5195	0.0000	1045.98
OOD_Size	16	LearnedDualEnergy	0.20	32	3	3	0.0000	0.7930	0.0000	7247.92
OOD_Size	16	RecurrentAttention	0.20	32	3	3	0.0000	0.5664	0.0000	1083.27
OOD_Size	16	GNN_MessagePassing	0.20	32	3	3	0.0000	0.4570	0.0000	5963.46
OOD_Size	16	LearnedDualEnergy	0.20	32	4	4	0.0000	0.7734	0.0000	6616.96
OOD_Size	16	RecurrentAttention	0.20	32	4	4	0.0000	0.5820	0.0000	1157.53
OOD_Size	16	GNN_MessagePassing	0.20	32	4	4	0.0000	0.5156	0.0000	1240.15
OOD_Size	16	LearnedDualEnergy	0.20	32	5	5	0.0000	0.7383	0.0000	4112.37
OOD_Size	16	RecurrentAttention	0.20	32	5	5	0.0000	0.5859	0.0000	1237.70
OOD_Size	16	GNN_MessagePassing	0.20	32	5	5	0.0000	0.5312	0.0000	1398.09
OOD_Size	16	LearnedDualEnergy	0.20	32	6	6	0.0000	0.8008	0.0000	3130.42
OOD_Size	16	RecurrentAttention	0.20	32	6	6	0.0000	0.5742	0.0000	1107.35
OOD_Size	16	GNN_MessagePassing	0.20	32	6	6	0.0000	0.4766	0.0000	1048.66
OOD_Size	16	LearnedDualEnergy	0.20	32	7	7	0.0000	0.7891	0.0000	2716.93
OOD_Size	16	RecurrentAttention	0.20	32	7	7	0.0000	0.6523	0.0000	793.83
OOD_Size	16	GNN_MessagePassing	0.20	32	7	7	0.0000	0.4883	0.0000	678.88
OOD_Size	16	LearnedDualEnergy	0.20	32	8	8	0.0000	0.7852	0.0000	2347.01
OOD_Size	16	RecurrentAttention	0.20	32	8	8	0.0000	0.5898	0.0000	837.28
OOD_Size	16	GNN_MessagePassing	0.20	32	8	8	0.0000	0.5312	0.0000	812.15
OOD_Size	16	LearnedDualEnergy	0.20	32	9	9	0.0000	0.7734	0.0000	2302.00
OOD_Size	16	RecurrentAttention	0.20	32	9	9	0.0000	0.5781	0.0000	829.79
OOD_Size	16	GNN_MessagePassing	0.20	32	9	9	0.0000	0.4805	0.0000	769.13
OOD_Size	16	LearnedDualEnergy	0.20	32	10	10	0.0000	0.6992	0.0000	3111.27
OOD_Size	16	RecurrentAttention	0.20	32	10	10	0.0000	0.5430	0.0000	4426.98
OOD_Size	16	GNN_MessagePassing	0.20	32	10	10	0.0000	0.4883	0.0000	1089.36
OOD_Size	16	LearnedDualEnergy	0.20	32	11	11	0.0000	0.7812	0.0000	3502.28
OOD_Size	16	RecurrentAttention	0.20	32	11	11	0.0000	0.6172	0.0000	1312.79
OOD_Size	16	GNN_MessagePassing	0.20	32	11	11	0.0000	0.4922	0.0000	1262.71
OOD_Size	16	LearnedDualEnergy	0.20	32	12	12	0.0000	0.7891	0.0000	3437.75
OOD_Size	16	RecurrentAttention	0.20	32	12	12	0.0000	0.6172	0.0000	2017.63
OOD_Size	16	GNN_MessagePassing	0.20	32	12	12	0.0000	0.4805	0.0000	1131.51
OOD_Size	16	LearnedDualEnergy	0.20	32	13	13	0.0000	0.7930	0.0000	3371.20
OOD_Size	16	RecurrentAttention	0.20	32	13	13	0.0000	0.6289	0.0000	1176.70
OOD_Size	16	GNN_MessagePassing	0.20	32	13	13	0.0000	0.4883	0.0000	1300.51
OOD_Size	16	LearnedDualEnergy	0.20	32	14	14	0.0000	0.8047	0.0000	2590.15
OOD_Size	16	RecurrentAttention	0.20	32	14	14	0.0000	0.6250	0.0000	792.47
OOD_Size	16	GNN_MessagePassing	0.20	32	14	14	0.0000	0.5469	0.0000	671.91
OOD_Size	16	LearnedDualEnergy	0.20	32	15	15	0.0000	0.7578	0.0000	3139.76
OOD_Size	16	RecurrentAttention	0.20	32	15	15	0.0000	0.6250	0.0000	4437.95
OOD_Size	16	GNN_MessagePassing	0.20	32	15	15	0.0000	0.4844	0.0000	1054.75
OOD_Size	16	LearnedDualEnergy	0.20	32	16	16	0.0000	0.7812	0.0000	5421.44
OOD_Size	16	RecurrentAttention	0.20	32	16	16	0.0000	0.5547	0.0000	858.85
OOD_Size	16	GNN_MessagePassing	0.20	32	16	16	0.0000	0.4297	0.0000	848.61
OOD_Size	16	LearnedDualEnergy	0.20	32	17	17	0.0000	0.8438	0.0000	2343.66
OOD_Size	16	RecurrentAttention	0.20	32	17	17	0.0000	0.6094	0.0000	1023.79
OOD_Size	16	GNN_MessagePassing	0.20	32	17	17	0.0000	0.5430	0.0000	641.41
OOD_Size	16	LearnedDualEnergy	0.20	32	18	18	0.0000	0.7852	0.0000	2271.67
OOD_Size	16	RecurrentAttention	0.20	32	18	18	0.0000	0.5547	0.0000	788.28
OOD_Size	16	GNN_MessagePassing	0.20	32	18	18	0.0000	0.5117	0.0000	645.31
OOD_Size	16	LearnedDualEnergy	0.20	32	19	19	0.0000	0.7578	0.0000	2378.21
OOD_Size	16	RecurrentAttention	0.20	32	19	19	0.0000	0.5938	0.0000	1000.26
OOD_Size	16	GNN_MessagePassing	0.20	32	19	19	0.0000	0.4805	0.0000	784.29
OOD_Size	16	LearnedDualEnergy	0.30	1	0	0	0.0000	0.7031	0.0000	117.47
OOD_Size	16	RecurrentAttention	0.30	1	0	0	0.0000	0.6875	0.0000	34.00
OOD_Size	16	GNN_MessagePassing	0.30	1	0	0	0.0000	0.5000	0.0000	22.79
OOD_Size	16	LearnedDualEnergy	0.30	1	1	1	0.0000	0.7578	0.0000	93.59
OOD_Size	16	RecurrentAttention	0.30	1	1	1	0.0000	0.7539	0.0000	24.37
OOD_Size	16	GNN_MessagePassing	0.30	1	1	1	0.0000	0.5195	0.0000	19.86
OOD_Size	16	LearnedDualEnergy	0.30	1	2	2	0.0000	0.7539	0.0000	94.76
OOD_Size	16	RecurrentAttention	0.30	1	2	2	0.0000	0.7500	0.0000	24.90
OOD_Size	16	GNN_MessagePassing	0.30	1	2	2	0.0000	0.4766	0.0000	80.87
OOD_Size	16	LearnedDualEnergy	0.30	1	3	3	0.0000	0.7148	0.0000	93.23
OOD_Size	16	RecurrentAttention	0.30	1	3	3	0.0000	0.7070	0.0000	25.35
OOD_Size	16	GNN_MessagePassing	0.30	1	3	3	0.0000	0.4922	0.0000	19.57
OOD_Size	16	LearnedDualEnergy	0.30	1	4	4	0.0000	0.7227	0.0000	89.77
OOD_Size	16	RecurrentAttention	0.30	1	4	4	0.0000	0.7188	0.0000	23.97
OOD_Size	16	GNN_MessagePassing	0.30	1	4	4	0.0000	0.4727	0.0000	19.61
OOD_Size	16	LearnedDualEnergy	0.30	1	5	5	0.0000	0.6484	0.0000	89.77
OOD_Size	16	RecurrentAttention	0.30	1	5	5	0.0000	0.6406	0.0000	28.04
OOD_Size	16	GNN_MessagePassing	0.30	1	5	5	0.0000	0.4570	0.0000	19.39
OOD_Size	16	LearnedDualEnergy	0.30	1	6	6	0.0000	0.7148	0.0000	99.39
OOD_Size	16	RecurrentAttention	0.30	1	6	6	0.0000	0.7070	0.0000	28.73
OOD_Size	16	GNN_MessagePassing	0.30	1	6	6	0.0000	0.4883	0.0000	31.16
OOD_Size	16	LearnedDualEnergy	0.30	1	7	7	0.0000	0.7070	0.0000	160.46
OOD_Size	16	RecurrentAttention	0.30	1	7	7	0.0000	0.6992	0.0000	29.30
OOD_Size	16	GNN_MessagePassing	0.30	1	7	7	0.0000	0.5273	0.0000	20.88
OOD_Size	16	LearnedDualEnergy	0.30	1	8	8	0.0000	0.7188	0.0000	126.15
OOD_Size	16	RecurrentAttention	0.30	1	8	8	0.0000	0.6953	0.0000	26.49
OOD_Size	16	GNN_MessagePassing	0.30	1	8	8	0.0000	0.4805	0.0000	20.09
OOD_Size	16	LearnedDualEnergy	0.30	1	9	9	0.0000	0.6992	0.0000	91.34
OOD_Size	16	RecurrentAttention	0.30	1	9	9	0.0000	0.6992	0.0000	24.08
OOD_Size	16	GNN_MessagePassing	0.30	1	9	9	0.0000	0.4805	0.0000	19.59
OOD_Size	16	LearnedDualEnergy	0.30	1	10	10	0.0000	0.6094	0.0000	104.61
OOD_Size	16	RecurrentAttention	0.30	1	10	10	0.0000	0.6133	0.0000	25.79
OOD_Size	16	GNN_MessagePassing	0.30	1	10	10	0.0000	0.4609	0.0000	21.01
OOD_Size	16	LearnedDualEnergy	0.30	1	11	11	0.0000	0.6992	0.0000	97.43
OOD_Size	16	RecurrentAttention	0.30	1	11	11	0.0000	0.7031	0.0000	25.32
OOD_Size	16	GNN_MessagePassing	0.30	1	11	11	0.0000	0.4570	0.0000	20.06
OOD_Size	16	LearnedDualEnergy	0.30	1	12	12	0.0000	0.6406	0.0000	95.84
OOD_Size	16	RecurrentAttention	0.30	1	12	12	0.0000	0.6445	0.0000	26.63
OOD_Size	16	GNN_MessagePassing	0.30	1	12	12	0.0000	0.5195	0.0000	20.84
OOD_Size	16	LearnedDualEnergy	0.30	1	13	13	0.0000	0.7031	0.0000	94.43
OOD_Size	16	RecurrentAttention	0.30	1	13	13	0.0000	0.6953	0.0000	25.98
OOD_Size	16	GNN_MessagePassing	0.30	1	13	13	0.0000	0.5039	0.0000	71.32
OOD_Size	16	LearnedDualEnergy	0.30	1	14	14	0.0000	0.7266	0.0000	93.47
OOD_Size	16	RecurrentAttention	0.30	1	14	14	0.0000	0.7227	0.0000	25.12
OOD_Size	16	GNN_MessagePassing	0.30	1	14	14	0.0000	0.5078	0.0000	20.26
OOD_Size	16	LearnedDualEnergy	0.30	1	15	15	0.0000	0.6562	0.0000	91.63
OOD_Size	16	RecurrentAttention	0.30	1	15	15	0.0000	0.6602	0.0000	25.05
OOD_Size	16	GNN_MessagePassing	0.30	1	15	15	0.0000	0.4531	0.0000	19.59
OOD_Size	16	LearnedDualEnergy	0.30	1	16	16	0.0000	0.6992	0.0000	101.69
OOD_Size	16	RecurrentAttention	0.30	1	16	16	0.0000	0.6914	0.0000	59.17
OOD_Size	16	GNN_MessagePassing	0.30	1	16	16	0.0000	0.5625	0.0000	31.76
OOD_Size	16	LearnedDualEnergy	0.30	1	17	17	0.0000	0.7344	0.0000	120.96
OOD_Size	16	RecurrentAttention	0.30	1	17	17	0.0000	0.7188	0.0000	26.42
OOD_Size	16	GNN_MessagePassing	0.30	1	17	17	0.0000	0.5469	0.0000	20.48
OOD_Size	16	LearnedDualEnergy	0.30	1	18	18	0.0000	0.7188	0.0000	94.52
OOD_Size	16	RecurrentAttention	0.30	1	18	18	0.0000	0.6914	0.0000	31.15
OOD_Size	16	GNN_MessagePassing	0.30	1	18	18	0.0000	0.5000	0.0000	32.94
OOD_Size	16	LearnedDualEnergy	0.30	1	19	19	0.0000	0.6797	0.0000	93.80
OOD_Size	16	RecurrentAttention	0.30	1	19	19	0.0000	0.6602	0.0000	24.56
OOD_Size	16	GNN_MessagePassing	0.30	1	19	19	0.0000	0.4922	0.0000	19.52
OOD_Size	16	LearnedDualEnergy	0.30	2	0	0	0.0000	0.7031	0.0000	170.00
OOD_Size	16	RecurrentAttention	0.30	2	0	0	0.0000	0.6836	0.0000	50.33
OOD_Size	16	GNN_MessagePassing	0.30	2	0	0	0.0000	0.5039	0.0000	39.90
OOD_Size	16	LearnedDualEnergy	0.30	2	1	1	0.0000	0.7578	0.0000	161.06
OOD_Size	16	RecurrentAttention	0.30	2	1	1	0.0000	0.7148	0.0000	51.09
OOD_Size	16	GNN_MessagePassing	0.30	2	1	1	0.0000	0.4766	0.0000	59.76
OOD_Size	16	LearnedDualEnergy	0.30	2	2	2	0.0000	0.7539	0.0000	201.09
OOD_Size	16	RecurrentAttention	0.30	2	2	2	0.0000	0.7109	0.0000	50.32
OOD_Size	16	GNN_MessagePassing	0.30	2	2	2	0.0000	0.5078	0.0000	39.45
OOD_Size	16	LearnedDualEnergy	0.30	2	3	3	0.0000	0.7148	0.0000	158.97
OOD_Size	16	RecurrentAttention	0.30	2	3	3	0.0000	0.6680	0.0000	49.80
OOD_Size	16	GNN_MessagePassing	0.30	2	3	3	0.0000	0.4766	0.0000	38.26
OOD_Size	16	LearnedDualEnergy	0.30	2	4	4	0.0000	0.7227	0.0000	198.18
OOD_Size	16	RecurrentAttention	0.30	2	4	4	0.0000	0.7070	0.0000	48.73
OOD_Size	16	GNN_MessagePassing	0.30	2	4	4	0.0000	0.4844	0.0000	77.15
OOD_Size	16	LearnedDualEnergy	0.30	2	5	5	0.0000	0.6484	0.0000	158.58
OOD_Size	16	RecurrentAttention	0.30	2	5	5	0.0000	0.6328	0.0000	49.95
OOD_Size	16	GNN_MessagePassing	0.30	2	5	5	0.0000	0.5234	0.0000	38.45
OOD_Size	16	LearnedDualEnergy	0.30	2	6	6	0.0000	0.7148	0.0000	158.78
OOD_Size	16	RecurrentAttention	0.30	2	6	6	0.0000	0.6953	0.0000	48.83
OOD_Size	16	GNN_MessagePassing	0.30	2	6	6	0.0000	0.5273	0.0000	39.26
OOD_Size	16	LearnedDualEnergy	0.30	2	7	7	0.0000	0.7070	0.0000	157.63
OOD_Size	16	RecurrentAttention	0.30	2	7	7	0.0000	0.6680	0.0000	54.40
OOD_Size	16	GNN_MessagePassing	0.30	2	7	7	0.0000	0.4844	0.0000	61.16
OOD_Size	16	LearnedDualEnergy	0.30	2	8	8	0.0000	0.7188	0.0000	161.99
OOD_Size	16	RecurrentAttention	0.30	2	8	8	0.0000	0.6719	0.0000	48.99
OOD_Size	16	GNN_MessagePassing	0.30	2	8	8	0.0000	0.5039	0.0000	39.12
OOD_Size	16	LearnedDualEnergy	0.30	2	9	9	0.0000	0.6992	0.0000	200.29
OOD_Size	16	RecurrentAttention	0.30	2	9	9	0.0000	0.6875	0.0000	49.64
OOD_Size	16	GNN_MessagePassing	0.30	2	9	9	0.0000	0.4922	0.0000	39.37
OOD_Size	16	LearnedDualEnergy	0.30	2	10	10	0.0000	0.6094	0.0000	185.88
OOD_Size	16	RecurrentAttention	0.30	2	10	10	0.0000	0.6016	0.0000	50.09
OOD_Size	16	GNN_MessagePassing	0.30	2	10	10	0.0000	0.5273	0.0000	40.32
OOD_Size	16	LearnedDualEnergy	0.30	2	11	11	0.0000	0.6992	0.0000	207.21
OOD_Size	16	RecurrentAttention	0.30	2	11	11	0.0000	0.6914	0.0000	56.51
OOD_Size	16	GNN_MessagePassing	0.30	2	11	11	0.0000	0.4766	0.0000	40.86
OOD_Size	16	LearnedDualEnergy	0.30	2	12	12	0.0000	0.6406	0.0000	156.77
OOD_Size	16	RecurrentAttention	0.30	2	12	12	0.0000	0.6484	0.0000	116.01
OOD_Size	16	GNN_MessagePassing	0.30	2	12	12	0.0000	0.4805	0.0000	42.50
OOD_Size	16	LearnedDualEnergy	0.30	2	13	13	0.0000	0.7031	0.0000	2092.12
OOD_Size	16	RecurrentAttention	0.30	2	13	13	0.0000	0.6641	0.0000	59.82
OOD_Size	16	GNN_MessagePassing	0.30	2	13	13	0.0000	0.5117	0.0000	60.73
OOD_Size	16	LearnedDualEnergy	0.30	2	14	14	0.0000	0.7266	0.0000	160.66
OOD_Size	16	RecurrentAttention	0.30	2	14	14	0.0000	0.6914	0.0000	140.74
OOD_Size	16	GNN_MessagePassing	0.30	2	14	14	0.0000	0.4766	0.0000	67.36
OOD_Size	16	LearnedDualEnergy	0.30	2	15	15	0.0000	0.6562	0.0000	192.43
OOD_Size	16	RecurrentAttention	0.30	2	15	15	0.0000	0.6211	0.0000	50.24
OOD_Size	16	GNN_MessagePassing	0.30	2	15	15	0.0000	0.5625	0.0000	39.88
OOD_Size	16	LearnedDualEnergy	0.30	2	16	16	0.0000	0.6992	0.0000	161.16
OOD_Size	16	RecurrentAttention	0.30	2	16	16	0.0000	0.6992	0.0000	49.26
OOD_Size	16	GNN_MessagePassing	0.30	2	16	16	0.0000	0.5156	0.0000	38.59
OOD_Size	16	LearnedDualEnergy	0.30	2	17	17	0.0000	0.7344	0.0000	169.46
OOD_Size	16	RecurrentAttention	0.30	2	17	17	0.0000	0.6797	0.0000	48.75
OOD_Size	16	GNN_MessagePassing	0.30	2	17	17	0.0000	0.5039	0.0000	38.30
OOD_Size	16	LearnedDualEnergy	0.30	2	18	18	0.0000	0.7188	0.0000	160.73
OOD_Size	16	RecurrentAttention	0.30	2	18	18	0.0000	0.6641	0.0000	51.11
OOD_Size	16	GNN_MessagePassing	0.30	2	18	18	0.0000	0.5117	0.0000	38.28
OOD_Size	16	LearnedDualEnergy	0.30	2	19	19	0.0000	0.6797	0.0000	161.37
OOD_Size	16	RecurrentAttention	0.30	2	19	19	0.0000	0.6523	0.0000	49.97
OOD_Size	16	GNN_MessagePassing	0.30	2	19	19	0.0000	0.5586	0.0000	45.20
OOD_Size	16	LearnedDualEnergy	0.30	4	0	0	0.0000	0.7031	0.0000	370.10
OOD_Size	16	RecurrentAttention	0.30	4	0	0	0.0000	0.6797	0.0000	99.50
OOD_Size	16	GNN_MessagePassing	0.30	4	0	0	0.0000	0.4883	0.0000	78.07
OOD_Size	16	LearnedDualEnergy	0.30	4	1	1	0.0000	0.7578	0.0000	291.14
OOD_Size	16	RecurrentAttention	0.30	4	1	1	0.0000	0.6719	0.0000	106.15
OOD_Size	16	GNN_MessagePassing	0.30	4	1	1	0.0000	0.4609	0.0000	105.89
OOD_Size	16	LearnedDualEnergy	0.30	4	2	2	0.0000	0.7539	0.0000	3591.62
OOD_Size	16	RecurrentAttention	0.30	4	2	2	0.0000	0.6602	0.0000	282.20
OOD_Size	16	GNN_MessagePassing	0.30	4	2	2	0.0000	0.4883	0.0000	207.44
OOD_Size	16	LearnedDualEnergy	0.30	4	3	3	0.0000	0.7148	0.0000	407.17
OOD_Size	16	RecurrentAttention	0.30	4	3	3	0.0000	0.6367	0.0000	126.70
OOD_Size	16	GNN_MessagePassing	0.30	4	3	3	0.0000	0.5195	0.0000	192.53
OOD_Size	16	LearnedDualEnergy	0.30	4	4	4	0.0000	0.7227	0.0000	294.65
OOD_Size	16	RecurrentAttention	0.30	4	4	4	0.0000	0.6875	0.0000	1029.38
OOD_Size	16	GNN_MessagePassing	0.30	4	4	4	0.0000	0.5469	0.0000	2163.38
OOD_Size	16	LearnedDualEnergy	0.30	4	5	5	0.0000	0.6484	0.0000	498.22
OOD_Size	16	RecurrentAttention	0.30	4	5	5	0.0000	0.6055	0.0000	125.26
OOD_Size	16	GNN_MessagePassing	0.30	4	5	5	0.0000	0.5430	0.0000	130.17
OOD_Size	16	LearnedDualEnergy	0.30	4	6	6	0.0000	0.7148	0.0000	408.59
OOD_Size	16	RecurrentAttention	0.30	4	6	6	0.0000	0.6445	0.0000	126.89
OOD_Size	16	GNN_MessagePassing	0.30	4	6	6	0.0000	0.5039	0.0000	127.56
OOD_Size	16	LearnedDualEnergy	0.30	4	7	7	0.0000	0.7070	0.0000	408.28
OOD_Size	16	RecurrentAttention	0.30	4	7	7	0.0000	0.6523	0.0000	128.50
OOD_Size	16	GNN_MessagePassing	0.30	4	7	7	0.0000	0.5273	0.0000	133.92
OOD_Size	16	LearnedDualEnergy	0.30	4	8	8	0.0000	0.7188	0.0000	293.36
OOD_Size	16	RecurrentAttention	0.30	4	8	8	0.0000	0.6406	0.0000	100.05
OOD_Size	16	GNN_MessagePassing	0.30	4	8	8	0.0000	0.5664	0.0000	79.27
OOD_Size	16	LearnedDualEnergy	0.30	4	9	9	0.0000	0.6992	0.0000	288.94
OOD_Size	16	RecurrentAttention	0.30	4	9	9	0.0000	0.6641	0.0000	97.78
OOD_Size	16	GNN_MessagePassing	0.30	4	9	9	0.0000	0.5078	0.0000	77.17
OOD_Size	16	LearnedDualEnergy	0.30	4	10	10	0.0000	0.6094	0.0000	303.07
OOD_Size	16	RecurrentAttention	0.30	4	10	10	0.0000	0.5977	0.0000	99.69
OOD_Size	16	GNN_MessagePassing	0.30	4	10	10	0.0000	0.5117	0.0000	77.27
OOD_Size	16	LearnedDualEnergy	0.30	4	11	11	0.0000	0.6992	0.0000	376.48
OOD_Size	16	RecurrentAttention	0.30	4	11	11	0.0000	0.6992	0.0000	103.53
OOD_Size	16	GNN_MessagePassing	0.30	4	11	11	0.0000	0.4922	0.0000	79.47
OOD_Size	16	LearnedDualEnergy	0.30	4	12	12	0.0000	0.6406	0.0000	291.92
OOD_Size	16	RecurrentAttention	0.30	4	12	12	0.0000	0.6445	0.0000	99.47
OOD_Size	16	GNN_MessagePassing	0.30	4	12	12	0.0000	0.4688	0.0000	79.69
OOD_Size	16	LearnedDualEnergy	0.30	4	13	13	0.0000	0.7031	0.0000	293.90
OOD_Size	16	RecurrentAttention	0.30	4	13	13	0.0000	0.6211	0.0000	101.51
OOD_Size	16	GNN_MessagePassing	0.30	4	13	13	0.0000	0.4414	0.0000	77.22
OOD_Size	16	LearnedDualEnergy	0.30	4	14	14	0.0000	0.7266	0.0000	290.45
OOD_Size	16	RecurrentAttention	0.30	4	14	14	0.0000	0.6680	0.0000	132.87
OOD_Size	16	GNN_MessagePassing	0.30	4	14	14	0.0000	0.4805	0.0000	83.45
OOD_Size	16	LearnedDualEnergy	0.30	4	15	15	0.0000	0.6562	0.0000	511.49
OOD_Size	16	RecurrentAttention	0.30	4	15	15	0.0000	0.5938	0.0000	151.90
OOD_Size	16	GNN_MessagePassing	0.30	4	15	15	0.0000	0.5156	0.0000	126.57
OOD_Size	16	LearnedDualEnergy	0.30	4	16	16	0.0000	0.6992	0.0000	422.92
OOD_Size	16	RecurrentAttention	0.30	4	16	16	0.0000	0.6523	0.0000	178.10
OOD_Size	16	GNN_MessagePassing	0.30	4	16	16	0.0000	0.5234	0.0000	122.45
OOD_Size	16	LearnedDualEnergy	0.30	4	17	17	0.0000	0.7344	0.0000	434.49
OOD_Size	16	RecurrentAttention	0.30	4	17	17	0.0000	0.6641	0.0000	147.00
OOD_Size	16	GNN_MessagePassing	0.30	4	17	17	0.0000	0.4688	0.0000	125.94
OOD_Size	16	LearnedDualEnergy	0.30	4	18	18	0.0000	0.7188	0.0000	556.17
OOD_Size	16	RecurrentAttention	0.30	4	18	18	0.0000	0.6133	0.0000	133.37
OOD_Size	16	GNN_MessagePassing	0.30	4	18	18	0.0000	0.4805	0.0000	140.33
OOD_Size	16	LearnedDualEnergy	0.30	4	19	19	0.0000	0.6797	0.0000	304.89
OOD_Size	16	RecurrentAttention	0.30	4	19	19	0.0000	0.6328	0.0000	99.58
OOD_Size	16	GNN_MessagePassing	0.30	4	19	19	0.0000	0.5195	0.0000	80.03
OOD_Size	16	LearnedDualEnergy	0.30	8	0	0	0.0000	0.7031	0.0000	881.22
OOD_Size	16	RecurrentAttention	0.30	8	0	0	0.0000	0.6680	0.0000	262.65
OOD_Size	16	GNN_MessagePassing	0.30	8	0	0	0.0000	0.4883	0.0000	327.84
OOD_Size	16	LearnedDualEnergy	0.30	8	1	1	0.0000	0.7578	0.0000	929.84
OOD_Size	16	RecurrentAttention	0.30	8	1	1	0.0000	0.5703	0.0000	255.95
OOD_Size	16	GNN_MessagePassing	0.30	8	1	1	0.0000	0.4766	0.0000	270.72
OOD_Size	16	LearnedDualEnergy	0.30	8	2	2	0.0000	0.7539	0.0000	7368.66
OOD_Size	16	RecurrentAttention	0.30	8	2	2	0.0000	0.6367	0.0000	290.73
OOD_Size	16	GNN_MessagePassing	0.30	8	2	2	0.0000	0.4492	0.0000	272.64
OOD_Size	16	LearnedDualEnergy	0.30	8	3	3	0.0000	0.7148	0.0000	2165.95
OOD_Size	16	RecurrentAttention	0.30	8	3	3	0.0000	0.5859	0.0000	288.84
OOD_Size	16	GNN_MessagePassing	0.30	8	3	3	0.0000	0.5117	0.0000	270.75
OOD_Size	16	LearnedDualEnergy	0.30	8	4	4	0.0000	0.7227	0.0000	1407.17
OOD_Size	16	RecurrentAttention	0.30	8	4	4	0.0000	0.6328	0.0000	214.42
OOD_Size	16	GNN_MessagePassing	0.30	8	4	4	0.0000	0.5312	0.0000	269.78
OOD_Size	16	LearnedDualEnergy	0.30	8	5	5	0.0000	0.6445	0.0000	838.48
OOD_Size	16	RecurrentAttention	0.30	8	5	5	0.0000	0.5664	0.0000	260.55
OOD_Size	16	GNN_MessagePassing	0.30	8	5	5	0.0000	0.5000	0.0000	268.77
OOD_Size	16	LearnedDualEnergy	0.30	8	6	6	0.0000	0.7148	0.0000	809.71
OOD_Size	16	RecurrentAttention	0.30	8	6	6	0.0000	0.5898	0.0000	298.38
OOD_Size	16	GNN_MessagePassing	0.30	8	6	6	0.0000	0.5625	0.0000	260.59
OOD_Size	16	LearnedDualEnergy	0.30	8	7	7	0.0000	0.7070	0.0000	790.89
OOD_Size	16	RecurrentAttention	0.30	8	7	7	0.0000	0.6289	0.0000	238.66
OOD_Size	16	GNN_MessagePassing	0.30	8	7	7	0.0000	0.5234	0.0000	285.31
OOD_Size	16	LearnedDualEnergy	0.30	8	8	8	0.0000	0.7188	0.0000	899.02
OOD_Size	16	RecurrentAttention	0.30	8	8	8	0.0000	0.5859	0.0000	267.40
OOD_Size	16	GNN_MessagePassing	0.30	8	8	8	0.0000	0.5703	0.0000	258.33
OOD_Size	16	LearnedDualEnergy	0.30	8	9	9	0.0000	0.6992	0.0000	1027.72
OOD_Size	16	RecurrentAttention	0.30	8	9	9	0.0000	0.6094	0.0000	301.97
OOD_Size	16	GNN_MessagePassing	0.30	8	9	9	0.0000	0.5703	0.0000	262.18
OOD_Size	16	LearnedDualEnergy	0.30	8	10	10	0.0000	0.6094	0.0000	782.87
OOD_Size	16	RecurrentAttention	0.30	8	10	10	0.0000	0.5586	0.0000	262.80
OOD_Size	16	GNN_MessagePassing	0.30	8	10	10	0.0000	0.4766	0.0000	337.39
OOD_Size	16	LearnedDualEnergy	0.30	8	11	11	0.0000	0.6992	0.0000	726.90
OOD_Size	16	RecurrentAttention	0.30	8	11	11	0.0000	0.6875	0.0000	207.61
OOD_Size	16	GNN_MessagePassing	0.30	8	11	11	0.0000	0.5078	0.0000	220.90
OOD_Size	16	LearnedDualEnergy	0.30	8	12	12	0.0000	0.6406	0.0000	613.29
OOD_Size	16	RecurrentAttention	0.30	8	12	12	0.0000	0.5977	0.0000	210.74
OOD_Size	16	GNN_MessagePassing	0.30	8	12	12	0.0000	0.5352	0.0000	203.67
OOD_Size	16	LearnedDualEnergy	0.30	8	13	13	0.0000	0.7031	0.0000	684.29
OOD_Size	16	RecurrentAttention	0.30	8	13	13	0.0000	0.5820	0.0000	222.40
OOD_Size	16	GNN_MessagePassing	0.30	8	13	13	0.0000	0.4570	0.0000	160.33
OOD_Size	16	LearnedDualEnergy	0.30	8	14	14	0.0000	0.7266	0.0000	699.93
OOD_Size	16	RecurrentAttention	0.30	8	14	14	0.0000	0.6445	0.0000	262.55
OOD_Size	16	GNN_MessagePassing	0.30	8	14	14	0.0000	0.5078	0.0000	158.20
OOD_Size	16	LearnedDualEnergy	0.30	8	15	15	0.0000	0.6562	0.0000	611.47
OOD_Size	16	RecurrentAttention	0.30	8	15	15	0.0000	0.5859	0.0000	207.03
OOD_Size	16	GNN_MessagePassing	0.30	8	15	15	0.0000	0.5312	0.0000	157.58
OOD_Size	16	LearnedDualEnergy	0.30	8	16	16	0.0000	0.6992	0.0000	619.06
OOD_Size	16	RecurrentAttention	0.30	8	16	16	0.0000	0.6133	0.0000	284.78
OOD_Size	16	GNN_MessagePassing	0.30	8	16	16	0.0000	0.5117	0.0000	189.66
OOD_Size	16	LearnedDualEnergy	0.30	8	17	17	0.0000	0.7344	0.0000	666.79
OOD_Size	16	RecurrentAttention	0.30	8	17	17	0.0000	0.6367	0.0000	239.84
OOD_Size	16	GNN_MessagePassing	0.30	8	17	17	0.0000	0.5273	0.0000	234.17
OOD_Size	16	LearnedDualEnergy	0.30	8	18	18	0.0000	0.7188	0.0000	802.75
OOD_Size	16	RecurrentAttention	0.30	8	18	18	0.0000	0.5547	0.0000	283.48
OOD_Size	16	GNN_MessagePassing	0.30	8	18	18	0.0000	0.4648	0.0000	258.10
OOD_Size	16	LearnedDualEnergy	0.30	8	19	19	0.0000	0.6797	0.0000	766.99
OOD_Size	16	RecurrentAttention	0.30	8	19	19	0.0000	0.6133	0.0000	312.77
OOD_Size	16	GNN_MessagePassing	0.30	8	19	19	0.0000	0.5078	0.0000	157.94
OOD_Size	16	LearnedDualEnergy	0.30	16	0	0	0.0000	0.7109	0.0000	6406.23
OOD_Size	16	RecurrentAttention	0.30	16	0	0	0.0000	0.6211	0.0000	868.87
OOD_Size	16	GNN_MessagePassing	0.30	16	0	0	0.0000	0.5273	0.0000	914.11
OOD_Size	16	LearnedDualEnergy	0.30	16	1	1	0.0000	0.7578	0.0000	6190.99
OOD_Size	16	RecurrentAttention	0.30	16	1	1	0.0000	0.5391	0.0000	520.34
OOD_Size	16	GNN_MessagePassing	0.30	16	1	1	0.0000	0.5430	0.0000	643.66
OOD_Size	16	LearnedDualEnergy	0.30	16	2	2	0.0000	0.7539	0.0000	1135.66
OOD_Size	16	RecurrentAttention	0.30	16	2	2	0.0000	0.6328	0.0000	784.00
OOD_Size	16	GNN_MessagePassing	0.30	16	2	2	0.0000	0.4688	0.0000	728.07
OOD_Size	16	LearnedDualEnergy	0.30	16	3	3	0.0000	0.7148	0.0000	1373.77
OOD_Size	16	RecurrentAttention	0.30	16	3	3	0.0000	0.5703	0.0000	449.16
OOD_Size	16	GNN_MessagePassing	0.30	16	3	3	0.0000	0.5078	0.0000	359.75
OOD_Size	16	LearnedDualEnergy	0.30	16	4	4	0.0000	0.7227	0.0000	1263.70
OOD_Size	16	RecurrentAttention	0.30	16	4	4	0.0000	0.5625	0.0000	428.86
OOD_Size	16	GNN_MessagePassing	0.30	16	4	4	0.0000	0.5234	0.0000	318.44
OOD_Size	16	LearnedDualEnergy	0.30	16	5	5	0.0000	0.6367	0.0000	1617.49
OOD_Size	16	RecurrentAttention	0.30	16	5	5	0.0000	0.5469	0.0000	515.81
OOD_Size	16	GNN_MessagePassing	0.30	16	5	5	0.0000	0.5195	0.0000	586.75
OOD_Size	16	LearnedDualEnergy	0.30	16	6	6	0.0000	0.7109	0.0000	1523.29
OOD_Size	16	RecurrentAttention	0.30	16	6	6	0.0000	0.5664	0.0000	838.40
OOD_Size	16	GNN_MessagePassing	0.30	16	6	6	0.0000	0.5195	0.0000	524.27
OOD_Size	16	LearnedDualEnergy	0.30	16	7	7	0.0000	0.7070	0.0000	2231.37
OOD_Size	16	RecurrentAttention	0.30	16	7	7	0.0000	0.6133	0.0000	558.87
OOD_Size	16	GNN_MessagePassing	0.30	16	7	7	0.0000	0.5039	0.0000	560.52
OOD_Size	16	LearnedDualEnergy	0.30	16	8	8	0.0000	0.7148	0.0000	1669.68
OOD_Size	16	RecurrentAttention	0.30	16	8	8	0.0000	0.5664	0.0000	516.39
OOD_Size	16	GNN_MessagePassing	0.30	16	8	8	0.0000	0.5195	0.0000	519.53
OOD_Size	16	LearnedDualEnergy	0.30	16	9	9	0.0000	0.6953	0.0000	1700.44
OOD_Size	16	RecurrentAttention	0.30	16	9	9	0.0000	0.5820	0.0000	521.43
OOD_Size	16	GNN_MessagePassing	0.30	16	9	9	0.0000	0.5234	0.0000	571.27
OOD_Size	16	LearnedDualEnergy	0.30	16	10	10	0.0000	0.6094	0.0000	1568.25
OOD_Size	16	RecurrentAttention	0.30	16	10	10	0.0000	0.5156	0.0000	494.49
OOD_Size	16	GNN_MessagePassing	0.30	16	10	10	0.0000	0.4453	0.0000	634.68
OOD_Size	16	LearnedDualEnergy	0.30	16	11	11	0.0000	0.6992	0.0000	1153.85
OOD_Size	16	RecurrentAttention	0.30	16	11	11	0.0000	0.6406	0.0000	406.25
OOD_Size	16	GNN_MessagePassing	0.30	16	11	11	0.0000	0.4688	0.0000	7100.09
OOD_Size	16	LearnedDualEnergy	0.30	16	12	12	0.0000	0.6328	0.0000	1592.91
OOD_Size	16	RecurrentAttention	0.30	16	12	12	0.0000	0.5977	0.0000	407.91
OOD_Size	16	GNN_MessagePassing	0.30	16	12	12	0.0000	0.4844	0.0000	381.99
OOD_Size	16	LearnedDualEnergy	0.30	16	13	13	0.0000	0.7031	0.0000	1281.53
OOD_Size	16	RecurrentAttention	0.30	16	13	13	0.0000	0.5586	0.0000	422.11
OOD_Size	16	GNN_MessagePassing	0.30	16	13	13	0.0000	0.4883	0.0000	309.59
OOD_Size	16	LearnedDualEnergy	0.30	16	14	14	0.0000	0.7227	0.0000	3090.82
OOD_Size	16	RecurrentAttention	0.30	16	14	14	0.0000	0.6328	0.0000	572.52
OOD_Size	16	GNN_MessagePassing	0.30	16	14	14	0.0000	0.4609	0.0000	516.62
OOD_Size	16	LearnedDualEnergy	0.30	16	15	15	0.0000	0.6562	0.0000	1254.82
OOD_Size	16	RecurrentAttention	0.30	16	15	15	0.0000	0.5312	0.0000	444.32
OOD_Size	16	GNN_MessagePassing	0.30	16	15	15	0.0000	0.5312	0.0000	371.31
OOD_Size	16	LearnedDualEnergy	0.30	16	16	16	0.0000	0.6914	0.0000	1585.37
OOD_Size	16	RecurrentAttention	0.30	16	16	16	0.0000	0.5820	0.0000	399.94
OOD_Size	16	GNN_MessagePassing	0.30	16	16	16	0.0000	0.5039	0.0000	312.62
OOD_Size	16	LearnedDualEnergy	0.30	16	17	17	0.0000	0.7344	0.0000	1655.10
OOD_Size	16	RecurrentAttention	0.30	16	17	17	0.0000	0.5938	0.0000	942.66
OOD_Size	16	GNN_MessagePassing	0.30	16	17	17	0.0000	0.5273	0.0000	525.40
OOD_Size	16	LearnedDualEnergy	0.30	16	18	18	0.0000	0.7266	0.0000	1194.48
OOD_Size	16	RecurrentAttention	0.30	16	18	18	0.0000	0.5234	0.0000	477.05
OOD_Size	16	GNN_MessagePassing	0.30	16	18	18	0.0000	0.4531	0.0000	364.60
OOD_Size	16	LearnedDualEnergy	0.30	16	19	19	0.0000	0.6758	0.0000	1228.40
OOD_Size	16	RecurrentAttention	0.30	16	19	19	0.0000	0.5820	0.0000	404.44
OOD_Size	16	GNN_MessagePassing	0.30	16	19	19	0.0000	0.5508	0.0000	467.59
OOD_Size	16	LearnedDualEnergy	0.30	32	0	0	0.0000	0.7031	0.0000	4039.15
OOD_Size	16	RecurrentAttention	0.30	32	0	0	0.0000	0.5977	0.0000	1163.35
OOD_Size	16	GNN_MessagePassing	0.30	32	0	0	0.0000	0.4805	0.0000	1104.62
OOD_Size	16	LearnedDualEnergy	0.30	32	1	1	0.0000	0.7539	0.0000	3285.14
OOD_Size	16	RecurrentAttention	0.30	32	1	1	0.0000	0.4961	0.0000	1060.02
OOD_Size	16	GNN_MessagePassing	0.30	32	1	1	0.0000	0.5820	0.0000	1078.46
OOD_Size	16	LearnedDualEnergy	0.30	32	2	2	0.0000	0.7422	0.0000	3244.89
OOD_Size	16	RecurrentAttention	0.30	32	2	2	0.0000	0.6055	0.0000	1218.48
OOD_Size	16	GNN_MessagePassing	0.30	32	2	2	0.0000	0.5156	0.0000	1071.95
OOD_Size	16	LearnedDualEnergy	0.30	32	3	3	0.0000	0.7148	0.0000	3031.18
OOD_Size	16	RecurrentAttention	0.30	32	3	3	0.0000	0.5547	0.0000	1050.47
OOD_Size	16	GNN_MessagePassing	0.30	32	3	3	0.0000	0.4375	0.0000	1057.31
OOD_Size	16	LearnedDualEnergy	0.30	32	4	4	0.0000	0.6914	0.0000	3266.18
OOD_Size	16	RecurrentAttention	0.30	32	4	4	0.0000	0.5391	0.0000	1127.88
OOD_Size	16	GNN_MessagePassing	0.30	32	4	4	0.0000	0.5430	0.0000	1084.12
OOD_Size	16	LearnedDualEnergy	0.30	32	5	5	0.0000	0.6328	0.0000	2630.05
OOD_Size	16	RecurrentAttention	0.30	32	5	5	0.0000	0.5000	0.0000	802.89
OOD_Size	16	GNN_MessagePassing	0.30	32	5	5	0.0000	0.5469	0.0000	669.09
OOD_Size	16	LearnedDualEnergy	0.30	32	6	6	0.0000	0.7031	0.0000	2347.29
OOD_Size	16	RecurrentAttention	0.30	32	6	6	0.0000	0.5430	0.0000	854.86
OOD_Size	16	GNN_MessagePassing	0.30	32	6	6	0.0000	0.4688	0.0000	1083.72
OOD_Size	16	LearnedDualEnergy	0.30	32	7	7	0.0000	0.7031	0.0000	2843.06
OOD_Size	16	RecurrentAttention	0.30	32	7	7	0.0000	0.5938	0.0000	1166.50
OOD_Size	16	GNN_MessagePassing	0.30	32	7	7	0.0000	0.5312	0.0000	1185.45
OOD_Size	16	LearnedDualEnergy	0.30	32	8	8	0.0000	0.7109	0.0000	3618.12
OOD_Size	16	RecurrentAttention	0.30	32	8	8	0.0000	0.5703	0.0000	1686.00
OOD_Size	16	GNN_MessagePassing	0.30	32	8	8	0.0000	0.4961	0.0000	749.27
OOD_Size	16	LearnedDualEnergy	0.30	32	9	9	0.0000	0.6836	0.0000	2275.74
OOD_Size	16	RecurrentAttention	0.30	32	9	9	0.0000	0.5430	0.0000	977.95
OOD_Size	16	GNN_MessagePassing	0.30	32	9	9	0.0000	0.5430	0.0000	850.91
OOD_Size	16	LearnedDualEnergy	0.30	32	10	10	0.0000	0.6172	0.0000	16314.11
OOD_Size	16	RecurrentAttention	0.30	32	10	10	0.0000	0.5039	0.0000	1136.18
OOD_Size	16	GNN_MessagePassing	0.30	32	10	10	0.0000	0.5117	0.0000	4138.34
OOD_Size	16	LearnedDualEnergy	0.30	32	11	11	0.0000	0.6875	0.0000	7469.48
OOD_Size	16	RecurrentAttention	0.30	32	11	11	0.0000	0.6055	0.0000	1293.69
OOD_Size	16	GNN_MessagePassing	0.30	32	11	11	0.0000	0.4531	0.0000	1022.89
OOD_Size	16	LearnedDualEnergy	0.30	32	12	12	0.0000	0.6211	0.0000	5435.26
OOD_Size	16	RecurrentAttention	0.30	32	12	12	0.0000	0.5820	0.0000	1079.08
OOD_Size	16	GNN_MessagePassing	0.30	32	12	12	0.0000	0.5078	0.0000	1094.27
OOD_Size	16	LearnedDualEnergy	0.30	32	13	13	0.0000	0.7031	0.0000	3072.73
OOD_Size	16	RecurrentAttention	0.30	32	13	13	0.0000	0.5391	0.0000	870.81
OOD_Size	16	GNN_MessagePassing	0.30	32	13	13	0.0000	0.5195	0.0000	654.92
OOD_Size	16	LearnedDualEnergy	0.30	32	14	14	0.0000	0.7188	0.0000	4119.50
OOD_Size	16	RecurrentAttention	0.30	32	14	14	0.0000	0.6445	0.0000	1944.02
OOD_Size	16	GNN_MessagePassing	0.30	32	14	14	0.0000	0.5195	0.0000	1096.03
OOD_Size	16	LearnedDualEnergy	0.30	32	15	15	0.0000	0.6484	0.0000	2728.18
OOD_Size	16	RecurrentAttention	0.30	32	15	15	0.0000	0.5312	0.0000	855.44
OOD_Size	16	GNN_MessagePassing	0.30	32	15	15	0.0000	0.5117	0.0000	623.73
OOD_Size	16	LearnedDualEnergy	0.30	32	16	16	0.0000	0.6875	0.0000	2483.44
OOD_Size	16	RecurrentAttention	0.30	32	16	16	0.0000	0.5469	0.0000	984.40
OOD_Size	16	GNN_MessagePassing	0.30	32	16	16	0.0000	0.4766	0.0000	1231.75
OOD_Size	16	LearnedDualEnergy	0.30	32	17	17	0.0000	0.7148	0.0000	19031.84
OOD_Size	16	RecurrentAttention	0.30	32	17	17	0.0000	0.5156	0.0000	1222.69
OOD_Size	16	GNN_MessagePassing	0.30	32	17	17	0.0000	0.5352	0.0000	1159.39
OOD_Size	16	LearnedDualEnergy	0.30	32	18	18	0.0000	0.7148	0.0000	5446.03
OOD_Size	16	RecurrentAttention	0.30	32	18	18	0.0000	0.4922	0.0000	1093.85
OOD_Size	16	GNN_MessagePassing	0.30	32	18	18	0.0000	0.5078	0.0000	2334.95
OOD_Size	16	LearnedDualEnergy	0.30	32	19	19	0.0000	0.6719	0.0000	4232.54
OOD_Size	16	RecurrentAttention	0.30	32	19	19	0.0000	0.5547	0.0000	830.25
OOD_Size	16	GNN_MessagePassing	0.30	32	19	19	0.0000	0.4727	0.0000	709.52
OOD_Size	32	LearnedDualEnergy	0.10	1	0	0	0.0000	0.8867	0.0000	271.15
OOD_Size	32	RecurrentAttention	0.10	1	0	0	0.0000	0.8789	0.0000	103.43
OOD_Size	32	GNN_MessagePassing	0.10	1	0	0	0.0000	0.4746	0.0000	69.81
OOD_Size	32	LearnedDualEnergy	0.10	1	1	1	0.0000	0.9121	0.0000	253.29
OOD_Size	32	RecurrentAttention	0.10	1	1	1	0.0000	0.9004	0.0000	63.35
OOD_Size	32	GNN_MessagePassing	0.10	1	1	1	0.0000	0.5391	0.0000	81.08
OOD_Size	32	LearnedDualEnergy	0.10	1	2	2	0.0000	0.9141	0.0000	1841.06
OOD_Size	32	RecurrentAttention	0.10	1	2	2	0.0000	0.9121	0.0000	187.33
OOD_Size	32	GNN_MessagePassing	0.10	1	2	2	0.0000	0.4941	0.0000	190.91
OOD_Size	32	LearnedDualEnergy	0.10	1	3	3	0.0000	0.8906	0.0000	282.44
OOD_Size	32	RecurrentAttention	0.10	1	3	3	0.0000	0.8770	0.0000	69.23
OOD_Size	32	GNN_MessagePassing	0.10	1	3	3	0.0000	0.4375	0.0000	72.46
OOD_Size	32	LearnedDualEnergy	0.10	1	4	4	0.0000	0.8984	0.0000	935.92
OOD_Size	32	RecurrentAttention	0.10	1	4	4	0.0000	0.8945	0.0000	74.26
OOD_Size	32	GNN_MessagePassing	0.10	1	4	4	0.0000	0.5059	0.0000	84.62
OOD_Size	32	LearnedDualEnergy	0.10	1	5	5	0.0000	0.8984	0.0000	475.83
OOD_Size	32	RecurrentAttention	0.10	1	5	5	0.0000	0.8887	0.0000	98.79
OOD_Size	32	GNN_MessagePassing	0.10	1	5	5	0.0000	0.5195	0.0000	100.77
OOD_Size	32	LearnedDualEnergy	0.10	1	6	6	0.0000	0.8828	0.0000	377.32
OOD_Size	32	RecurrentAttention	0.10	1	6	6	0.0000	0.8828	0.0000	91.97
OOD_Size	32	GNN_MessagePassing	0.10	1	6	6	0.0000	0.4336	0.0000	97.48
OOD_Size	32	LearnedDualEnergy	0.10	1	7	7	0.0000	0.9023	0.0000	701.31
OOD_Size	32	RecurrentAttention	0.10	1	7	7	0.0000	0.8965	0.0000	224.39
OOD_Size	32	GNN_MessagePassing	0.10	1	7	7	0.0000	0.5039	0.0000	193.54
OOD_Size	32	LearnedDualEnergy	0.10	1	8	8	0.0000	0.8809	0.0000	299.24
OOD_Size	32	RecurrentAttention	0.10	1	8	8	0.0000	0.8789	0.0000	76.35
OOD_Size	32	GNN_MessagePassing	0.10	1	8	8	0.0000	0.5059	0.0000	68.96
OOD_Size	32	LearnedDualEnergy	0.10	1	9	9	0.0000	0.8945	0.0000	295.55
OOD_Size	32	RecurrentAttention	0.10	1	9	9	0.0000	0.8848	0.0000	64.78
OOD_Size	32	GNN_MessagePassing	0.10	1	9	9	0.0000	0.5039	0.0000	69.56
OOD_Size	32	LearnedDualEnergy	0.10	1	10	10	0.0000	0.9062	0.0000	202.54
OOD_Size	32	RecurrentAttention	0.10	1	10	10	0.0000	0.8965	0.0000	52.75
OOD_Size	32	GNN_MessagePassing	0.10	1	10	10	0.0000	0.4863	0.0000	46.31
OOD_Size	32	LearnedDualEnergy	0.10	1	11	11	0.0000	0.9102	0.0000	259.93
OOD_Size	32	RecurrentAttention	0.10	1	11	11	0.0000	0.9023	0.0000	52.70
OOD_Size	32	GNN_MessagePassing	0.10	1	11	11	0.0000	0.4883	0.0000	42.56
OOD_Size	32	LearnedDualEnergy	0.10	1	12	12	0.0000	0.9023	0.0000	188.75
OOD_Size	32	RecurrentAttention	0.10	1	12	12	0.0000	0.8965	0.0000	51.33
OOD_Size	32	GNN_MessagePassing	0.10	1	12	12	0.0000	0.5000	0.0000	42.82
OOD_Size	32	LearnedDualEnergy	0.10	1	13	13	0.0000	0.8848	0.0000	193.24
OOD_Size	32	RecurrentAttention	0.10	1	13	13	0.0000	0.8730	0.0000	51.84
OOD_Size	32	GNN_MessagePassing	0.10	1	13	13	0.0000	0.4824	0.0000	41.88
OOD_Size	32	LearnedDualEnergy	0.10	1	14	14	0.0000	0.9082	0.0000	212.26
OOD_Size	32	RecurrentAttention	0.10	1	14	14	0.0000	0.8828	0.0000	50.07
OOD_Size	32	GNN_MessagePassing	0.10	1	14	14	0.0000	0.4707	0.0000	40.93
OOD_Size	32	LearnedDualEnergy	0.10	1	15	15	0.0000	0.8848	0.0000	184.80
OOD_Size	32	RecurrentAttention	0.10	1	15	15	0.0000	0.8730	0.0000	51.59
OOD_Size	32	GNN_MessagePassing	0.10	1	15	15	0.0000	0.5254	0.0000	40.16
OOD_Size	32	LearnedDualEnergy	0.10	1	16	16	0.0000	0.8945	0.0000	236.84
OOD_Size	32	RecurrentAttention	0.10	1	16	16	0.0000	0.8613	0.0000	60.75
OOD_Size	32	GNN_MessagePassing	0.10	1	16	16	0.0000	0.4609	0.0000	69.53
OOD_Size	32	LearnedDualEnergy	0.10	1	17	17	0.0000	0.9141	0.0000	392.54
OOD_Size	32	RecurrentAttention	0.10	1	17	17	0.0000	0.8965	0.0000	65.10
OOD_Size	32	GNN_MessagePassing	0.10	1	17	17	0.0000	0.5293	0.0000	51.39
OOD_Size	32	LearnedDualEnergy	0.10	1	18	18	0.0000	0.9062	0.0000	230.65
OOD_Size	32	RecurrentAttention	0.10	1	18	18	0.0000	0.8750	0.0000	71.31
OOD_Size	32	GNN_MessagePassing	0.10	1	18	18	0.0000	0.4883	0.0000	69.74
OOD_Size	32	LearnedDualEnergy	0.10	1	19	19	0.0000	0.8965	0.0000	555.09
OOD_Size	32	RecurrentAttention	0.10	1	19	19	0.0000	0.8770	0.0000	63.74
OOD_Size	32	GNN_MessagePassing	0.10	1	19	19	0.0000	0.4902	0.0000	66.50
OOD_Size	32	LearnedDualEnergy	0.10	2	0	0	0.0000	0.8867	0.0000	537.37
OOD_Size	32	RecurrentAttention	0.10	2	0	0	0.0000	0.8477	0.0000	129.14
OOD_Size	32	GNN_MessagePassing	0.10	2	0	0	0.0000	0.4980	0.0000	133.25
OOD_Size	32	LearnedDualEnergy	0.10	2	1	1	0.0000	0.9121	0.0000	468.86
OOD_Size	32	RecurrentAttention	0.10	2	1	1	0.0000	0.8457	0.0000	131.83
OOD_Size	32	GNN_MessagePassing	0.10	2	1	1	0.0000	0.5176	0.0000	134.99
OOD_Size	32	LearnedDualEnergy	0.10	2	2	2	0.0000	0.9141	0.0000	542.37
OOD_Size	32	RecurrentAttention	0.10	2	2	2	0.0000	0.8711	0.0000	131.76
OOD_Size	32	GNN_MessagePassing	0.10	2	2	2	0.0000	0.5078	0.0000	135.35
OOD_Size	32	LearnedDualEnergy	0.10	2	3	3	0.0000	0.8906	0.0000	452.08
OOD_Size	32	RecurrentAttention	0.10	2	3	3	0.0000	0.8438	0.0000	130.11
OOD_Size	32	GNN_MessagePassing	0.10	2	3	3	0.0000	0.5117	0.0000	133.24
OOD_Size	32	LearnedDualEnergy	0.10	2	4	4	0.0000	0.8984	0.0000	565.60
OOD_Size	32	RecurrentAttention	0.10	2	4	4	0.0000	0.8535	0.0000	123.98
OOD_Size	32	GNN_MessagePassing	0.10	2	4	4	0.0000	0.4961	0.0000	130.85
OOD_Size	32	LearnedDualEnergy	0.10	2	5	5	0.0000	0.8984	0.0000	4033.22
OOD_Size	32	RecurrentAttention	0.10	2	5	5	0.0000	0.8555	0.0000	106.31
OOD_Size	32	GNN_MessagePassing	0.10	2	5	5	0.0000	0.5273	0.0000	82.23
OOD_Size	32	LearnedDualEnergy	0.10	2	6	6	0.0000	0.8828	0.0000	335.84
OOD_Size	32	RecurrentAttention	0.10	2	6	6	0.0000	0.8516	0.0000	104.45
OOD_Size	32	GNN_MessagePassing	0.10	2	6	6	0.0000	0.5195	0.0000	83.15
OOD_Size	32	LearnedDualEnergy	0.10	2	7	7	0.0000	0.9023	0.0000	356.43
OOD_Size	32	RecurrentAttention	0.10	2	7	7	0.0000	0.8633	0.0000	98.24
OOD_Size	32	GNN_MessagePassing	0.10	2	7	7	0.0000	0.5312	0.0000	81.67
OOD_Size	32	LearnedDualEnergy	0.10	2	8	8	0.0000	0.8809	0.0000	389.07
OOD_Size	32	RecurrentAttention	0.10	2	8	8	0.0000	0.8340	0.0000	101.56
OOD_Size	32	GNN_MessagePassing	0.10	2	8	8	0.0000	0.5156	0.0000	98.59
OOD_Size	32	LearnedDualEnergy	0.10	2	9	9	0.0000	0.8945	0.0000	326.33
OOD_Size	32	RecurrentAttention	0.10	2	9	9	0.0000	0.8574	0.0000	100.97
OOD_Size	32	GNN_MessagePassing	0.10	2	9	9	0.0000	0.5430	0.0000	83.77
OOD_Size	32	LearnedDualEnergy	0.10	2	10	10	0.0000	0.9062	0.0000	442.57
OOD_Size	32	RecurrentAttention	0.10	2	10	10	0.0000	0.8730	0.0000	150.11
OOD_Size	32	GNN_MessagePassing	0.10	2	10	10	0.0000	0.5312	0.0000	106.48
OOD_Size	32	LearnedDualEnergy	0.10	2	11	11	0.0000	0.9102	0.0000	465.15
OOD_Size	32	RecurrentAttention	0.10	2	11	11	0.0000	0.8730	0.0000	205.48
OOD_Size	32	GNN_MessagePassing	0.10	2	11	11	0.0000	0.4922	0.0000	104.11
OOD_Size	32	LearnedDualEnergy	0.10	2	12	12	0.0000	0.9023	0.0000	374.21
OOD_Size	32	RecurrentAttention	0.10	2	12	12	0.0000	0.8516	0.0000	101.22
OOD_Size	32	GNN_MessagePassing	0.10	2	12	12	0.0000	0.4668	0.0000	82.45
OOD_Size	32	LearnedDualEnergy	0.10	2	13	13	0.0000	0.8848	0.0000	6736.14
OOD_Size	32	RecurrentAttention	0.10	2	13	13	0.0000	0.8516	0.0000	103.93
OOD_Size	32	GNN_MessagePassing	0.10	2	13	13	0.0000	0.5039	0.0000	81.08
OOD_Size	32	LearnedDualEnergy	0.10	2	14	14	0.0000	0.9082	0.0000	343.22
OOD_Size	32	RecurrentAttention	0.10	2	14	14	0.0000	0.8398	0.0000	102.03
OOD_Size	32	GNN_MessagePassing	0.10	2	14	14	0.0000	0.5078	0.0000	115.40
OOD_Size	32	LearnedDualEnergy	0.10	2	15	15	0.0000	0.8848	0.0000	480.88
OOD_Size	32	RecurrentAttention	0.10	2	15	15	0.0000	0.8398	0.0000	122.74
OOD_Size	32	GNN_MessagePassing	0.10	2	15	15	0.0000	0.5234	0.0000	135.21
OOD_Size	32	LearnedDualEnergy	0.10	2	16	16	0.0000	0.8945	0.0000	427.68
OOD_Size	32	RecurrentAttention	0.10	2	16	16	0.0000	0.8320	0.0000	199.41
OOD_Size	32	GNN_MessagePassing	0.10	2	16	16	0.0000	0.5273	0.0000	84.91
OOD_Size	32	LearnedDualEnergy	0.10	2	17	17	0.0000	0.9141	0.0000	375.53
OOD_Size	32	RecurrentAttention	0.10	2	17	17	0.0000	0.8457	0.0000	100.88
OOD_Size	32	GNN_MessagePassing	0.10	2	17	17	0.0000	0.5254	0.0000	82.35
OOD_Size	32	LearnedDualEnergy	0.10	2	18	18	0.0000	0.9062	0.0000	335.98
OOD_Size	32	RecurrentAttention	0.10	2	18	18	0.0000	0.8301	0.0000	102.15
OOD_Size	32	GNN_MessagePassing	0.10	2	18	18	0.0000	0.5684	0.0000	2073.53
OOD_Size	32	LearnedDualEnergy	0.10	2	19	19	0.0000	0.8965	0.0000	363.33
OOD_Size	32	RecurrentAttention	0.10	2	19	19	0.0000	0.8496	0.0000	136.84
OOD_Size	32	GNN_MessagePassing	0.10	2	19	19	0.0000	0.5352	0.0000	85.02
OOD_Size	32	LearnedDualEnergy	0.10	4	0	0	0.0000	0.8867	0.0000	891.93
OOD_Size	32	RecurrentAttention	0.10	4	0	0	0.0000	0.7949	0.0000	252.78
OOD_Size	32	GNN_MessagePassing	0.10	4	0	0	0.0000	0.5117	0.0000	250.73
OOD_Size	32	LearnedDualEnergy	0.10	4	1	1	0.0000	0.9121	0.0000	818.66
OOD_Size	32	RecurrentAttention	0.10	4	1	1	0.0000	0.7891	0.0000	265.06
OOD_Size	32	GNN_MessagePassing	0.10	4	1	1	0.0000	0.5293	0.0000	256.34
OOD_Size	32	LearnedDualEnergy	0.10	4	2	2	0.0000	0.9141	0.0000	4726.67
OOD_Size	32	RecurrentAttention	0.10	4	2	2	0.0000	0.8027	0.0000	251.42
OOD_Size	32	GNN_MessagePassing	0.10	4	2	2	0.0000	0.5215	0.0000	263.71
OOD_Size	32	LearnedDualEnergy	0.10	4	3	3	0.0000	0.8906	0.0000	613.41
OOD_Size	32	RecurrentAttention	0.10	4	3	3	0.0000	0.8027	0.0000	275.24
OOD_Size	32	GNN_MessagePassing	0.10	4	3	3	0.0000	0.5391	0.0000	207.52
OOD_Size	32	LearnedDualEnergy	0.10	4	4	4	0.0000	0.8984	0.0000	596.09
OOD_Size	32	RecurrentAttention	0.10	4	4	4	0.0000	0.8066	0.0000	246.45
OOD_Size	32	GNN_MessagePassing	0.10	4	4	4	0.0000	0.5645	0.0000	257.49
OOD_Size	32	LearnedDualEnergy	0.10	4	5	5	0.0000	0.8984	0.0000	723.31
OOD_Size	32	RecurrentAttention	0.10	4	5	5	0.0000	0.8086	0.0000	209.70
OOD_Size	32	GNN_MessagePassing	0.10	4	5	5	0.0000	0.4941	0.0000	169.64
OOD_Size	32	LearnedDualEnergy	0.10	4	6	6	0.0000	0.8828	0.0000	604.72
OOD_Size	32	RecurrentAttention	0.10	4	6	6	0.0000	0.8184	0.0000	202.58
OOD_Size	32	GNN_MessagePassing	0.10	4	6	6	0.0000	0.5254	0.0000	160.65
OOD_Size	32	LearnedDualEnergy	0.10	4	7	7	0.0000	0.9023	0.0000	708.64
OOD_Size	32	RecurrentAttention	0.10	4	7	7	0.0000	0.8164	0.0000	218.86
OOD_Size	32	GNN_MessagePassing	0.10	4	7	7	0.0000	0.5449	0.0000	169.01
OOD_Size	32	LearnedDualEnergy	0.10	4	8	8	0.0000	0.8809	0.0000	595.58
OOD_Size	32	RecurrentAttention	0.10	4	8	8	0.0000	0.7949	0.0000	201.45
OOD_Size	32	GNN_MessagePassing	0.10	4	8	8	0.0000	0.5176	0.0000	2108.00
OOD_Size	32	LearnedDualEnergy	0.10	4	9	9	0.0000	0.8945	0.0000	708.28
OOD_Size	32	RecurrentAttention	0.10	4	9	9	0.0000	0.8145	0.0000	206.73
OOD_Size	32	GNN_MessagePassing	0.10	4	9	9	0.0000	0.5566	0.0000	169.06
OOD_Size	32	LearnedDualEnergy	0.10	4	10	10	0.0000	0.9062	0.0000	618.44
OOD_Size	32	RecurrentAttention	0.10	4	10	10	0.0000	0.8164	0.0000	214.77
OOD_Size	32	GNN_MessagePassing	0.10	4	10	10	0.0000	0.5098	0.0000	206.20
OOD_Size	32	LearnedDualEnergy	0.10	4	11	11	0.0000	0.9102	0.0000	625.73
OOD_Size	32	RecurrentAttention	0.10	4	11	11	0.0000	0.8242	0.0000	210.43
OOD_Size	32	GNN_MessagePassing	0.10	4	11	11	0.0000	0.5293	0.0000	282.85
OOD_Size	32	LearnedDualEnergy	0.10	4	12	12	0.0000	0.9023	0.0000	628.12
OOD_Size	32	RecurrentAttention	0.10	4	12	12	0.0000	0.8008	0.0000	238.69
OOD_Size	32	GNN_MessagePassing	0.10	4	12	12	0.0000	0.4980	0.0000	170.54
OOD_Size	32	LearnedDualEnergy	0.10	4	13	13	0.0000	0.8848	0.0000	7111.01
OOD_Size	32	RecurrentAttention	0.10	4	13	13	0.0000	0.8262	0.0000	248.52
OOD_Size	32	GNN_MessagePassing	0.10	4	13	13	0.0000	0.5723	0.0000	264.21
OOD_Size	32	LearnedDualEnergy	0.10	4	14	14	0.0000	0.9082	0.0000	1079.49
OOD_Size	32	RecurrentAttention	0.10	4	14	14	0.0000	0.8164	0.0000	246.46
OOD_Size	32	GNN_MessagePassing	0.10	4	14	14	0.0000	0.5137	0.0000	255.84
OOD_Size	32	LearnedDualEnergy	0.10	4	15	15	0.0000	0.8848	0.0000	804.05
OOD_Size	32	RecurrentAttention	0.10	4	15	15	0.0000	0.7969	0.0000	360.24
OOD_Size	32	GNN_MessagePassing	0.10	4	15	15	0.0000	0.5430	0.0000	261.11
OOD_Size	32	LearnedDualEnergy	0.10	4	16	16	0.0000	0.8945	0.0000	789.51
OOD_Size	32	RecurrentAttention	0.10	4	16	16	0.0000	0.7891	0.0000	260.89
OOD_Size	32	GNN_MessagePassing	0.10	4	16	16	0.0000	0.5371	0.0000	3537.57
OOD_Size	32	LearnedDualEnergy	0.10	4	17	17	0.0000	0.9141	0.0000	682.08
OOD_Size	32	RecurrentAttention	0.10	4	17	17	0.0000	0.7852	0.0000	218.85
OOD_Size	32	GNN_MessagePassing	0.10	4	17	17	0.0000	0.5273	0.0000	211.38
OOD_Size	32	LearnedDualEnergy	0.10	4	18	18	0.0000	0.9062	0.0000	653.44
OOD_Size	32	RecurrentAttention	0.10	4	18	18	0.0000	0.7871	0.0000	236.24
OOD_Size	32	GNN_MessagePassing	0.10	4	18	18	0.0000	0.5293	0.0000	163.19
OOD_Size	32	LearnedDualEnergy	0.10	4	19	19	0.0000	0.8965	0.0000	865.60
OOD_Size	32	RecurrentAttention	0.10	4	19	19	0.0000	0.7793	0.0000	249.48
OOD_Size	32	GNN_MessagePassing	0.10	4	19	19	0.0000	0.5234	0.0000	260.25
OOD_Size	32	LearnedDualEnergy	0.10	8	0	0	0.0000	0.8867	0.0000	1172.55
OOD_Size	32	RecurrentAttention	0.10	8	0	0	0.0000	0.7539	0.0000	6735.72
OOD_Size	32	GNN_MessagePassing	0.10	8	0	0	0.0000	0.4883	0.0000	342.80
OOD_Size	32	LearnedDualEnergy	0.10	8	1	1	0.0000	0.9102	0.0000	1230.38
OOD_Size	32	RecurrentAttention	0.10	8	1	1	0.0000	0.7344	0.0000	426.64
OOD_Size	32	GNN_MessagePassing	0.10	8	1	1	0.0000	0.5078	0.0000	378.35
OOD_Size	32	LearnedDualEnergy	0.10	8	2	2	0.0000	0.9141	0.0000	1616.91
OOD_Size	32	RecurrentAttention	0.10	8	2	2	0.0000	0.7305	0.0000	556.70
OOD_Size	32	GNN_MessagePassing	0.10	8	2	2	0.0000	0.5234	0.0000	538.54
OOD_Size	32	LearnedDualEnergy	0.10	8	3	3	0.0000	0.8906	0.0000	1648.05
OOD_Size	32	RecurrentAttention	0.10	8	3	3	0.0000	0.7383	0.0000	544.62
OOD_Size	32	GNN_MessagePassing	0.10	8	3	3	0.0000	0.4590	0.0000	2105.43
OOD_Size	32	LearnedDualEnergy	0.10	8	4	4	0.0000	0.8984	0.0000	1785.10
OOD_Size	32	RecurrentAttention	0.10	8	4	4	0.0000	0.7363	0.0000	702.36
OOD_Size	32	GNN_MessagePassing	0.10	8	4	4	0.0000	0.5000	0.0000	528.47
OOD_Size	32	LearnedDualEnergy	0.10	8	5	5	0.0000	0.8984	0.0000	1632.16
OOD_Size	32	RecurrentAttention	0.10	8	5	5	0.0000	0.7832	0.0000	599.81
OOD_Size	32	GNN_MessagePassing	0.10	8	5	5	0.0000	0.4375	0.0000	570.26
OOD_Size	32	LearnedDualEnergy	0.10	8	6	6	0.0000	0.8828	0.0000	1766.82
OOD_Size	32	RecurrentAttention	0.10	8	6	6	0.0000	0.7676	0.0000	530.17
OOD_Size	32	GNN_MessagePassing	0.10	8	6	6	0.0000	0.5078	0.0000	605.49
OOD_Size	32	LearnedDualEnergy	0.10	8	7	7	0.0000	0.9023	0.0000	2659.09
OOD_Size	32	RecurrentAttention	0.10	8	7	7	0.0000	0.7461	0.0000	496.93
OOD_Size	32	GNN_MessagePassing	0.10	8	7	7	0.0000	0.5098	0.0000	500.23
OOD_Size	32	LearnedDualEnergy	0.10	8	8	8	0.0000	0.8809	0.0000	1531.38
OOD_Size	32	RecurrentAttention	0.10	8	8	8	0.0000	0.7383	0.0000	668.04
OOD_Size	32	GNN_MessagePassing	0.10	8	8	8	0.0000	0.4805	0.0000	325.07
OOD_Size	32	LearnedDualEnergy	0.10	8	9	9	0.0000	0.8945	0.0000	10037.31
OOD_Size	32	RecurrentAttention	0.10	8	9	9	0.0000	0.7402	0.0000	471.40
OOD_Size	32	GNN_MessagePassing	0.10	8	9	9	0.0000	0.4961	0.0000	489.68
OOD_Size	32	LearnedDualEnergy	0.10	8	10	10	0.0000	0.9062	0.0000	1652.12
OOD_Size	32	RecurrentAttention	0.10	8	10	10	0.0000	0.7402	0.0000	675.85
OOD_Size	32	GNN_MessagePassing	0.10	8	10	10	0.0000	0.4922	0.0000	539.77
OOD_Size	32	LearnedDualEnergy	0.10	8	11	11	0.0000	0.9102	0.0000	4796.70
OOD_Size	32	RecurrentAttention	0.10	8	11	11	0.0000	0.7539	0.0000	508.94
OOD_Size	32	GNN_MessagePassing	0.10	8	11	11	0.0000	0.5000	0.0000	535.76
OOD_Size	32	LearnedDualEnergy	0.10	8	12	12	0.0000	0.9023	0.0000	1800.96
OOD_Size	32	RecurrentAttention	0.10	8	12	12	0.0000	0.7266	0.0000	533.14
OOD_Size	32	GNN_MessagePassing	0.10	8	12	12	0.0000	0.5059	0.0000	642.31
OOD_Size	32	LearnedDualEnergy	0.10	8	13	13	0.0000	0.8848	0.0000	2185.29
OOD_Size	32	RecurrentAttention	0.10	8	13	13	0.0000	0.7656	0.0000	576.28
OOD_Size	32	GNN_MessagePassing	0.10	8	13	13	0.0000	0.4844	0.0000	592.23
OOD_Size	32	LearnedDualEnergy	0.10	8	14	14	0.0000	0.9082	0.0000	1693.95
OOD_Size	32	RecurrentAttention	0.10	8	14	14	0.0000	0.7578	0.0000	657.53
OOD_Size	32	GNN_MessagePassing	0.10	8	14	14	0.0000	0.5039	0.0000	531.27
OOD_Size	32	LearnedDualEnergy	0.10	8	15	15	0.0000	0.8848	0.0000	1323.38
OOD_Size	32	RecurrentAttention	0.10	8	15	15	0.0000	0.7441	0.0000	420.94
OOD_Size	32	GNN_MessagePassing	0.10	8	15	15	0.0000	0.5137	0.0000	500.66
OOD_Size	32	LearnedDualEnergy	0.10	8	16	16	0.0000	0.8945	0.0000	1770.52
OOD_Size	32	RecurrentAttention	0.10	8	16	16	0.0000	0.7148	0.0000	579.35
OOD_Size	32	GNN_MessagePassing	0.10	8	16	16	0.0000	0.5195	0.0000	4698.51
OOD_Size	32	LearnedDualEnergy	0.10	8	17	17	0.0000	0.9141	0.0000	1668.29
OOD_Size	32	RecurrentAttention	0.10	8	17	17	0.0000	0.7383	0.0000	595.68
OOD_Size	32	GNN_MessagePassing	0.10	8	17	17	0.0000	0.4844	0.0000	537.50
OOD_Size	32	LearnedDualEnergy	0.10	8	18	18	0.0000	0.9062	0.0000	1833.19
OOD_Size	32	RecurrentAttention	0.10	8	18	18	0.0000	0.7031	0.0000	412.85
OOD_Size	32	GNN_MessagePassing	0.10	8	18	18	0.0000	0.5020	0.0000	317.19
OOD_Size	32	LearnedDualEnergy	0.10	8	19	19	0.0000	0.8965	0.0000	2272.44
OOD_Size	32	RecurrentAttention	0.10	8	19	19	0.0000	0.7148	0.0000	464.68
OOD_Size	32	GNN_MessagePassing	0.10	8	19	19	0.0000	0.4785	0.0000	319.17
OOD_Size	32	LearnedDualEnergy	0.10	16	0	0	0.0000	0.8828	0.0000	2598.39
OOD_Size	32	RecurrentAttention	0.10	16	0	0	0.0000	0.6738	0.0000	1036.19
OOD_Size	32	GNN_MessagePassing	0.10	16	0	0	0.0000	0.5449	0.0000	630.97
OOD_Size	32	LearnedDualEnergy	0.10	16	1	1	0.0000	0.9082	0.0000	2372.21
OOD_Size	32	RecurrentAttention	0.10	16	1	1	0.0000	0.6777	0.0000	801.54
OOD_Size	32	GNN_MessagePassing	0.10	16	1	1	0.0000	0.5020	0.0000	688.88
OOD_Size	32	LearnedDualEnergy	0.10	16	2	2	0.0000	0.9082	0.0000	3211.80
OOD_Size	32	RecurrentAttention	0.10	16	2	2	0.0000	0.6855	0.0000	1049.61
OOD_Size	32	GNN_MessagePassing	0.10	16	2	2	0.0000	0.5254	0.0000	1136.22
OOD_Size	32	LearnedDualEnergy	0.10	16	3	3	0.0000	0.8906	0.0000	3191.65
OOD_Size	32	RecurrentAttention	0.10	16	3	3	0.0000	0.6836	0.0000	1143.66
OOD_Size	32	GNN_MessagePassing	0.10	16	3	3	0.0000	0.5020	0.0000	1054.21
OOD_Size	32	LearnedDualEnergy	0.10	16	4	4	0.0000	0.8965	0.0000	3341.52
OOD_Size	32	RecurrentAttention	0.10	16	4	4	0.0000	0.6641	0.0000	1345.28
OOD_Size	32	GNN_MessagePassing	0.10	16	4	4	0.0000	0.5195	0.0000	1032.87
OOD_Size	32	LearnedDualEnergy	0.10	16	5	5	0.0000	0.8965	0.0000	3310.88
OOD_Size	32	RecurrentAttention	0.10	16	5	5	0.0000	0.7344	0.0000	1220.80
OOD_Size	32	GNN_MessagePassing	0.10	16	5	5	0.0000	0.4844	0.0000	1106.87
OOD_Size	32	LearnedDualEnergy	0.10	16	6	6	0.0000	0.8809	0.0000	3694.19
OOD_Size	32	RecurrentAttention	0.10	16	6	6	0.0000	0.6992	0.0000	7479.41
OOD_Size	32	GNN_MessagePassing	0.10	16	6	6	0.0000	0.4785	0.0000	1058.45
OOD_Size	32	LearnedDualEnergy	0.10	16	7	7	0.0000	0.8965	0.0000	3335.59
OOD_Size	32	RecurrentAttention	0.10	16	7	7	0.0000	0.6992	0.0000	1286.79
OOD_Size	32	GNN_MessagePassing	0.10	16	7	7	0.0000	0.5469	0.0000	1059.23
OOD_Size	32	LearnedDualEnergy	0.10	16	8	8	0.0000	0.8809	0.0000	14395.91
OOD_Size	32	RecurrentAttention	0.10	16	8	8	0.0000	0.6797	0.0000	1167.30
OOD_Size	32	GNN_MessagePassing	0.10	16	8	8	0.0000	0.4980	0.0000	7614.55
OOD_Size	32	LearnedDualEnergy	0.10	16	9	9	0.0000	0.8926	0.0000	2465.64
OOD_Size	32	RecurrentAttention	0.10	16	9	9	0.0000	0.6641	0.0000	848.72
OOD_Size	32	GNN_MessagePassing	0.10	16	9	9	0.0000	0.4844	0.0000	686.18
OOD_Size	32	LearnedDualEnergy	0.10	16	10	10	0.0000	0.9043	0.0000	2610.27
OOD_Size	32	RecurrentAttention	0.10	16	10	10	0.0000	0.7012	0.0000	959.95
OOD_Size	32	GNN_MessagePassing	0.10	16	10	10	0.0000	0.5039	0.0000	675.47
OOD_Size	32	LearnedDualEnergy	0.10	16	11	11	0.0000	0.9082	0.0000	2519.12
OOD_Size	32	RecurrentAttention	0.10	16	11	11	0.0000	0.6973	0.0000	802.53
OOD_Size	32	GNN_MessagePassing	0.10	16	11	11	0.0000	0.4590	0.0000	2677.25
OOD_Size	32	LearnedDualEnergy	0.10	16	12	12	0.0000	0.8965	0.0000	8725.72
OOD_Size	32	RecurrentAttention	0.10	16	12	12	0.0000	0.6562	0.0000	905.95
OOD_Size	32	GNN_MessagePassing	0.10	16	12	12	0.0000	0.4609	0.0000	625.83
OOD_Size	32	LearnedDualEnergy	0.10	16	13	13	0.0000	0.8828	0.0000	7972.54
OOD_Size	32	RecurrentAttention	0.10	16	13	13	0.0000	0.7227	0.0000	1023.91
OOD_Size	32	GNN_MessagePassing	0.10	16	13	13	0.0000	0.4941	0.0000	662.69
OOD_Size	32	LearnedDualEnergy	0.10	16	14	14	0.0000	0.9062	0.0000	2294.60
OOD_Size	32	RecurrentAttention	0.10	16	14	14	0.0000	0.6914	0.0000	8036.11
OOD_Size	32	GNN_MessagePassing	0.10	16	14	14	0.0000	0.4922	0.0000	1373.59
OOD_Size	32	LearnedDualEnergy	0.10	16	15	15	0.0000	0.8828	0.0000	2724.29
OOD_Size	32	RecurrentAttention	0.10	16	15	15	0.0000	0.6562	0.0000	875.65
OOD_Size	32	GNN_MessagePassing	0.10	16	15	15	0.0000	0.4922	0.0000	654.57
OOD_Size	32	LearnedDualEnergy	0.10	16	16	16	0.0000	0.8926	0.0000	20936.91
OOD_Size	32	RecurrentAttention	0.10	16	16	16	0.0000	0.6328	0.0000	1078.59
OOD_Size	32	GNN_MessagePassing	0.10	16	16	16	0.0000	0.5137	0.0000	1104.54
OOD_Size	32	LearnedDualEnergy	0.10	16	17	17	0.0000	0.9141	0.0000	2241.62
OOD_Size	32	RecurrentAttention	0.10	16	17	17	0.0000	0.6738	0.0000	911.29
OOD_Size	32	GNN_MessagePassing	0.10	16	17	17	0.0000	0.4883	0.0000	1193.99
OOD_Size	32	LearnedDualEnergy	0.10	16	18	18	0.0000	0.9043	0.0000	2476.18
OOD_Size	32	RecurrentAttention	0.10	16	18	18	0.0000	0.6328	0.0000	845.71
OOD_Size	32	GNN_MessagePassing	0.10	16	18	18	0.0000	0.4863	0.0000	721.94
OOD_Size	32	LearnedDualEnergy	0.10	16	19	19	0.0000	0.8926	0.0000	2511.30
OOD_Size	32	RecurrentAttention	0.10	16	19	19	0.0000	0.6660	0.0000	1132.10
OOD_Size	32	GNN_MessagePassing	0.10	16	19	19	0.0000	0.4785	0.0000	1120.07
OOD_Size	32	LearnedDualEnergy	0.10	32	0	0	0.0000	0.8691	0.0000	10640.86
OOD_Size	32	RecurrentAttention	0.10	32	0	0	0.0000	0.5918	0.0000	6286.63
OOD_Size	32	GNN_MessagePassing	0.10	32	0	0	0.0000	0.5059	0.0000	9814.96
OOD_Size	32	LearnedDualEnergy	0.10	32	1	1	0.0000	0.8828	0.0000	20060.72
OOD_Size	32	RecurrentAttention	0.10	32	1	1	0.0000	0.6230	0.0000	2136.80
OOD_Size	32	GNN_MessagePassing	0.10	32	1	1	0.0000	0.4961	0.0000	1231.75
OOD_Size	32	LearnedDualEnergy	0.10	32	2	2	0.0000	0.8770	0.0000	4546.55
OOD_Size	32	RecurrentAttention	0.10	32	2	2	0.0000	0.6367	0.0000	1765.60
OOD_Size	32	GNN_MessagePassing	0.10	32	2	2	0.0000	0.5215	0.0000	1278.11
OOD_Size	32	LearnedDualEnergy	0.10	32	3	3	0.0000	0.8770	0.0000	6500.22
OOD_Size	32	RecurrentAttention	0.10	32	3	3	0.0000	0.6133	0.0000	2196.86
OOD_Size	32	GNN_MessagePassing	0.10	32	3	3	0.0000	0.5449	0.0000	2335.17
OOD_Size	32	LearnedDualEnergy	0.10	32	4	4	0.0000	0.8809	0.0000	16582.48
OOD_Size	32	RecurrentAttention	0.10	32	4	4	0.0000	0.5859	0.0000	3128.51
OOD_Size	32	GNN_MessagePassing	0.10	32	4	4	0.0000	0.5098	0.0000	3623.52
OOD_Size	32	LearnedDualEnergy	0.10	32	5	5	0.0000	0.8672	0.0000	7373.15
OOD_Size	32	RecurrentAttention	0.10	32	5	5	0.0000	0.6699	0.0000	2343.77
OOD_Size	32	GNN_MessagePassing	0.10	32	5	5	0.0000	0.4668	0.0000	2048.78
OOD_Size	32	LearnedDualEnergy	0.10	32	6	6	0.0000	0.8691	0.0000	5477.38
OOD_Size	32	RecurrentAttention	0.10	32	6	6	0.0000	0.6660	0.0000	1665.81
OOD_Size	32	GNN_MessagePassing	0.10	32	6	6	0.0000	0.4902	0.0000	1468.19
OOD_Size	32	LearnedDualEnergy	0.10	32	7	7	0.0000	0.8730	0.0000	11285.69
OOD_Size	32	RecurrentAttention	0.10	32	7	7	0.0000	0.6602	0.0000	2861.61
OOD_Size	32	GNN_MessagePassing	0.10	32	7	7	0.0000	0.5508	0.0000	2854.43
OOD_Size	32	LearnedDualEnergy	0.10	32	8	8	0.0000	0.8594	0.0000	11740.71
OOD_Size	32	RecurrentAttention	0.10	32	8	8	0.0000	0.5957	0.0000	2081.94
OOD_Size	32	GNN_MessagePassing	0.10	32	8	8	0.0000	0.4746	0.0000	2150.97
OOD_Size	32	LearnedDualEnergy	0.10	32	9	9	0.0000	0.8750	0.0000	6791.08
OOD_Size	32	RecurrentAttention	0.10	32	9	9	0.0000	0.5859	0.0000	2893.37
OOD_Size	32	GNN_MessagePassing	0.10	32	9	9	0.0000	0.5000	0.0000	1400.21
OOD_Size	32	LearnedDualEnergy	0.10	32	10	10	0.0000	0.8789	0.0000	5521.69
OOD_Size	32	RecurrentAttention	0.10	32	10	10	0.0000	0.6055	0.0000	1701.22
OOD_Size	32	GNN_MessagePassing	0.10	32	10	10	0.0000	0.5332	0.0000	1323.00
OOD_Size	32	LearnedDualEnergy	0.10	32	11	11	0.0000	0.8887	0.0000	6020.96
OOD_Size	32	RecurrentAttention	0.10	32	11	11	0.0000	0.6504	0.0000	2199.32
OOD_Size	32	GNN_MessagePassing	0.10	32	11	11	0.0000	0.4648	0.0000	2227.77
OOD_Size	32	LearnedDualEnergy	0.10	32	12	12	0.0000	0.8828	0.0000	6005.60
OOD_Size	32	RecurrentAttention	0.10	32	12	12	0.0000	0.5938	0.0000	1856.73
OOD_Size	32	GNN_MessagePassing	0.10	32	12	12	0.0000	0.5156	0.0000	1721.42
OOD_Size	32	LearnedDualEnergy	0.10	32	13	13	0.0000	0.8672	0.0000	4819.49
OOD_Size	32	RecurrentAttention	0.10	32	13	13	0.0000	0.7012	0.0000	2233.29
OOD_Size	32	GNN_MessagePassing	0.10	32	13	13	0.0000	0.5039	0.0000	2195.57
OOD_Size	32	LearnedDualEnergy	0.10	32	14	14	0.0000	0.8750	0.0000	6365.18
OOD_Size	32	RecurrentAttention	0.10	32	14	14	0.0000	0.6113	0.0000	2203.34
OOD_Size	32	GNN_MessagePassing	0.10	32	14	14	0.0000	0.4863	0.0000	8730.51
OOD_Size	32	LearnedDualEnergy	0.10	32	15	15	0.0000	0.8613	0.0000	17909.72
OOD_Size	32	RecurrentAttention	0.10	32	15	15	0.0000	0.6445	0.0000	1911.91
OOD_Size	32	GNN_MessagePassing	0.10	32	15	15	0.0000	0.4570	0.0000	1608.50
OOD_Size	32	LearnedDualEnergy	0.10	32	16	16	0.0000	0.8750	0.0000	5877.41
OOD_Size	32	RecurrentAttention	0.10	32	16	16	0.0000	0.5898	0.0000	2205.68
OOD_Size	32	GNN_MessagePassing	0.10	32	16	16	0.0000	0.5000	0.0000	2317.06
OOD_Size	32	LearnedDualEnergy	0.10	32	17	17	0.0000	0.8945	0.0000	6685.54
OOD_Size	32	RecurrentAttention	0.10	32	17	17	0.0000	0.6250	0.0000	5669.45
OOD_Size	32	GNN_MessagePassing	0.10	32	17	17	0.0000	0.4590	0.0000	1883.34
OOD_Size	32	LearnedDualEnergy	0.10	32	18	18	0.0000	0.8848	0.0000	5673.85
OOD_Size	32	RecurrentAttention	0.10	32	18	18	0.0000	0.5859	0.0000	2234.23
OOD_Size	32	GNN_MessagePassing	0.10	32	18	18	0.0000	0.5020	0.0000	10320.66
OOD_Size	32	LearnedDualEnergy	0.10	32	19	19	0.0000	0.8633	0.0000	6572.60
OOD_Size	32	RecurrentAttention	0.10	32	19	19	0.0000	0.6211	0.0000	6412.99
OOD_Size	32	GNN_MessagePassing	0.10	32	19	19	0.0000	0.4766	0.0000	2145.39
OOD_Size	32	LearnedDualEnergy	0.20	1	0	0	0.0000	0.7891	0.0000	219.67
OOD_Size	32	RecurrentAttention	0.20	1	0	0	0.0000	0.7812	0.0000	52.18
OOD_Size	32	GNN_MessagePassing	0.20	1	0	0	0.0000	0.4629	0.0000	41.91
OOD_Size	32	LearnedDualEnergy	0.20	1	1	1	0.0000	0.8223	0.0000	184.59
OOD_Size	32	RecurrentAttention	0.20	1	1	1	0.0000	0.8184	0.0000	49.42
OOD_Size	32	GNN_MessagePassing	0.20	1	1	1	0.0000	0.5254	0.0000	40.32
OOD_Size	32	LearnedDualEnergy	0.20	1	2	2	0.0000	0.8125	0.0000	782.08
OOD_Size	32	RecurrentAttention	0.20	1	2	2	0.0000	0.8047	0.0000	52.37
OOD_Size	32	GNN_MessagePassing	0.20	1	2	2	0.0000	0.4961	0.0000	41.69
OOD_Size	32	LearnedDualEnergy	0.20	1	3	3	0.0000	0.7891	0.0000	182.99
OOD_Size	32	RecurrentAttention	0.20	1	3	3	0.0000	0.7910	0.0000	49.16
OOD_Size	32	GNN_MessagePassing	0.20	1	3	3	0.0000	0.4512	0.0000	40.16
OOD_Size	32	LearnedDualEnergy	0.20	1	4	4	0.0000	0.8086	0.0000	183.34
OOD_Size	32	RecurrentAttention	0.20	1	4	4	0.0000	0.7891	0.0000	50.46
OOD_Size	32	GNN_MessagePassing	0.20	1	4	4	0.0000	0.5234	0.0000	43.15
OOD_Size	32	LearnedDualEnergy	0.20	1	5	5	0.0000	0.7930	0.0000	182.99
OOD_Size	32	RecurrentAttention	0.20	1	5	5	0.0000	0.7988	0.0000	48.86
OOD_Size	32	GNN_MessagePassing	0.20	1	5	5	0.0000	0.5000	0.0000	41.30
OOD_Size	32	LearnedDualEnergy	0.20	1	6	6	0.0000	0.7773	0.0000	182.29
OOD_Size	32	RecurrentAttention	0.20	1	6	6	0.0000	0.7734	0.0000	50.16
OOD_Size	32	GNN_MessagePassing	0.20	1	6	6	0.0000	0.4863	0.0000	39.34
OOD_Size	32	LearnedDualEnergy	0.20	1	7	7	0.0000	0.8145	0.0000	231.77
OOD_Size	32	RecurrentAttention	0.20	1	7	7	0.0000	0.8086	0.0000	51.18
OOD_Size	32	GNN_MessagePassing	0.20	1	7	7	0.0000	0.4883	0.0000	69.74
OOD_Size	32	LearnedDualEnergy	0.20	1	8	8	0.0000	0.7754	0.0000	1105.02
OOD_Size	32	RecurrentAttention	0.20	1	8	8	0.0000	0.7559	0.0000	51.54
OOD_Size	32	GNN_MessagePassing	0.20	1	8	8	0.0000	0.5078	0.0000	57.85
OOD_Size	32	LearnedDualEnergy	0.20	1	9	9	0.0000	0.7930	0.0000	190.65
OOD_Size	32	RecurrentAttention	0.20	1	9	9	0.0000	0.7930	0.0000	51.06
OOD_Size	32	GNN_MessagePassing	0.20	1	9	9	0.0000	0.4961	0.0000	40.74
OOD_Size	32	LearnedDualEnergy	0.20	1	10	10	0.0000	0.8281	0.0000	220.75
OOD_Size	32	RecurrentAttention	0.20	1	10	10	0.0000	0.8164	0.0000	52.22
OOD_Size	32	GNN_MessagePassing	0.20	1	10	10	0.0000	0.4863	0.0000	42.03
OOD_Size	32	LearnedDualEnergy	0.20	1	11	11	0.0000	0.8223	0.0000	185.25
OOD_Size	32	RecurrentAttention	0.20	1	11	11	0.0000	0.8164	0.0000	50.57
OOD_Size	32	GNN_MessagePassing	0.20	1	11	11	0.0000	0.4844	0.0000	40.58
OOD_Size	32	LearnedDualEnergy	0.20	1	12	12	0.0000	0.7930	0.0000	184.37
OOD_Size	32	RecurrentAttention	0.20	1	12	12	0.0000	0.7891	0.0000	97.42
OOD_Size	32	GNN_MessagePassing	0.20	1	12	12	0.0000	0.4883	0.0000	42.62
OOD_Size	32	LearnedDualEnergy	0.20	1	13	13	0.0000	0.7910	0.0000	186.20
OOD_Size	32	RecurrentAttention	0.20	1	13	13	0.0000	0.7812	0.0000	50.67
OOD_Size	32	GNN_MessagePassing	0.20	1	13	13	0.0000	0.4805	0.0000	40.84
OOD_Size	32	LearnedDualEnergy	0.20	1	14	14	0.0000	0.8340	0.0000	193.69
OOD_Size	32	RecurrentAttention	0.20	1	14	14	0.0000	0.8262	0.0000	49.37
OOD_Size	32	GNN_MessagePassing	0.20	1	14	14	0.0000	0.4395	0.0000	40.66
OOD_Size	32	LearnedDualEnergy	0.20	1	15	15	0.0000	0.7656	0.0000	290.61
OOD_Size	32	RecurrentAttention	0.20	1	15	15	0.0000	0.7520	0.0000	92.47
OOD_Size	32	GNN_MessagePassing	0.20	1	15	15	0.0000	0.5078	0.0000	69.09
OOD_Size	32	LearnedDualEnergy	0.20	1	16	16	0.0000	0.7969	0.0000	262.80
OOD_Size	32	RecurrentAttention	0.20	1	16	16	0.0000	0.7949	0.0000	66.22
OOD_Size	32	GNN_MessagePassing	0.20	1	16	16	0.0000	0.4961	0.0000	68.92
OOD_Size	32	LearnedDualEnergy	0.20	1	17	17	0.0000	0.8066	0.0000	259.97
OOD_Size	32	RecurrentAttention	0.20	1	17	17	0.0000	0.8008	0.0000	65.80
OOD_Size	32	GNN_MessagePassing	0.20	1	17	17	0.0000	0.5195	0.0000	71.24
OOD_Size	32	LearnedDualEnergy	0.20	1	18	18	0.0000	0.7969	0.0000	252.19
OOD_Size	32	RecurrentAttention	0.20	1	18	18	0.0000	0.7852	0.0000	63.53
OOD_Size	32	GNN_MessagePassing	0.20	1	18	18	0.0000	0.4980	0.0000	67.97
OOD_Size	32	LearnedDualEnergy	0.20	1	19	19	0.0000	0.8047	0.0000	320.64
OOD_Size	32	RecurrentAttention	0.20	1	19	19	0.0000	0.8008	0.0000	66.44
OOD_Size	32	GNN_MessagePassing	0.20	1	19	19	0.0000	0.4766	0.0000	1317.10
OOD_Size	32	LearnedDualEnergy	0.20	2	0	0	0.0000	0.7891	0.0000	363.78
OOD_Size	32	RecurrentAttention	0.20	2	0	0	0.0000	0.7734	0.0000	120.51
OOD_Size	32	GNN_MessagePassing	0.20	2	0	0	0.0000	0.5137	0.0000	109.60
OOD_Size	32	LearnedDualEnergy	0.20	2	1	1	0.0000	0.8223	0.0000	364.36
OOD_Size	32	RecurrentAttention	0.20	2	1	1	0.0000	0.8066	0.0000	134.12
OOD_Size	32	GNN_MessagePassing	0.20	2	1	1	0.0000	0.5176	0.0000	125.10
OOD_Size	32	LearnedDualEnergy	0.20	2	2	2	0.0000	0.8125	0.0000	523.73
OOD_Size	32	RecurrentAttention	0.20	2	2	2	0.0000	0.8008	0.0000	133.88
OOD_Size	32	GNN_MessagePassing	0.20	2	2	2	0.0000	0.5098	0.0000	135.19
OOD_Size	32	LearnedDualEnergy	0.20	2	3	3	0.0000	0.7891	0.0000	447.94
OOD_Size	32	RecurrentAttention	0.20	2	3	3	0.0000	0.7656	0.0000	4499.84
OOD_Size	32	GNN_MessagePassing	0.20	2	3	3	0.0000	0.5410	0.0000	90.39
OOD_Size	32	LearnedDualEnergy	0.20	2	4	4	0.0000	0.8086	0.0000	545.06
OOD_Size	32	RecurrentAttention	0.20	2	4	4	0.0000	0.7656	0.0000	135.82
OOD_Size	32	GNN_MessagePassing	0.20	2	4	4	0.0000	0.5176	0.0000	131.23
OOD_Size	32	LearnedDualEnergy	0.20	2	5	5	0.0000	0.7930	0.0000	509.78
OOD_Size	32	RecurrentAttention	0.20	2	5	5	0.0000	0.7949	0.0000	129.84
OOD_Size	32	GNN_MessagePassing	0.20	2	5	5	0.0000	0.5488	0.0000	139.73
OOD_Size	32	LearnedDualEnergy	0.20	2	6	6	0.0000	0.7773	0.0000	451.45
OOD_Size	32	RecurrentAttention	0.20	2	6	6	0.0000	0.7441	0.0000	151.37
OOD_Size	32	GNN_MessagePassing	0.20	2	6	6	0.0000	0.5293	0.0000	133.61
OOD_Size	32	LearnedDualEnergy	0.20	2	7	7	0.0000	0.8145	0.0000	539.02
OOD_Size	32	RecurrentAttention	0.20	2	7	7	0.0000	0.7676	0.0000	146.78
OOD_Size	32	GNN_MessagePassing	0.20	2	7	7	0.0000	0.5312	0.0000	131.18
OOD_Size	32	LearnedDualEnergy	0.20	2	8	8	0.0000	0.7754	0.0000	2019.58
OOD_Size	32	RecurrentAttention	0.20	2	8	8	0.0000	0.7363	0.0000	130.29
OOD_Size	32	GNN_MessagePassing	0.20	2	8	8	0.0000	0.5039	0.0000	139.76
OOD_Size	32	LearnedDualEnergy	0.20	2	9	9	0.0000	0.7930	0.0000	464.57
OOD_Size	32	RecurrentAttention	0.20	2	9	9	0.0000	0.7695	0.0000	186.73
OOD_Size	32	GNN_MessagePassing	0.20	2	9	9	0.0000	0.5527	0.0000	126.05
OOD_Size	32	LearnedDualEnergy	0.20	2	10	10	0.0000	0.8281	0.0000	357.59
OOD_Size	32	RecurrentAttention	0.20	2	10	10	0.0000	0.7949	0.0000	101.62
OOD_Size	32	GNN_MessagePassing	0.20	2	10	10	0.0000	0.5371	0.0000	82.13
OOD_Size	32	LearnedDualEnergy	0.20	2	11	11	0.0000	0.8223	0.0000	351.55
OOD_Size	32	RecurrentAttention	0.20	2	11	11	0.0000	0.7949	0.0000	128.53
OOD_Size	32	GNN_MessagePassing	0.20	2	11	11	0.0000	0.5137	0.0000	109.49
OOD_Size	32	LearnedDualEnergy	0.20	2	12	12	0.0000	0.7930	0.0000	620.72
OOD_Size	32	RecurrentAttention	0.20	2	12	12	0.0000	0.7559	0.0000	130.74
OOD_Size	32	GNN_MessagePassing	0.20	2	12	12	0.0000	0.4668	0.0000	135.59
OOD_Size	32	LearnedDualEnergy	0.20	2	13	13	0.0000	0.7910	0.0000	441.22
OOD_Size	32	RecurrentAttention	0.20	2	13	13	0.0000	0.7695	0.0000	151.46
OOD_Size	32	GNN_MessagePassing	0.20	2	13	13	0.0000	0.5273	0.0000	136.53
OOD_Size	32	LearnedDualEnergy	0.20	2	14	14	0.0000	0.8340	0.0000	497.67
OOD_Size	32	RecurrentAttention	0.20	2	14	14	0.0000	0.8047	0.0000	132.22
OOD_Size	32	GNN_MessagePassing	0.20	2	14	14	0.0000	0.4805	0.0000	137.06
OOD_Size	32	LearnedDualEnergy	0.20	2	15	15	0.0000	0.7656	0.0000	457.62
OOD_Size	32	RecurrentAttention	0.20	2	15	15	0.0000	0.7402	0.0000	129.67
OOD_Size	32	GNN_MessagePassing	0.20	2	15	15	0.0000	0.5020	0.0000	135.85
OOD_Size	32	LearnedDualEnergy	0.20	2	16	16	0.0000	0.7969	0.0000	504.28
OOD_Size	32	RecurrentAttention	0.20	2	16	16	0.0000	0.7832	0.0000	319.72
OOD_Size	32	GNN_MessagePassing	0.20	2	16	16	0.0000	0.5098	0.0000	250.07
OOD_Size	32	LearnedDualEnergy	0.20	2	17	17	0.0000	0.8066	0.0000	343.69
OOD_Size	32	RecurrentAttention	0.20	2	17	17	0.0000	0.7617	0.0000	115.26
OOD_Size	32	GNN_MessagePassing	0.20	2	17	17	0.0000	0.5391	0.0000	83.14
OOD_Size	32	LearnedDualEnergy	0.20	2	18	18	0.0000	0.7969	0.0000	443.15
OOD_Size	32	RecurrentAttention	0.20	2	18	18	0.0000	0.7480	0.0000	197.00
OOD_Size	32	GNN_MessagePassing	0.20	2	18	18	0.0000	0.5430	0.0000	133.09
OOD_Size	32	LearnedDualEnergy	0.20	2	19	19	0.0000	0.8047	0.0000	327.83
OOD_Size	32	RecurrentAttention	0.20	2	19	19	0.0000	0.7832	0.0000	102.31
OOD_Size	32	GNN_MessagePassing	0.20	2	19	19	0.0000	0.5449	0.0000	263.07
OOD_Size	32	LearnedDualEnergy	0.20	4	0	0	0.0000	0.7891	0.0000	631.55
OOD_Size	32	RecurrentAttention	0.20	4	0	0	0.0000	0.7207	0.0000	202.86
OOD_Size	32	GNN_MessagePassing	0.20	4	0	0	0.0000	0.5039	0.0000	159.05
OOD_Size	32	LearnedDualEnergy	0.20	4	1	1	0.0000	0.8223	0.0000	694.41
OOD_Size	32	RecurrentAttention	0.20	4	1	1	0.0000	0.7637	0.0000	199.53
OOD_Size	32	GNN_MessagePassing	0.20	4	1	1	0.0000	0.5332	0.0000	159.06
OOD_Size	32	LearnedDualEnergy	0.20	4	2	2	0.0000	0.8125	0.0000	625.24
OOD_Size	32	RecurrentAttention	0.20	4	2	2	0.0000	0.7500	0.0000	6285.49
OOD_Size	32	GNN_MessagePassing	0.20	4	2	2	0.0000	0.5488	0.0000	364.80
OOD_Size	32	LearnedDualEnergy	0.20	4	3	3	0.0000	0.7891	0.0000	596.43
OOD_Size	32	RecurrentAttention	0.20	4	3	3	0.0000	0.7383	0.0000	202.91
OOD_Size	32	GNN_MessagePassing	0.20	4	3	3	0.0000	0.5449	0.0000	158.37
OOD_Size	32	LearnedDualEnergy	0.20	4	4	4	0.0000	0.8086	0.0000	582.60
OOD_Size	32	RecurrentAttention	0.20	4	4	4	0.0000	0.7246	0.0000	278.15
OOD_Size	32	GNN_MessagePassing	0.20	4	4	4	0.0000	0.5410	0.0000	255.49
OOD_Size	32	LearnedDualEnergy	0.20	4	5	5	0.0000	0.7930	0.0000	1013.68
OOD_Size	32	RecurrentAttention	0.20	4	5	5	0.0000	0.7500	0.0000	264.04
OOD_Size	32	GNN_MessagePassing	0.20	4	5	5	0.0000	0.4727	0.0000	306.92
OOD_Size	32	LearnedDualEnergy	0.20	4	6	6	0.0000	0.7773	0.0000	910.07
OOD_Size	32	RecurrentAttention	0.20	4	6	6	0.0000	0.7168	0.0000	268.51
OOD_Size	32	GNN_MessagePassing	0.20	4	6	6	0.0000	0.5195	0.0000	389.13
OOD_Size	32	LearnedDualEnergy	0.20	4	7	7	0.0000	0.8145	0.0000	678.95
OOD_Size	32	RecurrentAttention	0.20	4	7	7	0.0000	0.7070	0.0000	224.59
OOD_Size	32	GNN_MessagePassing	0.20	4	7	7	0.0000	0.5078	0.0000	221.20
OOD_Size	32	LearnedDualEnergy	0.20	4	8	8	0.0000	0.7754	0.0000	915.64
OOD_Size	32	RecurrentAttention	0.20	4	8	8	0.0000	0.7012	0.0000	404.98
OOD_Size	32	GNN_MessagePassing	0.20	4	8	8	0.0000	0.5000	0.0000	294.78
OOD_Size	32	LearnedDualEnergy	0.20	4	9	9	0.0000	0.7930	0.0000	927.95
OOD_Size	32	RecurrentAttention	0.20	4	9	9	0.0000	0.7305	0.0000	308.62
OOD_Size	32	GNN_MessagePassing	0.20	4	9	9	0.0000	0.5215	0.0000	883.17
OOD_Size	32	LearnedDualEnergy	0.20	4	10	10	0.0000	0.8281	0.0000	688.26
OOD_Size	32	RecurrentAttention	0.20	4	10	10	0.0000	0.7305	0.0000	215.49
OOD_Size	32	GNN_MessagePassing	0.20	4	10	10	0.0000	0.5176	0.0000	292.82
OOD_Size	32	LearnedDualEnergy	0.20	4	11	11	0.0000	0.8223	0.0000	601.47
OOD_Size	32	RecurrentAttention	0.20	4	11	11	0.0000	0.7539	0.0000	198.60
OOD_Size	32	GNN_MessagePassing	0.20	4	11	11	0.0000	0.5352	0.0000	159.70
OOD_Size	32	LearnedDualEnergy	0.20	4	12	12	0.0000	0.7930	0.0000	687.80
OOD_Size	32	RecurrentAttention	0.20	4	12	12	0.0000	0.6895	0.0000	204.10
OOD_Size	32	GNN_MessagePassing	0.20	4	12	12	0.0000	0.5254	0.0000	160.63
OOD_Size	32	LearnedDualEnergy	0.20	4	13	13	0.0000	0.7910	0.0000	583.09
OOD_Size	32	RecurrentAttention	0.20	4	13	13	0.0000	0.7500	0.0000	198.21
OOD_Size	32	GNN_MessagePassing	0.20	4	13	13	0.0000	0.5293	0.0000	159.15
OOD_Size	32	LearnedDualEnergy	0.20	4	14	14	0.0000	0.8340	0.0000	719.91
OOD_Size	32	RecurrentAttention	0.20	4	14	14	0.0000	0.7676	0.0000	208.52
OOD_Size	32	GNN_MessagePassing	0.20	4	14	14	0.0000	0.5332	0.0000	160.61
OOD_Size	32	LearnedDualEnergy	0.20	4	15	15	0.0000	0.7656	0.0000	940.44
OOD_Size	32	RecurrentAttention	0.20	4	15	15	0.0000	0.6914	0.0000	292.59
OOD_Size	32	GNN_MessagePassing	0.20	4	15	15	0.0000	0.4961	0.0000	272.16
OOD_Size	32	LearnedDualEnergy	0.20	4	16	16	0.0000	0.7969	0.0000	974.42
OOD_Size	32	RecurrentAttention	0.20	4	16	16	0.0000	0.7461	0.0000	302.89
OOD_Size	32	GNN_MessagePassing	0.20	4	16	16	0.0000	0.5488	0.0000	309.43
OOD_Size	32	LearnedDualEnergy	0.20	4	17	17	0.0000	0.8066	0.0000	663.14
OOD_Size	32	RecurrentAttention	0.20	4	17	17	0.0000	0.7207	0.0000	202.16
OOD_Size	32	GNN_MessagePassing	0.20	4	17	17	0.0000	0.5293	0.0000	160.15
OOD_Size	32	LearnedDualEnergy	0.20	4	18	18	0.0000	0.7969	0.0000	578.40
OOD_Size	32	RecurrentAttention	0.20	4	18	18	0.0000	0.7148	0.0000	197.73
OOD_Size	32	GNN_MessagePassing	0.20	4	18	18	0.0000	0.5176	0.0000	162.91
OOD_Size	32	LearnedDualEnergy	0.20	4	19	19	0.0000	0.8047	0.0000	629.95
OOD_Size	32	RecurrentAttention	0.20	4	19	19	0.0000	0.7676	0.0000	207.85
OOD_Size	32	GNN_MessagePassing	0.20	4	19	19	0.0000	0.5273	0.0000	160.14
OOD_Size	32	LearnedDualEnergy	0.20	8	0	0	0.0000	0.7891	0.0000	6800.32
OOD_Size	32	RecurrentAttention	0.20	8	0	0	0.0000	0.6680	0.0000	446.39
OOD_Size	32	GNN_MessagePassing	0.20	8	0	0	0.0000	0.4941	0.0000	340.79
OOD_Size	32	LearnedDualEnergy	0.20	8	1	1	0.0000	0.8223	0.0000	1172.55
OOD_Size	32	RecurrentAttention	0.20	8	1	1	0.0000	0.6914	0.0000	437.17
OOD_Size	32	GNN_MessagePassing	0.20	8	1	1	0.0000	0.4844	0.0000	316.76
OOD_Size	32	LearnedDualEnergy	0.20	8	2	2	0.0000	0.8125	0.0000	1115.94
OOD_Size	32	RecurrentAttention	0.20	8	2	2	0.0000	0.6523	0.0000	768.35
OOD_Size	32	GNN_MessagePassing	0.20	8	2	2	0.0000	0.5039	0.0000	643.38
OOD_Size	32	LearnedDualEnergy	0.20	8	3	3	0.0000	0.7891	0.0000	1218.35
OOD_Size	32	RecurrentAttention	0.20	8	3	3	0.0000	0.7090	0.0000	469.36
OOD_Size	32	GNN_MessagePassing	0.20	8	3	3	0.0000	0.4766	0.0000	503.65
OOD_Size	32	LearnedDualEnergy	0.20	8	4	4	0.0000	0.8086	0.0000	1654.92
OOD_Size	32	RecurrentAttention	0.20	8	4	4	0.0000	0.6680	0.0000	577.62
OOD_Size	32	GNN_MessagePassing	0.20	8	4	4	0.0000	0.4766	0.0000	553.60
OOD_Size	32	LearnedDualEnergy	0.20	8	5	5	0.0000	0.7930	0.0000	1205.68
OOD_Size	32	RecurrentAttention	0.20	8	5	5	0.0000	0.7051	0.0000	457.53
OOD_Size	32	GNN_MessagePassing	0.20	8	5	5	0.0000	0.4727	0.0000	348.48
OOD_Size	32	LearnedDualEnergy	0.20	8	6	6	0.0000	0.7773	0.0000	1368.88
OOD_Size	32	RecurrentAttention	0.20	8	6	6	0.0000	0.6875	0.0000	527.31
OOD_Size	32	GNN_MessagePassing	0.20	8	6	6	0.0000	0.5020	0.0000	479.84
OOD_Size	32	LearnedDualEnergy	0.20	8	7	7	0.0000	0.8125	0.0000	1127.73
OOD_Size	32	RecurrentAttention	0.20	8	7	7	0.0000	0.6680	0.0000	465.15
OOD_Size	32	GNN_MessagePassing	0.20	8	7	7	0.0000	0.4941	0.0000	387.28
OOD_Size	32	LearnedDualEnergy	0.20	8	8	8	0.0000	0.7754	0.0000	2403.89
OOD_Size	32	RecurrentAttention	0.20	8	8	8	0.0000	0.6621	0.0000	406.68
OOD_Size	32	GNN_MessagePassing	0.20	8	8	8	0.0000	0.5098	0.0000	317.93
OOD_Size	32	LearnedDualEnergy	0.20	8	9	9	0.0000	0.7930	0.0000	2129.04
OOD_Size	32	RecurrentAttention	0.20	8	9	9	0.0000	0.6914	0.0000	559.81
OOD_Size	32	GNN_MessagePassing	0.20	8	9	9	0.0000	0.5254	0.0000	637.02
OOD_Size	32	LearnedDualEnergy	0.20	8	10	10	0.0000	0.8281	0.0000	6291.41
OOD_Size	32	RecurrentAttention	0.20	8	10	10	0.0000	0.6914	0.0000	564.81
OOD_Size	32	GNN_MessagePassing	0.20	8	10	10	0.0000	0.4902	0.0000	575.12
OOD_Size	32	LearnedDualEnergy	0.20	8	11	11	0.0000	0.8223	0.0000	7655.38
OOD_Size	32	RecurrentAttention	0.20	8	11	11	0.0000	0.7012	0.0000	534.03
OOD_Size	32	GNN_MessagePassing	0.20	8	11	11	0.0000	0.5039	0.0000	537.71
OOD_Size	32	LearnedDualEnergy	0.20	8	12	12	0.0000	0.7930	0.0000	1272.42
OOD_Size	32	RecurrentAttention	0.20	8	12	12	0.0000	0.6758	0.0000	410.93
OOD_Size	32	GNN_MessagePassing	0.20	8	12	12	0.0000	0.4746	0.0000	327.25
OOD_Size	32	LearnedDualEnergy	0.20	8	13	13	0.0000	0.7910	0.0000	1189.72
OOD_Size	32	RecurrentAttention	0.20	8	13	13	0.0000	0.6973	0.0000	497.58
OOD_Size	32	GNN_MessagePassing	0.20	8	13	13	0.0000	0.4902	0.0000	3874.17
OOD_Size	32	LearnedDualEnergy	0.20	8	14	14	0.0000	0.8340	0.0000	1130.48
OOD_Size	32	RecurrentAttention	0.20	8	14	14	0.0000	0.7305	0.0000	436.79
OOD_Size	32	GNN_MessagePassing	0.20	8	14	14	0.0000	0.5000	0.0000	317.81
OOD_Size	32	LearnedDualEnergy	0.20	8	15	15	0.0000	0.7656	0.0000	3388.68
OOD_Size	32	RecurrentAttention	0.20	8	15	15	0.0000	0.6445	0.0000	536.10
OOD_Size	32	GNN_MessagePassing	0.20	8	15	15	0.0000	0.5176	0.0000	4780.09
OOD_Size	32	LearnedDualEnergy	0.20	8	16	16	0.0000	0.7969	0.0000	1615.70
OOD_Size	32	RecurrentAttention	0.20	8	16	16	0.0000	0.6875	0.0000	533.53
OOD_Size	32	GNN_MessagePassing	0.20	8	16	16	0.0000	0.4922	0.0000	544.41
OOD_Size	32	LearnedDualEnergy	0.20	8	17	17	0.0000	0.8066	0.0000	7388.42
OOD_Size	32	RecurrentAttention	0.20	8	17	17	0.0000	0.6680	0.0000	523.18
OOD_Size	32	GNN_MessagePassing	0.20	8	17	17	0.0000	0.4844	0.0000	535.62
OOD_Size	32	LearnedDualEnergy	0.20	8	18	18	0.0000	0.7969	0.0000	1729.82
OOD_Size	32	RecurrentAttention	0.20	8	18	18	0.0000	0.6758	0.0000	526.85
OOD_Size	32	GNN_MessagePassing	0.20	8	18	18	0.0000	0.4961	0.0000	2312.48
OOD_Size	32	LearnedDualEnergy	0.20	8	19	19	0.0000	0.8047	0.0000	2548.47
OOD_Size	32	RecurrentAttention	0.20	8	19	19	0.0000	0.7285	0.0000	1413.42
OOD_Size	32	GNN_MessagePassing	0.20	8	19	19	0.0000	0.4824	0.0000	382.66
OOD_Size	32	LearnedDualEnergy	0.20	16	0	0	0.0000	0.7891	0.0000	3241.64
OOD_Size	32	RecurrentAttention	0.20	16	0	0	0.0000	0.6445	0.0000	1219.78
OOD_Size	32	GNN_MessagePassing	0.20	16	0	0	0.0000	0.5254	0.0000	1130.53
OOD_Size	32	LearnedDualEnergy	0.20	16	1	1	0.0000	0.8164	0.0000	3544.36
OOD_Size	32	RecurrentAttention	0.20	16	1	1	0.0000	0.6367	0.0000	1103.85
OOD_Size	32	GNN_MessagePassing	0.20	16	1	1	0.0000	0.4824	0.0000	1241.29
OOD_Size	32	LearnedDualEnergy	0.20	16	2	2	0.0000	0.8164	0.0000	4941.18
OOD_Size	32	RecurrentAttention	0.20	16	2	2	0.0000	0.6211	0.0000	1254.85
OOD_Size	32	GNN_MessagePassing	0.20	16	2	2	0.0000	0.5215	0.0000	917.75
OOD_Size	32	LearnedDualEnergy	0.20	16	3	3	0.0000	0.7891	0.0000	2316.30
OOD_Size	32	RecurrentAttention	0.20	16	3	3	0.0000	0.6855	0.0000	824.26
OOD_Size	32	GNN_MessagePassing	0.20	16	3	3	0.0000	0.5527	0.0000	631.18
OOD_Size	32	LearnedDualEnergy	0.20	16	4	4	0.0000	0.8105	0.0000	2410.15
OOD_Size	32	RecurrentAttention	0.20	16	4	4	0.0000	0.6367	0.0000	803.02
OOD_Size	32	GNN_MessagePassing	0.20	16	4	4	0.0000	0.5059	0.0000	615.69
OOD_Size	32	LearnedDualEnergy	0.20	16	5	5	0.0000	0.7930	0.0000	7356.35
OOD_Size	32	RecurrentAttention	0.20	16	5	5	0.0000	0.6699	0.0000	840.14
OOD_Size	32	GNN_MessagePassing	0.20	16	5	5	0.0000	0.4961	0.0000	645.15
OOD_Size	32	LearnedDualEnergy	0.20	16	6	6	0.0000	0.7773	0.0000	3262.38
OOD_Size	32	RecurrentAttention	0.20	16	6	6	0.0000	0.6328	0.0000	816.41
OOD_Size	32	GNN_MessagePassing	0.20	16	6	6	0.0000	0.4961	0.0000	1175.55
OOD_Size	32	LearnedDualEnergy	0.20	16	7	7	0.0000	0.8086	0.0000	2854.87
OOD_Size	32	RecurrentAttention	0.20	16	7	7	0.0000	0.6250	0.0000	1119.07
OOD_Size	32	GNN_MessagePassing	0.20	16	7	7	0.0000	0.5059	0.0000	1125.06
OOD_Size	32	LearnedDualEnergy	0.20	16	8	8	0.0000	0.7734	0.0000	4875.07
OOD_Size	32	RecurrentAttention	0.20	16	8	8	0.0000	0.6289	0.0000	1263.62
OOD_Size	32	GNN_MessagePassing	0.20	16	8	8	0.0000	0.4941	0.0000	1356.64
OOD_Size	32	LearnedDualEnergy	0.20	16	9	9	0.0000	0.7930	0.0000	6670.32
OOD_Size	32	RecurrentAttention	0.20	16	9	9	0.0000	0.6523	0.0000	952.03
OOD_Size	32	GNN_MessagePassing	0.20	16	9	9	0.0000	0.5410	0.0000	938.28
OOD_Size	32	LearnedDualEnergy	0.20	16	10	10	0.0000	0.8301	0.0000	2276.01
OOD_Size	32	RecurrentAttention	0.20	16	10	10	0.0000	0.6602	0.0000	821.54
OOD_Size	32	GNN_MessagePassing	0.20	16	10	10	0.0000	0.5137	0.0000	647.51
OOD_Size	32	LearnedDualEnergy	0.20	16	11	11	0.0000	0.8223	0.0000	3189.85
OOD_Size	32	RecurrentAttention	0.20	16	11	11	0.0000	0.6484	0.0000	1092.16
OOD_Size	32	GNN_MessagePassing	0.20	16	11	11	0.0000	0.4629	0.0000	1126.86
OOD_Size	32	LearnedDualEnergy	0.20	16	12	12	0.0000	0.7852	0.0000	3262.23
OOD_Size	32	RecurrentAttention	0.20	16	12	12	0.0000	0.5996	0.0000	1144.28
OOD_Size	32	GNN_MessagePassing	0.20	16	12	12	0.0000	0.4648	0.0000	1101.75
OOD_Size	32	LearnedDualEnergy	0.20	16	13	13	0.0000	0.7891	0.0000	4178.01
OOD_Size	32	RecurrentAttention	0.20	16	13	13	0.0000	0.6406	0.0000	842.94
OOD_Size	32	GNN_MessagePassing	0.20	16	13	13	0.0000	0.5020	0.0000	731.51
OOD_Size	32	LearnedDualEnergy	0.20	16	14	14	0.0000	0.8320	0.0000	5105.39
OOD_Size	32	RecurrentAttention	0.20	16	14	14	0.0000	0.6777	0.0000	1123.41
OOD_Size	32	GNN_MessagePassing	0.20	16	14	14	0.0000	0.4727	0.0000	1862.35
OOD_Size	32	LearnedDualEnergy	0.20	16	15	15	0.0000	0.7598	0.0000	2374.86
OOD_Size	32	RecurrentAttention	0.20	16	15	15	0.0000	0.5996	0.0000	813.11
OOD_Size	32	GNN_MessagePassing	0.20	16	15	15	0.0000	0.5020	0.0000	703.16
OOD_Size	32	LearnedDualEnergy	0.20	16	16	16	0.0000	0.7930	0.0000	10328.31
OOD_Size	32	RecurrentAttention	0.20	16	16	16	0.0000	0.6406	0.0000	804.14
OOD_Size	32	GNN_MessagePassing	0.20	16	16	16	0.0000	0.5254	0.0000	755.22
OOD_Size	32	LearnedDualEnergy	0.20	16	17	17	0.0000	0.8008	0.0000	2246.66
OOD_Size	32	RecurrentAttention	0.20	16	17	17	0.0000	0.6191	0.0000	871.46
OOD_Size	32	GNN_MessagePassing	0.20	16	17	17	0.0000	0.4785	0.0000	619.32
OOD_Size	32	LearnedDualEnergy	0.20	16	18	18	0.0000	0.7969	0.0000	2324.89
OOD_Size	32	RecurrentAttention	0.20	16	18	18	0.0000	0.6230	0.0000	878.97
OOD_Size	32	GNN_MessagePassing	0.20	16	18	18	0.0000	0.5020	0.0000	631.52
OOD_Size	32	LearnedDualEnergy	0.20	16	19	19	0.0000	0.8027	0.0000	3955.50
OOD_Size	32	RecurrentAttention	0.20	16	19	19	0.0000	0.6641	0.0000	869.29
OOD_Size	32	GNN_MessagePassing	0.20	16	19	19	0.0000	0.4727	0.0000	663.25
OOD_Size	32	LearnedDualEnergy	0.20	32	0	0	0.0000	0.7715	0.0000	4849.67
OOD_Size	32	RecurrentAttention	0.20	32	0	0	0.0000	0.6074	0.0000	1879.42
OOD_Size	32	GNN_MessagePassing	0.20	32	0	0	0.0000	0.4902	0.0000	1555.28
OOD_Size	32	LearnedDualEnergy	0.20	32	1	1	0.0000	0.8086	0.0000	7524.31
OOD_Size	32	RecurrentAttention	0.20	32	1	1	0.0000	0.5684	0.0000	2351.95
OOD_Size	32	GNN_MessagePassing	0.20	32	1	1	0.0000	0.5059	0.0000	3627.37
OOD_Size	32	LearnedDualEnergy	0.20	32	2	2	0.0000	0.7891	0.0000	12045.95
OOD_Size	32	RecurrentAttention	0.20	32	2	2	0.0000	0.5859	0.0000	2733.94
OOD_Size	32	GNN_MessagePassing	0.20	32	2	2	0.0000	0.5293	0.0000	2325.41
OOD_Size	32	LearnedDualEnergy	0.20	32	3	3	0.0000	0.7734	0.0000	7089.96
OOD_Size	32	RecurrentAttention	0.20	32	3	3	0.0000	0.6504	0.0000	2091.82
OOD_Size	32	GNN_MessagePassing	0.20	32	3	3	0.0000	0.4648	0.0000	1348.13
OOD_Size	32	LearnedDualEnergy	0.20	32	4	4	0.0000	0.7852	0.0000	5688.14
OOD_Size	32	RecurrentAttention	0.20	32	4	4	0.0000	0.5879	0.0000	1647.90
OOD_Size	32	GNN_MessagePassing	0.20	32	4	4	0.0000	0.4980	0.0000	1440.27
OOD_Size	32	LearnedDualEnergy	0.20	32	5	5	0.0000	0.7832	0.0000	11170.45
OOD_Size	32	RecurrentAttention	0.20	32	5	5	0.0000	0.6094	0.0000	7158.20
OOD_Size	32	GNN_MessagePassing	0.20	32	5	5	0.0000	0.5059	0.0000	1368.04
OOD_Size	32	LearnedDualEnergy	0.20	32	6	6	0.0000	0.7637	0.0000	8562.64
OOD_Size	32	RecurrentAttention	0.20	32	6	6	0.0000	0.5996	0.0000	16061.18
OOD_Size	32	GNN_MessagePassing	0.20	32	6	6	0.0000	0.4570	0.0000	1363.54
OOD_Size	32	LearnedDualEnergy	0.20	32	7	7	0.0000	0.7812	0.0000	5608.56
OOD_Size	32	RecurrentAttention	0.20	32	7	7	0.0000	0.5664	0.0000	2350.98
OOD_Size	32	GNN_MessagePassing	0.20	32	7	7	0.0000	0.5098	0.0000	5630.35
OOD_Size	32	LearnedDualEnergy	0.20	32	8	8	0.0000	0.7402	0.0000	5208.24
OOD_Size	32	RecurrentAttention	0.20	32	8	8	0.0000	0.6035	0.0000	1715.74
OOD_Size	32	GNN_MessagePassing	0.20	32	8	8	0.0000	0.4785	0.0000	1440.50
OOD_Size	32	LearnedDualEnergy	0.20	32	9	9	0.0000	0.7773	0.0000	4984.12
OOD_Size	32	RecurrentAttention	0.20	32	9	9	0.0000	0.6230	0.0000	1699.06
OOD_Size	32	GNN_MessagePassing	0.20	32	9	9	0.0000	0.4844	0.0000	3239.06
OOD_Size	32	LearnedDualEnergy	0.20	32	10	10	0.0000	0.8047	0.0000	15582.72
OOD_Size	32	RecurrentAttention	0.20	32	10	10	0.0000	0.6094	0.0000	7317.50
OOD_Size	32	GNN_MessagePassing	0.20	32	10	10	0.0000	0.5195	0.0000	1973.50
OOD_Size	32	LearnedDualEnergy	0.20	32	11	11	0.0000	0.8008	0.0000	10759.17
OOD_Size	32	RecurrentAttention	0.20	32	11	11	0.0000	0.5996	0.0000	2228.73
OOD_Size	32	GNN_MessagePassing	0.20	32	11	11	0.0000	0.5039	0.0000	3381.11
OOD_Size	32	LearnedDualEnergy	0.20	32	12	12	0.0000	0.7793	0.0000	11076.59
OOD_Size	32	RecurrentAttention	0.20	32	12	12	0.0000	0.5527	0.0000	3689.21
OOD_Size	32	GNN_MessagePassing	0.20	32	12	12	0.0000	0.4629	0.0000	3419.42
OOD_Size	32	LearnedDualEnergy	0.20	32	13	13	0.0000	0.7910	0.0000	9646.15
OOD_Size	32	RecurrentAttention	0.20	32	13	13	0.0000	0.6230	0.0000	3727.94
OOD_Size	32	GNN_MessagePassing	0.20	32	13	13	0.0000	0.5000	0.0000	3719.61
OOD_Size	32	LearnedDualEnergy	0.20	32	14	14	0.0000	0.8164	0.0000	10300.89
OOD_Size	32	RecurrentAttention	0.20	32	14	14	0.0000	0.6289	0.0000	2790.97
OOD_Size	32	GNN_MessagePassing	0.20	32	14	14	0.0000	0.4805	0.0000	3011.49
OOD_Size	32	LearnedDualEnergy	0.20	32	15	15	0.0000	0.7480	0.0000	6536.11
OOD_Size	32	RecurrentAttention	0.20	32	15	15	0.0000	0.5703	0.0000	2108.71
OOD_Size	32	GNN_MessagePassing	0.20	32	15	15	0.0000	0.4668	0.0000	3304.44
OOD_Size	32	LearnedDualEnergy	0.20	32	16	16	0.0000	0.7969	0.0000	11231.68
OOD_Size	32	RecurrentAttention	0.20	32	16	16	0.0000	0.6152	0.0000	4410.99
OOD_Size	32	GNN_MessagePassing	0.20	32	16	16	0.0000	0.5176	0.0000	1867.51
OOD_Size	32	LearnedDualEnergy	0.20	32	17	17	0.0000	0.8047	0.0000	10645.02
OOD_Size	32	RecurrentAttention	0.20	32	17	17	0.0000	0.5605	0.0000	7473.02
OOD_Size	32	GNN_MessagePassing	0.20	32	17	17	0.0000	0.5137	0.0000	6512.79
OOD_Size	32	LearnedDualEnergy	0.20	32	18	18	0.0000	0.7754	0.0000	12755.58
OOD_Size	32	RecurrentAttention	0.20	32	18	18	0.0000	0.6074	0.0000	1978.97
OOD_Size	32	GNN_MessagePassing	0.20	32	18	18	0.0000	0.4863	0.0000	8177.80
OOD_Size	32	LearnedDualEnergy	0.20	32	19	19	0.0000	0.7793	0.0000	6704.17
OOD_Size	32	RecurrentAttention	0.20	32	19	19	0.0000	0.6309	0.0000	2299.53
OOD_Size	32	GNN_MessagePassing	0.20	32	19	19	0.0000	0.5215	0.0000	2676.58
OOD_Size	32	LearnedDualEnergy	0.30	1	0	0	0.0000	0.6992	0.0000	215.60
OOD_Size	32	RecurrentAttention	0.30	1	0	0	0.0000	0.6855	0.0000	3014.32
OOD_Size	32	GNN_MessagePassing	0.30	1	0	0	0.0000	0.4648	0.0000	49.74
OOD_Size	32	LearnedDualEnergy	0.30	1	1	1	0.0000	0.7402	0.0000	186.72
OOD_Size	32	RecurrentAttention	0.30	1	1	1	0.0000	0.7344	0.0000	49.88
OOD_Size	32	GNN_MessagePassing	0.30	1	1	1	0.0000	0.5000	0.0000	41.57
OOD_Size	32	LearnedDualEnergy	0.30	1	2	2	0.0000	0.7207	0.0000	184.97
OOD_Size	32	RecurrentAttention	0.30	1	2	2	0.0000	0.7129	0.0000	50.95
OOD_Size	32	GNN_MessagePassing	0.30	1	2	2	0.0000	0.4707	0.0000	39.78
OOD_Size	32	LearnedDualEnergy	0.30	1	3	3	0.0000	0.6875	0.0000	182.96
OOD_Size	32	RecurrentAttention	0.30	1	3	3	0.0000	0.6836	0.0000	49.18
OOD_Size	32	GNN_MessagePassing	0.30	1	3	3	0.0000	0.4473	0.0000	40.06
OOD_Size	32	LearnedDualEnergy	0.30	1	4	4	0.0000	0.7129	0.0000	184.70
OOD_Size	32	RecurrentAttention	0.30	1	4	4	0.0000	0.7090	0.0000	50.07
OOD_Size	32	GNN_MessagePassing	0.30	1	4	4	0.0000	0.5000	0.0000	40.91
OOD_Size	32	LearnedDualEnergy	0.30	1	5	5	0.0000	0.7012	0.0000	207.22
OOD_Size	32	RecurrentAttention	0.30	1	5	5	0.0000	0.7070	0.0000	2989.67
OOD_Size	32	GNN_MessagePassing	0.30	1	5	5	0.0000	0.5371	0.0000	96.11
OOD_Size	32	LearnedDualEnergy	0.30	1	6	6	0.0000	0.6758	0.0000	189.64
OOD_Size	32	RecurrentAttention	0.30	1	6	6	0.0000	0.6816	0.0000	51.12
OOD_Size	32	GNN_MessagePassing	0.30	1	6	6	0.0000	0.4688	0.0000	61.78
OOD_Size	32	LearnedDualEnergy	0.30	1	7	7	0.0000	0.6914	0.0000	229.17
OOD_Size	32	RecurrentAttention	0.30	1	7	7	0.0000	0.6836	0.0000	49.92
OOD_Size	32	GNN_MessagePassing	0.30	1	7	7	0.0000	0.4980	0.0000	40.12
OOD_Size	32	LearnedDualEnergy	0.30	1	8	8	0.0000	0.6777	0.0000	306.00
OOD_Size	32	RecurrentAttention	0.30	1	8	8	0.0000	0.6660	0.0000	53.13
OOD_Size	32	GNN_MessagePassing	0.30	1	8	8	0.0000	0.5020	0.0000	41.34
OOD_Size	32	LearnedDualEnergy	0.30	1	9	9	0.0000	0.7051	0.0000	186.81
OOD_Size	32	RecurrentAttention	0.30	1	9	9	0.0000	0.6992	0.0000	49.43
OOD_Size	32	GNN_MessagePassing	0.30	1	9	9	0.0000	0.5020	0.0000	40.48
OOD_Size	32	LearnedDualEnergy	0.30	1	10	10	0.0000	0.7109	0.0000	613.46
OOD_Size	32	RecurrentAttention	0.30	1	10	10	0.0000	0.7031	0.0000	50.37
OOD_Size	32	GNN_MessagePassing	0.30	1	10	10	0.0000	0.4688	0.0000	42.40
OOD_Size	32	LearnedDualEnergy	0.30	1	11	11	0.0000	0.7070	0.0000	185.71
OOD_Size	32	RecurrentAttention	0.30	1	11	11	0.0000	0.7070	0.0000	49.06
OOD_Size	32	GNN_MessagePassing	0.30	1	11	11	0.0000	0.4805	0.0000	41.59
OOD_Size	32	LearnedDualEnergy	0.30	1	12	12	0.0000	0.6816	0.0000	184.68
OOD_Size	32	RecurrentAttention	0.30	1	12	12	0.0000	0.6758	0.0000	49.58
OOD_Size	32	GNN_MessagePassing	0.30	1	12	12	0.0000	0.5039	0.0000	40.53
OOD_Size	32	LearnedDualEnergy	0.30	1	13	13	0.0000	0.7051	0.0000	181.85
OOD_Size	32	RecurrentAttention	0.30	1	13	13	0.0000	0.7031	0.0000	50.48
OOD_Size	32	GNN_MessagePassing	0.30	1	13	13	0.0000	0.4863	0.0000	41.26
OOD_Size	32	LearnedDualEnergy	0.30	1	14	14	0.0000	0.7285	0.0000	186.53
OOD_Size	32	RecurrentAttention	0.30	1	14	14	0.0000	0.7207	0.0000	53.78
OOD_Size	32	GNN_MessagePassing	0.30	1	14	14	0.0000	0.4590	0.0000	44.17
OOD_Size	32	LearnedDualEnergy	0.30	1	15	15	0.0000	0.6562	0.0000	198.92
OOD_Size	32	RecurrentAttention	0.30	1	15	15	0.0000	0.6562	0.0000	51.27
OOD_Size	32	GNN_MessagePassing	0.30	1	15	15	0.0000	0.5078	0.0000	43.90
OOD_Size	32	LearnedDualEnergy	0.30	1	16	16	0.0000	0.7148	0.0000	185.34
OOD_Size	32	RecurrentAttention	0.30	1	16	16	0.0000	0.7090	0.0000	49.63
OOD_Size	32	GNN_MessagePassing	0.30	1	16	16	0.0000	0.5000	0.0000	40.42
OOD_Size	32	LearnedDualEnergy	0.30	1	17	17	0.0000	0.6855	0.0000	181.00
OOD_Size	32	RecurrentAttention	0.30	1	17	17	0.0000	0.6797	0.0000	50.09
OOD_Size	32	GNN_MessagePassing	0.30	1	17	17	0.0000	0.5176	0.0000	40.13
OOD_Size	32	LearnedDualEnergy	0.30	1	18	18	0.0000	0.6855	0.0000	184.22
OOD_Size	32	RecurrentAttention	0.30	1	18	18	0.0000	0.6777	0.0000	81.94
OOD_Size	32	GNN_MessagePassing	0.30	1	18	18	0.0000	0.5137	0.0000	42.70
OOD_Size	32	LearnedDualEnergy	0.30	1	19	19	0.0000	0.6953	0.0000	188.70
OOD_Size	32	RecurrentAttention	0.30	1	19	19	0.0000	0.6855	0.0000	51.96
OOD_Size	32	GNN_MessagePassing	0.30	1	19	19	0.0000	0.4883	0.0000	42.84
OOD_Size	32	LearnedDualEnergy	0.30	2	0	0	0.0000	0.6992	0.0000	2369.44
OOD_Size	32	RecurrentAttention	0.30	2	0	0	0.0000	0.6777	0.0000	640.61
OOD_Size	32	GNN_MessagePassing	0.30	2	0	0	0.0000	0.5078	0.0000	80.57
OOD_Size	32	LearnedDualEnergy	0.30	2	1	1	0.0000	0.7402	0.0000	1773.25
OOD_Size	32	RecurrentAttention	0.30	2	1	1	0.0000	0.7109	0.0000	461.03
OOD_Size	32	GNN_MessagePassing	0.30	2	1	1	0.0000	0.4863	0.0000	123.20
OOD_Size	32	LearnedDualEnergy	0.30	2	2	2	0.0000	0.7207	0.0000	4549.35
OOD_Size	32	RecurrentAttention	0.30	2	2	2	0.0000	0.6973	0.0000	218.66
OOD_Size	32	GNN_MessagePassing	0.30	2	2	2	0.0000	0.4844	0.0000	110.68
OOD_Size	32	LearnedDualEnergy	0.30	2	3	3	0.0000	0.6875	0.0000	330.94
OOD_Size	32	RecurrentAttention	0.30	2	3	3	0.0000	0.6836	0.0000	104.48
OOD_Size	32	GNN_MessagePassing	0.30	2	3	3	0.0000	0.5312	0.0000	85.19
OOD_Size	32	LearnedDualEnergy	0.30	2	4	4	0.0000	0.7129	0.0000	326.54
OOD_Size	32	RecurrentAttention	0.30	2	4	4	0.0000	0.6934	0.0000	107.08
OOD_Size	32	GNN_MessagePassing	0.30	2	4	4	0.0000	0.5293	0.0000	82.76
OOD_Size	32	LearnedDualEnergy	0.30	2	5	5	0.0000	0.7012	0.0000	458.43
OOD_Size	32	RecurrentAttention	0.30	2	5	5	0.0000	0.6934	0.0000	120.70
OOD_Size	32	GNN_MessagePassing	0.30	2	5	5	0.0000	0.5293	0.0000	128.59
OOD_Size	32	LearnedDualEnergy	0.30	2	6	6	0.0000	0.6758	0.0000	439.26
OOD_Size	32	RecurrentAttention	0.30	2	6	6	0.0000	0.6660	0.0000	128.09
OOD_Size	32	GNN_MessagePassing	0.30	2	6	6	0.0000	0.5430	0.0000	128.31
OOD_Size	32	LearnedDualEnergy	0.30	2	7	7	0.0000	0.6914	0.0000	9158.28
OOD_Size	32	RecurrentAttention	0.30	2	7	7	0.0000	0.6562	0.0000	104.49
OOD_Size	32	GNN_MessagePassing	0.30	2	7	7	0.0000	0.5156	0.0000	82.94
OOD_Size	32	LearnedDualEnergy	0.30	2	8	8	0.0000	0.6777	0.0000	677.88
OOD_Size	32	RecurrentAttention	0.30	2	8	8	0.0000	0.6621	0.0000	181.88
OOD_Size	32	GNN_MessagePassing	0.30	2	8	8	0.0000	0.4824	0.0000	86.38
OOD_Size	32	LearnedDualEnergy	0.30	2	9	9	0.0000	0.7051	0.0000	394.37
OOD_Size	32	RecurrentAttention	0.30	2	9	9	0.0000	0.6992	0.0000	102.75
OOD_Size	32	GNN_MessagePassing	0.30	2	9	9	0.0000	0.5312	0.0000	83.15
OOD_Size	32	LearnedDualEnergy	0.30	2	10	10	0.0000	0.7109	0.0000	361.10
OOD_Size	32	RecurrentAttention	0.30	2	10	10	0.0000	0.6777	0.0000	103.09
OOD_Size	32	GNN_MessagePassing	0.30	2	10	10	0.0000	0.5293	0.0000	84.20
OOD_Size	32	LearnedDualEnergy	0.30	2	11	11	0.0000	0.7070	0.0000	354.44
OOD_Size	32	RecurrentAttention	0.30	2	11	11	0.0000	0.6914	0.0000	124.25
OOD_Size	32	GNN_MessagePassing	0.30	2	11	11	0.0000	0.4766	0.0000	222.08
OOD_Size	32	LearnedDualEnergy	0.30	2	12	12	0.0000	0.6816	0.0000	551.11
OOD_Size	32	RecurrentAttention	0.30	2	12	12	0.0000	0.6660	0.0000	128.61
OOD_Size	32	GNN_MessagePassing	0.30	2	12	12	0.0000	0.4570	0.0000	133.96
OOD_Size	32	LearnedDualEnergy	0.30	2	13	13	0.0000	0.7051	0.0000	450.25
OOD_Size	32	RecurrentAttention	0.30	2	13	13	0.0000	0.6758	0.0000	131.96
OOD_Size	32	GNN_MessagePassing	0.30	2	13	13	0.0000	0.5059	0.0000	132.39
OOD_Size	32	LearnedDualEnergy	0.30	2	14	14	0.0000	0.7285	0.0000	442.49
OOD_Size	32	RecurrentAttention	0.30	2	14	14	0.0000	0.7070	0.0000	136.75
OOD_Size	32	GNN_MessagePassing	0.30	2	14	14	0.0000	0.4961	0.0000	169.70
OOD_Size	32	LearnedDualEnergy	0.30	2	15	15	0.0000	0.6562	0.0000	1440.96
OOD_Size	32	RecurrentAttention	0.30	2	15	15	0.0000	0.6504	0.0000	103.20
OOD_Size	32	GNN_MessagePassing	0.30	2	15	15	0.0000	0.5293	0.0000	799.86
OOD_Size	32	LearnedDualEnergy	0.30	2	16	16	0.0000	0.7148	0.0000	1524.03
OOD_Size	32	RecurrentAttention	0.30	2	16	16	0.0000	0.6973	0.0000	107.89
OOD_Size	32	GNN_MessagePassing	0.30	2	16	16	0.0000	0.5215	0.0000	487.44
OOD_Size	32	LearnedDualEnergy	0.30	2	17	17	0.0000	0.6855	0.0000	4571.34
OOD_Size	32	RecurrentAttention	0.30	2	17	17	0.0000	0.6641	0.0000	102.59
OOD_Size	32	GNN_MessagePassing	0.30	2	17	17	0.0000	0.4902	0.0000	81.00
OOD_Size	32	LearnedDualEnergy	0.30	2	18	18	0.0000	0.6855	0.0000	333.26
OOD_Size	32	RecurrentAttention	0.30	2	18	18	0.0000	0.6543	0.0000	102.26
OOD_Size	32	GNN_MessagePassing	0.30	2	18	18	0.0000	0.5449	0.0000	81.64
OOD_Size	32	LearnedDualEnergy	0.30	2	19	19	0.0000	0.6953	0.0000	4525.42
OOD_Size	32	RecurrentAttention	0.30	2	19	19	0.0000	0.6777	0.0000	104.63
OOD_Size	32	GNN_MessagePassing	0.30	2	19	19	0.0000	0.5234	0.0000	83.98
OOD_Size	32	LearnedDualEnergy	0.30	4	0	0	0.0000	0.6992	0.0000	5115.96
OOD_Size	32	RecurrentAttention	0.30	4	0	0	0.0000	0.6445	0.0000	205.81
OOD_Size	32	GNN_MessagePassing	0.30	4	0	0	0.0000	0.4941	0.0000	163.77
OOD_Size	32	LearnedDualEnergy	0.30	4	1	1	0.0000	0.7402	0.0000	716.56
OOD_Size	32	RecurrentAttention	0.30	4	1	1	0.0000	0.6719	0.0000	206.60
OOD_Size	32	GNN_MessagePassing	0.30	4	1	1	0.0000	0.5469	0.0000	183.46
OOD_Size	32	LearnedDualEnergy	0.30	4	2	2	0.0000	0.7207	0.0000	604.09
OOD_Size	32	RecurrentAttention	0.30	4	2	2	0.0000	0.6836	0.0000	200.56
OOD_Size	32	GNN_MessagePassing	0.30	4	2	2	0.0000	0.5312	0.0000	160.10
OOD_Size	32	LearnedDualEnergy	0.30	4	3	3	0.0000	0.6875	0.0000	3348.35
OOD_Size	32	RecurrentAttention	0.30	4	3	3	0.0000	0.6484	0.0000	202.83
OOD_Size	32	GNN_MessagePassing	0.30	4	3	3	0.0000	0.5391	0.0000	160.12
OOD_Size	32	LearnedDualEnergy	0.30	4	4	4	0.0000	0.7129	0.0000	588.74
OOD_Size	32	RecurrentAttention	0.30	4	4	4	0.0000	0.6621	0.0000	203.28
OOD_Size	32	GNN_MessagePassing	0.30	4	4	4	0.0000	0.5195	0.0000	159.10
OOD_Size	32	LearnedDualEnergy	0.30	4	5	5	0.0000	0.7012	0.0000	610.97
OOD_Size	32	RecurrentAttention	0.30	4	5	5	0.0000	0.6660	0.0000	207.79
OOD_Size	32	GNN_MessagePassing	0.30	4	5	5	0.0000	0.4766	0.0000	163.28
OOD_Size	32	LearnedDualEnergy	0.30	4	6	6	0.0000	0.6758	0.0000	599.63
OOD_Size	32	RecurrentAttention	0.30	4	6	6	0.0000	0.6445	0.0000	7769.29
OOD_Size	32	GNN_MessagePassing	0.30	4	6	6	0.0000	0.5176	0.0000	343.62
OOD_Size	32	LearnedDualEnergy	0.30	4	7	7	0.0000	0.6914	0.0000	613.25
OOD_Size	32	RecurrentAttention	0.30	4	7	7	0.0000	0.6543	0.0000	212.18
OOD_Size	32	GNN_MessagePassing	0.30	4	7	7	0.0000	0.5039	0.0000	160.80
OOD_Size	32	LearnedDualEnergy	0.30	4	8	8	0.0000	0.6777	0.0000	627.41
OOD_Size	32	RecurrentAttention	0.30	4	8	8	0.0000	0.6211	0.0000	199.58
OOD_Size	32	GNN_MessagePassing	0.30	4	8	8	0.0000	0.4551	0.0000	156.90
OOD_Size	32	LearnedDualEnergy	0.30	4	9	9	0.0000	0.7051	0.0000	666.89
OOD_Size	32	RecurrentAttention	0.30	4	9	9	0.0000	0.6895	0.0000	206.71
OOD_Size	32	GNN_MessagePassing	0.30	4	9	9	0.0000	0.5117	0.0000	169.05
OOD_Size	32	LearnedDualEnergy	0.30	4	10	10	0.0000	0.7109	0.0000	696.66
OOD_Size	32	RecurrentAttention	0.30	4	10	10	0.0000	0.6621	0.0000	209.54
OOD_Size	32	GNN_MessagePassing	0.30	4	10	10	0.0000	0.5410	0.0000	193.91
OOD_Size	32	LearnedDualEnergy	0.30	4	11	11	0.0000	0.7070	0.0000	604.93
OOD_Size	32	RecurrentAttention	0.30	4	11	11	0.0000	0.6738	0.0000	205.20
OOD_Size	32	GNN_MessagePassing	0.30	4	11	11	0.0000	0.4902	0.0000	162.57
OOD_Size	32	LearnedDualEnergy	0.30	4	12	12	0.0000	0.6816	0.0000	8785.98
OOD_Size	32	RecurrentAttention	0.30	4	12	12	0.0000	0.6250	0.0000	204.15
OOD_Size	32	GNN_MessagePassing	0.30	4	12	12	0.0000	0.5039	0.0000	162.66
OOD_Size	32	LearnedDualEnergy	0.30	4	13	13	0.0000	0.7051	0.0000	641.40
OOD_Size	32	RecurrentAttention	0.30	4	13	13	0.0000	0.6465	0.0000	214.57
OOD_Size	32	GNN_MessagePassing	0.30	4	13	13	0.0000	0.5234	0.0000	161.95
OOD_Size	32	LearnedDualEnergy	0.30	4	14	14	0.0000	0.7285	0.0000	633.92
OOD_Size	32	RecurrentAttention	0.30	4	14	14	0.0000	0.6797	0.0000	248.14
OOD_Size	32	GNN_MessagePassing	0.30	4	14	14	0.0000	0.5176	0.0000	225.86
OOD_Size	32	LearnedDualEnergy	0.30	4	15	15	0.0000	0.6562	0.0000	1177.44
OOD_Size	32	RecurrentAttention	0.30	4	15	15	0.0000	0.6465	0.0000	243.26
OOD_Size	32	GNN_MessagePassing	0.30	4	15	15	0.0000	0.5195	0.0000	162.29
OOD_Size	32	LearnedDualEnergy	0.30	4	16	16	0.0000	0.7148	0.0000	614.69
OOD_Size	32	RecurrentAttention	0.30	4	16	16	0.0000	0.6953	0.0000	212.07
OOD_Size	32	GNN_MessagePassing	0.30	4	16	16	0.0000	0.5273	0.0000	209.57
OOD_Size	32	LearnedDualEnergy	0.30	4	17	17	0.0000	0.6855	0.0000	602.92
OOD_Size	32	RecurrentAttention	0.30	4	17	17	0.0000	0.6621	0.0000	247.83
OOD_Size	32	GNN_MessagePassing	0.30	4	17	17	0.0000	0.5137	0.0000	165.46
OOD_Size	32	LearnedDualEnergy	0.30	4	18	18	0.0000	0.6855	0.0000	622.48
OOD_Size	32	RecurrentAttention	0.30	4	18	18	0.0000	0.6289	0.0000	205.71
OOD_Size	32	GNN_MessagePassing	0.30	4	18	18	0.0000	0.5059	0.0000	163.37
OOD_Size	32	LearnedDualEnergy	0.30	4	19	19	0.0000	0.6953	0.0000	11249.16
OOD_Size	32	RecurrentAttention	0.30	4	19	19	0.0000	0.6680	0.0000	213.25
OOD_Size	32	GNN_MessagePassing	0.30	4	19	19	0.0000	0.5273	0.0000	206.65
OOD_Size	32	LearnedDualEnergy	0.30	8	0	0	0.0000	0.6992	0.0000	4593.66
OOD_Size	32	RecurrentAttention	0.30	8	0	0	0.0000	0.5879	0.0000	1883.62
OOD_Size	32	GNN_MessagePassing	0.30	8	0	0	0.0000	0.4902	0.0000	1495.59
OOD_Size	32	LearnedDualEnergy	0.30	8	1	1	0.0000	0.7402	0.0000	3701.43
OOD_Size	32	RecurrentAttention	0.30	8	1	1	0.0000	0.6387	0.0000	2002.91
OOD_Size	32	GNN_MessagePassing	0.30	8	1	1	0.0000	0.5215	0.0000	560.97
OOD_Size	32	LearnedDualEnergy	0.30	8	2	2	0.0000	0.7207	0.0000	1711.55
OOD_Size	32	RecurrentAttention	0.30	8	2	2	0.0000	0.6230	0.0000	589.34
OOD_Size	32	GNN_MessagePassing	0.30	8	2	2	0.0000	0.4844	0.0000	546.54
OOD_Size	32	LearnedDualEnergy	0.30	8	3	3	0.0000	0.6875	0.0000	1695.11
OOD_Size	32	RecurrentAttention	0.30	8	3	3	0.0000	0.6191	0.0000	667.13
OOD_Size	32	GNN_MessagePassing	0.30	8	3	3	0.0000	0.5156	0.0000	3561.35
OOD_Size	32	LearnedDualEnergy	0.30	8	4	4	0.0000	0.7129	0.0000	1736.66
OOD_Size	32	RecurrentAttention	0.30	8	4	4	0.0000	0.6094	0.0000	713.90
OOD_Size	32	GNN_MessagePassing	0.30	8	4	4	0.0000	0.4785	0.0000	320.02
OOD_Size	32	LearnedDualEnergy	0.30	8	5	5	0.0000	0.7012	0.0000	1202.04
OOD_Size	32	RecurrentAttention	0.30	8	5	5	0.0000	0.6191	0.0000	495.17
OOD_Size	32	GNN_MessagePassing	0.30	8	5	5	0.0000	0.4648	0.0000	327.39
OOD_Size	32	LearnedDualEnergy	0.30	8	6	6	0.0000	0.6758	0.0000	4768.94
OOD_Size	32	RecurrentAttention	0.30	8	6	6	0.0000	0.6250	0.0000	420.46
OOD_Size	32	GNN_MessagePassing	0.30	8	6	6	0.0000	0.4844	0.0000	362.26
OOD_Size	32	LearnedDualEnergy	0.30	8	7	7	0.0000	0.6914	0.0000	3501.49
OOD_Size	32	RecurrentAttention	0.30	8	7	7	0.0000	0.6328	0.0000	1882.76
OOD_Size	32	GNN_MessagePassing	0.30	8	7	7	0.0000	0.4824	0.0000	1874.64
OOD_Size	32	LearnedDualEnergy	0.30	8	8	8	0.0000	0.6777	0.0000	4334.32
OOD_Size	32	RecurrentAttention	0.30	8	8	8	0.0000	0.6074	0.0000	2958.62
OOD_Size	32	GNN_MessagePassing	0.30	8	8	8	0.0000	0.4902	0.0000	372.85
OOD_Size	32	LearnedDualEnergy	0.30	8	9	9	0.0000	0.7051	0.0000	3732.45
OOD_Size	32	RecurrentAttention	0.30	8	9	9	0.0000	0.6582	0.0000	1463.55
OOD_Size	32	GNN_MessagePassing	0.30	8	9	9	0.0000	0.5215	0.0000	1397.39
OOD_Size	32	LearnedDualEnergy	0.30	8	10	10	0.0000	0.7109	0.0000	1337.69
OOD_Size	32	RecurrentAttention	0.30	8	10	10	0.0000	0.6465	0.0000	438.16
OOD_Size	32	GNN_MessagePassing	0.30	8	10	10	0.0000	0.5039	0.0000	321.49
OOD_Size	32	LearnedDualEnergy	0.30	8	11	11	0.0000	0.7070	0.0000	5501.09
OOD_Size	32	RecurrentAttention	0.30	8	11	11	0.0000	0.6484	0.0000	564.34
OOD_Size	32	GNN_MessagePassing	0.30	8	11	11	0.0000	0.4941	0.0000	544.25
OOD_Size	32	LearnedDualEnergy	0.30	8	12	12	0.0000	0.6816	0.0000	1642.10
OOD_Size	32	RecurrentAttention	0.30	8	12	12	0.0000	0.5859	0.0000	537.78
OOD_Size	32	GNN_MessagePassing	0.30	8	12	12	0.0000	0.4805	0.0000	2642.23
OOD_Size	32	LearnedDualEnergy	0.30	8	13	13	0.0000	0.7051	0.0000	1670.00
OOD_Size	32	RecurrentAttention	0.30	8	13	13	0.0000	0.6328	0.0000	520.60
OOD_Size	32	GNN_MessagePassing	0.30	8	13	13	0.0000	0.4746	0.0000	382.75
OOD_Size	32	LearnedDualEnergy	0.30	8	14	14	0.0000	0.7285	0.0000	1536.83
OOD_Size	32	RecurrentAttention	0.30	8	14	14	0.0000	0.6445	0.0000	661.09
OOD_Size	32	GNN_MessagePassing	0.30	8	14	14	0.0000	0.4883	0.0000	515.33
OOD_Size	32	LearnedDualEnergy	0.30	8	15	15	0.0000	0.6562	0.0000	1172.10
OOD_Size	32	RecurrentAttention	0.30	8	15	15	0.0000	0.6016	0.0000	410.46
OOD_Size	32	GNN_MessagePassing	0.30	8	15	15	0.0000	0.5020	0.0000	4689.18
OOD_Size	32	LearnedDualEnergy	0.30	8	16	16	0.0000	0.7148	0.0000	3069.99
OOD_Size	32	RecurrentAttention	0.30	8	16	16	0.0000	0.6445	0.0000	619.55
OOD_Size	32	GNN_MessagePassing	0.30	8	16	16	0.0000	0.4824	0.0000	554.65
OOD_Size	32	LearnedDualEnergy	0.30	8	17	17	0.0000	0.6855	0.0000	1653.80
OOD_Size	32	RecurrentAttention	0.30	8	17	17	0.0000	0.6406	0.0000	625.40
OOD_Size	32	GNN_MessagePassing	0.30	8	17	17	0.0000	0.4844	0.0000	554.48
OOD_Size	32	LearnedDualEnergy	0.30	8	18	18	0.0000	0.6855	0.0000	3598.00
OOD_Size	32	RecurrentAttention	0.30	8	18	18	0.0000	0.5957	0.0000	876.33
OOD_Size	32	GNN_MessagePassing	0.30	8	18	18	0.0000	0.4961	0.0000	337.43
OOD_Size	32	LearnedDualEnergy	0.30	8	19	19	0.0000	0.6953	0.0000	4231.02
OOD_Size	32	RecurrentAttention	0.30	8	19	19	0.0000	0.6270	0.0000	688.41
OOD_Size	32	GNN_MessagePassing	0.30	8	19	19	0.0000	0.4824	0.0000	492.90
OOD_Size	32	LearnedDualEnergy	0.30	16	0	0	0.0000	0.6973	0.0000	2341.43
OOD_Size	32	RecurrentAttention	0.30	16	0	0	0.0000	0.5586	0.0000	797.60
OOD_Size	32	GNN_MessagePassing	0.30	16	0	0	0.0000	0.5176	0.0000	649.95
OOD_Size	32	LearnedDualEnergy	0.30	16	1	1	0.0000	0.7344	0.0000	2313.32
OOD_Size	32	RecurrentAttention	0.30	16	1	1	0.0000	0.6035	0.0000	916.12
OOD_Size	32	GNN_MessagePassing	0.30	16	1	1	0.0000	0.5156	0.0000	813.72
OOD_Size	32	LearnedDualEnergy	0.30	16	2	2	0.0000	0.7227	0.0000	2476.17
OOD_Size	32	RecurrentAttention	0.30	16	2	2	0.0000	0.6074	0.0000	815.83
OOD_Size	32	GNN_MessagePassing	0.30	16	2	2	0.0000	0.5156	0.0000	653.58
OOD_Size	32	LearnedDualEnergy	0.30	16	3	3	0.0000	0.6855	0.0000	3184.89
OOD_Size	32	RecurrentAttention	0.30	16	3	3	0.0000	0.5879	0.0000	960.39
OOD_Size	32	GNN_MessagePassing	0.30	16	3	3	0.0000	0.5215	0.0000	627.72
OOD_Size	32	LearnedDualEnergy	0.30	16	4	4	0.0000	0.7090	0.0000	3118.69
OOD_Size	32	RecurrentAttention	0.30	16	4	4	0.0000	0.5859	0.0000	800.02
OOD_Size	32	GNN_MessagePassing	0.30	16	4	4	0.0000	0.5000	0.0000	624.46
OOD_Size	32	LearnedDualEnergy	0.30	16	5	5	0.0000	0.7012	0.0000	2234.78
OOD_Size	32	RecurrentAttention	0.30	16	5	5	0.0000	0.5977	0.0000	873.00
OOD_Size	32	GNN_MessagePassing	0.30	16	5	5	0.0000	0.4727	0.0000	1123.39
OOD_Size	32	LearnedDualEnergy	0.30	16	6	6	0.0000	0.6738	0.0000	3131.18
OOD_Size	32	RecurrentAttention	0.30	16	6	6	0.0000	0.5898	0.0000	1144.07
OOD_Size	32	GNN_MessagePassing	0.30	16	6	6	0.0000	0.4688	0.0000	1093.59
OOD_Size	32	LearnedDualEnergy	0.30	16	7	7	0.0000	0.6875	0.0000	3232.52
OOD_Size	32	RecurrentAttention	0.30	16	7	7	0.0000	0.5996	0.0000	1089.18
OOD_Size	32	GNN_MessagePassing	0.30	16	7	7	0.0000	0.5176	0.0000	1042.33
OOD_Size	32	LearnedDualEnergy	0.30	16	8	8	0.0000	0.6738	0.0000	3220.78
OOD_Size	32	RecurrentAttention	0.30	16	8	8	0.0000	0.6035	0.0000	1084.56
OOD_Size	32	GNN_MessagePassing	0.30	16	8	8	0.0000	0.4707	0.0000	1095.74
OOD_Size	32	LearnedDualEnergy	0.30	16	9	9	0.0000	0.7012	0.0000	2487.76
OOD_Size	32	RecurrentAttention	0.30	16	9	9	0.0000	0.6152	0.0000	1065.75
OOD_Size	32	GNN_MessagePassing	0.30	16	9	9	0.0000	0.5273	0.0000	845.91
OOD_Size	32	LearnedDualEnergy	0.30	16	10	10	0.0000	0.7090	0.0000	2348.67
OOD_Size	32	RecurrentAttention	0.30	16	10	10	0.0000	0.6309	0.0000	864.23
OOD_Size	32	GNN_MessagePassing	0.30	16	10	10	0.0000	0.5332	0.0000	623.79
OOD_Size	32	LearnedDualEnergy	0.30	16	11	11	0.0000	0.7051	0.0000	2723.24
OOD_Size	32	RecurrentAttention	0.30	16	11	11	0.0000	0.6035	0.0000	1081.74
OOD_Size	32	GNN_MessagePassing	0.30	16	11	11	0.0000	0.4688	0.0000	1115.41
OOD_Size	32	LearnedDualEnergy	0.30	16	12	12	0.0000	0.6758	0.0000	3247.28
OOD_Size	32	RecurrentAttention	0.30	16	12	12	0.0000	0.5527	0.0000	1140.48
OOD_Size	32	GNN_MessagePassing	0.30	16	12	12	0.0000	0.4961	0.0000	1357.62
OOD_Size	32	LearnedDualEnergy	0.30	16	13	13	0.0000	0.7070	0.0000	3276.71
OOD_Size	32	RecurrentAttention	0.30	16	13	13	0.0000	0.6035	0.0000	1343.77
OOD_Size	32	GNN_MessagePassing	0.30	16	13	13	0.0000	0.5098	0.0000	1098.16
OOD_Size	32	LearnedDualEnergy	0.30	16	14	14	0.0000	0.7266	0.0000	3932.11
OOD_Size	32	RecurrentAttention	0.30	16	14	14	0.0000	0.6113	0.0000	1464.96
OOD_Size	32	GNN_MessagePassing	0.30	16	14	14	0.0000	0.4805	0.0000	1500.49
OOD_Size	32	LearnedDualEnergy	0.30	16	15	15	0.0000	0.6504	0.0000	2269.15
OOD_Size	32	RecurrentAttention	0.30	16	15	15	0.0000	0.5645	0.0000	844.97
OOD_Size	32	GNN_MessagePassing	0.30	16	15	15	0.0000	0.4883	0.0000	627.48
OOD_Size	32	LearnedDualEnergy	0.30	16	16	16	0.0000	0.7227	0.0000	3752.90
OOD_Size	32	RecurrentAttention	0.30	16	16	16	0.0000	0.6133	0.0000	841.83
OOD_Size	32	GNN_MessagePassing	0.30	16	16	16	0.0000	0.5117	0.0000	623.63
OOD_Size	32	LearnedDualEnergy	0.30	16	17	17	0.0000	0.6855	0.0000	2275.09
OOD_Size	32	RecurrentAttention	0.30	16	17	17	0.0000	0.5879	0.0000	862.25
OOD_Size	32	GNN_MessagePassing	0.30	16	17	17	0.0000	0.4531	0.0000	652.38
OOD_Size	32	LearnedDualEnergy	0.30	16	18	18	0.0000	0.6836	0.0000	2324.02
OOD_Size	32	RecurrentAttention	0.30	16	18	18	0.0000	0.5879	0.0000	863.71
OOD_Size	32	GNN_MessagePassing	0.30	16	18	18	0.0000	0.4785	0.0000	658.80
OOD_Size	32	LearnedDualEnergy	0.30	16	19	19	0.0000	0.6934	0.0000	2259.59
OOD_Size	32	RecurrentAttention	0.30	16	19	19	0.0000	0.6016	0.0000	835.85
OOD_Size	32	GNN_MessagePassing	0.30	16	19	19	0.0000	0.4844	0.0000	665.44
OOD_Size	32	LearnedDualEnergy	0.30	32	0	0	0.0000	0.6855	0.0000	7248.26
OOD_Size	32	RecurrentAttention	0.30	32	0	0	0.0000	0.5469	0.0000	3316.22
OOD_Size	32	GNN_MessagePassing	0.30	32	0	0	0.0000	0.5039	0.0000	3891.24
OOD_Size	32	LearnedDualEnergy	0.30	32	1	1	0.0000	0.7188	0.0000	8833.88
OOD_Size	32	RecurrentAttention	0.30	32	1	1	0.0000	0.5801	0.0000	2204.86
OOD_Size	32	GNN_MessagePassing	0.30	32	1	1	0.0000	0.4805	0.0000	4092.52
OOD_Size	32	LearnedDualEnergy	0.30	32	2	2	0.0000	0.7129	0.0000	7145.36
OOD_Size	32	RecurrentAttention	0.30	32	2	2	0.0000	0.5820	0.0000	1879.02
OOD_Size	32	GNN_MessagePassing	0.30	32	2	2	0.0000	0.5312	0.0000	1605.32
OOD_Size	32	LearnedDualEnergy	0.30	32	3	3	0.0000	0.6816	0.0000	10681.18
OOD_Size	32	RecurrentAttention	0.30	32	3	3	0.0000	0.5410	0.0000	2979.58
OOD_Size	32	GNN_MessagePassing	0.30	32	3	3	0.0000	0.4785	0.0000	6008.55
OOD_Size	32	LearnedDualEnergy	0.30	32	4	4	0.0000	0.7051	0.0000	7646.68
OOD_Size	32	RecurrentAttention	0.30	32	4	4	0.0000	0.5645	0.0000	2242.78
OOD_Size	32	GNN_MessagePassing	0.30	32	4	4	0.0000	0.5000	0.0000	2139.05
OOD_Size	32	LearnedDualEnergy	0.30	32	5	5	0.0000	0.7031	0.0000	7484.84
OOD_Size	32	RecurrentAttention	0.30	32	5	5	0.0000	0.5898	0.0000	2215.40
OOD_Size	32	GNN_MessagePassing	0.30	32	5	5	0.0000	0.4883	0.0000	2272.70
OOD_Size	32	LearnedDualEnergy	0.30	32	6	6	0.0000	0.6641	0.0000	8350.62
OOD_Size	32	RecurrentAttention	0.30	32	6	6	0.0000	0.5566	0.0000	5067.71
OOD_Size	32	GNN_MessagePassing	0.30	32	6	6	0.0000	0.5098	0.0000	2238.70
OOD_Size	32	LearnedDualEnergy	0.30	32	7	7	0.0000	0.6836	0.0000	16524.67
OOD_Size	32	RecurrentAttention	0.30	32	7	7	0.0000	0.5840	0.0000	2407.20
OOD_Size	32	GNN_MessagePassing	0.30	32	7	7	0.0000	0.5176	0.0000	2508.82
OOD_Size	32	LearnedDualEnergy	0.30	32	8	8	0.0000	0.6660	0.0000	14881.95
OOD_Size	32	RecurrentAttention	0.30	32	8	8	0.0000	0.5625	0.0000	9626.10
OOD_Size	32	GNN_MessagePassing	0.30	32	8	8	0.0000	0.5137	0.0000	2183.29
OOD_Size	32	LearnedDualEnergy	0.30	32	9	9	0.0000	0.6895	0.0000	8426.23
OOD_Size	32	RecurrentAttention	0.30	32	9	9	0.0000	0.6016	0.0000	9104.90
OOD_Size	32	GNN_MessagePassing	0.30	32	9	9	0.0000	0.5156	0.0000	2182.62
OOD_Size	32	LearnedDualEnergy	0.30	32	10	10	0.0000	0.6973	0.0000	5591.97
OOD_Size	32	RecurrentAttention	0.30	32	10	10	0.0000	0.5957	0.0000	2080.59
OOD_Size	32	GNN_MessagePassing	0.30	32	10	10	0.0000	0.5098	0.0000	1298.31
OOD_Size	32	LearnedDualEnergy	0.30	32	11	11	0.0000	0.6895	0.0000	4537.36
OOD_Size	32	RecurrentAttention	0.30	32	11	11	0.0000	0.5684	0.0000	3679.99
OOD_Size	32	GNN_MessagePassing	0.30	32	11	11	0.0000	0.4883	0.0000	2212.81
OOD_Size	32	LearnedDualEnergy	0.30	32	12	12	0.0000	0.6660	0.0000	6540.88
OOD_Size	32	RecurrentAttention	0.30	32	12	12	0.0000	0.5195	0.0000	2468.31
OOD_Size	32	GNN_MessagePassing	0.30	32	12	12	0.0000	0.4824	0.0000	1848.57
OOD_Size	32	LearnedDualEnergy	0.30	32	13	13	0.0000	0.7012	0.0000	6432.16
OOD_Size	32	RecurrentAttention	0.30	32	13	13	0.0000	0.5430	0.0000	2790.63
OOD_Size	32	GNN_MessagePassing	0.30	32	13	13	0.0000	0.4844	0.0000	1355.76
OOD_Size	32	LearnedDualEnergy	0.30	32	14	14	0.0000	0.7148	0.0000	7130.91
OOD_Size	32	RecurrentAttention	0.30	32	14	14	0.0000	0.5684	0.0000	1671.83
OOD_Size	32	GNN_MessagePassing	0.30	32	14	14	0.0000	0.5098	0.0000	5155.58
OOD_Size	32	LearnedDualEnergy	0.30	32	15	15	0.0000	0.6406	0.0000	9383.97
OOD_Size	32	RecurrentAttention	0.30	32	15	15	0.0000	0.5645	0.0000	1669.37
OOD_Size	32	GNN_MessagePassing	0.30	32	15	15	0.0000	0.4629	0.0000	1701.48
OOD_Size	32	LearnedDualEnergy	0.30	32	16	16	0.0000	0.7109	0.0000	6477.16
OOD_Size	32	RecurrentAttention	0.30	32	16	16	0.0000	0.5566	0.0000	1880.33
OOD_Size	32	GNN_MessagePassing	0.30	32	16	16	0.0000	0.5000	0.0000	1279.93
OOD_Size	32	LearnedDualEnergy	0.30	32	17	17	0.0000	0.6875	0.0000	5943.65
OOD_Size	32	RecurrentAttention	0.30	32	17	17	0.0000	0.5820	0.0000	1651.13
OOD_Size	32	GNN_MessagePassing	0.30	32	17	17	0.0000	0.4609	0.0000	1325.09
OOD_Size	32	LearnedDualEnergy	0.30	32	18	18	0.0000	0.6699	0.0000	7780.31
OOD_Size	32	RecurrentAttention	0.30	32	18	18	0.0000	0.5566	0.0000	1674.80
OOD_Size	32	GNN_MessagePassing	0.30	32	18	18	0.0000	0.4629	0.0000	1306.11
OOD_Size	32	LearnedDualEnergy	0.30	32	19	19	0.0000	0.6758	0.0000	6856.37
OOD_Size	32	RecurrentAttention	0.30	32	19	19	0.0000	0.5996	0.0000	1754.91
OOD_Size	32	GNN_MessagePassing	0.30	32	19	19	0.0000	0.4922	0.0000	1292.27
